query_id,doc_id,score_hybrid,rank
3394,112208,0.8962877669992773,1.0
3394,172703,0.6730397878086285,2.0
3394,87722,0.585078687055595,4.0
3394,445971,0.6699413757186099,3.0
3394,345199,0.3804501456209108,5.0
3394,377429,0.2867653601328096,7.0
3394,387277,0.30018611455316374,6.0
3394,133093,0.2526540448733018,8.0
3394,418150,0.04652136272065066,9.0
3394,539263,0.02015490207814015,10.0
5505,100387,1.0,1.0
5505,141738,0.38606639265274145,2.0
5505,278824,0.28897008514865874,4.0
5505,70488,0.3056163856152758,3.0
5505,349160,0.09003467904335968,6.0
5505,478457,0.06670041814676353,8.0
5505,200338,0.13043864161251406,5.0
5505,408327,0.07697148849520276,7.0
5505,442142,0.025366863901565992,9.0
5505,593085,0.0,10.0
6792,558617,1.0,1.0
6792,400841,0.3595736604671191,2.0
6792,29306,0.3583280356832473,3.0
6792,136825,0.34427124717989577,4.0
6792,259081,0.30521627141061103,5.0
6792,40447,0.2055369716377377,8.0
6792,480515,0.27834709148254366,6.0
6792,156467,0.2781430357253695,7.0
6792,545434,0.06723475298837436,10.0
6792,585447,0.09347560021094808,9.0
6909,452175,0.8126512131753608,1.0
6909,13260,0.6107723969464544,2.0
6909,435963,0.42642236525638877,4.0
6909,375019,0.4423040400779057,3.0
6909,266900,0.28173872018308743,6.0
6909,464502,0.10489517740099348,9.0
6909,214003,0.05269290768473918,10.0
6909,79357,0.3431664359687369,5.0
6909,535697,0.20645538019203086,7.0
6909,330041,0.1416295326036065,8.0
4946,121690,1.0,1.0
4946,156816,0.39273230510167867,2.0
4946,79357,0.31388050846678706,3.0
4946,9938,0.2580646114646723,5.0
4946,350680,0.16897408983609852,7.0
4946,28119,0.14934388473333096,8.0
4946,343489,0.18469624713688765,6.0
4946,100485,0.2730367185689501,4.0
4946,88105,0.02288384802708255,10.0
4946,496935,0.03192134840734706,9.0
4125,283079,0.7275166867823476,1.0
4125,232199,0.6595115264663738,3.0
4125,363591,0.6616412084311666,2.0
4125,452987,0.5071226169849664,5.0
4125,571362,0.5744001399225297,4.0
4125,292769,0.2845652676377233,7.0
4125,340044,0.3062630209430167,6.0
4125,103593,0.029318375090446585,10.0
4125,276400,0.08625014566145137,8.0
4125,7632,0.07178781060457834,9.0
6009,62151,0.8166925885280052,1.0
6009,175831,0.7252982952083736,2.0
6009,303325,0.7027475681415145,3.0
6009,228983,0.6954537920650989,4.0
6009,158717,0.48172180292997446,5.0
6009,472585,0.07699642161568142,10.0
6009,178684,0.13179558864525065,8.0
6009,442048,0.2642114751529177,6.0
6009,125298,0.11668196950629794,9.0
6009,99857,0.15053255659591663,7.0
9598,528034,0.7778650119310594,1.0
9598,379311,0.5021699201263643,2.0
9598,322826,0.25412496405429064,5.0
9598,136270,0.205303411712774,7.0
9598,574327,0.4524722350713555,3.0
9598,112208,0.2263824838019215,6.0
9598,17923,0.17631910870850626,8.0
9598,172703,0.1520210217867366,9.0
9598,297290,0.3665696036080862,4.0
9598,383978,0.005133332435425217,10.0
10645,22221,1.0,1.0
10645,340131,0.7743398033812504,2.0
10645,441176,0.6672203323779893,3.0
10645,183349,0.37683081693960546,6.0
10645,102684,0.4379607140617888,5.0
10645,248799,0.49813988242041385,4.0
10645,317354,0.329902639374429,7.0
10645,293679,0.32233041359246895,8.0
10645,415340,0.16156748836460083,9.0
10645,487791,0.0,10.0
7441,125659,0.8243428906951383,3.0
7441,192900,0.7833202203342402,4.0
7441,537418,0.8245245010299163,2.0
7441,231781,0.8367420425892635,1.0
7441,117576,0.5809666520092289,5.0
7441,404339,0.21835114415647236,7.0
7441,329662,0.2344421027925066,6.0
7441,504996,0.16528166977334666,8.0
7441,336018,0.159286171847613,9.0
7441,180733,0.028761243855969388,10.0
5080,305901,0.8044902618995934,1.0
5080,553304,0.7645258711995465,2.0
5080,392434,0.5620022461333315,4.0
5080,514512,0.4776079306176689,5.0
5080,67063,0.6314433194542074,3.0
5080,488334,0.4200084237981887,6.0
5080,356928,0.39378156374746714,7.0
5080,271026,0.1283864577058439,9.0
5080,88912,0.13307856831554907,8.0
5080,167950,0.12456866322588116,10.0
9329,326991,1.0,1.0
9329,385574,0.261584916329977,6.0
9329,340210,0.33404280166760686,3.0
9329,394924,0.3266257231908214,5.0
9329,265098,0.3414750888196169,2.0
9329,586018,0.3287895822782214,4.0
9329,179103,0.07991196230766663,9.0
9329,192900,0.1655633262412507,7.0
9329,209493,0.11246277912358142,8.0
9329,209065,0.0,10.0
6479,404339,1.0,1.0
6479,272008,0.6750645210844257,2.0
6479,536120,0.327409786422014,3.0
6479,9938,0.10973553350647983,8.0
6479,453839,0.14285886761178296,6.0
6479,104793,0.04684753768680101,10.0
6479,257656,0.21461848177159465,4.0
6479,491969,0.17289737272608857,5.0
6479,114439,0.06033855819363546,9.0
6479,340210,0.11947168054707416,7.0
8513,175821,1.0,1.0
8513,69790,0.8412199758343968,2.0
8513,167950,0.35504056662691186,3.0
8513,183612,0.18298495211176674,8.0
8513,449039,0.21428903824655204,6.0
8513,267113,0.2526873848934321,4.0
8513,167896,0.16916191899749622,9.0
8513,417840,0.2189132084646048,5.0
8513,232712,0.2070559972393171,7.0
8513,87667,0.1303431399392814,10.0
10109,93231,1.0,1.0
10109,28314,0.8896826285943026,2.0
10109,535317,0.4590452935698057,3.0
10109,395357,0.33874099057135376,4.0
10109,124630,0.16381045333846805,5.0
10109,244749,0.13557033240024782,8.0
10109,305467,0.1506811358738908,7.0
10109,116420,0.11203313322757101,9.0
10109,474384,0.16192269829405778,6.0
10109,105818,0.0,10.0
4844,275257,1.0,1.0
4844,367137,0.7074851538075748,2.0
4844,192193,0.6888200044106356,3.0
4844,111033,0.43438179044608005,4.0
4844,235522,0.2897742299400261,5.0
4844,549741,0.1282183921242357,7.0
4844,140088,0.19600229744503428,6.0
4844,386423,0.07711589423607926,9.0
4844,144177,0.10845939813481141,8.0
4844,409432,0.0,10.0
8544,214003,1.0,1.0
8544,37517,0.6220696548106057,2.0
8544,336541,0.36980725520289887,3.0
8544,75437,0.2707891404628921,6.0
8544,13260,0.29600053770602075,5.0
8544,100103,0.30960950880411864,4.0
8544,416307,0.10358731625407505,8.0
8544,12432,0.06787173371843787,9.0
8544,561884,0.16065710441405476,7.0
8544,111768,0.025932100942133652,10.0
4823,561929,1.0,1.0
4823,362919,0.5783270531984879,2.0
4823,340131,0.31151886294245273,6.0
4823,104726,0.4517110470696287,3.0
4823,11572,0.37771288693012595,4.0
4823,7094,0.3293457344254984,5.0
4823,2860,0.14400454229263512,9.0
4823,459423,0.2254759210582101,7.0
4823,252716,0.16851506372284691,8.0
4823,271118,0.0,10.0
1085,366597,1.0,1.0
1085,405702,0.8438100987397559,2.0
1085,485195,0.494423031183173,3.0
1085,374334,0.38077156600468287,4.0
1085,108302,0.21381321597209196,7.0
1085,581889,0.141608977549093,8.0
1085,94586,0.036239873977769184,10.0
1085,184175,0.2259157134845154,6.0
1085,401125,0.25782478495045275,5.0
1085,315275,0.08787133939230046,9.0
2388,104988,1.0,1.0
2388,300287,0.4127797370181068,2.0
2388,13657,0.2601259023229243,3.0
2388,123733,0.16855891669525963,7.0
2388,459423,0.24106083987489946,4.0
2388,565698,0.17884913851269996,5.0
2388,423403,0.13167779115568953,8.0
2388,157702,0.17485746072076316,6.0
2388,141320,0.11299225187641022,9.0
2388,429978,0.0620703887887116,10.0
6891,474351,1.0,1.0
6891,492506,0.2390964543808237,2.0
6891,504497,0.049402089202726575,8.0
6891,558924,0.13524880558684896,5.0
6891,264095,0.10824702469232328,6.0
6891,381757,0.145149094684809,3.0
6891,323363,0.14409137285418933,4.0
6891,579543,0.03482427458822982,9.0
6891,143425,0.0871701932818655,7.0
6891,73434,0.0,10.0
2568,346042,1.0,1.0
2568,164702,0.6213776920604035,2.0
2568,170141,0.553099549096262,3.0
2568,13975,0.34172932025133096,6.0
2568,544654,0.23793201330082162,7.0
2568,130209,0.3616956094268797,5.0
2568,428150,0.20524527489366437,8.0
2568,269898,0.4303108008423786,4.0
2568,368802,0.1580097513834468,9.0
2568,213370,0.05052891072768409,10.0
7702,558924,0.9303673824739046,1.0
7702,133093,0.8342481255042832,2.0
7702,387277,0.7455633492163568,3.0
7702,592636,0.3193085789890511,4.0
7702,214542,0.26264464218510086,5.0
7702,192193,0.26085804685049285,6.0
7702,108721,0.07892538509318275,8.0
7702,140088,0.1697801468660976,7.0
7702,367137,0.06977867530770109,9.0
7702,259317,0.0,10.0
2376,91545,0.9612129617582135,1.0
2376,402249,0.9212719791386861,2.0
2376,244961,0.7616223673438111,3.0
2376,114417,0.7197880613097978,4.0
2376,549833,0.7099742677480931,5.0
2376,324411,0.5795498111729225,6.0
2376,407455,0.518322158003072,8.0
2376,64263,0.5330372668688791,7.0
2376,582521,0.30810178108258446,9.0
2376,44110,0.0,10.0
4339,386531,1.0,1.0
4339,488615,0.613447726517952,2.0
4339,16392,0.2849836626957394,3.0
4339,242076,0.21182528542507165,6.0
4339,240645,0.19494438163396965,7.0
4339,473540,0.27507404242981115,4.0
4339,260328,0.2474325395999294,5.0
4339,455398,0.05923243125964636,9.0
4339,242294,0.09348993189320198,8.0
4339,103256,0.02937366157808646,10.0
5427,387854,0.8260145475910026,1.0
5427,580709,0.46057834718005064,2.0
5427,55666,0.440824423107461,4.0
5427,200338,0.2538285470541557,7.0
5427,597467,0.3836792180903026,5.0
5427,142876,0.44339547212451874,3.0
5427,522358,0.22014196797397345,8.0
5427,273084,0.11313154847281277,9.0
5427,200603,0.30523291402934394,6.0
5427,549759,0.11122925283731762,10.0
7734,226070,1.0,1.0
7734,96013,0.587895631901068,2.0
7734,87667,0.372361378697434,3.0
7734,94591,0.3077395858519427,4.0
7734,10703,0.30634064547495343,5.0
7734,150544,0.11948058965906445,9.0
7734,421371,0.21654023972349318,6.0
7734,232712,0.18694093791896493,7.0
7734,247486,0.01638496435039011,10.0
7734,433905,0.17609256728029968,8.0
2486,487791,1.0,1.0
2486,58937,0.4193100904535303,2.0
2486,388575,0.23401719090171594,5.0
2486,101604,0.2136322218383868,6.0
2486,216327,0.1434993378632117,9.0
2486,250702,0.24138034059426028,4.0
2486,357914,0.14866298946084425,8.0
2486,234436,0.2784127591604204,3.0
2486,518563,0.007094864036632102,10.0
2486,130021,0.1646543851078626,7.0
7071,238629,0.876838973070381,1.0
7071,99857,0.4162776945555332,3.0
7071,178684,0.5890919589969428,2.0
7071,14543,0.3832239764217588,4.0
7071,588384,0.21837244758158028,7.0
7071,246221,0.247618210028976,6.0
7071,403899,0.05864279856040181,10.0
7071,434812,0.3292843151200485,5.0
7071,319793,0.1748508214962649,8.0
7071,378173,0.14902935428004463,9.0
8537,511093,0.9742400198620491,1.0
8537,416307,0.8021091210675322,2.0
8537,572842,0.51198510945405,5.0
8537,281707,0.40984978791387855,8.0
8537,374020,0.5613664197539964,3.0
8537,96467,0.5348812304977913,4.0
8537,557356,0.4460012521754464,7.0
8537,472516,0.5020511088828254,6.0
8537,472014,0.21056109787196786,9.0
8537,501384,0.03952424672037293,10.0
7178,70096,0.7966226045311302,1.0
7178,401329,0.6147073650670327,2.0
7178,420851,0.28094944578163084,3.0
7178,518563,0.15240386431782582,4.0
7178,58851,0.05692104703983806,10.0
7178,474384,0.14767967185713732,5.0
7178,88892,0.07432971751441231,8.0
7178,193312,0.10754109626291951,7.0
7178,484055,0.11423488897522156,6.0
7178,554568,0.07266262771297531,9.0
4777,2860,0.9609614454183891,1.0
4777,409535,0.8605921349181633,2.0
4777,228983,0.38784683184462443,4.0
4777,429378,0.22897653101544305,6.0
4777,407455,0.23237528315799078,5.0
4777,167896,0.43810017125911893,3.0
4777,525231,0.16075002395484228,7.0
4777,570155,0.0921270900963857,8.0
4777,413041,0.041196336341945576,9.0
4777,164008,0.016279264090451672,10.0
2398,168922,0.7000000000000001,3.0
2398,96538,0.8953891609890159,1.0
2398,443246,0.7814169908554499,2.0
2398,490443,0.4810219381032877,5.0
2398,527698,0.56230000036634,4.0
2398,548465,0.43995751517971327,6.0
2398,107092,0.27094555737593456,7.0
2398,505959,0.22388775077509684,8.0
2398,403515,0.08027933108316565,10.0
2398,342212,0.1889079664340518,9.0
849,557186,1.0,1.0
849,528564,0.7912530201090318,3.0
849,232199,0.8241841789439448,2.0
849,183612,0.7688238794609717,4.0
849,234436,0.34682174877989874,6.0
849,366830,0.37571330431412964,5.0
849,24890,0.275760363462475,8.0
849,327263,0.29988553836621173,7.0
849,454810,0.01853556367709842,10.0
849,273947,0.21586094003029152,9.0
7534,175821,1.0,1.0
7534,301224,0.5219298519637763,3.0
7534,498378,0.5256752041179691,2.0
7534,46099,0.1793030939252125,5.0
7534,147765,0.14104404044410607,6.0
7534,89714,0.27460872043926754,4.0
7534,51046,0.11099050025577928,7.0
7534,211839,0.011621102673498815,10.0
7534,255491,0.04706955823281558,9.0
7534,169062,0.0776565529959361,8.0
5021,226070,0.7991880874250452,1.0
5021,423034,0.7502886573015087,2.0
5021,588607,0.33064269738582697,5.0
5021,79357,0.4509446815345324,3.0
5021,494939,0.3650219850098655,4.0
5021,3118,0.10907882483500947,8.0
5021,339640,0.20665948362480954,6.0
5021,289813,0.09575283162337693,9.0
5021,481308,0.11127847760941371,7.0
5021,136825,0.08161494794769152,10.0
6131,326094,0.9771548196698825,1.0
6131,334111,0.7019092197814105,2.0
6131,44223,0.42351020578884757,4.0
6131,258465,0.4889280579462344,3.0
6131,123733,0.21597879368434306,7.0
6131,368806,0.42123634198273124,5.0
6131,315275,0.14794315462062338,8.0
6131,470024,0.2542935819787477,6.0
6131,483441,0.1461235843889991,9.0
6131,169699,0.010577662735946312,10.0
10136,152316,0.9573394290259287,1.0
10136,32744,0.7385741255190585,3.0
10136,290930,0.8718202704676979,2.0
10136,277179,0.4815872522893454,4.0
10136,18509,0.26957758268894244,5.0
10136,198349,0.24058216121268644,6.0
10136,302792,0.1240386861978317,8.0
10136,507284,0.18941597526117798,7.0
10136,280204,0.11305273543940784,9.0
10136,144177,0.022215548184484457,10.0
9548,423658,0.9728528741295894,1.0
9548,523810,0.6083492202739085,4.0
9548,297290,0.7326801332597657,2.0
9548,231227,0.6633666073926018,3.0
9548,61022,0.3149220514934311,5.0
9548,72160,0.26225133454565136,6.0
9548,539263,0.21790864608679858,7.0
9548,32811,0.09306128606206107,9.0
9548,583203,0.09204428825284885,10.0
9548,482544,0.11031936693691867,8.0
4942,314898,1.0,1.0
4942,433490,0.6321738855359802,2.0
4942,295864,0.4083577391106392,4.0
4942,70853,0.48007303117378197,3.0
4942,420556,0.3809779678994334,5.0
4942,94689,0.3257159871926342,6.0
4942,486333,0.2636735414310432,7.0
4942,62966,0.17792455358947148,8.0
4942,55999,0.04522814244816714,9.0
4942,539263,0.005708285923794174,10.0
5090,572272,0.8512902796998202,2.0
5090,12988,0.8515556627103893,1.0
5090,270856,0.5322281892900982,3.0
5090,468777,0.33408896046695147,6.0
5090,507544,0.3777487234839143,4.0
5090,551423,0.3094607438533588,7.0
5090,149500,0.3374238178436385,5.0
5090,247721,0.1963266215910733,9.0
5090,169688,0.2257904243462171,8.0
5090,414534,0.14638311542872703,10.0
6005,149500,1.0,1.0
6005,507544,0.611240095466215,2.0
6005,572272,0.5046951329519891,3.0
6005,551423,0.23661749940484622,4.0
6005,140947,0.06960702114282466,8.0
6005,30311,0.09236580286191992,7.0
6005,176498,0.23311490266137638,5.0
6005,414288,0.1954322256035274,6.0
6005,515060,0.062031250037585035,9.0
6005,377223,0.05139414349878523,10.0
7533,162668,1.0,1.0
7533,461084,0.744044805345226,2.0
7533,438680,0.5282381332486121,3.0
7533,284411,0.47500985426356457,4.0
7533,167356,0.3337547476783361,7.0
7533,257016,0.34853008746151665,6.0
7533,201495,0.3770057972771983,5.0
7533,213435,0.24883968955215063,8.0
7533,167950,0.040752677946188164,9.0
7533,407654,0.0059105597915526265,10.0
8034,284075,0.7000000000000001,1.0
8034,327978,0.5863945745091729,3.0
8034,415340,0.4840763585014355,4.0
8034,307999,0.6623294455663151,2.0
8034,292991,0.2755137737956144,8.0
8034,198764,0.3434394066145974,7.0
8034,13153,0.3856547949928092,5.0
8034,22221,0.36827049463623895,6.0
8034,213435,0.126160427243729,10.0
8034,579557,0.12714352552049163,9.0
2330,478514,1.0,1.0
2330,260014,0.20939492910135976,3.0
2330,370334,0.25159668411906516,2.0
2330,345895,0.11272909181645026,4.0
2330,156873,0.10406152771431937,5.0
2330,572272,0.03616966906759628,9.0
2330,488334,0.09599003666532135,7.0
2330,94586,0.05503861020300153,8.0
2330,167684,0.1036408626264548,6.0
2330,9656,0.0,10.0
7803,62151,1.0,1.0
7803,572205,0.45185251953250716,3.0
7803,327127,0.4109424313234023,5.0
7803,216065,0.45581881069961877,2.0
7803,214003,0.4111534320187558,4.0
7803,100103,0.21310219835926286,7.0
7803,336541,0.22815322243450792,6.0
7803,324037,0.09091320414397608,9.0
7803,583651,0.01674987213453292,10.0
7803,12432,0.1874351326461677,8.0
1933,183612,1.0,1.0
1933,446984,0.2335220640306343,2.0
1933,141738,0.09964485922905539,8.0
1933,352640,0.176750996021674,5.0
1933,445298,0.1855986787043018,4.0
1933,413041,0.03463526225179293,10.0
1933,466718,0.1964051440399717,3.0
1933,234436,0.09313813939230868,9.0
1933,264554,0.12253443045700216,6.0
1933,134794,0.11693178026602537,7.0
6849,44601,1.0,1.0
6849,59714,0.5697961197163623,2.0
6849,78675,0.46060622173481114,3.0
6849,578427,0.33014687950469135,4.0
6849,172703,0.16035150323271757,6.0
6849,79998,0.13982458777193807,7.0
6849,112208,0.06935539306135033,8.0
6849,418150,0.2168767501827667,5.0
6849,328086,0.016975818207254058,9.0
6849,61962,0.0014605482805225114,10.0
7448,418150,1.0,1.0
7448,100485,0.15064786201456185,3.0
7448,273861,0.08741267213946403,8.0
7448,112208,0.1996045681266072,2.0
7448,377429,0.14167896332758928,4.0
7448,387277,0.10717004888587031,6.0
7448,307095,0.09904186314168592,7.0
7448,133093,0.048688221442864034,10.0
7448,44601,0.122732665953527,5.0
7448,172703,0.051872081262664946,9.0
42,283079,0.9903261798014558,1.0
42,278824,0.7269863748334984,3.0
42,528564,0.7569418660486611,2.0
42,327002,0.4541557191544927,4.0
42,141738,0.22990904889815994,7.0
42,124630,0.17665001246702608,8.0
42,366830,0.34033038344893524,6.0
42,467509,0.11157632683649672,10.0
42,536849,0.3670049997531934,5.0
42,583956,0.16026370065384127,9.0
4102,125940,0.747766543676243,2.0
4102,293320,0.6532194959113923,4.0
4102,572340,0.7061726461196284,3.0
4102,554734,0.7871508893403238,1.0
4102,275925,0.5760472206952367,6.0
4102,327978,0.604866759563686,5.0
4102,326142,0.46612529303493033,7.0
4102,460457,0.23867579420470256,8.0
4102,356987,0.05039590714431402,10.0
4102,324779,0.1277207435874121,9.0
7269,474351,0.7880744690605739,1.0
7269,588607,0.5782202701581799,2.0
7269,72402,0.33128331689639784,5.0
7269,226070,0.16627585098080758,7.0
7269,301580,0.11877881567328329,9.0
7269,486696,0.34573783468802965,3.0
7269,386173,0.09795894375690112,10.0
7269,392894,0.34330634774235863,4.0
7269,129319,0.17835548553964525,6.0
7269,90294,0.15827633642602051,8.0
10975,363591,0.7235597185739503,2.0
10975,17166,0.8111254357401707,1.0
10975,72160,0.4512426639655804,3.0
10975,545759,0.28703367775016553,6.0
10975,384564,0.26183583436893054,7.0
10975,482544,0.4391146189865075,4.0
10975,528522,0.130342997289961,9.0
10975,61022,0.19002834567387694,8.0
10975,452870,0.3058008002993193,5.0
10975,341493,0.1081179521142477,10.0
715,93936,0.7178045879781153,1.0
715,232262,0.5937243471146797,2.0
715,377223,0.500868988246884,3.0
715,590489,0.4432874755792371,4.0
715,560872,0.4212064572910955,5.0
715,127316,0.245858362313663,7.0
715,273925,0.3317986623080412,6.0
715,524752,0.05480749141358157,9.0
715,212028,0.015205254120296252,10.0
715,167896,0.21061578587882285,8.0
4037,557186,0.9207978449661076,1.0
4037,408327,0.3472854114677018,2.0
4037,81483,0.13270566600539474,7.0
4037,264554,0.17549912176269822,5.0
4037,70488,0.10266340573594643,8.0
4037,73427,0.17699051937491045,4.0
4037,141738,0.06305748657775613,10.0
4037,327002,0.13758723706801246,6.0
4037,298099,0.3033926580641023,3.0
4037,278824,0.07541389373614546,9.0
4047,159836,0.765733172455268,2.0
4047,538352,0.8342038464616309,1.0
4047,124230,0.5892209862078642,3.0
4047,457294,0.3650016288485423,5.0
4047,227423,0.5128339132959866,4.0
4047,488258,0.23266729112086854,7.0
4047,186453,0.31291334985543634,6.0
4047,560872,0.058555278877876274,9.0
4047,304477,0.013642424865153765,10.0
4047,472585,0.1045108310565598,8.0
8072,31465,1.0,1.0
8072,127452,0.7454707016678392,2.0
8072,164008,0.6127938795673313,3.0
8072,413041,0.46636127645936815,6.0
8072,394244,0.5314483062405829,5.0
8072,284235,0.5376531516000128,4.0
8072,494727,0.30243845918919343,8.0
8072,294867,0.327514677848447,7.0
8072,316838,0.08606741836238858,9.0
8072,169062,0.0832614829955565,10.0
5906,258465,0.8242641980562444,1.0
5906,409907,0.6612997758561435,2.0
5906,318520,0.5772381608041885,3.0
5906,470024,0.3113966645595213,5.0
5906,289231,0.2552714299911327,6.0
5906,273528,0.3491279660496973,4.0
5906,326094,0.09205708384318514,9.0
5906,2460,0.1419952641087517,8.0
5906,394467,0.05988952538764979,10.0
5906,15172,0.2336963962537775,7.0
8378,178684,1.0,1.0
8378,246221,0.6990200014087629,2.0
8378,238629,0.6273679546249343,3.0
8378,434812,0.5997315309022893,4.0
8378,102237,0.5612080802310707,5.0
8378,43497,0.306326868988984,6.0
8378,403025,0.09448998320128978,8.0
8378,382381,0.14224168961360686,7.0
8378,554568,0.09173953371397843,9.0
8378,597401,0.0,10.0
885,315275,0.8078787213510267,1.0
885,273528,0.4052309232070145,3.0
885,173929,0.35364097384385906,5.0
885,394467,0.377955733795034,4.0
885,485195,0.25284936972749855,7.0
885,326094,0.41235299667348335,2.0
885,483441,0.24413220979871583,8.0
885,258465,0.3372725510358983,6.0
885,399013,0.08649118693768745,10.0
885,246459,0.15049582289984542,9.0
2423,529444,0.9641660186546606,1.0
2423,396127,0.9354394049169074,2.0
2423,89049,0.4755621373147456,3.0
2423,124027,0.402200571969757,4.0
2423,461084,0.25430248101881053,8.0
2423,388646,0.2713717433223182,7.0
2423,553288,0.36402693863928776,5.0
2423,428150,0.27281372405930704,6.0
2423,370334,0.028848094269835874,9.0
2423,175232,0.0,10.0
4414,235522,0.9784246950551456,1.0
4414,367137,0.8045134014125479,2.0
4414,133093,0.3988471208007719,5.0
4414,144177,0.4580365055061489,3.0
4414,111033,0.39628723445344693,6.0
4414,275257,0.20914552626762767,8.0
4414,29073,0.4162021421640389,4.0
4414,140088,0.14957772995917967,9.0
4414,76776,0.012989985797388274,10.0
4414,577578,0.22079225403549763,7.0
1297,313909,0.7789915431709009,2.0
1297,171761,0.9892493197848704,1.0
1297,219758,0.6612322287918687,3.0
1297,289813,0.605536345647497,4.0
1297,90712,0.5717572862230496,5.0
1297,146021,0.5710026568731912,6.0
1297,370663,0.39774669087679954,7.0
1297,66246,0.04536750067178891,9.0
1297,545434,0.02255037159226885,10.0
1297,521712,0.07213871114243452,8.0
8512,32811,1.0,1.0
8512,61022,0.5718019185529228,2.0
8512,149696,0.4227188434501113,3.0
8512,320101,0.23966259546126598,6.0
8512,528522,0.29883465105681684,4.0
8512,231227,0.15787097104959363,8.0
8512,461592,0.2545119508301524,5.0
8512,474384,0.11964358289290959,9.0
8512,214901,0.06355685137546375,10.0
8512,452870,0.16221070236415616,7.0
3822,290930,0.8659121996442318,1.0
3822,454157,0.5390631290948993,3.0
3822,586151,0.6645553425435897,2.0
3822,318583,0.32446108177228034,6.0
3822,592636,0.5023543276696426,4.0
3822,476834,0.39053352093539184,5.0
3822,597880,0.26080031462823483,8.0
3822,309269,0.31544056309713336,7.0
3822,431814,0.10221041487697324,10.0
3822,369355,0.2475864397025569,9.0
859,32530,0.9629078577903697,1.0
859,326094,0.5745383825701973,2.0
859,171720,0.4039821562695022,3.0
859,377223,0.3167279643512038,4.0
859,310215,0.17827107119639984,9.0
859,308837,0.2071162491081761,8.0
859,513258,0.06314520941583877,10.0
859,388201,0.2250590131731376,7.0
859,506374,0.22885205526947555,6.0
859,217683,0.2671477679511879,5.0
6668,457294,1.0,1.0
6668,93971,0.43195615055519276,2.0
6668,301570,0.22608554691512586,4.0
6668,228403,0.308017086110725,3.0
6668,159703,0.1548018236478788,6.0
6668,326991,0.09715995884751905,9.0
6668,526110,0.15201061146796718,7.0
6668,88892,0.1072548601421132,8.0
6668,241337,0.1616714236003175,5.0
6668,11988,0.048071033595367615,10.0
604,38711,0.8611658959979838,2.0
604,571430,0.8686549275623402,1.0
604,224869,0.3465849620512646,3.0
604,115553,0.1912625280057546,8.0
604,197222,0.2630818292000718,5.0
604,348353,0.34086168028607466,4.0
604,561377,0.2310731641773709,7.0
604,195191,0.05146891733720581,10.0
604,342307,0.137544924866778,9.0
604,486333,0.25234543646083485,6.0
3177,539263,0.938845268741749,1.0
3177,172703,0.8926951571399161,2.0
3177,536120,0.7429605609221922,3.0
3177,377429,0.7327001248285006,4.0
3177,480315,0.716036684536762,5.0
3177,87722,0.49018021476139834,7.0
3177,17208,0.49624739597453194,6.0
3177,467575,0.26135010989611224,8.0
3177,328086,0.05894009698359497,9.0
3177,423658,0.045500841101621246,10.0
721,496225,1.0,1.0
721,51615,0.15903727182754884,4.0
721,298128,0.20984182313220318,3.0
721,568526,0.23941611555886122,2.0
721,251824,0.11535594941811565,5.0
721,196427,0.041177713361249674,9.0
721,597880,0.0632145588949596,8.0
721,150650,0.08773312326550402,7.0
721,447353,0.09427350699803302,6.0
721,358661,0.014191832031076674,10.0
7124,427726,0.8173935072907734,1.0
7124,242524,0.7475754508775634,2.0
7124,62151,0.6824748406821904,3.0
7124,265314,0.5066511852850953,6.0
7124,226070,0.5215601551460851,5.0
7124,558617,0.6188549216215449,4.0
7124,433905,0.47860309641351134,7.0
7124,421371,0.34236500416653043,8.0
7124,96013,0.20231465071270235,9.0
7124,162668,0.0,10.0
4500,236482,0.7460603027086492,1.0
4500,533623,0.7238147710840838,2.0
4500,474234,0.44414319897484017,4.0
4500,166487,0.4608466321847721,3.0
4500,231781,0.3760680261634322,6.0
4500,80031,0.19149615508772186,8.0
4500,163048,0.39082833771508807,5.0
4500,62897,0.08431722840936316,9.0
4500,275929,0.28376733788336217,7.0
4500,81101,0.006305970934687574,10.0
603,64103,0.8356235009022923,1.0
603,399013,0.6698738268736149,2.0
603,535651,0.37571528301610363,4.0
603,120090,0.4076343119621928,3.0
603,279897,0.2549731882618034,6.0
603,55022,0.2409368435729257,7.0
603,35736,0.2599256003031506,5.0
603,544486,0.06327079921712796,8.0
603,77503,0.03788335765597367,9.0
603,139047,0.024449822172410283,10.0
6647,462265,1.0,1.0
6647,13260,0.5937170318715957,2.0
6647,96013,0.5135724350504746,3.0
6647,464533,0.2544055973475652,5.0
6647,562171,0.20396433922367513,8.0
6647,326233,0.2410653608363263,6.0
6647,209188,0.3260968814946581,4.0
6647,231068,0.2108510309475759,7.0
6647,391988,0.018062941774864717,10.0
6647,531990,0.027503744829747594,9.0
5369,258465,0.9441945437122139,1.0
5369,172128,0.7094881106554206,2.0
5369,184175,0.598376913787349,3.0
5369,399013,0.43869157721437535,4.0
5369,173929,0.1678582876158019,8.0
5369,171339,0.3642162471235192,5.0
5369,414288,0.36233001221915917,6.0
5369,500946,0.2543945413451591,7.0
5369,70724,0.15164303667480106,9.0
5369,118280,0.019572720015555017,10.0
932,48722,0.9836905085441305,1.0
932,387010,0.912929747954015,2.0
932,442110,0.39073177220804167,3.0
932,292769,0.1946060456218685,5.0
932,593085,0.1344484451843926,9.0
932,23747,0.1769116544313005,6.0
932,418630,0.3258758545557062,4.0
932,281045,0.140571164645014,8.0
932,196427,0.03451043350183739,10.0
932,571430,0.17429768625792016,7.0
9633,259081,0.9073971189311125,1.0
9633,534418,0.8805997959590027,2.0
9633,481166,0.40607857591116436,3.0
9633,185909,0.3090631667050738,4.0
9633,552479,0.236084916769279,6.0
9633,590578,0.1642826513552973,8.0
9633,484055,0.24132729114249246,5.0
9633,474351,0.20689082562917335,7.0
9633,363741,0.0246988377728875,10.0
9633,262441,0.030086885987597678,9.0
1676,394871,0.8136527933146744,2.0
1676,234436,0.8506086164349784,1.0
1676,77245,0.5325704287599082,4.0
1676,487791,0.6057755381393616,3.0
1676,58937,0.36894501392496865,6.0
1676,352640,0.3805721076026804,5.0
1676,279538,0.13662567580631882,7.0
1676,196920,0.04941079541687407,8.0
1676,555732,1.5524216925689995e-05,10.0
1676,136804,0.002878268008650368,9.0
4804,222153,0.8773262197475382,1.0
4804,325892,0.35670693223996974,5.0
4804,255795,0.4269433986848895,2.0
4804,285255,0.3674396743808339,4.0
4804,45218,0.15450998399088348,7.0
4804,162456,0.3715117264864537,3.0
4804,143100,0.11811075976737523,8.0
4804,51583,0.06423638698288306,10.0
4804,116574,0.23943968924322498,6.0
4804,393132,0.06902565369296362,9.0
2747,445298,1.0,1.0
2747,431685,0.47154212339799934,3.0
2747,535705,0.5118200984216933,2.0
2747,583635,0.2882601010934263,5.0
2747,387010,0.27161091968804246,6.0
2747,571430,0.11709173294908608,9.0
2747,418630,0.34544381518738615,4.0
2747,279538,0.17733080459879602,8.0
2747,582864,0.21062652260308554,7.0
2747,123468,0.01561782987066827,10.0
8632,43497,1.0,1.0
8632,382381,0.6264250960005335,2.0
8632,344372,0.3754839098665018,3.0
8632,575741,0.19471405386650387,5.0
8632,458385,0.11990749968961426,8.0
8632,416307,0.14018428956163176,7.0
8632,102436,0.23705172251085194,4.0
8632,223070,0.15370412220429452,6.0
8632,363043,0.051905367754048096,10.0
8632,186453,0.06282969010754529,9.0
4981,102684,0.9659764623592604,1.0
4981,45218,0.7545760639099202,2.0
4981,578585,0.2729663388475073,3.0
4981,341625,0.22337763960608015,4.0
4981,590710,0.08488415543787754,6.0
4981,264800,0.08066476440892276,7.0
4981,475541,0.034561901859879424,9.0
4981,212481,0.01781150805249976,10.0
4981,567362,0.18690816782128303,5.0
4981,319692,0.044075133580337864,8.0
6146,289231,0.7000000000000001,1.0
6146,2460,0.577191570660508,3.0
6146,470024,0.5001630359932087,4.0
6146,394467,0.460869039086112,6.0
6146,160125,0.6293467042262941,2.0
6146,581889,0.46192359128819355,5.0
6146,326094,0.2409558295904531,8.0
6146,580709,0.07230021458733778,10.0
6146,273528,0.10212071742088163,9.0
6146,7403,0.2736654395829886,7.0
10674,328556,0.8118393027121139,1.0
10674,435963,0.6324481621893939,2.0
10674,89460,0.5958205934342545,3.0
10674,109860,0.24672339164976417,7.0
10674,88813,0.30366006542101,6.0
10674,319793,0.3182401665991943,5.0
10674,99857,0.3730939029687158,4.0
10674,99757,0.09563736189953809,8.0
10674,431814,0.08281357568601647,9.0
10674,363043,0.0,10.0
3683,276975,0.9945466869035422,1.0
3683,105973,0.720544546864702,2.0
3683,421538,0.3810439011268672,4.0
3683,522713,0.4251876766025373,3.0
3683,303977,0.09750881247029682,7.0
3683,178521,0.1053665068957737,6.0
3683,500460,0.2097890055056453,5.0
3683,116865,0.055179727352864506,9.0
3683,158717,0.03562654353339767,10.0
3683,349866,0.06052588806409994,8.0
928,394460,0.8272418749610361,2.0
928,349866,0.9132414773731473,1.0
928,400009,0.22396582049161434,4.0
928,573276,0.17191723107357834,5.0
928,490443,0.15440794123989185,7.0
928,305509,0.10601529738721888,9.0
928,11572,0.3509399491734412,3.0
928,253563,0.10361429086255168,10.0
928,422770,0.15991935115373385,6.0
928,409573,0.11571974320034978,8.0
5054,21311,0.8073200946155669,1.0
5054,485863,0.40667708721749285,4.0
5054,542521,0.4227448323094519,3.0
5054,144660,0.2976484336769908,6.0
5054,307113,0.23720832001113315,7.0
5054,305901,0.22385051809178957,8.0
5054,406457,0.4598227069431052,2.0
5054,366219,0.03651849691634957,10.0
5054,340131,0.3130629868598485,5.0
5054,15172,0.06361951884340741,9.0
6554,583203,1.0,1.0
6554,226967,0.3313569070733986,2.0
6554,377429,0.24926847457129697,4.0
6554,122012,0.27088356980884265,3.0
6554,403755,0.23004664729147528,5.0
6554,574327,0.2202206317271147,6.0
6554,275902,0.06121802540626062,9.0
6554,536120,0.13079451431082456,7.0
6554,480315,0.12699935720639477,8.0
6554,21103,0.02229955002170955,10.0
7377,579557,1.0,1.0
7377,6666,0.6099213330871134,2.0
7377,328086,0.45694019463973845,4.0
7377,345895,0.32863527601580617,7.0
7377,293679,0.4939968337203891,3.0
7377,81304,0.43214429202402405,5.0
7377,172703,0.35713689083198624,6.0
7377,17208,0.20805696028972723,8.0
7377,505027,0.08664286675827475,10.0
7377,453542,0.18858908410623954,9.0
1309,15824,0.8972541235717307,1.0
1309,438869,0.816232312586176,2.0
1309,279845,0.4013545313690321,3.0
1309,266319,0.34166060286873734,4.0
1309,110386,0.19088266101092957,7.0
1309,366594,0.24115465615060708,6.0
1309,443795,0.058903390411015034,10.0
1309,135415,0.18963251359430866,8.0
1309,16778,0.05929245905895342,9.0
1309,471630,0.29999999999999993,5.0
8351,273142,1.0,1.0
8351,469776,0.11998726530386632,6.0
8351,171720,0.12277857866856673,5.0
8351,213331,0.1313167390078051,4.0
8351,528132,0.15615341174715797,3.0
8351,191977,0.046248908201375206,8.0
8351,71873,0.1874838430451661,2.0
8351,405374,0.024672192963844125,9.0
8351,568526,0.08693295800323875,7.0
8351,304009,0.017435168837655814,10.0
6441,254279,1.0,1.0
6441,156029,0.4801210725096979,2.0
6441,28314,0.41715318649404964,3.0
6441,529993,0.17797458459678217,6.0
6441,87722,0.2561234034030941,4.0
6441,536120,0.17609917077253573,7.0
6441,593644,0.23986418072392476,5.0
6441,108721,0.12140687964195365,8.0
6441,174619,0.052718493426750036,10.0
6441,90712,0.07302203435156916,9.0
4837,426223,0.7740798811409418,1.0
4837,95778,0.755493509354241,2.0
4837,565330,0.6816741817632874,4.0
4837,159936,0.7545521871343674,3.0
4837,187739,0.5372061886961128,5.0
4837,254454,0.4164248063319653,6.0
4837,167896,0.12244604366713356,9.0
4837,565698,0.23877105307171612,8.0
4837,275410,0.10367824690429739,10.0
4837,274870,0.27671782622929825,7.0
9871,553288,0.8577516669492655,1.0
9871,76562,0.7233256317352734,2.0
9871,322771,0.44821706182097454,3.0
9871,240645,0.31553058812494167,5.0
9871,547301,0.3152722955473413,6.0
9871,213755,0.16115556942566972,8.0
9871,488366,0.26859537049094223,7.0
9871,305907,0.3229040266200402,4.0
9871,172718,0.07951007308373427,9.0
9871,271832,0.04226580655720436,10.0
3067,423403,0.986157501942764,1.0
3067,372921,0.7486849245698377,2.0
3067,578488,0.5980099173406354,4.0
3067,104726,0.6047667233883327,3.0
3067,104788,0.17175549616749275,7.0
3067,582005,0.2348364609376871,5.0
3067,467135,0.21165404725077563,6.0
3067,318473,0.04846868315777539,9.0
3067,187739,0.13384703008648788,8.0
3067,167896,0.017450379085667378,10.0
5741,124219,0.932808157966736,1.0
5741,328086,0.5840857561709137,2.0
5741,43781,0.41754754105597236,4.0
5741,259081,0.4493788214979496,3.0
5741,568200,0.28320563974970725,5.0
5741,107688,0.2659380500287062,6.0
5741,301224,0.18291721860510535,8.0
5741,329337,0.022931434590349898,9.0
5741,136825,0.25438386403853647,7.0
5741,437427,0.006453404382106088,10.0
3566,45029,0.8757690839379976,1.0
3566,195191,0.5706152175366876,4.0
3566,149306,0.7741603361914613,2.0
3566,408123,0.6934106494376819,3.0
3566,152286,0.5584470412969628,5.0
3566,519390,0.3344753295759004,6.0
3566,65782,0.1806746932237669,8.0
3566,595211,0.09331773051840092,10.0
3566,317493,0.25773223949004687,7.0
3566,284075,0.11760456510802857,9.0
5862,562511,0.9620538527146965,1.0
5862,21194,0.681295631351476,2.0
5862,273947,0.1911038376580951,7.0
5862,170141,0.3646728883252771,3.0
5862,29790,0.15211001340233224,8.0
5862,253563,0.27565138411911055,5.0
5862,269898,0.3147595762166234,4.0
5862,346042,0.218620646048605,6.0
5862,258465,0.07418108108743535,9.0
5862,78176,0.0,10.0
8779,209730,0.9805117349840313,1.0
8779,180571,0.6698614733062942,2.0
8779,17166,0.38954671969712007,3.0
8779,213591,0.22258392071326877,6.0
8779,279538,0.235915961128158,5.0
8779,72160,0.2521796369711027,4.0
8779,319954,0.16072400783125315,7.0
8779,452870,0.059736924603070965,9.0
8779,491964,0.08504649683440443,8.0
8779,214901,0.04075716700190134,10.0
4714,505057,0.9937844971123913,1.0
4714,584450,0.7274901809754842,2.0
4714,324833,0.3868741824437393,3.0
4714,184506,0.23738983779715023,4.0
4714,295980,0.18067585867136987,5.0
4714,249450,0.1672461227396737,6.0
4714,118374,0.14214208438417777,7.0
4714,424585,0.06462092986232887,9.0
4714,473809,0.0014399465539111443,10.0
4714,46211,0.12664170145069406,8.0
7311,125355,0.8603346102495987,1.0
7311,279897,0.217231129680892,4.0
7311,183349,0.10349802267766835,8.0
7311,523279,0.09647129598080639,9.0
7311,33576,0.1406044320821218,7.0
7311,215154,0.16605827157797706,5.0
7311,344267,0.32630615899455767,2.0
7311,238421,0.2685055518464887,3.0
7311,334696,0.15427273840000644,6.0
7311,100485,0.002221108713273585,10.0
109,73427,1.0,1.0
109,213331,0.16887295710415892,6.0
109,538023,0.28556812854422886,2.0
109,461084,0.20200641872263467,4.0
109,563025,0.27713730252026836,3.0
109,406457,0.08485540404895384,9.0
109,342212,0.08645444138855597,8.0
109,535705,0.1261926078300765,7.0
109,547301,0.1829415523826427,5.0
109,18509,0.02789130943223898,10.0
570,21311,0.9610223116160204,1.0
570,103593,0.6742018612768932,3.0
570,232199,0.6798057375543446,2.0
570,341493,0.4917123144598713,4.0
570,565684,0.3286387967776452,7.0
570,156358,0.3552515562218488,5.0
570,79888,0.18530074453655015,10.0
570,335991,0.33284090087963647,6.0
570,349384,0.21530507172056007,9.0
570,17166,0.24137398174617802,8.0
6959,301570,0.8124347150613195,1.0
6959,69790,0.7234994130416669,2.0
6959,293767,0.48889751458968417,3.0
6959,482415,0.36207811664912065,4.0
6959,330041,0.3224273751276129,5.0
6959,88813,0.3093767446965182,6.0
6959,427726,0.24006005072875916,8.0
6959,266480,0.1049181928443548,10.0
6959,431814,0.3053043318529384,7.0
6959,231781,0.17679298928354656,9.0
90,56718,0.9436380347936058,1.0
90,150219,0.6244536765688751,3.0
90,31793,0.7167881877744937,2.0
90,385073,0.5289690274198092,4.0
90,234436,0.41370731568017094,5.0
90,153541,0.28639699667762136,6.0
90,172594,0.20301586842717417,7.0
90,366830,0.13878949494324466,9.0
90,34731,0.15757870903708404,8.0
90,314898,0.0,10.0
5064,2003,1.0,1.0
5064,455614,0.7562496983857426,2.0
5064,135514,0.5006191013628313,4.0
5064,192811,0.5503330978823593,3.0
5064,551423,0.381118345446504,5.0
5064,414288,0.2738733296500396,7.0
5064,377223,0.2854731840269082,6.0
5064,393278,0.11018817247832845,9.0
5064,524888,0.018654867171969985,10.0
5064,176498,0.22224212722989173,8.0
4103,307380,1.0,1.0
4103,29073,0.9387884440423739,2.0
4103,577578,0.6877617560452041,3.0
4103,482415,0.5691841439729547,4.0
4103,175265,0.3302053958681519,5.0
4103,370879,0.2871842750897066,6.0
4103,163590,0.09226374291585451,9.0
4103,133093,0.12962238621436076,8.0
4103,169921,0.03800197196983934,10.0
4103,192193,0.17244607051211197,7.0
1198,56718,1.0,1.0
1198,232199,0.19559209327460364,2.0
1198,175272,0.19148070608173484,3.0
1198,103593,0.07262911602006256,8.0
1198,366761,0.18130982773279797,4.0
1198,105872,0.09425549168335925,6.0
1198,467390,0.06963080270818951,9.0
1198,352120,0.076403339816418,7.0
1198,58937,0.11229938829413649,5.0
1198,434769,0.0324571117350151,10.0
4539,32744,0.9579654493277274,1.0
4539,61792,0.6494961655906109,2.0
4539,275925,0.48872078097247024,3.0
4539,61346,0.3240315090551086,5.0
4539,370879,0.3743144576120284,4.0
4539,426461,0.284641955634019,7.0
4539,235522,0.26319284331039133,8.0
4539,440270,0.24337689073743946,9.0
4539,83330,0.29130973174103403,6.0
4539,572272,0.0,10.0
9391,248158,0.9584640168352746,1.0
9391,136270,0.7282882540081053,4.0
9391,108859,0.7304809265712671,3.0
9391,136515,0.8115914242366886,2.0
9391,142631,0.5950646203340484,5.0
9391,301580,0.44052480477835865,6.0
9391,127263,0.2477798736149477,7.0
9391,105973,0.04446847755320835,10.0
9391,429579,0.17155713392755084,8.0
9391,163590,0.08067626456506405,9.0
4600,577578,0.9091893418683923,1.0
4600,61792,0.3317729392675193,3.0
4600,482415,0.5158262369165245,2.0
4600,257633,0.3017336084702995,4.0
4600,133093,0.24101731355676267,6.0
4600,76515,0.10430861892751345,8.0
4600,367137,0.2525642241891224,5.0
4600,214542,0.07246049979281045,10.0
4600,34925,0.13536005553052335,7.0
4600,275257,0.09315620641444489,9.0
3735,125659,0.8599725469554952,1.0
3735,93231,0.7553977697184058,2.0
3735,537418,0.7548319958408222,3.0
3735,330041,0.534787336955459,5.0
3735,344065,0.38817318249807664,6.0
3735,511093,0.2836285876825362,7.0
3735,32290,0.5350814239606434,4.0
3735,504996,0.24270725592894668,9.0
3735,266900,0.24556780312939863,8.0
3735,40447,0.0,10.0
5422,483299,0.8664376197440569,1.0
5422,108,0.6087153970508928,3.0
5422,55022,0.47477271840921004,5.0
5422,528034,0.6144798291892781,2.0
5422,81304,0.4112840799946342,6.0
5422,259081,0.49316593689003974,4.0
5422,579235,0.3182981948430348,7.0
5422,136270,0.20192237667499785,9.0
5422,22221,0.10562728809225397,10.0
5422,124219,0.29456628585549216,8.0
744,573276,0.9470844822961692,1.0
744,138845,0.507519121082066,3.0
744,409573,0.5440236762623001,2.0
744,171339,0.3669886283712477,5.0
744,289231,0.4962482126070351,4.0
744,273528,0.21492935824574122,6.0
744,172305,0.12421982674690346,10.0
744,350819,0.17812216012238088,7.0
744,120852,0.15413780570273786,8.0
744,118280,0.13690363644745623,9.0
515,372909,1.0,1.0
515,328341,0.7598719369851448,2.0
515,431685,0.601324856252254,3.0
515,352838,0.47819041963165065,4.0
515,231614,0.3195305608426766,5.0
515,195081,0.18237494598258996,6.0
515,98112,0.06297776182252698,8.0
515,60443,0.03044343806598373,9.0
515,123733,0.014052082265579753,10.0
515,360011,0.12372673615911384,7.0
2443,331253,0.7741911815183641,1.0
2443,44609,0.6746033620799629,2.0
2443,305579,0.5895324528110857,3.0
2443,306800,0.5267049575254132,4.0
2443,446647,0.4408756562766716,5.0
2443,313437,0.203029151812704,8.0
2443,426216,0.3890791348839116,6.0
2443,208051,0.17769180690137176,9.0
2443,305907,0.2391551484210202,7.0
2443,510130,0.0,10.0
4265,157553,1.0,1.0
4265,392163,0.4975600123771634,2.0
4265,584273,0.35914479493434925,3.0
4265,149974,0.30486312623863426,4.0
4265,523158,0.06786822772211172,9.0
4265,140947,0.2641508832209793,6.0
4265,386229,0.0498972354560828,10.0
4265,575729,0.10954421519446512,8.0
4265,93881,0.27977668996637445,5.0
4265,577517,0.1612920773959208,7.0
4865,223032,0.7491485600661352,2.0
4865,370569,0.9780613533010332,1.0
4865,251824,0.5069453600623254,3.0
4865,435963,0.5060202310466573,4.0
4865,508821,0.38015356657737687,6.0
4865,481166,0.4250221579501703,5.0
4865,305117,0.26356965292547874,7.0
4865,110515,0.13722338206104764,8.0
4865,565698,0.029577083207019416,10.0
4865,585738,0.058371797203553,9.0
2968,187196,0.8357513176094924,2.0
2968,388646,0.910317130247592,1.0
2968,242124,0.7035919866269791,3.0
2968,176498,0.23964706381652048,5.0
2968,198371,0.32064683295272556,4.0
2968,583640,0.06672595677400223,7.0
2968,280967,0.05214154207814449,8.0
2968,287991,0.11019484244935918,6.0
2968,455398,0.03719623138643503,10.0
2968,329757,0.05052929438967749,9.0
7221,305117,0.8488678226212605,2.0
7221,473809,0.8812095925562775,1.0
7221,481166,0.5810825304344746,3.0
7221,71873,0.4929471015219381,4.0
7221,537418,0.3201849307598251,5.0
7221,307315,0.07947576562447622,10.0
7221,81542,0.16010018007990434,8.0
7221,452175,0.1757065289012027,7.0
7221,570664,0.0845542056507586,9.0
7221,77652,0.29999999999999993,6.0
2407,2064,0.9064572190543458,1.0
2407,78176,0.49725069125287197,2.0
2407,173929,0.452648465958578,4.0
2407,516444,0.4970454495149216,3.0
2407,255491,0.23147858251192185,6.0
2407,273528,0.33756564047458215,5.0
2407,514425,0.13864389974731137,8.0
2407,367641,0.0822858153387862,9.0
2407,566480,0.18966222205738717,7.0
2407,63678,0.0,10.0
3039,136804,1.0,1.0
3039,467390,0.7278646092907408,2.0
3039,147080,0.5637201686089852,3.0
3039,387010,0.304106720555757,4.0
3039,442110,0.2651820604405106,5.0
3039,483274,0.0664801586741306,10.0
3039,510409,0.19627457362170045,6.0
3039,106501,0.09470869524627194,9.0
3039,4947,0.11674175015512742,8.0
3039,398622,0.19128314990320439,7.0
1748,18001,1.0,1.0
1748,528564,0.5806296105428801,2.0
1748,418135,0.4180533694767765,3.0
1748,462892,0.4147950103635879,4.0
1748,298427,0.40108947997547,5.0
1748,429378,0.18722587136561802,6.0
1748,223206,0.16851991852838094,7.0
1748,517372,0.11937611537130399,9.0
1748,171780,0.030195056056933678,10.0
1748,124027,0.1455443200420786,8.0
10547,404339,1.0,1.0
10547,536120,0.4187511187380596,3.0
10547,272008,0.5081141883101696,2.0
10547,4666,0.12171383530641652,8.0
10547,597351,0.23139758166658336,5.0
10547,112714,0.23795523829835546,4.0
10547,32290,0.14762955911971393,7.0
10547,23609,0.1492715679534171,6.0
10547,392037,0.025877442096701654,10.0
10547,491969,0.11345079311448096,9.0
10596,164008,0.9088479561497655,1.0
10596,284235,0.7489531677480947,3.0
10596,208070,0.8377367679055981,2.0
10596,413041,0.6766101788367406,4.0
10596,316838,0.6685048695102292,5.0
10596,494727,0.2432332094056242,6.0
10596,394244,0.22298954702779603,7.0
10596,127452,0.15699270804499496,9.0
10596,69197,0.16742432029621335,8.0
10596,169062,0.0,10.0
5061,352838,0.8558947966588863,1.0
5061,242124,0.7366733590456205,2.0
5061,329757,0.6238589455685741,3.0
5061,447353,0.5138243150096383,4.0
5061,149974,0.46474687684887717,6.0
5061,380863,0.4202496668605755,7.0
5061,261189,0.5101144881367593,5.0
5061,46755,0.32716242243876487,8.0
5061,158845,0.09552437571738413,10.0
5061,287991,0.15554707721480893,9.0
853,510373,0.8743000041751974,2.0
853,510409,0.9248066614831726,1.0
853,314984,0.7591128883801539,3.0
853,106501,0.6747692968608937,4.0
853,263361,0.3186166952218155,5.0
853,131996,0.11908524423020256,9.0
853,72402,0.1562242111427073,8.0
853,150219,0.22133640892042636,7.0
853,582864,0.3127969689904185,6.0
853,303929,0.03174869824170667,10.0
6803,544053,1.0,1.0
6803,193012,0.6958550170101917,2.0
6803,42620,0.4022048407066408,3.0
6803,316045,0.09596225913577074,7.0
6803,271243,0.0818544045797326,8.0
6803,10703,0.1952842778551511,5.0
6803,142726,0.20629214707717064,4.0
6803,78675,0.06680059586554538,9.0
6803,60355,0.10089045565324598,6.0
6803,272784,0.0,10.0
6644,187497,1.0,1.0
6644,572842,0.6397783309639699,3.0
6644,308837,0.6793441834635372,2.0
6644,426216,0.5577910964321803,5.0
6644,578954,0.5961924223165701,4.0
6644,305907,0.44058889335035123,6.0
6644,293687,0.3475979623565672,8.0
6644,373271,0.38571658722540825,7.0
6644,31793,0.14438366181613393,9.0
6644,238421,0.010262105858113922,10.0
699,107092,1.0,1.0
699,169688,0.6742307757032684,2.0
699,68357,0.4389296173979153,4.0
699,446679,0.48027302599252253,3.0
699,385658,0.07872502289876829,8.0
699,472924,0.15933332200881012,6.0
699,521010,0.18549665029778534,5.0
699,586920,0.041586118079086166,9.0
699,414598,0.008659557529512836,10.0
699,96538,0.11067348952161474,7.0
549,214024,1.0,1.0
549,67167,0.6993491795121609,2.0
549,446647,0.4572114003386477,4.0
549,546020,0.5543219392414792,3.0
549,73427,0.4029256339723087,5.0
549,547301,0.2777552328638174,6.0
549,563025,0.22187821405755917,8.0
549,397449,0.03534001809716791,10.0
549,449630,0.18202136149324888,9.0
549,443795,0.26993257425114137,7.0
904,415514,1.0,1.0
904,85229,0.7907882781528472,2.0
904,433905,0.41281852352866805,3.0
904,120852,0.39388592480353246,4.0
904,101369,0.18724279163155508,5.0
904,359579,0.13511712742943957,8.0
904,169824,0.14122104390378284,7.0
904,320579,0.14863596289071312,6.0
904,75235,0.00924719682399299,10.0
904,29360,0.019142444021764172,9.0
2590,583635,0.8210519598285942,1.0
2590,296528,0.5307973061226868,2.0
2590,55999,0.4046589233824327,3.0
2590,307095,0.2120119823482291,5.0
2590,209493,0.3115277945069456,4.0
2590,106424,0.06321497599052484,9.0
2590,471964,0.1743411015385407,6.0
2590,387010,0.027978037567888102,10.0
2590,26203,0.13874409954723035,7.0
2590,454222,0.11721033526406771,8.0
1451,538005,1.0,1.0
1451,559482,0.3625246181579654,4.0
1451,98112,0.5630855139179263,2.0
1451,377571,0.4596579736032718,3.0
1451,313437,0.32462603092715414,6.0
1451,94689,0.33472274013198094,5.0
1451,433809,0.21155530288117003,7.0
1451,522481,0.1223268288870619,10.0
1451,51729,0.1797266698530711,9.0
1451,440910,0.20980865958977069,8.0
5790,469776,0.9901587521021011,1.0
5790,97348,0.7251714446522999,2.0
5790,101369,0.5018136831087234,4.0
5790,363810,0.45616298392240723,5.0
5790,141738,0.5837283464301344,3.0
5790,241136,0.3227445259344002,6.0
5790,305287,0.1333134893834832,9.0
5790,277353,0.14561592527043446,8.0
5790,149305,0.012994539411172174,10.0
5790,75235,0.18314670844313263,7.0
7295,435125,0.8471322617234014,1.0
7295,403755,0.2431448996363598,6.0
7295,93971,0.2623459106938347,5.0
7295,193398,0.1945416553941416,7.0
7295,39478,0.3117559969197963,3.0
7295,513258,0.30114154567136064,4.0
7295,456470,0.18356088975725618,8.0
7295,115553,0.32605031426440695,2.0
7295,3118,0.1159137964360419,9.0
7295,102436,0.06966436067766825,10.0
5083,142876,1.0,1.0
5083,13975,0.6162578843474651,2.0
5083,368802,0.5211706194020216,3.0
5083,433197,0.13647845969105257,4.0
5083,333184,0.08060592124984671,7.0
5083,21103,0.02718552908491279,9.0
5083,579473,0.04343718505639926,8.0
5083,305360,0.0,10.0
5083,20958,0.09276693516357742,6.0
5083,19183,0.12100184134047198,5.0
7936,363043,0.9914380383734098,1.0
7936,336541,0.9348126713310743,2.0
7936,293767,0.6390709433314047,3.0
7936,320101,0.5951012560901534,4.0
7936,43087,0.47246392103570717,6.0
7936,561884,0.5011233542815381,5.0
7936,416307,0.389427397028029,7.0
7936,187404,0.20206381940570706,8.0
7936,127585,0.1465698002429937,9.0
7936,214003,0.07255896256350508,10.0
8296,78675,1.0,1.0
8296,79998,0.6593647750657715,2.0
8296,146315,0.12346188105248114,5.0
8296,180571,0.058466976155201945,9.0
8296,26203,0.13529762226459885,4.0
8296,371720,0.13915383445825566,3.0
8296,61962,0.07751430324729475,6.0
8296,392037,0.05606724047818725,10.0
8296,99757,0.07161420609032511,7.0
8296,3118,0.05961431465323652,8.0
475,431685,0.9262659118711694,1.0
475,88124,0.7574201552477254,2.0
475,366761,0.6643154514720971,3.0
475,232199,0.35933599946357075,4.0
475,60637,0.04464623578743653,9.0
475,328341,0.19116888080075237,6.0
475,352640,0.2009070711112781,5.0
475,232563,0.15711930484538678,7.0
475,433,0.04027477362505631,10.0
475,372909,0.14475930050019914,8.0
3759,384631,0.7000000000000001,1.0
3759,152250,0.36538310946231367,3.0
3759,105634,0.48672134472556383,2.0
3759,414188,0.2943289310865044,4.0
3759,101369,0.27736579148855256,5.0
3759,445794,0.17730330613385614,8.0
3759,405217,0.23043144852140734,6.0
3759,264800,0.09276809594604543,10.0
3759,130877,0.1538219697680387,9.0
3759,146181,0.22295298385490928,7.0
4615,596196,0.9532154809847504,2.0
4615,425595,0.9735092639273837,1.0
4615,69523,0.8085979549341855,3.0
4615,496427,0.7249401106798381,4.0
4615,261900,0.7223598241177647,5.0
4615,226060,0.5833186169069461,6.0
4615,421365,0.5656667398510127,7.0
4615,19179,0.43317822430018627,8.0
4615,341493,0.019148900387748816,9.0
4615,15891,0.0,10.0
8874,403025,1.0,1.0
8874,251704,0.43677679952396076,2.0
8874,527231,0.3177208837810993,3.0
8874,66631,0.15700113726684728,5.0
8874,357685,0.0491267577543055,10.0
8874,370569,0.1016020384847489,6.0
8874,556976,0.06390818247936295,8.0
8874,349160,0.06337352398927201,9.0
8874,319793,0.23446146504862794,4.0
8874,571362,0.08665714301347242,7.0
26,399013,0.9457309535713763,1.0
26,528132,0.4192985588695223,4.0
26,409611,0.4027853714205935,5.0
26,565330,0.29139569820442407,6.0
26,563025,0.5395342491434112,2.0
26,2064,0.43056089371592854,3.0
26,401254,0.24860260858766692,7.0
26,452544,0.06908112311553388,9.0
26,367641,0.17668910244993907,8.0
26,71898,0.040303720691569817,10.0
3875,249859,1.0,1.0
3875,136315,0.6787666954942589,2.0
3875,442110,0.44189876641268366,3.0
3875,571258,0.37717376955338805,4.0
3875,158185,0.2976696371526471,6.0
3875,426570,0.33454802693779784,5.0
3875,76515,0.16344060381930414,7.0
3875,143100,0.10047575585107814,8.0
3875,518406,0.07537937733951589,9.0
3875,414288,0.0,10.0
6835,159703,0.7789517040344955,1.0
6835,246221,0.5219690592050455,4.0
6835,149305,0.677995146089097,2.0
6835,195767,0.529271125681165,3.0
6835,403755,0.2013606997346749,6.0
6835,592636,0.21181255841650554,5.0
6835,108721,0.16175502867400188,7.0
6835,238629,0.1176537215524368,8.0
6835,196427,0.08445942166617822,9.0
6835,467575,0.0,10.0
4433,301580,0.7831589741446061,1.0
4433,172703,0.5790034530936358,3.0
4433,539263,0.5537888642628901,4.0
4433,297290,0.5921526911221422,2.0
4433,21311,0.28346543565168697,7.0
4433,379311,0.2983837248748832,6.0
4433,453542,0.15456440810429306,8.0
4433,451855,0.08381254452016858,9.0
4433,146181,0.33023058279889234,5.0
4433,536120,0.0,10.0
5374,115553,0.7627225250400579,2.0
5374,92267,0.9358718625636535,1.0
5374,251704,0.29233158075476107,6.0
5374,44601,0.36155494906845304,4.0
5374,60175,0.3995998421473604,3.0
5374,294295,0.05903914354244258,10.0
5374,99857,0.30272827360339016,5.0
5374,537418,0.264032175939815,7.0
5374,576564,0.2408974900880351,9.0
5374,186453,0.2427217562305029,8.0
6221,529551,0.9193813463076109,1.0
6221,551423,0.893156805817573,2.0
6221,240261,0.5057232258191717,3.0
6221,128698,0.48850963370468,4.0
6221,270856,0.4404871310598766,5.0
6221,66901,0.11289685143239955,10.0
6221,578488,0.23308169700211215,8.0
6221,384626,0.30192843796312624,6.0
6221,405352,0.2666109126200958,7.0
6221,494753,0.18064087249829133,9.0
672,593283,0.9758986028392374,1.0
672,563025,0.8167971821520363,2.0
672,213370,0.6386630709841365,5.0
672,40966,0.6516126055796392,4.0
672,273947,0.6523993940475712,3.0
672,15824,0.6176054692188485,6.0
672,67167,0.3287486360821032,7.0
672,170141,0.12833835858428122,9.0
672,201800,0.03429240127545376,10.0
672,494689,0.22568892224332093,8.0
2593,231614,0.9938049558150319,1.0
2593,169688,0.23757926295352857,6.0
2593,147343,0.4427350531446377,2.0
2593,73427,0.09862409474239345,10.0
2593,528132,0.3093649156479153,3.0
2593,399013,0.27643456027588575,4.0
2593,387573,0.21559814296466034,8.0
2593,449630,0.2586349979997146,5.0
2593,394460,0.22672429550256007,7.0
2593,171339,0.16928751846535592,9.0
4019,287991,0.9641469397524502,1.0
4019,553288,0.9438087680409191,2.0
4019,332749,0.8105988883230264,3.0
4019,94423,0.19121877342728688,8.0
4019,561056,0.33930696662572973,4.0
4019,448699,0.22368670463207424,6.0
4019,377223,0.3374885999580816,5.0
4019,126134,0.04749420921176175,10.0
4019,1164,0.10376933462782006,9.0
4019,468879,0.209193151242318,7.0
7205,370569,0.8593369879554803,1.0
7205,159966,0.8379070462803466,2.0
7205,186453,0.3385801032100253,3.0
7205,100103,0.29858649871912385,5.0
7205,62151,0.2702051506927207,6.0
7205,565926,0.30418773886044387,4.0
7205,336541,0.09556111811636339,9.0
7205,442048,0.11361825202826073,7.0
7205,558370,0.020691011060390656,10.0
7205,12432,0.10675020994875557,8.0
6611,329425,0.8280766004006404,2.0
6611,293679,0.9948528285140068,1.0
6611,142631,0.40373988451604864,3.0
6611,39819,0.17377738637331908,7.0
6611,81304,0.3137851182201231,5.0
6611,198764,0.3627412495509328,4.0
6611,297290,0.18867872965181898,6.0
6611,17208,0.13265624682712462,8.0
6611,112208,0.08079172905054678,9.0
6611,345533,0.008158535273095164,10.0
7911,131996,1.0,1.0
7911,57711,0.8162406793274071,2.0
7911,553304,0.22733671525868554,5.0
7911,69197,0.2594411773844519,3.0
7911,386173,0.10350188366869018,8.0
7911,506617,0.23263522910126444,4.0
7911,597401,0.164343650361723,6.0
7911,543714,0.08251077488631653,9.0
7911,116647,0.0761164853807571,10.0
7911,385574,0.1229030130340387,7.0
7463,577951,1.0,1.0
7463,387277,0.7212863115735781,2.0
7463,176498,0.6377744868032351,3.0
7463,423403,0.5560398213335226,4.0
7463,565698,0.30110114038234126,5.0
7463,328086,0.10558790543149497,9.0
7463,350145,0.12082892536561643,8.0
7463,216384,0.20919295596098875,6.0
7463,188015,0.1998662607383584,7.0
7463,528034,0.050402792756006065,10.0
4999,9938,1.0,1.0
4999,305117,0.41648298202064177,3.0
4999,46211,0.4187288248863902,2.0
4999,350680,0.23953412393780957,4.0
4999,216327,0.13641313817120415,6.0
4999,411061,0.16519155766164612,5.0
4999,406185,0.13195035574401298,7.0
4999,13657,0.046287549160453044,10.0
4999,580920,0.06256928953523143,8.0
4999,222153,0.04644352096828537,9.0
7344,14368,1.0,1.0
7344,418150,0.6151682781885429,2.0
7344,327978,0.2853801722730571,4.0
7344,392851,0.29424864583789145,3.0
7344,301224,0.07189745574734659,9.0
7344,39247,0.16880868994176143,5.0
7344,527231,0.14338738800077377,6.0
7344,72652,0.10780274801133909,8.0
7344,58753,0.009344240221853288,10.0
7344,266319,0.13785220973949416,7.0
7705,377429,0.9284908425343761,1.0
7705,539263,0.7558618347316939,2.0
7705,480315,0.5549074959343753,3.0
7705,467575,0.3932703608754233,5.0
7705,172703,0.33613885457912573,6.0
7705,536120,0.43569735215782746,4.0
7705,87722,0.305195094283229,7.0
7705,345199,0.0670407276286059,10.0
7705,96926,0.25573824666998857,8.0
7705,387277,0.18056827739763318,9.0
1815,372909,0.9113979123123583,2.0
1815,446928,0.9652892237283732,1.0
1815,363591,0.8428972020098475,3.0
1815,432080,0.6789476941747845,4.0
1815,88124,0.5931994995127663,5.0
1815,457701,0.5600724611018371,6.0
1815,328341,0.4186851733638217,7.0
1815,528522,0.30725713864341897,9.0
1815,539133,0.3247144218870708,8.0
1815,459677,0.0,10.0
7467,193312,1.0,1.0
7467,371720,0.6523504514607851,2.0
7467,26203,0.4226088788946143,4.0
7467,457532,0.4675289162810925,3.0
7467,55999,0.326905637460738,5.0
7467,428017,0.24362063982499893,7.0
7467,435963,0.312754791009181,6.0
7467,431814,0.046272370494283926,10.0
7467,253024,0.12958527426756022,8.0
7467,99757,0.10750667530491974,9.0
8013,198349,0.8704940975938624,1.0
8013,383978,0.7177314948370347,2.0
8013,374151,0.6682160410983988,3.0
8013,244433,0.618289617270575,4.0
8013,251824,0.4806791717167764,6.0
8013,241101,0.4990308885192566,5.0
8013,398123,0.3411661003056521,7.0
8013,31793,0.03854046194274869,10.0
8013,498378,0.32971296023574204,8.0
8013,588247,0.07386168649760542,9.0
1415,66246,0.9443938318038461,1.0
1415,306144,0.8172818846007461,4.0
1415,393953,0.8552321429195617,2.0
1415,591940,0.6839154704129801,5.0
1415,387165,0.826939958523635,3.0
1415,583956,0.49784576967505023,6.0
1415,110515,0.1486936701150186,8.0
1415,318266,0.128722229224913,9.0
1415,183612,0.040723565988707675,10.0
1415,232063,0.1539887487441693,7.0
7758,480315,0.863754472523351,1.0
7758,574327,0.8612744650824479,2.0
7758,69696,0.4038795398872985,4.0
7758,112714,0.4875102556647449,3.0
7758,379311,0.16815237061351096,5.0
7758,122432,0.05776312313366819,10.0
7758,322826,0.09187454729594202,7.0
7758,112208,0.07493712615456495,9.0
7758,17923,0.09086703622136422,8.0
7758,172703,0.11881185303569108,6.0
1915,306144,0.9104522047223969,1.0
1915,182168,0.7736398354875084,2.0
1915,78176,0.3714636802789138,7.0
1915,393953,0.6222771633492049,3.0
1915,140038,0.4922936639823403,5.0
1915,583956,0.5245451185672276,4.0
1915,318266,0.48585081236733596,6.0
1915,66246,0.3252022508390544,8.0
1915,505580,0.007370366596244499,10.0
1915,591940,0.19010337572659852,9.0
4415,108859,0.7000000000000001,2.0
4415,32744,0.7355843560811832,1.0
4415,61792,0.5705108916649265,3.0
4415,370879,0.4838010339519044,5.0
4415,14926,0.5681076226385341,4.0
4415,244427,0.4350102696067156,7.0
4415,399751,0.35021468763045516,8.0
4415,147646,0.46058353101117,6.0
4415,309550,0.29019120099959034,9.0
4415,235522,0.17923141079518426,10.0
10482,201495,0.9233957793593445,2.0
10482,439757,0.9620221265631539,1.0
10482,387277,0.5681728705093593,3.0
10482,518379,0.511676920532816,4.0
10482,175821,0.24589470979122663,6.0
10482,142696,0.14681920717448133,9.0
10482,535317,0.2073590942906885,7.0
10482,364575,0.008016728329854237,10.0
10482,72402,0.17793300435399073,8.0
10482,34925,0.2994400079178127,5.0
2296,119298,0.9845742625429447,1.0
2296,279897,0.7195237981097335,2.0
2296,460357,0.43618842390539436,4.0
2296,396853,0.5062732124136997,3.0
2296,577201,0.3118419548852551,5.0
2296,410119,0.14699904380092987,9.0
2296,275410,0.09319386865970364,10.0
2296,120090,0.18432719435903758,7.0
2296,169688,0.161720442548117,8.0
2296,175982,0.256826581355233,6.0
6787,58290,0.8535939804203021,2.0
6787,456436,0.9607233765208545,1.0
6787,124230,0.7836973324438938,3.0
6787,457294,0.34717150686348525,5.0
6787,261189,0.4337251214428984,4.0
6787,220022,0.18002727579640349,9.0
6787,382381,0.2606351769102,8.0
6787,552707,0.27061786225766565,7.0
6787,309555,0.07048405017483426,10.0
6787,223070,0.29999999999999993,6.0
2857,117451,0.9550719659733284,1.0
2857,123659,0.5383571236270761,2.0
2857,590917,0.3464663349437576,6.0
2857,295864,0.5263045941514933,3.0
2857,19606,0.4410517860826088,5.0
2857,60175,0.4973466536098206,4.0
2857,348733,0.11854861649877785,9.0
2857,464502,0.14154794912100016,8.0
2857,581038,0.23744674519256834,7.0
2857,482335,0.01986110783166432,10.0
753,114418,0.9200693708251892,1.0
753,51729,0.7062446757068296,2.0
753,581509,0.49609332775638276,3.0
753,72046,0.20993863136872704,6.0
753,466718,0.45621926649016487,4.0
753,504255,0.22198331682773065,5.0
753,297290,0.10338658103604263,8.0
753,125355,0.11849057511682516,7.0
753,177648,0.08360182075806956,9.0
753,61792,0.0,10.0
2676,55666,1.0,1.0
2676,13975,0.684272263612755,2.0
2676,264408,0.5678135029491321,3.0
2676,44110,0.37893980111312175,5.0
2676,182168,0.49744442099358266,4.0
2676,313171,0.34396956331903306,6.0
2676,244749,0.12489400945082972,9.0
2676,218845,0.1778471579768262,8.0
2676,279897,0.1863242234939958,7.0
2676,196427,0.061797693887751026,10.0
7456,164008,0.8503462661329292,2.0
7456,494727,0.8729690732138154,1.0
7456,284235,0.6535363767802133,3.0
7456,169062,0.6042106434194078,4.0
7456,413041,0.3191589236832109,8.0
7456,316838,0.41138989882956706,6.0
7456,112714,0.5916175674742226,5.0
7456,69197,0.35573704491130076,7.0
7456,127452,0.19049635085122504,9.0
7456,394244,0.15575412921914697,10.0
2579,524471,0.943138182779522,1.0
2579,280838,0.7236697570775158,2.0
2579,229809,0.5106033270198408,3.0
2579,570155,0.3651232812357055,6.0
2579,263481,0.3974647675132053,5.0
2579,197052,0.4181661234342263,4.0
2579,55064,0.14843572132780108,7.0
2579,579473,0.10717700058485,8.0
2579,566480,0.01939849242080474,10.0
2579,410119,0.041803204679027144,9.0
687,506831,0.8830761036034392,1.0
687,342258,0.5739914592805887,2.0
687,449630,0.3692956145616491,5.0
687,214024,0.29661623307641466,6.0
687,478186,0.40246659497037307,3.0
687,579473,0.37125623271609326,4.0
687,406457,0.28469582363436174,7.0
687,508895,0.14748838814206885,8.0
687,494926,0.006301542526358702,10.0
687,16670,0.06651894898054359,9.0
2445,431685,1.0,1.0
2445,328341,0.4017750343323684,2.0
2445,352838,0.3580586447490324,3.0
2445,372909,0.3023217269799662,5.0
2445,366761,0.33013395368588383,4.0
2445,195081,0.08500319071769259,9.0
2445,88124,0.1771987444369908,6.0
2445,114418,0.14254630946523042,7.0
2445,360011,0.01666116776283287,10.0
2445,539133,0.1037371814012007,8.0
2885,17651,0.7471839742968095,1.0
2885,460398,0.46328456340811053,4.0
2885,429579,0.4714779064436418,3.0
2885,516444,0.3522620330329973,6.0
2885,102081,0.5984656805336394,2.0
2885,540539,0.28359096898520014,7.0
2885,118730,0.4000593252967316,5.0
2885,279865,0.26443361121930975,8.0
2885,101453,0.04696041524981325,10.0
2885,167356,0.144214193254599,9.0
5264,431814,0.9126423811119553,1.0
5264,42438,0.3117625013156158,3.0
5264,52579,0.5689352529250391,2.0
5264,505694,0.271691325606578,4.0
5264,114439,0.06519271915778224,8.0
5264,580920,0.2173157795461797,5.0
5264,481166,0.07625840508269724,7.0
5264,400841,0.02290465869219496,10.0
5264,371720,0.14415494877594429,6.0
5264,186453,0.02748095029568174,9.0
7633,494727,1.0,1.0
7633,284235,0.7668654278367073,2.0
7633,164008,0.5101939433602047,3.0
7633,175831,0.44426205547318726,5.0
7633,228983,0.45938820380128553,4.0
7633,413041,0.22278670383130317,7.0
7633,112714,0.18238500967938634,9.0
7633,127452,0.19009124779804054,8.0
7633,31465,0.13222237771831005,10.0
7633,394244,0.22647575072922235,6.0
9291,17208,0.9984176779677396,1.0
9291,480315,0.6774369276063488,2.0
9291,536120,0.6155992465262461,3.0
9291,377429,0.5681226000703934,4.0
9291,539263,0.32799396646163054,5.0
9291,423658,0.23260486598683966,7.0
9291,172703,0.28272126475958753,6.0
9291,345199,0.1424029429208352,8.0
9291,61022,0.08202957386068654,9.0
9291,328086,0.0,10.0
4640,331534,1.0,1.0
4640,367785,0.5398375401159925,2.0
4640,104788,0.42461235090043786,3.0
4640,183612,0.29045004946697994,5.0
4640,526110,0.207417385384696,7.0
4640,298099,0.3813185114141301,4.0
4640,454810,0.181481788237871,8.0
4640,153541,0.23132273236912515,6.0
4640,49797,0.10023881835023184,10.0
4640,468923,0.10042116370074838,9.0
939,366761,0.8812538014286542,1.0
939,466084,0.2871044838096188,4.0
939,31793,0.36258171076878654,3.0
939,392434,0.4338823855943186,2.0
939,55666,0.1670726684744697,6.0
939,19183,0.18270770490982308,5.0
939,565181,0.10121211853887399,8.0
939,467575,0.026434468003767583,10.0
939,115333,0.09631191889600492,9.0
939,250702,0.1392907046409467,7.0
1306,387022,0.8946737275357945,1.0
1306,266952,0.569256836334001,2.0
1306,594206,0.5150633655714804,3.0
1306,472243,0.4185484127028227,4.0
1306,447353,0.2193982464860553,5.0
1306,410119,0.20173834298628937,6.0
1306,460457,0.18292161947892607,7.0
1306,18003,0.09968535781385485,9.0
1306,372204,0.016659020952494597,10.0
1306,583203,0.11982855234221824,8.0
8475,104793,0.9491970732833164,1.0
8475,494655,0.9107037866849905,2.0
8475,240562,0.6917189269201982,3.0
8475,21311,0.39327123635998695,5.0
8475,437427,0.4366992668991413,4.0
8475,361028,0.13382258798964294,8.0
8475,51615,0.1451145673125807,7.0
8475,444107,0.3454407175333903,6.0
8475,72402,0.09202481565959685,10.0
8475,174335,0.13289958573012253,9.0
6807,332567,1.0,1.0
6807,402466,0.34495251863612403,2.0
6807,187583,0.21290465302084308,4.0
6807,459351,0.23631749061398316,3.0
6807,535697,0.18118836717257228,5.0
6807,59714,0.06727462875362149,10.0
6807,211622,0.0982218081611983,7.0
6807,11184,0.114910329502272,6.0
6807,565765,0.07675377227792043,8.0
6807,93971,0.07655571035004623,9.0
5228,259476,0.8587894597823726,2.0
5228,158732,0.8589931307264191,1.0
5228,131774,0.753422383890742,3.0
5228,331534,0.7359399705417987,4.0
5228,341947,0.6480773608160344,5.0
5228,366594,0.36257981105551584,6.0
5228,140038,0.3527019822047348,7.0
5228,156194,0.12577027651433362,9.0
5228,352120,0.328901023827065,8.0
5228,414534,0.0,10.0
2856,108739,0.8139446463362416,1.0
2856,296769,0.7428973298570456,2.0
2856,346042,0.7063249708926318,3.0
2856,219033,0.5499158559343318,4.0
2856,361028,0.5179979186088968,5.0
2856,23340,0.31568658818231476,8.0
2856,386173,0.15681188001423207,10.0
2856,231727,0.3163100088201172,7.0
2856,110848,0.3453161564903351,6.0
2856,213331,0.2014833996008327,9.0
3791,212222,1.0,1.0
3791,301570,0.12427799269640098,8.0
3791,521641,0.19115738271383137,3.0
3791,10790,0.1389220344037275,7.0
3791,197494,0.0909557421755686,10.0
3791,482415,0.17620237167055774,5.0
3791,572272,0.10357614520351824,9.0
3791,34925,0.14139388328607363,6.0
3791,440270,0.18809964625611186,4.0
3791,577201,0.20863214777552783,2.0
4514,1642,0.8773842716692868,2.0
4514,156211,0.9389862219278899,1.0
4514,426270,0.737903636682484,3.0
4514,317429,0.5670256306250528,4.0
4514,352485,0.5228273881070241,5.0
4514,197222,0.22487263825520018,6.0
4514,117451,0.11355487422643679,8.0
4514,565782,0.193717159021144,7.0
4514,514417,0.10719146153912773,9.0
4514,134722,0.0,10.0
6122,496166,1.0,1.0
6122,118280,0.2498756138942741,3.0
6122,117274,0.24477653879197214,4.0
6122,305509,0.2580973005474014,2.0
6122,42533,0.15661937018747113,6.0
6122,219504,0.1627950110192908,5.0
6122,283072,0.020860890041722105,10.0
6122,428829,0.14290413051933895,8.0
6122,39819,0.08931304459592893,9.0
6122,102081,0.14605535867916086,7.0
8832,108059,0.7000000000000001,2.0
8832,94689,0.9938676155181536,1.0
8832,597351,0.42475725915130685,3.0
8832,268289,0.3330388220659296,4.0
8832,170594,0.2830434622759283,5.0
8832,133093,0.2534223642755994,6.0
8832,259317,0.2129426556373564,7.0
8832,234103,0.08434473537213386,8.0
8832,195767,0.02137810727906445,9.0
8832,387141,0.01754495264498392,10.0
7145,301580,0.9629583523698544,1.0
7145,379311,0.8237362362912,2.0
7145,62966,0.3419118997998922,4.0
7145,297290,0.41737143949986577,3.0
7145,451855,0.14560950411171003,8.0
7145,471964,0.19466901753256508,6.0
7145,453542,0.10424507864687635,10.0
7145,387277,0.12777689626052974,9.0
7145,81458,0.29966116980617624,5.0
7145,172703,0.15115708766824798,7.0
7674,164008,0.7926121267688742,2.0
7674,249279,0.9134565741493946,1.0
7674,367641,0.3116173562763108,6.0
7674,89460,0.5351872714932637,4.0
7674,65120,0.5402035421241963,3.0
7674,494295,0.4089185011181322,5.0
7674,223206,0.22553296633438613,7.0
7674,452870,0.1460481066641284,8.0
7674,172443,0.029476150421839924,9.0
7674,2064,0.0049302669345918995,10.0
8202,115553,0.8515285317308265,2.0
8202,92267,0.9957000879355836,1.0
8202,251704,0.3176115600474685,6.0
8202,514500,0.32782400155423386,5.0
8202,60175,0.3684051326692232,4.0
8202,99857,0.4029559026562086,3.0
8202,186453,0.2597728491669679,7.0
8202,31465,0.10207246488365797,9.0
8202,59714,0.21672810054727876,8.0
8202,265213,0.0,10.0
3682,233497,0.7142689528570109,3.0
3682,329662,0.9891019550239001,1.0
3682,426223,0.6839226897086617,5.0
3682,537418,0.7111409048929799,4.0
3682,388613,0.47926256886288704,6.0
3682,336018,0.7189644867629308,2.0
3682,27401,0.4159146477658964,7.0
3682,281707,0.14359605272496848,9.0
3682,55022,0.10635915863331963,10.0
3682,330041,0.22375108750437928,8.0
3446,323498,1.0,1.0
3446,211839,0.8725732196590164,2.0
3446,31550,0.7378395910764962,3.0
3446,505027,0.5893876390737215,4.0
3446,367785,0.46515540185681664,5.0
3446,204176,0.4011601889863004,7.0
3446,366685,0.41021923406262967,6.0
3446,157702,0.2227268351755612,8.0
3446,241099,0.1283188747037775,10.0
3446,511386,0.1544575362949003,9.0
7592,40966,0.9325969124510942,1.0
7592,273947,0.6951760958779858,2.0
7592,593283,0.5133685959499242,3.0
7592,170141,0.27886253305087133,7.0
7592,208219,0.5096229231364285,4.0
7592,563025,0.48472051695050045,5.0
7592,73427,0.32741764303923626,6.0
7592,213370,0.26094304758813397,8.0
7592,15824,0.25672166822009984,9.0
7592,198349,0.012055490053313992,10.0
6715,13732,0.9884156712436669,1.0
6715,568526,0.7308989070921061,2.0
6715,275902,0.4028437533860688,3.0
6715,193312,0.3814775865393709,4.0
6715,518563,0.1902128390021586,8.0
6715,51729,0.2231021267868799,6.0
6715,457294,0.2261309911977878,5.0
6715,149306,0.20047379755850145,7.0
6715,526110,0.17749233321049274,9.0
6715,113619,0.15344440382581975,10.0
2264,534454,1.0,1.0
2264,556976,0.4172308782606855,3.0
2264,244104,0.4911481162004368,2.0
2264,350819,0.24379286270858944,5.0
2264,588247,0.22152129897106926,7.0
2264,488574,0.40311566375554275,4.0
2264,31793,0.22893600018663324,6.0
2264,352838,0.14389604829032188,9.0
2264,450808,0.16336680912840756,8.0
2264,498834,0.13370233881333146,10.0
6121,315275,0.8140593635919496,2.0
6121,289231,0.9121448029124237,1.0
6121,523158,0.3063407620538975,3.0
6121,184175,0.2882324278608889,4.0
6121,333184,0.17803844187691034,7.0
6121,524801,0.2759423184803669,5.0
6121,235545,0.21804059137898246,6.0
6121,570964,0.12265022442965612,9.0
6121,171339,0.07888779359649865,10.0
6121,344573,0.14951487257663093,8.0
3453,418626,1.0,1.0
3453,156211,0.7010392182386044,2.0
3453,1642,0.5266975815758501,3.0
3453,296516,0.1456334940265457,7.0
3453,233635,0.3851104861881432,4.0
3453,317429,0.16730457682414757,5.0
3453,352485,0.16355286936969754,6.0
3453,565782,0.14063171642872,8.0
3453,337764,0.08284244527035818,10.0
3453,209804,0.13640466081730004,9.0
6985,561884,0.7808414719658805,1.0
6985,149305,0.5085135668785823,3.0
6985,456436,0.6670389726475318,2.0
6985,78029,0.30487090277559925,4.0
6985,403755,0.28344911804087736,5.0
6985,538023,0.21577634374434876,6.0
6985,464533,0.11248609764013771,10.0
6985,196427,0.19383925590450762,7.0
6985,54584,0.17271693125598098,8.0
6985,587120,0.14610951462100244,9.0
2181,77245,0.9813101720720028,1.0
2181,234436,0.9471444377774177,2.0
2181,470289,0.8577814162831406,3.0
2181,136315,0.28269736490841046,4.0
2181,101604,0.2673662000229404,7.0
2181,288189,0.2813662167492895,5.0
2181,391988,0.2077566649647388,8.0
2181,56718,0.2696954365126064,6.0
2181,555732,0.17712507573894662,9.0
2181,499782,0.0,10.0
8532,40702,0.839187842605987,2.0
8532,416307,0.9898585071113941,1.0
8532,427726,0.7138298932631846,3.0
8532,543714,0.5507433854124202,5.0
8532,42438,0.6163930432418345,4.0
8532,344372,0.41905650818148754,6.0
8532,125355,0.3535278422560396,7.0
8532,483299,0.3077484137662774,8.0
8532,100103,0.15249811364886223,10.0
8532,6574,0.22211981321177895,9.0
4312,222639,0.9179324523640301,2.0
4312,282435,0.9213071682759721,1.0
4312,167950,0.8086535526780352,3.0
4312,324779,0.23252854754654034,6.0
4312,507284,0.4079523962354824,4.0
4312,116647,0.39006055094280745,5.0
4312,218759,0.13717129581829754,8.0
4312,535998,0.011553581473183836,10.0
4312,228341,0.14617687046657765,7.0
4312,535651,0.04934530196204012,9.0
9108,415976,0.7000000000000001,1.0
9108,123702,0.6928763176319609,2.0
9108,133468,0.3399421484238181,5.0
9108,258291,0.4794182018915863,3.0
9108,461592,0.30771613136181986,6.0
9108,579763,0.4300229275109203,4.0
9108,472051,0.2303615901855881,7.0
9108,298128,0.09508474891200616,10.0
9108,305579,0.15742278957986514,9.0
9108,22221,0.16905630723098702,8.0
8116,433032,1.0,1.0
8116,319793,0.6950266581470025,2.0
8116,236482,0.5917644368588275,3.0
8116,182297,0.30929382387925286,5.0
8116,533457,0.4275704407823727,4.0
8116,403186,0.1389631600906387,7.0
8116,433197,0.3052635572455652,6.0
8116,38711,0.13242320816215467,9.0
8116,374867,0.13801516038039383,8.0
8116,314478,0.05371375329830306,10.0
9403,243148,0.7000000000000001,1.0
9403,228403,0.39014085370446866,2.0
9403,175982,0.17866445701270872,7.0
9403,562793,0.24757207139403625,5.0
9403,81924,0.11849813011004379,8.0
9403,472516,0.08339388145385077,9.0
9403,513258,0.05318122330058072,10.0
9403,150650,0.31679981610529173,3.0
9403,269898,0.2930005448886648,4.0
9403,29790,0.19067242491152803,6.0
776,124027,1.0,1.0
776,597247,0.29227906718994856,3.0
776,597880,0.30434508632120155,2.0
776,592680,0.25964886679228477,5.0
776,10440,0.2650303912059594,4.0
776,276411,0.031496630820179165,10.0
776,496899,0.19151771785514737,6.0
776,418864,0.1710330824479894,7.0
776,454810,0.1335189416819574,9.0
776,136270,0.14865424325029833,8.0
6199,473322,0.997770894145318,1.0
6199,157553,0.8198366030811167,2.0
6199,332314,0.5391013288830266,4.0
6199,521641,0.5692653886406903,3.0
6199,433801,0.34215255833249036,5.0
6199,93231,0.206310629588397,9.0
6199,525827,0.26982158280003604,6.0
6199,409120,0.18785610741367254,10.0
6199,279845,0.23832093169032564,8.0
6199,366448,0.26741784947343156,7.0
1393,234436,0.9914171459313588,1.0
1393,220022,0.7318073729461065,2.0
1393,532932,0.6101757037738038,3.0
1393,394871,0.46338331452940323,6.0
1393,77245,0.5061895212784198,5.0
1393,352640,0.5118004293302507,4.0
1393,499782,0.1941469232070876,8.0
1393,326665,0.18398529495837407,9.0
1393,196920,0.20724150333463873,7.0
1393,555732,0.1597880634087559,10.0
9668,111768,0.9682830732915456,1.0
9668,75437,0.37680161910590637,4.0
9668,55022,0.2965111136117598,7.0
9668,6574,0.39934423708014366,3.0
9668,62151,0.32457876819877574,6.0
9668,594655,0.15151134056930032,8.0
9668,13260,0.4148801424490885,2.0
9668,79998,0.13883154279953508,9.0
9668,42438,0.37010161317681567,5.0
9668,416307,0.08162671935583117,10.0
9088,557219,0.9670252222774753,1.0
9088,224654,0.7468391843075223,2.0
9088,536120,0.5818538142984934,4.0
9088,226303,0.6256552464886287,3.0
9088,539263,0.2971178258517164,8.0
9088,511093,0.3280615110116982,6.0
9088,433809,0.21521827770600135,9.0
9088,472516,0.35989058550076636,5.0
9088,461051,0.2975729636518137,7.0
9088,344041,0.19779458964850574,10.0
3091,159936,0.9480288260466276,1.0
3091,187739,0.7968466148659048,2.0
3091,95778,0.6157833846975623,3.0
3091,416796,0.3353738444190878,4.0
3091,437538,0.31523644985980226,6.0
3091,254454,0.2326809636731192,8.0
3091,274870,0.3167243742232877,5.0
3091,426223,0.006050071662885371,10.0
3091,366448,0.2982333026482199,7.0
3091,216384,0.11544397382921633,9.0
1157,405777,1.0,1.0
1157,266952,0.27954168869146473,3.0
1157,251411,0.26954674417366936,4.0
1157,243503,0.35031555281963234,2.0
1157,452544,0.2140663820669148,5.0
1157,564618,0.08942899995637413,7.0
1157,295980,0.016571152116755736,10.0
1157,388455,0.12140342900871004,6.0
1157,350819,0.02038931230888874,9.0
1157,97348,0.06075278317093679,8.0
4335,318583,1.0,1.0
4335,322246,0.7293534653861695,2.0
4335,416225,0.3194979741448605,3.0
4335,109860,0.2026193114177091,4.0
4335,382381,0.12061030033620504,7.0
4335,110515,0.18317905816493446,6.0
4335,126134,0.1856016316159167,5.0
4335,190169,0.05793864837783482,10.0
4335,158185,0.10415274989270162,8.0
4335,274359,0.06219682120153621,9.0
8947,545759,0.7000000000000001,2.0
8947,61022,0.7178956627274808,1.0
8947,532657,0.6288834506201523,3.0
8947,461592,0.6235486870418219,4.0
8947,461084,0.38687754738239444,5.0
8947,127134,0.34168884739931427,6.0
8947,384564,0.2573436881964848,7.0
8947,388646,0.12483287026673992,9.0
8947,452870,0.20253041156148435,8.0
8947,214901,0.09788882300185014,10.0
6410,418150,1.0,1.0
6410,112208,0.5795943663713591,2.0
6410,273861,0.432123776480236,4.0
6410,172703,0.4699556708510857,3.0
6410,59994,0.3663313543500259,5.0
6410,528034,0.2623813093158987,6.0
6410,107092,0.11414265797406514,10.0
6410,100485,0.26068005860513144,7.0
6410,133093,0.17757936002675126,9.0
6410,87722,0.18125423386192874,8.0
5196,565745,1.0,1.0
5196,219033,0.7507446199687333,2.0
5196,213370,0.5540892750410027,3.0
5196,171339,0.46595244575373446,4.0
5196,356928,0.3573120903827408,5.0
5196,581889,0.2267203784931607,7.0
5196,273528,0.13984856813811947,8.0
5196,114829,0.0916640418473867,9.0
5196,555101,0.005154414736141495,10.0
5196,474050,0.23810617780040777,6.0
8789,87349,1.0,1.0
8789,41912,0.4742372247317616,2.0
8789,102436,0.2562870641045393,3.0
8789,58290,0.19879137526475404,5.0
8789,14870,0.2528403564165223,4.0
8789,328341,0.1789607700905203,6.0
8789,152014,0.09908714770617112,8.0
8789,296528,0.009821976211889209,10.0
8789,213526,0.118311601106034,7.0
8789,316838,0.059291279222376085,9.0
5808,251824,1.0,1.0
5808,51615,0.3740888393456418,3.0
5808,535697,0.5307796763183987,2.0
5808,43781,0.3469281790720824,4.0
5808,226053,0.24011128718115957,7.0
5808,226070,0.31485479640690434,5.0
5808,271243,0.2989289000642109,6.0
5808,88477,0.03619327539141703,10.0
5808,350145,0.03789539671305431,9.0
5808,72652,0.14386764877875638,8.0
9701,225682,1.0,1.0
9701,19711,0.27709386802054814,2.0
9701,494926,0.2463923320274727,4.0
9701,384230,0.1173744927103659,8.0
9701,457416,0.18085434501090014,5.0
9701,279865,0.26108948153064837,3.0
9701,473540,0.1804914536973032,6.0
9701,76054,0.0890273204502082,10.0
9701,533515,0.14259295191386345,7.0
9701,321969,0.11243594005087328,9.0
3179,56718,0.8917599247905986,2.0
3179,385073,0.9333572332021802,1.0
3179,150219,0.7970225328679299,3.0
3179,243503,0.2550544803446213,6.0
3179,442142,0.25914043369785006,5.0
3179,352838,0.2898371693130522,4.0
3179,124630,0.0404894881912399,9.0
3179,431685,0.15078676851031247,7.0
3179,597247,0.033056812044917464,10.0
3179,174335,0.09799459115833699,8.0
6896,196427,0.8859517808652313,1.0
6896,330041,0.7840062416078447,2.0
6896,244749,0.46754933651780295,4.0
6896,223070,0.5259951295280907,3.0
6896,403755,0.3108933440300661,6.0
6896,38711,0.2561200360838324,8.0
6896,149305,0.18314479428319091,9.0
6896,106501,0.26330528458944547,7.0
6896,587120,0.34384113422320256,5.0
6896,102443,0.18170546557548284,10.0
2513,25762,0.8464267340893884,1.0
2513,518624,0.5274935022930747,2.0
2513,588247,0.4529654157779717,4.0
2513,82344,0.5177304226406496,3.0
2513,97348,0.24271445654282914,5.0
2513,102443,0.1503931055436173,8.0
2513,405777,0.1931650409611852,6.0
2513,352838,0.18770603195482763,7.0
2513,147646,0.061197330888106104,9.0
2513,120090,0.0,10.0
8937,294295,0.8132945911126418,1.0
8937,13260,0.3004346145386749,6.0
8937,336541,0.3304340946780717,4.0
8937,320101,0.330125654715337,5.0
8937,416307,0.3321588917122221,3.0
8937,100103,0.2471164969370329,7.0
8937,363043,0.33538317747101687,2.0
8937,429378,0.026853660777366443,10.0
8937,88892,0.11883543174214069,9.0
8937,214003,0.14639175757088876,8.0
9643,112208,1.0,1.0
9643,100485,0.685304976352231,2.0
9643,480315,0.32784672878217624,3.0
9643,428082,0.15507580250947606,7.0
9643,467575,0.2012937840637921,6.0
9643,87722,0.20905956485985078,5.0
9643,581038,0.20942850301723748,4.0
9643,214542,0.12851794828791174,9.0
9643,539263,0.15204393484069803,8.0
9643,156816,0.10069425923152722,10.0
5653,588247,1.0,1.0
5653,483456,0.25313807673308764,2.0
5653,14543,0.15840505563176524,4.0
5653,87722,0.14212978139224186,5.0
5653,290930,0.1740041744758104,3.0
5653,461592,0.13020349125035852,6.0
5653,446984,0.060729264678089936,9.0
5653,583635,0.08755876824992012,8.0
5653,31377,0.08919449310893694,7.0
5653,66631,0.014182580225852472,10.0
2551,143100,1.0,1.0
2551,479276,0.5877647745236334,2.0
2551,202990,0.2950454655693143,3.0
2551,9938,0.1509656142560998,5.0
2551,394460,0.1914365855532681,4.0
2551,242124,0.13562738060181018,7.0
2551,523158,0.14684359046871834,6.0
2551,384642,0.07448040163481055,8.0
2551,572272,0.01799571626836379,9.0
2551,362805,0.0,10.0
1948,467509,1.0,1.0
1948,108739,0.6208806318097883,2.0
1948,356928,0.5270796490014055,3.0
1948,223206,0.2591203901369955,7.0
1948,219033,0.41874617219638766,4.0
1948,443795,0.34438399054808055,6.0
1948,362215,0.3889522218145173,5.0
1948,377571,0.2482706183131717,8.0
1948,399700,0.09470398545772246,10.0
1948,213331,0.14120954213048748,9.0
4920,228341,1.0,1.0
4920,82294,0.9242423189930423,2.0
4920,277217,0.5928885526567074,4.0
4920,306815,0.7606226734702359,3.0
4920,22221,0.12271322893497874,5.0
4920,371720,0.10018929153926855,6.0
4920,415340,0.04510219363884564,8.0
4920,323363,0.037400941261458806,9.0
4920,283202,0.020508548823327186,10.0
4920,115517,0.08581419090756712,7.0
2589,450577,1.0,1.0
2589,43961,0.8055812157290594,2.0
2589,468144,0.4894464671118614,3.0
2589,437969,0.20002933906723636,5.0
2589,581889,0.2260428067646082,4.0
2589,509650,0.142963750947241,6.0
2589,75252,0.1401541051647459,7.0
2589,307610,0.09023048487887726,9.0
2589,557877,0.11290945295561784,8.0
2589,527698,0.0,10.0
7513,112208,0.9689243000733614,1.0
7513,172703,0.8633771107019146,2.0
7513,328086,0.6411170439938462,4.0
7513,115372,0.6437277687567828,3.0
7513,273861,0.5350240552741742,5.0
7513,87722,0.27897656485907274,9.0
7513,377429,0.31214206696133573,7.0
7513,387277,0.2869903302416101,8.0
7513,62966,0.32674167311500657,6.0
7513,418150,0.08791785612940324,10.0
5410,13975,1.0,1.0
5410,371720,0.4815765041611292,3.0
5410,494323,0.6405293375430525,2.0
5410,249844,0.40845946905498204,4.0
5410,488258,0.39106238240729624,5.0
5410,75235,0.20075148245628927,8.0
5410,488732,0.2372068159271513,7.0
5410,457532,0.15628283103914153,9.0
5410,108739,0.24321293405181674,6.0
5410,193312,0.06951465641983859,10.0
2334,228403,1.0,1.0
2334,107092,0.2875512798238895,5.0
2334,150650,0.4122429565564478,2.0
2334,93936,0.29592723307840896,4.0
2334,2304,0.3565300249458899,3.0
2334,208219,0.2543690139751852,6.0
2334,274870,0.05929019046452034,9.0
2334,156194,0.014029346453782062,10.0
2334,204917,0.16740871841238283,7.0
2334,385506,0.09079561565330473,8.0
1783,445298,1.0,1.0
1783,306800,0.7518405523810858,2.0
1783,309555,0.6153668768095706,4.0
1783,167660,0.672926831369105,3.0
1783,272425,0.5020156756957292,5.0
1783,43497,0.20973605244618004,7.0
1783,57320,0.3101518983374386,6.0
1783,384631,0.12656056681948205,9.0
1783,179066,0.19206734194694736,8.0
1783,102237,0.01582438863571177,10.0
4641,494753,0.8411462998335546,1.0
4641,213673,0.6456462051420343,2.0
4641,237580,0.6189316751522117,4.0
4641,44594,0.6243167634909828,3.0
4641,211867,0.213986987211909,7.0
4641,406219,0.3863364937385938,5.0
4641,409120,0.22919590637372006,6.0
4641,461592,0.1933537615503247,8.0
4641,450228,0.11800138404207076,10.0
4641,192811,0.14405541770546512,9.0
1469,444589,1.0,1.0
1469,243503,0.39885941040311335,3.0
1469,426570,0.43058711477825096,2.0
1469,469776,0.1480291901048364,7.0
1469,18003,0.20366816409970745,5.0
1469,421371,0.22173265276067722,4.0
1469,335336,0.0790521875560545,9.0
1469,484649,0.1449784761412411,8.0
1469,56320,0.1606919263640138,6.0
1469,451737,0.0018249389025358467,10.0
10267,569632,1.0,1.0
10267,487348,0.4678636578688859,3.0
10267,22036,0.4700460981852945,2.0
10267,522713,0.33449555181114643,5.0
10267,457108,0.4655304327254377,4.0
10267,379667,0.16762585164039168,7.0
10267,330379,0.1621124261258578,8.0
10267,108859,0.1698231077455029,6.0
10267,186578,0.10227061837142054,10.0
10267,17652,0.12567517900789096,9.0
3771,59994,0.9963759483991714,1.0
3771,95966,0.346923352634129,3.0
3771,13346,0.47207133546807,2.0
3771,40062,0.2682430037790123,4.0
3771,95762,0.06404356850039947,9.0
3771,97764,0.169209961857976,5.0
3771,478890,0.08732119328520763,8.0
3771,515072,0.15641584090086286,6.0
3771,303025,0.0909969490565825,7.0
3771,346450,0.03533967164779161,10.0
10497,147765,1.0,1.0
10497,159880,0.9352640010440154,2.0
10497,445230,0.7055202788430901,3.0
10497,535705,0.24661757331976514,7.0
10497,575729,0.37797195986156346,5.0
10497,71898,0.4589282230153618,4.0
10497,569461,0.16751969412342704,8.0
10497,31483,0.3534384502983868,6.0
10497,456436,0.0498441492095749,10.0
10497,160301,0.12341929881761853,9.0
2472,337165,0.7175181932109285,2.0
2472,584273,0.7418197467849442,1.0
2472,138151,0.39167661023190137,4.0
2472,534099,0.46542573830358824,3.0
2472,416796,0.2614381590384386,7.0
2472,366597,0.3828590558693717,5.0
2472,216384,0.1027564290884874,10.0
2472,187739,0.1544038024895164,8.0
2472,169921,0.13753403175119114,9.0
2472,518563,0.29999999999999993,6.0
503,171761,0.9834315147969013,1.0
503,257656,0.32966756665172214,3.0
503,405374,0.5407671372890743,2.0
503,433032,0.24411499431023798,5.0
503,343489,0.06420919482821442,9.0
503,531990,0.13490185429922083,6.0
503,156816,0.2642914384836579,4.0
503,100485,0.017064104046260697,10.0
503,69965,0.10119018705222904,8.0
503,350680,0.12203435784525599,7.0
6832,552346,0.9423527364453654,1.0
6832,573874,0.5531990313933087,2.0
6832,244749,0.21503537935112532,5.0
6832,377853,0.44526473143162887,3.0
6832,116694,0.06043215397527152,9.0
6832,108040,0.13877448497649905,6.0
6832,349554,0.30312535141151903,4.0
6832,459351,0.11693846086060178,7.0
6832,42533,0.01462990699541207,10.0
6832,239214,0.11170930764660948,8.0
864,24890,0.9249451533487758,1.0
864,30142,0.9062432168875724,2.0
864,450808,0.5423981901778848,4.0
864,472924,0.8073763800440984,3.0
864,566337,0.49762530506164737,5.0
864,291726,0.31061365782773903,6.0
864,479625,0.27163536881445133,7.0
864,175339,0.17685054517348422,8.0
864,231947,0.10075339608152889,10.0
864,244104,0.16439311392277725,9.0
2580,11988,0.9265232574594764,1.0
2580,344118,0.7490306087231549,2.0
2580,371720,0.44084570597651734,3.0
2580,87722,0.16118697010749192,5.0
2580,360481,0.10917266169559839,10.0
2580,75764,0.11345369771996404,9.0
2580,585447,0.2239105183833196,4.0
2580,114439,0.14563759219650507,7.0
2580,272738,0.11963819822319093,8.0
2580,503934,0.14861535784431493,6.0
6625,416307,0.8298149077145847,1.0
6625,88892,0.8045255307069115,2.0
6625,336541,0.507558119906889,3.0
6625,27401,0.46578523359032575,4.0
6625,320101,0.41201828748005215,5.0
6625,557356,0.25090374179058084,6.0
6625,138703,0.15830363650445953,8.0
6625,13260,0.21065540513517522,7.0
6625,595133,0.019189320808798725,10.0
6625,75437,0.0892683845380949,9.0
2685,308837,0.7220561273773864,1.0
2685,539133,0.2489418088389887,3.0
2685,302792,0.19824727140500825,5.0
2685,243499,0.17083352296260843,6.0
2685,575497,0.21190600137021803,4.0
2685,158845,0.1303859210988402,8.0
2685,284075,0.1628450750148785,7.0
2685,382005,0.38530262498107676,2.0
2685,136825,0.052045613781672266,10.0
2685,395357,0.05392389070863364,9.0
68,123634,0.8808866817912141,1.0
68,296098,0.7998618304192924,3.0
68,528564,0.8559261992706293,2.0
68,197839,0.37230908054027206,5.0
68,532932,0.45928608687029004,4.0
68,352640,0.2391176262783824,8.0
68,327002,0.353405110274061,6.0
68,55666,0.19240015532931762,9.0
68,232199,0.2905916157927722,7.0
68,259766,0.07382410272620207,10.0
813,548705,0.9776481120664635,1.0
813,284411,0.8457711620081797,2.0
813,196427,0.710977794289074,3.0
813,2809,0.3885768737314857,4.0
813,127974,0.20805226327124765,6.0
813,171596,0.2501349565751306,5.0
813,318583,0.12275418709692981,8.0
813,459677,0.19497012311334574,7.0
813,418630,0.12199912781242828,9.0
813,123468,0.0,10.0
7345,69790,0.7643918489422195,1.0
7345,254288,0.5418974462837935,4.0
7345,67063,0.5750039756701647,3.0
7345,98130,0.5926565933704222,2.0
7345,416727,0.3942346785588271,6.0
7345,417840,0.23093077375085472,8.0
7345,108,0.40895622620595207,5.0
7345,90447,0.3245609550777655,7.0
7345,348405,0.10391103753496683,9.0
7345,504996,0.0,10.0
8970,96121,1.0,1.0
8970,108040,0.8219541511070807,2.0
8970,187583,0.6142831201160484,3.0
8970,496899,0.5210700952007443,5.0
8970,537857,0.5454060532246798,4.0
8970,314478,0.15960618437156396,8.0
8970,167356,0.15978855215703053,7.0
8970,11988,0.19992927670955662,6.0
8970,128574,0.05279522666831514,9.0
8970,514500,0.010641327121975483,10.0
7105,72652,1.0,1.0
7105,307380,0.6808381640307053,2.0
7105,220060,0.40471250861095287,3.0
7105,455891,0.33815834400072675,4.0
7105,490294,0.26827354769810996,6.0
7105,314919,0.3094361158091119,5.0
7105,324037,0.17981565879592912,7.0
7105,228341,0.15961601648412088,8.0
7105,479384,0.09493009889216626,9.0
7105,366488,0.0,10.0
1310,535651,0.9382084557496568,1.0
1310,471870,0.3523539620368021,2.0
1310,565698,0.2745813877732685,4.0
1310,344648,0.13728435255948732,6.0
1310,55022,0.24748715166022944,5.0
1310,346622,0.12501618793690078,8.0
1310,24567,0.31978254025869124,3.0
1310,489401,0.13078686919888338,7.0
1310,297831,0.0557840401243931,10.0
1310,44492,0.11124311782026328,9.0
9060,12432,0.7925176123966197,2.0
9060,511093,0.8891499466945327,1.0
9060,108,0.40842027402740394,3.0
9060,13260,0.40536575102570466,4.0
9060,511515,0.22240033674775464,8.0
9060,304304,0.22702707120043678,7.0
9060,37517,0.2732853360377109,6.0
9060,75437,0.2761206467056911,5.0
9060,43087,0.1636260933097354,9.0
9060,111768,0.06575449072428849,10.0
2549,418150,0.8924001040041127,1.0
2549,327978,0.6422917152044842,2.0
2549,14368,0.4778652909035965,3.0
2549,307380,0.3251176522946335,4.0
2549,301224,0.21221550526906247,6.0
2549,59714,0.19631186261039651,7.0
2549,44601,0.26061519228976743,5.0
2549,265874,0.172935718355118,8.0
2549,17923,0.12135220079499279,9.0
2549,350145,0.0,10.0
559,401254,0.8034188695076524,1.0
559,213370,0.3927379324266325,4.0
559,151639,0.5523498382355726,2.0
559,198349,0.3975722576723428,3.0
559,485195,0.1020583399138211,8.0
559,494689,0.17399719928920546,7.0
559,21194,0.06370610472822824,9.0
559,281977,0.22518491609054944,6.0
559,61706,0.031042826586224627,10.0
559,75252,0.29999999999999993,5.0
7218,266900,0.9373665147489016,1.0
7218,32290,0.8280424782038003,2.0
7218,117576,0.28410091137555415,3.0
7218,537418,0.2783997393778665,4.0
7218,482517,0.12786873450044353,8.0
7218,125659,0.24608885789075,5.0
7218,40447,0.09035080800369423,9.0
7218,6701,0.07324918236278337,10.0
7218,158520,0.1383056106469202,7.0
7218,314478,0.21650012294531729,6.0
2400,158523,0.7000000000000001,2.0
2400,456470,0.8716500449762389,1.0
2400,29306,0.6672133635406265,3.0
2400,22469,0.4161917731737717,5.0
2400,3118,0.540175930639375,4.0
2400,226967,0.3203953659983979,7.0
2400,571258,0.2359171598338346,8.0
2400,1198,0.3528760780266266,6.0
2400,307424,0.06918902001212154,10.0
2400,535697,0.07381014805511378,9.0
2348,447619,1.0,1.0
2348,112591,0.5604379585857081,3.0
2348,306430,0.6487985353067042,2.0
2348,244433,0.37726130551059767,5.0
2348,268261,0.47477861324130854,4.0
2348,265874,0.3343048381072725,6.0
2348,403025,0.11615584568551592,7.0
2348,117576,0.1086190983096818,8.0
2348,14870,0.0980525673573655,9.0
2348,12432,0.0,10.0
3615,335991,1.0,1.0
3615,518379,0.8580138342300581,2.0
3615,72402,0.42478106276641947,3.0
3615,72160,0.3960651422588083,4.0
3615,156358,0.19625648763955886,7.0
3615,482544,0.19997352940481994,6.0
3615,174335,0.17613503256410615,8.0
3615,341493,0.20421487087966203,5.0
3615,17166,0.10737247344274586,9.0
3615,489401,0.0,10.0
8102,314478,0.874781988341597,1.0
8102,149305,0.43200398631810916,3.0
8102,416307,0.3755913170896763,5.0
8102,99857,0.4160518786870606,4.0
8102,552707,0.49845846269267174,2.0
8102,223309,0.19613434510327998,7.0
8102,481166,0.23241286590138718,6.0
8102,320101,0.13065040516647006,9.0
8102,344372,0.1505176623349166,8.0
8102,408123,0.12589700860352535,10.0
5155,462892,1.0,1.0
5155,367785,0.2700988559264756,3.0
5155,69495,0.34146164549888613,2.0
5155,280805,0.23142831213691034,4.0
5155,175265,0.084564223719389,8.0
5155,305671,0.1034484925054328,6.0
5155,191495,0.09169702608388408,7.0
5155,537725,0.06879850894039065,9.0
5155,157702,0.16960131147224353,5.0
5155,409573,0.011244542038620211,10.0
2460,530037,0.9850413919426348,1.0
2460,584337,0.8962465749769268,2.0
2460,279346,0.7026783325951741,3.0
2460,549180,0.5067623709119091,4.0
2460,196427,0.14933039376011975,7.0
2460,502281,0.18640070086398525,6.0
2460,512803,0.317870677091519,5.0
2460,505028,0.08151634245466405,9.0
2460,295980,0.02743023010581234,10.0
2460,38711,0.10758304338441363,8.0
2399,343489,1.0,1.0
2399,583124,0.3719770197510927,2.0
2399,468743,0.30903608274402744,3.0
2399,29790,0.17969474619645306,6.0
2399,19606,0.19549436515281765,5.0
2399,521712,0.2170164627283512,4.0
2399,510314,0.051492046009262174,8.0
2399,476834,0.04322895722846745,9.0
2399,457419,0.06005023075710213,7.0
2399,442489,0.0,10.0
4071,170594,0.8425021408986484,2.0
4071,328556,0.8644960645461679,1.0
4071,337764,0.4865567489787224,6.0
4071,296516,0.6073883471195283,3.0
4071,135113,0.5975344388609574,4.0
4071,565782,0.47881768192912993,7.0
4071,352485,0.5055696861683372,5.0
4071,368150,0.16325977922848586,9.0
4071,317429,0.3020041036876303,8.0
4071,543589,0.10563589399711863,10.0
18,431685,0.8609594409262862,1.0
18,88124,0.5497512711302692,2.0
18,161162,0.1753156824689728,5.0
18,528564,0.14422105524121864,6.0
18,227098,0.18912483099857075,4.0
18,172594,0.10750426129658239,7.0
18,152218,0.058731868142163995,9.0
18,349554,0.032728486680183015,10.0
18,366761,0.26090809586562397,3.0
18,143622,0.1024375866054917,8.0
2306,581889,1.0,1.0
2306,509650,0.35432152430574526,3.0
2306,494689,0.3382568780459776,4.0
2306,75252,0.3667739919624018,2.0
2306,368806,0.2302976844687767,5.0
2306,246459,0.21652346948979964,6.0
2306,485195,0.20503195949110886,7.0
2306,401254,0.10506475123802733,9.0
2306,399013,0.0003211398395218798,10.0
2306,160125,0.11827320605253552,8.0
3051,232063,0.9479862799115436,1.0
3051,591940,0.7293542812014191,2.0
3051,306144,0.41951176234815196,3.0
3051,318266,0.21841283094983652,5.0
3051,583956,0.26207197098141977,4.0
3051,73434,0.07281860850879245,10.0
3051,66246,0.20928258053946083,6.0
3051,110515,0.09386208677574323,9.0
3051,393953,0.14379939403135295,7.0
3051,387165,0.12277581537043014,8.0
2395,594182,1.0,1.0
2395,149306,0.7262358087353898,2.0
2395,568526,0.43906101855773816,3.0
2395,308837,0.27990866856943264,5.0
2395,13732,0.33998187735935603,4.0
2395,307999,0.1441796373368267,7.0
2395,387010,0.16299107640811528,6.0
2395,414192,0.0006269744244160295,10.0
2395,13153,0.09193744631894016,8.0
2395,204176,0.08547911124519579,9.0
5134,17208,0.8629008073493019,1.0
5134,579557,0.7395745187639391,2.0
5134,536120,0.6214627214264601,3.0
5134,100485,0.5260517446716226,5.0
5134,172703,0.4703014448560704,6.0
5134,206727,0.5428737444457188,4.0
5134,122012,0.2553571765809751,8.0
5134,453542,0.266071660260274,7.0
5134,328086,0.04032572102621299,9.0
5134,539263,0.013975084656135554,10.0
5343,204075,1.0,1.0
5343,296528,0.607593339313313,5.0
5343,366597,0.6751245473765495,3.0
5343,581889,0.6593111919371961,4.0
5343,184175,0.7251065363336096,2.0
5343,367641,0.5589928221890966,6.0
5343,157553,0.2698898459754783,7.0
5343,405702,0.1882792434599325,8.0
5343,548433,0.13030649977190267,9.0
5343,17443,0.07914281833865398,10.0
5254,471723,0.7628916787274835,1.0
5254,59714,0.42431723795260046,3.0
5254,402466,0.636765842800816,2.0
5254,383978,0.2791232912579747,4.0
5254,78675,0.22991113249828854,6.0
5254,14368,0.23659428714711023,5.0
5254,467390,0.0704185719441035,9.0
5254,327978,0.15381085040638526,7.0
5254,44601,0.12745169705025017,8.0
5254,297290,0.00960593708103881,10.0
3049,582864,1.0,1.0
3049,352640,0.779264097247902,3.0
3049,77245,0.8093859945409982,2.0
3049,536849,0.2556206894290795,4.0
3049,220022,0.16986540664888555,6.0
3049,127974,0.22047041183632402,5.0
3049,132780,0.12188928082960115,8.0
3049,445052,0.09191657502365509,9.0
3049,263361,0.011249374690805487,10.0
3049,555732,0.1480063749735824,7.0
7509,61191,0.7000000000000001,1.0
7509,423034,0.2824167508023494,5.0
7509,472051,0.3201268910349748,4.0
7509,298128,0.24785702110957195,7.0
7509,461592,0.24495540467647353,8.0
7509,22221,0.33121163882341176,2.0
7509,480944,0.1312650197149042,9.0
7509,301580,0.11926346845030952,10.0
7509,323363,0.32722065961196667,3.0
7509,392826,0.25191793313217203,6.0
5067,328341,0.9676213658224733,1.0
5067,366830,0.8427322424492487,2.0
5067,547301,0.8373863028196329,3.0
5067,539133,0.7340605945618394,4.0
5067,231227,0.4877379425478547,5.0
5067,88124,0.38686672714157844,7.0
5067,172594,0.4702765617617188,6.0
5067,460357,0.19549032701195027,9.0
5067,18001,0.30461608364008996,8.0
5067,574327,0.0,10.0
8456,257853,1.0,1.0
8456,115141,0.5828813786144978,2.0
8456,125659,0.3919509565931327,7.0
8456,486696,0.5379516022829754,4.0
8456,81924,0.45747984082551546,5.0
8456,159703,0.5522715741648762,3.0
8456,193398,0.45475675937862814,6.0
8456,431507,0.06325475423954235,8.0
8456,290156,0.010097036868625576,9.0
8456,367137,0.0,10.0
10734,62882,0.9909035360462068,1.0
10734,426278,0.8145889254570128,2.0
10734,461261,0.28743644111479033,4.0
10734,207354,0.2564262728898715,5.0
10734,467044,0.19347528326173766,7.0
10734,589970,0.4374277238708861,3.0
10734,549759,0.07462931210710366,8.0
10734,55064,0.025025786684270898,10.0
10734,58937,0.22891051188864237,6.0
10734,551934,0.033711283444660074,9.0
5178,507544,0.9529229278461907,1.0
5178,257016,0.727111920150443,2.0
5178,572272,0.46371565884970456,3.0
5178,9656,0.3340263974759037,4.0
5178,76414,0.31915691409186986,5.0
5178,60355,0.08902659459730998,9.0
5178,437538,0.246991513713777,6.0
5178,268553,0.1862138772329286,7.0
5178,579235,0.003997394861520938,10.0
5178,216384,0.12427300971512172,8.0
9174,303025,0.8681367422217727,1.0
9174,404339,0.7010022141204265,2.0
9174,149306,0.4604193533372392,3.0
9174,313437,0.22838870654881674,7.0
9174,272008,0.37872229298463855,4.0
9174,374750,0.3408054147232401,5.0
9174,21194,0.1230644927852469,9.0
9174,265098,0.24108134623594063,6.0
9174,479625,0.028046898326530616,10.0
9174,434812,0.19087265374334184,8.0
988,501384,1.0,1.0
988,280967,0.5613147410795885,2.0
988,301224,0.45462677355185516,3.0
988,187196,0.2078315579954265,8.0
988,45029,0.2600573054792784,5.0
988,287991,0.2424556706514062,7.0
988,236899,0.11833370210805282,9.0
988,201495,0.25286194802564566,6.0
988,345199,0.2631455782688563,4.0
988,455398,0.042406545806822495,10.0
2154,476632,1.0,1.0
2154,132371,0.7250405429275405,2.0
2154,153541,0.7238920409887785,3.0
2154,366761,0.3328763001264,4.0
2154,62966,0.08280473702514302,10.0
2154,24890,0.29244576336255995,5.0
2154,147080,0.15257664153888092,7.0
2154,450808,0.19745521417174153,6.0
2154,150219,0.11812006740943069,9.0
2154,148757,0.13394696907278025,8.0
9646,272784,0.9441097463388664,1.0
9646,236482,0.6945203682823997,2.0
9646,29306,0.6518680472962233,4.0
9646,556191,0.6937776267155242,3.0
9646,395437,0.1941795244024333,6.0
9646,96121,0.12482080222169971,7.0
9646,26203,0.23708471931488967,5.0
9646,257853,0.12338864635091665,8.0
9646,323768,0.01595507036036209,10.0
9646,535697,0.057687349849119864,9.0
3033,571430,1.0,1.0
3033,518624,0.7351090700994489,2.0
3033,318583,0.4342405554090369,3.0
3033,123468,0.39776729130830735,4.0
3033,295980,0.23246805840936638,6.0
3033,481102,0.3038605472191966,5.0
3033,398622,0.1483866592325755,8.0
3033,570453,0.12729162227314916,9.0
3033,387010,0.20466583369324312,7.0
3033,62966,0.0,10.0
15,583956,0.7791029745192358,1.0
15,119213,0.5711900459722411,4.0
15,170294,0.6245179611285642,3.0
15,325273,0.6549866333149361,2.0
15,570155,0.3673486510660519,5.0
15,509723,0.3023876234579898,6.0
15,18509,0.2701690141484292,7.0
15,298159,0.08610014827446366,10.0
15,338313,0.0992701251844908,8.0
15,387165,0.0987333790756647,9.0
6612,274870,0.8629180233949061,2.0
6612,254454,0.9036575386635449,1.0
6612,216384,0.7129996638296604,3.0
6612,187739,0.6117597848064286,4.0
6612,366448,0.41975959869416146,5.0
6612,95778,0.24529799335021635,7.0
6612,205522,0.2206481753438802,8.0
6612,416796,0.2472396759808818,6.0
6612,159936,0.20442366118207037,9.0
6612,108302,0.0,10.0
5940,304743,0.9533657057902931,1.0
5940,326665,0.6847092074360304,2.0
5940,226303,0.346480414062673,4.0
5940,438243,0.564463676601568,3.0
5940,428082,0.3302291557796589,5.0
5940,433490,0.31616224504390755,7.0
5940,167684,0.32150785677508303,6.0
5940,16670,0.13156892003696946,9.0
5940,150650,0.11920259622882601,10.0
5940,546313,0.29491945319476215,8.0
9385,403755,1.0,1.0
9385,442127,0.6986502844812603,2.0
9385,1198,0.44086887868900776,3.0
9385,379667,0.37585013723080263,4.0
9385,341579,0.35857187248501543,5.0
9385,70853,0.22159359442723742,6.0
9385,57138,0.18098284950336005,7.0
9385,407654,0.08405254226155323,9.0
9385,208070,0.08441052694168291,8.0
9385,62151,0.028836073917787912,10.0
9332,159577,0.9006698732047314,1.0
9332,293687,0.6536343466475826,2.0
9332,271243,0.620604859814506,3.0
9332,212770,0.29834382975886115,6.0
9332,178521,0.4921191067370434,4.0
9332,286074,0.18962273013624525,7.0
9332,271766,0.3538296300021178,5.0
9332,123418,0.1379971548209804,8.0
9332,236389,0.02002040859403381,10.0
9332,444107,0.07511853614335581,9.0
8275,435963,0.9480779262921358,1.0
8275,26203,0.4742546138735826,3.0
8275,514500,0.29813137017908725,6.0
8275,294867,0.5649462089619723,2.0
8275,571306,0.42569111228643286,4.0
8275,114439,0.3304849233525937,5.0
8275,576564,0.2362214756292046,8.0
8275,99757,0.2126250282747244,9.0
8275,44601,0.10221745481442672,10.0
8275,554568,0.2708301459283616,7.0
4785,435021,0.7169592589973723,2.0
4785,37517,0.9615658079701306,1.0
4785,326991,0.2226540207758247,3.0
4785,85522,0.09518614884218876,8.0
4785,34789,0.12197544477819314,6.0
4785,564841,0.13830920164314692,5.0
4785,162456,0.20376069376974348,4.0
4785,69696,0.03503767761214434,10.0
4785,140170,0.0638432417443548,9.0
4785,385574,0.10750665951448003,7.0
4465,569461,0.9219272501353564,1.0
4465,561377,0.7256230157370915,3.0
4465,299242,0.8298238363616471,2.0
4465,349710,0.5092455147425767,5.0
4465,344041,0.5782213921340079,4.0
4465,109860,0.4266538169953925,6.0
4465,226303,0.36345188873417233,7.0
4465,170294,0.15220502496315477,10.0
4465,213591,0.2573391184866578,8.0
4465,461051,0.247396708681024,9.0
7279,476834,1.0,1.0
7279,214542,0.5515596480507259,2.0
7279,412502,0.462009392271985,4.0
7279,50744,0.4809658804248437,3.0
7279,27081,0.3324178290652581,5.0
7279,322456,0.26599734754810095,6.0
7279,442489,0.08480925270553144,8.0
7279,19606,0.0903555647303775,7.0
7279,343489,0.0007062034720189343,10.0
7279,29790,0.005133479906132328,9.0
7431,281707,0.9492023304523771,1.0
7431,372921,0.8575697954575017,2.0
7431,292991,0.45523000271998637,4.0
7431,501384,0.39294976257628866,5.0
7431,423403,0.49738768810008915,3.0
7431,44594,0.18477159142828628,7.0
7431,305287,0.21596501612888572,6.0
7431,114768,0.1585018704304006,8.0
7431,178303,0.06004048345838012,10.0
7431,257248,0.11525638647329178,9.0
2118,76515,0.8000296878141806,1.0
2118,338313,0.6215109701026873,3.0
2118,384322,0.6343438781709354,2.0
2118,467509,0.35113372321633374,6.0
2118,411061,0.5538853068613885,4.0
2118,191977,0.38352299565359105,5.0
2118,328556,0.167462115893376,7.0
2118,528661,0.08195319982702542,8.0
2118,361028,0.02999769011182303,10.0
2118,373271,0.03512251230886534,9.0
5380,549254,1.0,1.0
5380,216196,0.5638615458955161,2.0
5380,46099,0.15880215543123896,6.0
5380,360481,0.2244333441224678,3.0
5380,175771,0.0869000132832186,7.0
5380,242524,0.2169282658770864,4.0
5380,507284,0.16004946046258678,5.0
5380,416307,0.06763077994704084,8.0
5380,345895,0.06565007671896092,9.0
5380,336772,0.06300976000899072,10.0
3404,62966,0.7227918385927729,1.0
3404,322246,0.5146444037433642,2.0
3404,583635,0.4595846026299307,3.0
3404,272425,0.4516958210811902,4.0
3404,153541,0.36296388742653535,6.0
3404,251411,0.2355251120875065,7.0
3404,488574,0.43451013462391896,5.0
3404,241136,0.0691706560043805,10.0
3404,442110,0.22831851110689744,8.0
3404,298128,0.1629013641501648,9.0
6420,565568,1.0,1.0
6420,480315,0.6319295161082833,2.0
6420,294295,0.5814052673812373,3.0
6420,394244,0.396589368593553,4.0
6420,69696,0.24525290393938123,6.0
6420,122432,0.20938720066417615,8.0
6420,269898,0.2573266841607515,5.0
6420,279897,0.19010675283152254,9.0
6420,442048,0.22080229572155974,7.0
6420,112714,0.18146254286018212,10.0
9961,21311,1.0,1.0
9961,72402,0.5298703762965837,2.0
9961,335991,0.4393111126893837,3.0
9961,518379,0.41736327203584256,4.0
9961,174335,0.2564877523087752,6.0
9961,341493,0.29989182905019446,5.0
9961,17166,0.1391746508095989,8.0
9961,528522,0.23524056085307207,7.0
9961,565684,0.008487367888339512,10.0
9961,156358,0.02701997320999649,9.0
8079,125940,0.7354905593729957,2.0
8079,95278,0.9738395492536577,1.0
8079,187583,0.624371728578727,3.0
8079,57138,0.5045414769968738,4.0
8079,11184,0.4589889744683954,5.0
8079,108040,0.3694350557172096,6.0
8079,39478,0.26769719032033246,7.0
8079,224231,0.10012342624837067,8.0
8079,93971,0.0675424374827002,9.0
8079,1198,0.0,10.0
