query_id,doc_id,score_hybrid,rank
3394,112208,0.8617170226657029,1.0
3394,172703,0.5906097290501601,3.0
3394,87722,0.5014960174762243,4.0
3394,445971,0.7170926077588085,2.0
3394,345199,0.3416492664543523,5.0
3394,377429,0.254784585023122,7.0
3394,387277,0.28062229347303635,6.0
3394,133093,0.22864714748968154,8.0
3394,418150,0.04375066488636315,9.0
3394,539263,0.026873202770853533,10.0
5505,100387,1.0,1.0
5505,141738,0.34755929160268595,2.0
5505,278824,0.28041969654838034,4.0
5505,70488,0.32457545770908836,3.0
5505,349160,0.08479204724890488,7.0
5505,478457,0.05907543909924493,8.0
5505,200338,0.14452072338023092,5.0
5505,408327,0.09984885266471956,6.0
5505,442142,0.033478870680897936,9.0
5505,593085,0.0,10.0
6792,558617,1.0,1.0
6792,400841,0.4023774557152201,3.0
6792,29306,0.4084340309573315,2.0
6792,136825,0.39162579515280976,4.0
6792,259081,0.34845573269757557,5.0
6792,40447,0.2231220336078654,8.0
6792,480515,0.33560291754001853,7.0
6792,156467,0.3375679486025233,6.0
6792,545434,0.05762978827574946,10.0
6792,585447,0.12463413361459745,9.0
6909,452175,0.7502016175671478,1.0
6909,13260,0.5806671537264758,2.0
6909,435963,0.46253443882858136,4.0
6909,375019,0.4987349943382283,3.0
6909,266900,0.3134593931030662,6.0
6909,464502,0.10044414461488953,9.0
6909,214003,0.045165349444062156,10.0
6909,79357,0.4369998022589173,5.0
6909,535697,0.2651987548313127,7.0
6909,330041,0.18883937680480867,8.0
4946,121690,1.0,1.0
4946,156816,0.44095122387018815,2.0
4946,79357,0.3535823212379606,3.0
4946,9938,0.2992990930472279,5.0
4946,350680,0.19120315303734395,7.0
4946,28119,0.16729696739068262,8.0
4946,343489,0.22442172529002136,6.0
4946,100485,0.34903851721064855,4.0
4946,88105,0.019614726880356474,10.0
4946,496935,0.04256179787646274,9.0
4125,283079,0.6366889157097968,1.0
4125,232199,0.5983332131874719,4.0
4125,363591,0.632242200502801,3.0
4125,452987,0.4584695164303449,5.0
4125,571362,0.6352001199335968,2.0
4125,292769,0.2801096182081067,7.0
4125,340044,0.37577200669064154,6.0
4125,103593,0.02513003579181136,10.0
4125,276400,0.1139233157294929,8.0
4125,7632,0.09571708080610446,9.0
6009,62151,0.7555901180373403,1.0
6009,175831,0.7049239876974569,4.0
6009,303325,0.7276832869504861,3.0
6009,228983,0.7389603931986563,2.0
6009,158717,0.5387792396545941,5.0
6009,472585,0.06599693281344121,10.0
6009,178684,0.15031606148539245,8.0
6009,442048,0.3273019028358779,6.0
6009,125298,0.13217843632472265,9.0
6009,99857,0.2007100754612222,7.0
9598,528034,0.7038200159080792,1.0
9598,379311,0.5250239864686977,3.0
9598,322826,0.21782139776082055,6.0
9598,136270,0.18532207412299184,8.0
9598,574327,0.530690487204019,2.0
9598,112208,0.24288291907685233,5.0
9598,17923,0.18575484758356298,7.0
9598,172703,0.15625700645590784,9.0
9598,297290,0.44350738524946876,4.0
9598,383978,0.006844443247233622,10.0
10645,22221,1.0,1.0
10645,340131,0.7576950365620576,2.0
10645,441176,0.7100808102500953,3.0
10645,183349,0.3472301901371952,7.0
10645,102684,0.444316716012154,5.0
10645,248799,0.5339163841219224,4.0
10645,317354,0.3425703232283341,8.0
10645,293679,0.38992177841158643,6.0
10645,415340,0.19225857620622053,9.0
10645,487791,0.0,10.0
7441,125659,0.7657905209268512,3.0
7441,192900,0.7655711011276316,4.0
7441,537418,0.8409168852659381,2.0
7441,231781,0.8600646079336545,1.0
7441,117576,0.6402376073128614,5.0
7441,404339,0.1871581235626906,9.0
7441,329662,0.2802053447568371,6.0
7441,504996,0.21114706158491045,8.0
7441,336018,0.21164755964904486,7.0
7441,180733,0.03834832514129252,10.0
5080,305901,0.7393203491994578,1.0
5080,553304,0.7181216782913953,2.0
5080,392434,0.5210060414390585,4.0
5080,514512,0.45789160362761194,7.0
5080,67063,0.684094273817892,3.0
5080,488334,0.48423152196747665,5.0
5080,356928,0.4622674339617709,6.0
5080,271026,0.11004553517643764,10.0
5080,88912,0.14315981806071895,9.0
5080,167950,0.16609155096784153,8.0
9329,326991,1.0,1.0
9329,385574,0.2675957182827237,6.0
9329,340210,0.36567270788312134,4.0
9329,394924,0.35935988333289437,5.0
9329,265098,0.38703616999625806,2.0
9329,586018,0.38391540940775676,3.0
9329,179103,0.0798933759165882,9.0
9329,192900,0.2011694014045732,7.0
9329,209493,0.14658693814229334,8.0
9329,209065,0.0,10.0
6479,404339,1.0,1.0
6479,272008,0.7196069843492116,2.0
6479,536120,0.32404863137354223,3.0
6479,9938,0.1016957569960423,8.0
6479,453839,0.15744676164256982,7.0
6479,104793,0.04015503230297229,10.0
6479,257656,0.2723706501315135,4.0
6479,491969,0.22319250870657925,5.0
6479,114439,0.07879180769103464,9.0
6479,340210,0.15929557406276554,6.0
8513,175821,1.0,1.0
8513,69790,0.801427736843749,2.0
8513,167950,0.37100604345795096,3.0
8513,183612,0.15684424466722863,10.0
8513,449039,0.2272184253927539,7.0
8513,267113,0.29537982763168913,4.0
8513,167896,0.18752195815422623,8.0
8513,417840,0.26649582823563694,6.0
8513,232712,0.2670817387201449,5.0
8513,87667,0.17379085325237517,9.0
10109,93231,1.0,1.0
10109,28314,0.8759531355776278,2.0
10109,535317,0.42955423186847275,3.0
10109,395357,0.3318292363090512,4.0
10109,124630,0.16320651767573852,6.0
10109,244749,0.12616490446956283,8.0
10109,305467,0.14962796582615276,7.0
10109,116420,0.11284582967637566,9.0
10109,474384,0.18706174020909622,5.0
10109,105818,0.0,10.0
4844,275257,1.0,1.0
4844,367137,0.675370993461645,3.0
4844,192193,0.6891630191081495,2.0
4844,111033,0.46186107807761506,4.0
4844,235522,0.3199573384416109,5.0
4844,549741,0.13561125610356034,8.0
4844,140088,0.22886140206977454,6.0
4844,386423,0.0858062086045146,9.0
4844,144177,0.13597520783173264,7.0
4844,409432,0.0,10.0
8544,214003,1.0,1.0
8544,37517,0.5332025612662336,2.0
8544,336541,0.36447769821929965,3.0
8544,75437,0.26827371742367706,6.0
8544,13260,0.30688642398809507,5.0
8544,100103,0.3503055065612781,4.0
8544,416307,0.1002194151916663,8.0
8544,12432,0.0626158228825711,9.0
8544,561884,0.18794037889096127,7.0
8544,111768,0.03457613458951153,10.0
4823,561929,1.0,1.0
4823,362919,0.597406310723585,2.0
4823,340131,0.3023985988920165,6.0
4823,104726,0.49444628404068725,3.0
4823,11572,0.4094687317823118,4.0
4823,7094,0.38878350256081945,5.0
4823,2860,0.15557738450756106,9.0
4823,459423,0.28773169422517975,7.0
4823,252716,0.21614577582063316,8.0
4823,271118,0.0,10.0
1085,366597,1.0,1.0
1085,405702,0.8266569798573916,2.0
1085,485195,0.42767092173108917,3.0
1085,374334,0.3459933489283701,4.0
1085,108302,0.22936605587768766,7.0
1085,581889,0.16644278047785965,8.0
1085,94586,0.03106274912380216,10.0
1085,184175,0.28877818518180515,6.0
1085,401125,0.3338089897468541,5.0
1085,315275,0.11716178585640062,9.0
2388,104988,1.0,1.0
2388,300287,0.4307038702800813,2.0
2388,13657,0.2595178993022891,4.0
2388,123733,0.1444790714530797,8.0
2388,459423,0.2812435483580202,3.0
2388,565698,0.20810744194588834,6.0
2388,423403,0.15849194203880385,7.0
2388,157702,0.22322045896297063,5.0
2388,141320,0.14222127072842153,9.0
2388,429978,0.0827605183849488,10.0
6891,474351,1.0,1.0
6891,492506,0.2714802424757162,2.0
6891,504497,0.0456765514239585,8.0
6891,558924,0.16320149214116197,5.0
6891,264095,0.1277052630874044,6.0
6891,381757,0.18146862616452325,4.0
6891,323363,0.18266923658802736,3.0
6891,579543,0.04215600405330794,9.0
6891,143425,0.11618476188116941,7.0
6891,73434,0.0,10.0
2568,346042,1.0,1.0
2568,164702,0.558573602842316,3.0
2568,170141,0.5753750840401326,2.0
2568,13975,0.3166397119729566,6.0
2568,544654,0.20394172568641855,7.0
2568,130209,0.37707692727177955,5.0
2568,428150,0.1878448178923141,8.0
2568,269898,0.5007298483409522,4.0
2568,368802,0.16675588081742654,9.0
2568,213370,0.06737188097024545,10.0
7702,558924,0.9071565099652061,1.0
7702,133093,0.8116641477437941,2.0
7702,387277,0.7819114421854487,3.0
7702,592636,0.2927145802857829,4.0
7702,214542,0.25198720381638473,6.0
7702,192193,0.26092470796775874,5.0
7702,108721,0.07605324798906316,9.0
7702,140088,0.19803671996533845,7.0
7702,367137,0.07980501645352432,8.0
7702,259317,0.0,10.0
2376,91545,0.9482839490109511,1.0
2376,402249,0.9205961013798019,2.0
2376,244961,0.7544283997419556,3.0
2376,114417,0.7135156229380166,5.0
2376,549833,0.7514065152126512,4.0
2376,324411,0.6033798752905029,6.0
2376,407455,0.558709490219685,8.0
2376,64263,0.5937005865800694,7.0
2376,582521,0.3454201444118352,9.0
2376,44110,0.0,10.0
4339,386531,1.0,1.0
4339,488615,0.6660641794904347,2.0
4339,16392,0.3015667798046534,4.0
4339,242076,0.21020859698077599,6.0
4339,240645,0.1900956067255576,7.0
4339,473540,0.30205588453385057,3.0
4339,260328,0.27417630087394596,5.0
4339,455398,0.050770655365411164,9.0
4339,242294,0.11628494342406451,8.0
4339,103256,0.039164882104115284,10.0
5427,387854,0.7680193967880035,1.0
5427,580709,0.46947710086136135,3.0
5427,55666,0.46664604105558327,4.0
5427,200338,0.2175673260464192,7.0
5427,597467,0.39267876041612226,6.0
5427,142876,0.47437295291689885,2.0
5427,522358,0.200672118959776,8.0
5427,273084,0.14559234384340877,10.0
5427,200603,0.4044853548822948,5.0
5427,549759,0.14830567044975684,9.0
7734,226070,1.0,1.0
7734,96013,0.6033255514760272,2.0
7734,87667,0.3811241837901959,3.0
7734,94591,0.33347770401131044,5.0
7734,10703,0.3513723951603266,4.0
7734,150544,0.10752017734195954,9.0
7734,421371,0.25034792883702617,6.0
7734,232712,0.23701976668682528,7.0
7734,247486,0.01404425515747724,10.0
7734,433905,0.23479008970706622,8.0
2486,487791,1.0,1.0
2486,58937,0.45781946945250807,2.0
2486,388575,0.2492104994032152,5.0
2486,101604,0.24118493561043877,6.0
2486,216327,0.1485626837548214,9.0
2486,250702,0.2860032010710632,4.0
2486,357914,0.17498632169536082,8.0
2486,234436,0.3543997818884674,3.0
2486,518563,0.006081312031398945,10.0
2486,130021,0.21953918014381682,7.0
7071,238629,0.8357852974271746,1.0
7071,99857,0.375647295829295,5.0
7071,178684,0.6116939910867465,2.0
7071,14543,0.3799666854162508,4.0
7071,588384,0.19882300757675164,8.0
7071,246221,0.2960025466187523,6.0
7071,403899,0.05026525590891584,10.0
7071,434812,0.4251008415314701,3.0
7071,319793,0.23306676015837793,7.0
7071,378173,0.1987058057067262,9.0
8537,511093,0.9656533598160656,1.0
8537,416307,0.8303792466293133,2.0
8537,572842,0.4480705482310444,7.0
8537,281707,0.3512998182118959,8.0
8537,374020,0.5600425682185413,5.0
8537,96467,0.5638127551526785,4.0
8537,557356,0.493133143676293,6.0
8537,472516,0.568869398989689,3.0
8537,472014,0.18879567125463134,9.0
8537,501384,0.0526989956271639,10.0
7178,70096,0.7288301393748403,1.0
7178,401329,0.6697491700574567,2.0
7178,420851,0.3064788949673861,3.0
7178,518563,0.15431304713416188,5.0
7178,58851,0.04878946889128977,10.0
7178,474384,0.170533992355874,4.0
7178,88892,0.09073018058021581,9.0
7178,193312,0.1390214618067779,7.0
7178,484055,0.1520448045198289,6.0
7178,554568,0.09688350361730041,8.0
4777,2860,0.9479485938911856,1.0
4777,409535,0.8805075442155685,2.0
4777,228983,0.3372381466857326,4.0
4777,429378,0.21134896865536187,6.0
4777,407455,0.21672117436551963,5.0
4777,167896,0.49756468420067174,3.0
4777,525231,0.15065310796938122,7.0
4777,570155,0.09684665189289055,8.0
4777,413041,0.03531114543595335,9.0
4777,164008,0.02170568545393556,10.0
2398,168922,0.6000000000000001,4.0
2398,96538,0.8943657214534584,1.0
2398,443246,0.773730318872544,2.0
2398,490443,0.5066287290843743,5.0
2398,527698,0.6248285717425771,3.0
2398,548465,0.47489641334053384,6.0
2398,107092,0.3084559750555968,7.0
2398,505959,0.28717598158503,8.0
2398,403515,0.10703910811088753,10.0
2398,342212,0.25187728857873576,9.0
849,557186,1.0,1.0
849,528564,0.7739939478582583,3.0
849,232199,0.819341220101709,2.0
849,183612,0.7575462946966354,4.0
849,234436,0.3457707423545011,7.0
849,366830,0.4186927047784691,5.0
849,24890,0.2894660134666285,8.0
849,327263,0.34808498102780683,6.0
849,454810,0.015887626008941502,10.0
849,273947,0.2878145867070554,9.0
7534,175821,1.0,1.0
7534,301224,0.49277177941332595,3.0
7534,498378,0.49954139576236445,2.0
7534,46099,0.15381770689849805,5.0
7534,147765,0.14005398885851691,7.0
7534,89714,0.33248215412891224,4.0
7534,51046,0.14026323175479435,6.0
7534,211839,0.00996094514871327,10.0
7534,255491,0.05825979599597076,9.0
7534,169062,0.10354207066124814,8.0
5021,226070,0.7322507832333937,2.0
5021,423034,0.7859617062584361,1.0
5021,588607,0.290689762266591,5.0
5021,79357,0.49881073382933394,3.0
5021,494939,0.42389769137771716,4.0
5021,3118,0.09349613557286526,10.0
5021,339640,0.2243380012677239,6.0
5021,289813,0.10677726307223227,9.0
5021,481308,0.1455851300224413,7.0
5021,136825,0.10881993059692203,8.0
6131,326094,0.9695397595598434,1.0
6131,334111,0.7360173895617045,2.0
6131,44223,0.42147349887048524,5.0
6131,258465,0.5396227800028762,3.0
6131,123733,0.18512468030086549,8.0
6131,368806,0.5039168645566268,4.0
6131,315275,0.14229523549656092,9.0
6131,470024,0.30655382072374365,6.0
6131,483441,0.18541321745401892,7.0
6131,169699,0.014103550314595084,10.0
10136,152316,0.9431192387012384,1.0
10136,32744,0.7001592260926772,3.0
10136,290930,0.890131660400884,2.0
10136,277179,0.4686694839981899,4.0
10136,18509,0.23106649944766497,7.0
10136,198349,0.24779522028808443,5.0
10136,302792,0.1175393539165012,9.0
10136,507284,0.2316489717697208,6.0
10136,280204,0.13632969882396284,8.0
10136,144177,0.029620730912645943,10.0
9548,423658,0.963803832172786,1.0
9548,523810,0.5832223705009216,4.0
9548,297290,0.7708686856512277,2.0
9548,231227,0.6965535156237632,3.0
9548,61022,0.2699331869943695,5.0
9548,72160,0.2514772833518583,6.0
9548,539263,0.22463035339816095,7.0
9548,32811,0.08354455293371411,10.0
9548,583203,0.11411279659963428,9.0
9548,482544,0.1470924892492249,8.0
4942,314898,1.0,1.0
4942,433490,0.6420375935127915,2.0
4942,295864,0.3500865953004577,4.0
4942,70853,0.4561620424498152,3.0
4942,420556,0.34343406111913366,5.0
4942,94689,0.30551811395125905,6.0
4942,486333,0.2701375583239233,7.0
4942,62966,0.19211889225717396,8.0
4942,55999,0.03876697924128612,9.0
4942,539263,0.007611047898392232,10.0
5090,572272,0.8017203729330935,2.0
5090,12988,0.8727619966089051,1.0
5090,270856,0.523606438966187,3.0
5090,468777,0.28636196611452985,7.0
5090,507544,0.3963160341231249,4.0
5090,551423,0.30729807723737035,6.0
5090,149500,0.3462388851885525,5.0
5090,247721,0.18781874592889578,10.0
5090,169688,0.2503495379590128,8.0
5090,414534,0.1951774872383027,9.0
6005,149500,1.0,1.0
6005,507544,0.6449875240868639,2.0
6005,572272,0.5518933813094766,3.0
6005,551423,0.23983143029203316,6.0
6005,140947,0.059663160979564,10.0
6005,30311,0.09821310497389607,7.0
6005,176498,0.2978835988394178,4.0
6005,414288,0.2490519178956347,5.0
6005,515060,0.07476582876126764,8.0
6005,377223,0.06852552466504698,9.0
7533,162668,1.0,1.0
7533,461084,0.7128922532641501,2.0
7533,438680,0.5110903104555379,3.0
7533,284411,0.5014888765708171,4.0
7533,167356,0.32719310899864634,7.0
7533,257016,0.3724798114458013,6.0
7533,201495,0.4117418614394975,5.0
7533,213435,0.2866971507428774,8.0
7533,167950,0.034930866811018424,9.0
7533,407654,0.007880746388736835,10.0
8034,284075,0.6000000000000001,2.0
8034,327978,0.5452489568454938,3.0
8034,415340,0.4287081394320558,5.0
8034,307999,0.7105680961996986,1.0
8034,292991,0.24911961770441973,8.0
8034,198764,0.3604879193707289,7.0
8034,13153,0.43783599839217796,4.0
8034,22221,0.4204690419388114,6.0
8034,213435,0.15990514821513688,10.0
8034,579557,0.16952470069398884,9.0
2330,478514,1.0,1.0
2330,260014,0.18858884625286684,3.0
2330,370334,0.298564947478778,2.0
2330,345895,0.13065988390932176,5.0
2330,156873,0.12374353600735499,6.0
2330,572272,0.03459924604458292,9.0
2330,488334,0.1202795459056959,7.0
2330,94586,0.0672632742275869,8.0
2330,167684,0.13581247154058776,4.0
2330,9656,0.0,10.0
7803,62151,1.0,1.0
7803,572205,0.44319267568128595,3.0
7803,327127,0.3990000150940095,5.0
7803,216065,0.468067741793503,2.0
7803,214003,0.4180250453025048,4.0
7803,100103,0.23120802312497557,8.0
7803,336541,0.2514894550268325,6.0
7803,324037,0.09459700154903991,9.0
7803,583651,0.014357033258171075,10.0
7803,12432,0.24991351019489028,7.0
1933,183612,1.0,1.0
1933,446984,0.2678730500767272,2.0
1933,141738,0.08976287575523231,9.0
1933,352640,0.19302939289846738,5.0
1933,445298,0.219626922794927,4.0
1933,413041,0.02968736764439394,10.0
1933,466718,0.2528441114989787,3.0
1933,234436,0.11866993129957237,8.0
1933,264554,0.1589020883544312,6.0
1933,134794,0.1559090403547005,7.0
6849,44601,1.0,1.0
6849,59714,0.5296615713815003,2.0
6849,78675,0.45166333346614457,3.0
6849,578427,0.3780911613137971,4.0
6849,172703,0.17153450312129165,6.0
6849,79998,0.15239894584183114,7.0
6849,112208,0.07569843585550631,8.0
6849,418150,0.27401886353460697,5.0
6849,328086,0.014550701320503477,9.0
6849,61962,0.0019473977073633485,10.0
7448,418150,1.0,1.0
7448,100485,0.14472547244904904,5.0
7448,273861,0.07492514754811204,8.0
7448,112208,0.22620406973484966,2.0
7448,377429,0.15111425395274602,4.0
7448,387277,0.11432970999069068,7.0
7448,307095,0.12399416908429725,6.0
7448,133093,0.06074305757248784,10.0
7448,44601,0.16251554258140508,3.0
7448,172703,0.0691627750168866,9.0
42,283079,0.9871015730686077,1.0
42,278824,0.706389398149744,3.0
42,528564,0.7483174436608022,2.0
42,327002,0.5307794962721696,4.0
42,141738,0.23327723943070228,7.0
42,124630,0.17000009829172014,9.0
42,366830,0.3995277639799879,6.0
42,467509,0.09563685157414005,10.0
42,536849,0.4574328569313086,5.0
42,583956,0.2136849342051217,8.0
4102,125940,0.6636887249016572,3.0
4102,293320,0.591879487628762,5.0
4102,572340,0.7071114192308579,2.0
4102,554734,0.8175579051488491,1.0
4102,275925,0.5393944569513665,6.0
4102,327978,0.6011027437413587,4.0
4102,326142,0.49205937687624934,7.0
4102,460457,0.2300791507845632,8.0
4102,356987,0.04319649183798345,10.0
4102,324779,0.17029432478321613,9.0
7269,474351,0.7174326254140986,1.0
7269,588607,0.5440124968294243,2.0
7269,72402,0.32490732480731893,5.0
7269,226070,0.15993011057655754,8.0
7269,301580,0.10181041343424281,10.0
7269,486696,0.4254586414751689,4.0
7269,386173,0.10737024159020497,9.0
7269,392894,0.4371197266363074,3.0
7269,129319,0.21909614160064333,6.0
7269,90294,0.211035115234694,7.0
10975,363591,0.6314129580986004,2.0
10975,17166,0.8381075163487177,1.0
10975,72160,0.4400888411055404,4.0
10975,545759,0.28613842398401446,6.0
10975,384564,0.2612691741310291,7.0
10975,482544,0.5064666044515553,3.0
10975,528522,0.11172256910568085,10.0
10975,61022,0.20730528789662445,8.0
10975,452870,0.37761134008476727,5.0
10975,341493,0.1441572694856636,9.0
715,93936,0.6237394506374871,2.0
715,232262,0.6320952420628718,1.0
715,377223,0.5653874570428458,3.0
715,590489,0.5020336644043313,5.0
715,560872,0.5038912491066533,4.0
715,127316,0.2843938845151985,7.0
715,273925,0.4001849372290296,6.0
715,524752,0.049910327491128836,9.0
715,212028,0.01303307496025393,10.0
715,167896,0.2808210478384305,8.0
4037,557186,0.8943971266214767,1.0
4037,408327,0.3699218700690898,3.0
4037,81483,0.11374771371890978,7.0
4037,264554,0.2002805182953357,5.0
4037,70488,0.10803852649066362,8.0
4037,73427,0.2155231491534566,4.0
4037,141738,0.06414248721603333,10.0
4037,327002,0.17222272513958115,6.0
4037,298099,0.4029079926263734,2.0
4037,278824,0.10055185831486062,9.0
4047,159836,0.6876442299403573,2.0
4047,538352,0.8578890112528266,1.0
4047,124230,0.5874829173021209,3.0
4047,457294,0.3420943245647983,6.0
4047,227423,0.5558810011637704,4.0
4047,488258,0.21478232527508054,7.0
4047,186453,0.3588378074489551,5.0
4047,560872,0.06473750037303928,9.0
4047,304477,0.011693507027274657,10.0
4047,472585,0.1393477747420797,8.0
8072,31465,1.0,1.0
8072,127452,0.7100928423918496,2.0
8072,164008,0.5845907178748795,3.0
8072,413041,0.39973823696517274,6.0
8072,394244,0.5356376497630734,5.0
8072,284235,0.5489037037985833,4.0
8072,494727,0.31290081178028784,8.0
8072,294867,0.3593552360753722,7.0
8072,316838,0.11051525788164178,10.0
8072,169062,0.111015310660742,9.0
5906,258465,0.7656855974083259,1.0
5906,409907,0.7096855221624088,2.0
5906,318520,0.6111613200951975,3.0
5906,470024,0.2804623336917207,6.0
5906,289231,0.21880408284954234,7.0
5906,273528,0.37349936566711994,4.0
5906,326094,0.0997795370825678,9.0
5906,2460,0.1693384847692027,8.0
5906,394467,0.07490818165625285,10.0
5906,15172,0.31159519500503663,5.0
8378,178684,1.0,1.0
8378,246221,0.6998051850574352,2.0
8378,238629,0.6504276538854181,3.0
8378,434812,0.6366556581707042,4.0
8378,102237,0.5929442745927376,5.0
8378,43497,0.29078082544919986,6.0
8378,403025,0.09097198395983569,9.0
8378,382381,0.16633906078949504,7.0
8378,554568,0.10813453540015344,8.0
8378,597401,0.0,10.0
885,315275,0.7438382951347022,1.0
885,273528,0.39183530335222977,4.0
885,173929,0.3320802348427922,6.0
885,394467,0.3762918161343092,5.0
885,485195,0.21672803119499878,8.0
885,326094,0.4963025685772714,2.0
885,483441,0.27305164805233156,7.0
885,258465,0.41294241559912215,3.0
885,399013,0.09095674876542972,10.0
885,246459,0.2006610971997939,9.0
2423,529444,0.952221358206214,1.0
2423,396127,0.9446623470716349,2.0
2423,89049,0.48872351681581816,3.0
2423,124027,0.43769103738228343,4.0
2423,461084,0.28726573175952835,8.0
2423,388646,0.31033077875367054,7.0
2423,553288,0.43735167422661686,5.0
2423,428150,0.34835580501153524,6.0
2423,370334,0.03602289548466778,9.0
2423,175232,0.0,10.0
4414,235522,0.9712329267401942,1.0
4414,367137,0.8324400583536125,2.0
4414,133093,0.3634872639860758,6.0
4414,144177,0.4898723886874739,4.0
4414,111033,0.41827254777813216,5.0
4414,275257,0.1959849717135749,8.0
4414,29073,0.4899951863080766,3.0
4414,140088,0.1764743405145553,9.0
4414,76776,0.011134273540618522,10.0
4414,577578,0.2943896720473302,7.0
1297,313909,0.7053220575612011,2.0
1297,171761,0.9907851312441747,1.0
1297,219758,0.5988319229863363,3.0
1297,289813,0.5589444739236614,5.0
1297,90712,0.5371948987564241,6.0
1297,146021,0.5731242882840293,4.0
1297,370663,0.429639045543515,7.0
1297,66246,0.047709988936417466,9.0
1297,545434,0.019328889936230446,10.0
1297,521712,0.09618494818991269,8.0
8512,32811,1.0,1.0
8512,61022,0.5863038320338626,2.0
8512,149696,0.41611988029811997,3.0
8512,320101,0.20542508182394228,7.0
8512,528522,0.2948856390818787,4.0
8512,231227,0.15260197445476217,8.0
8512,461592,0.2911784540210308,5.0
8512,474384,0.148814512227743,9.0
8512,214901,0.07912749006847936,10.0
8512,452870,0.21628093648554153,6.0
3822,290930,0.8212162661923091,1.0
3822,454157,0.5316686578789969,3.0
3822,586151,0.7124760078945054,2.0
3822,318583,0.27810949866195456,9.0
3822,592636,0.515581213748955,4.0
3822,476834,0.41340864461548277,5.0
3822,597880,0.282587898810302,8.0
3822,309269,0.3643210548862395,6.0
3822,431814,0.09117762195688685,10.0
3822,369355,0.33011525293674254,7.0
859,32530,0.9505438103871595,1.0
859,326094,0.6353186136315976,2.0
859,171720,0.4531199019906129,3.0
859,377223,0.37139604421231204,4.0
859,310215,0.20261371918990162,9.0
859,308837,0.24469764529679222,8.0
859,513258,0.05412446521357609,10.0
859,388201,0.2837302170685323,7.0
859,506374,0.3016142186319542,6.0
859,217683,0.3561970239349172,5.0
6668,457294,1.0,1.0
6668,93971,0.39325668385745455,2.0
6668,301570,0.19378761164153646,5.0
6668,228403,0.3079457874869719,3.0
6668,159703,0.1511688317061607,7.0
6668,326991,0.10642302854627994,9.0
6668,526110,0.18555203737775686,6.0
6668,88892,0.1279490845508144,8.0
6668,241337,0.21166535819759852,4.0
6668,11988,0.06409471146049016,10.0
604,38711,0.814887861330645,2.0
604,571430,0.8874185093391487,1.0
604,224869,0.3545689520770329,4.0
604,115553,0.17045566904967366,8.0
604,197222,0.2900157476477476,6.0
604,348353,0.4082965055866561,3.0
604,561377,0.2636661731457121,7.0
604,195191,0.044116214860462126,10.0
604,342307,0.1656605695599072,9.0
604,486333,0.3364605819477798,5.0
3177,539263,0.9184603583223321,1.0
3177,172703,0.9016705738196107,2.0
3177,536120,0.7204037208842042,5.0
3177,377429,0.7618077458697103,3.0
3177,480315,0.7566028724600817,4.0
3177,87722,0.49648392928116586,7.0
3177,17208,0.5491107892626816,6.0
3177,467575,0.269990195812579,8.0
3177,328086,0.05052008312879568,10.0
3177,423658,0.06066778813549499,9.0
721,496225,1.0,1.0
721,51615,0.1489451823803266,4.0
721,298128,0.2300658401343657,3.0
721,568526,0.2708511326511729,2.0
721,251824,0.12078324027466261,5.0
721,196427,0.035295182881071155,9.0
721,597880,0.0683080315848165,8.0
721,150650,0.10455629851358841,7.0
721,447353,0.11380922169937968,6.0
721,358661,0.01892244270810223,10.0
7124,427726,0.7565246763876978,1.0
7124,242524,0.6937372020645308,2.0
7124,62151,0.6286961883764273,4.0
7124,265314,0.49476912496445935,6.0
7124,226070,0.5188200195692316,5.0
7124,558617,0.6733042185327528,3.0
7124,433905,0.48938352499415455,7.0
7124,421371,0.3901789273109648,8.0
7124,96013,0.23661730437831224,9.0
7124,162668,0.0,10.0
4500,236482,0.6614137369448656,2.0
4500,533623,0.7424902935769659,1.0
4500,474234,0.4165219895340269,5.0
4500,166487,0.4456159459258876,4.0
4500,231781,0.3345301508800895,7.0
4500,80031,0.1864099372734721,8.0
4500,163048,0.4778528608986469,3.0
4500,62897,0.07227191006516842,9.0
4500,275929,0.34239468714666027,6.0
4500,81101,0.008407961246250099,10.0
603,64103,0.7808313345363898,1.0
603,399013,0.7170347087488127,2.0
603,535651,0.3369718680304469,4.0
603,120090,0.4373809176345438,3.0
603,279897,0.25797930273063946,6.0
603,55022,0.24970641625033857,7.0
603,35736,0.29885034980295616,5.0
603,544486,0.05900319990361493,8.0
603,77503,0.032471449419406,10.0
603,139047,0.03259976289654704,9.0
6647,462265,1.0,1.0
6647,13260,0.530377521472503,2.0
6647,96013,0.4402049443289783,3.0
6647,464533,0.23878803639849083,5.0
6647,562171,0.17533615285450305,8.0
6647,326233,0.23003139944636153,6.0
6647,209188,0.3477262443309899,4.0
6647,231068,0.21597012779767774,7.0
6647,391988,0.023069875908092615,10.0
6647,531990,0.036671659772996794,9.0
5369,258465,0.9255927249496185,1.0
5369,172128,0.6939930878570778,2.0
5369,184175,0.6557516403891563,3.0
5369,399013,0.5017297644122721,4.0
5369,173929,0.14387853224211594,9.0
5369,171339,0.41886049587402496,6.0
5369,414288,0.4194896706918627,5.0
5369,500946,0.31538481713723693,7.0
5369,70724,0.18693408254987456,8.0
5369,118280,0.026096960020740023,10.0
932,48722,0.9782540113921739,1.0
932,387010,0.9253683553891557,2.0
932,442110,0.4503804017347961,3.0
932,292769,0.19264732001239582,6.0
932,593085,0.12303811582128102,9.0
932,23747,0.18273835479276238,7.0
932,418630,0.38574491889943735,4.0
932,281045,0.152462979420561,8.0
932,196427,0.02958037157300348,10.0
932,571430,0.2323969150105602,5.0
9633,259081,0.8765294919081501,2.0
9633,534418,0.8976569679648595,1.0
9633,481166,0.3721323767602229,3.0
9633,185909,0.3174731896851659,4.0
9633,552479,0.23165315368608053,7.0
9633,590578,0.1408137011616834,8.0
9633,484055,0.2508815893299902,5.0
9633,474351,0.23457302036710054,6.0
9633,363741,0.02263623846136726,10.0
9633,262441,0.04011584798346357,9.0
1676,394871,0.7515370577528993,2.0
1676,234436,0.8719502426585529,1.0
1676,77245,0.5273552375132481,4.0
1676,487791,0.6366162168071317,3.0
1676,58937,0.3436937586702147,6.0
1676,352640,0.3600505253132762,5.0
1676,279538,0.13319375528976218,7.0
1676,196920,0.05279854432803653,8.0
1676,555732,1.3306471650591427e-05,10.0
1676,136804,0.0038376906782004905,9.0
4804,222153,0.8364349596633843,1.0
4804,325892,0.3416986892024156,5.0
4804,255795,0.437213936523807,3.0
4804,285255,0.3884705458397356,4.0
4804,45218,0.132437129135043,7.0
4804,162456,0.46129576555981744,2.0
4804,143100,0.127458910276886,8.0
4804,51583,0.07089800204243946,10.0
4804,116574,0.30840885372615723,6.0
4804,393132,0.0920342049239515,9.0
2747,445298,1.0,1.0
2747,431685,0.40454533610165416,4.0
2747,535705,0.49704858144584224,2.0
2747,583635,0.24708008665150827,7.0
2747,387010,0.32328962878342565,5.0
2747,571430,0.1203148733493537,9.0
2747,418630,0.4348447570237129,3.0
2747,279538,0.23542602556988093,8.0
2747,582864,0.2805475273479578,6.0
2747,123468,0.020823773160891026,10.0
8632,43497,1.0,1.0
8632,382381,0.6695414136506974,2.0
8632,344372,0.40534861961574864,3.0
8632,575741,0.1977682587772199,5.0
8632,458385,0.10277785687681222,8.0
8632,416307,0.13473790822717835,7.0
8632,102436,0.28038979391421887,4.0
8632,223070,0.17854360174723194,6.0
8632,363043,0.06335203716718592,10.0
8632,186453,0.08377292014339371,9.0
4981,102684,0.9546352831456806,1.0
4981,45218,0.7896366262085031,2.0
4981,578585,0.268637240593404,4.0
4981,341625,0.2752579501571505,3.0
4981,590710,0.0969885837178803,6.0
4981,264800,0.09147387664347359,7.0
4981,475541,0.03126947768665216,9.0
4981,212481,0.015267006902142654,10.0
4981,567362,0.24122703555611624,5.0
4981,319692,0.05876684477378382,8.0
6146,289231,0.6000000000000001,2.0
6146,2460,0.5524424669045556,3.0
6146,470024,0.46535463968920193,5.0
6146,394467,0.44842734911904636,6.0
6146,160125,0.6822971750511092,1.0
6146,581889,0.47669971094288155,4.0
6146,326094,0.24660690163289306,8.0
6146,580709,0.06493923013459282,10.0
6146,273528,0.12166642800215041,9.0
6146,7403,0.36488725277731815,7.0
10674,328556,0.7491190702828185,1.0
10674,435963,0.5858288793939296,2.0
10674,89460,0.544666625284717,3.0
10674,109860,0.24691039878098822,7.0
10674,88813,0.33460818110311363,6.0
10674,319793,0.3656109253035506,5.0
10674,99857,0.4626519168303278,4.0
10674,99757,0.12491753780875256,8.0
10674,431814,0.10868877198937754,9.0
10674,363043,0.0,10.0
3683,276975,0.9927289158713896,1.0
3683,105973,0.7604667544554589,2.0
3683,421538,0.3688056442931854,4.0
3683,522713,0.47850908623971733,3.0
3683,303977,0.08357898211739728,7.0
3683,178521,0.10083830382566018,6.0
3683,500460,0.2403203035891357,5.0
3683,116865,0.048599942248959464,9.0
3683,158717,0.042037403332017616,10.0
3683,349866,0.08070118408546659,8.0
928,394460,0.7696558332813814,2.0
928,349866,0.9256355520341263,1.0
928,400009,0.21478274702271627,4.0
928,573276,0.14735762663449573,8.0
928,490443,0.14914055548269953,7.0
928,305509,0.09350495233942555,9.0
928,11572,0.4212030956710492,3.0
928,253563,0.09282348249065128,10.0
928,422770,0.20256431286664306,5.0
928,409573,0.1542929909337997,6.0
5054,21311,0.7430934594874226,1.0
5054,485863,0.37886003595300455,5.0
5054,542521,0.42041371954410744,3.0
5054,144660,0.2919341675157311,6.0
5054,307113,0.21200874105595685,8.0
5054,305901,0.21504131643613672,7.0
5054,406457,0.5369908916655187,2.0
5054,366219,0.03130156878544249,10.0
5054,340131,0.40815993954679036,4.0
5054,15172,0.08482602512454322,9.0
6554,583203,1.0,1.0
6554,226967,0.347633342910681,2.0
6554,377429,0.25013443857975337,6.0
6554,122012,0.3013626379408234,3.0
6554,403755,0.2524114245948678,5.0
6554,574327,0.2548839840301649,4.0
6554,275902,0.05247259320536625,9.0
6554,536120,0.16177732870936784,7.0
6554,480315,0.16109348650642533,8.0
6554,21103,0.029732733362279398,10.0
7377,579557,1.0,1.0
7377,6666,0.5879353027641889,2.0
7377,328086,0.43794733669450436,5.0
7377,345895,0.2816873794421196,7.0
7377,293679,0.5630727617797764,3.0
7377,81304,0.5079423799193328,4.0
7377,172703,0.43220455493971005,6.0
7377,17208,0.2564465724592733,8.0
7377,505027,0.11203859287541951,10.0
7377,453542,0.2514521121416527,9.0
1309,15824,0.863005498095641,1.0
1309,438869,0.8188419493283472,2.0
1309,279845,0.4101432825351141,3.0
1309,266319,0.36533710883174186,5.0
1309,110386,0.1893494766735321,8.0
1309,366594,0.27327360351626306,6.0
1309,443795,0.0504886203522986,10.0
1309,135415,0.23420640607834572,7.0
1309,16778,0.07493569091365544,9.0
1309,471630,0.3999999999999999,4.0
8351,273142,1.0,1.0
8351,469776,0.1147687764831456,6.0
8351,171720,0.1307535765984657,5.0
8351,213331,0.1454529070584355,4.0
8351,528132,0.1819055733728761,3.0
8351,191977,0.039641921315464464,8.0
8351,71873,0.2409877370149435,2.0
8351,405374,0.028718701192445552,9.0
8351,568526,0.11308808944343893,7.0
8351,304009,0.023246891783541085,10.0
6441,254279,1.0,1.0
6441,156029,0.5123179334290895,2.0
6441,28314,0.4452841171288786,3.0
6441,529993,0.152549643940099,8.0
6441,87722,0.26187880314190215,4.0
6441,536120,0.16350299059639728,6.0
6441,593644,0.2517004046716306,5.0
6441,108721,0.15583949243712095,7.0
6441,174619,0.06427433520756395,10.0
6441,90712,0.09736271246875888,9.0
4837,426223,0.6987731748545891,3.0
4837,95778,0.7455137609158331,2.0
4837,565330,0.6557750555287934,4.0
4837,159936,0.7717835376357787,1.0
4837,187739,0.6033195903109538,5.0
4837,254454,0.46047982117155944,6.0
4837,167896,0.10495375171468592,10.0
4837,565698,0.28851798169392784,8.0
4837,275410,0.13681985161427743,9.0
4837,274870,0.3689571016390643,7.0
9871,553288,0.810335555932354,1.0
9871,76562,0.7628505414873772,2.0
9871,322771,0.4788456687971635,3.0
9871,240645,0.31704879355408033,6.0
9871,547301,0.320688933961509,5.0
9871,213755,0.13813334522200263,8.0
9871,488366,0.3118490475482064,7.0
9871,305907,0.41064307956563,4.0
9871,172718,0.09399222124753381,9.0
9871,271832,0.056354408742939156,10.0
3067,423403,0.9815433359236854,1.0
3067,372921,0.7592734853292911,2.0
3067,578488,0.6387317885768108,4.0
3067,104726,0.6612286200471422,3.0
3067,104788,0.1655516842239018,7.0
3067,582005,0.25383175512323564,5.0
3067,467135,0.2390968145763308,6.0
3067,318473,0.04154458556380748,9.0
3067,187739,0.16341228825436624,8.0
3067,167896,0.023267172114223172,10.0
5741,124219,0.9104108772889812,1.0
5741,328086,0.5448805326231942,2.0
5741,43781,0.4108309025483174,4.0
5741,259081,0.5280389898553853,3.0
5741,568200,0.3196333238879648,6.0
5741,107688,0.3016828164720446,7.0
5741,301224,0.20767181367373344,8.0
5741,329337,0.01965551536315706,9.0
5741,136825,0.33235539144389004,5.0
5741,437427,0.00860453917614145,10.0
3566,45029,0.8343587785839968,1.0
3566,195191,0.5170394649580623,5.0
3566,149306,0.8064231453069668,2.0
3566,408123,0.7245503477380448,3.0
3566,152286,0.5883394798553427,4.0
3566,519390,0.33155148650232413,6.0
3566,65782,0.1888263264993214,8.0
3566,595211,0.07998662615862936,10.0
3566,317493,0.3174423710572039,7.0
3566,284075,0.15680608681070474,9.0
5862,562511,0.9494051369529287,1.0
5862,21194,0.7268248268726937,2.0
5862,273947,0.17056814279103272,7.0
5862,170141,0.4399492972305093,3.0
5862,29790,0.15989791104596743,8.0
5862,253563,0.33923943735572804,5.0
5862,269898,0.4049595265104029,4.0
5862,346042,0.277306136226647,6.0
5862,258465,0.08539885907494443,9.0
5862,78176,0.0,10.0
8779,209730,0.9740156466453752,1.0
8779,180571,0.7170241199768235,2.0
8779,17166,0.3755003729221783,3.0
8779,213591,0.19078621775423038,6.0
8779,279538,0.2515379439966963,5.0
8779,72160,0.2865586424384206,4.0
8779,319954,0.1752271476449173,7.0
8779,452870,0.07925061292703864,9.0
8779,491964,0.11327021931120335,8.0
8779,214901,0.05434288933586845,10.0
4714,505057,0.9917126628165217,1.0
4714,584450,0.7664201551218437,2.0
4714,324833,0.43701989421801923,3.0
4714,184506,0.25132591893360445,4.0
4714,295980,0.20621935793605653,5.0
4714,249450,0.1979454670824211,6.0
4714,118374,0.18759415488441572,7.0
4714,424585,0.08536225628505793,9.0
4714,473809,0.0012342399033524094,10.0
4714,46211,0.16885560193425872,8.0
7311,125355,0.8137794803327982,1.0
7311,279897,0.2380655614262841,4.0
7311,183349,0.08871259086657286,9.0
7311,523279,0.10712372769154546,8.0
7311,33576,0.17302475523530478,7.0
7311,215154,0.20696320789644512,5.0
7311,344267,0.4225481362810494,2.0
7311,238421,0.35402912627261773,3.0
7311,334696,0.20471569064305895,6.0
7311,100485,0.00296147828436478,10.0
109,73427,1.0,1.0
109,213331,0.14866272585196616,7.0
109,538023,0.30834416974030077,3.0
109,461084,0.2009608990392579,5.0
109,563025,0.3275674425209187,2.0
109,406457,0.07273320347053186,9.0
109,342212,0.09313655196117579,8.0
109,535705,0.15771263120853452,6.0
109,547301,0.23942007887901312,4.0
109,18509,0.037188412576318636,10.0
570,21311,0.9480297488213605,1.0
570,103593,0.5778873096659085,3.0
570,232199,0.6946313283355963,2.0
570,341493,0.5473469281868042,4.0
570,565684,0.36474706917241007,7.0
570,156358,0.4075978776152286,6.0
570,79888,0.22705874467487272,10.0
570,335991,0.42814934361111695,5.0
570,349384,0.28152446446252116,9.0
570,17166,0.3218319756615707,8.0
6959,301570,0.7499129534150926,1.0
6959,69790,0.7275105315554595,2.0
6959,293767,0.44136171694771276,3.0
6959,482415,0.310352671413532,7.0
6959,330041,0.3392130938606982,6.0
6959,88813,0.34837882134784726,5.0
6959,427726,0.2665821914553081,8.0
6959,266480,0.12660041021175733,10.0
6959,431814,0.4045465701596615,4.0
6959,231781,0.23572398571139544,9.0
90,56718,0.924850713058141,1.0
90,150219,0.6258895397908015,3.0
90,31793,0.7572470180924231,2.0
90,385073,0.5448255587332124,4.0
90,234436,0.4602152466655378,5.0
90,153541,0.2992583521914674,6.0
90,172594,0.24023804346754443,7.0
90,366830,0.17240228630591728,9.0
90,34731,0.20798720450232058,8.0
90,314898,0.0,10.0
5064,2003,1.0,1.0
5064,455614,0.7126649055509678,2.0
5064,135514,0.43032003651992357,4.0
5064,192811,0.5931492365197102,3.0
5064,551423,0.40879494838559505,5.0
5064,414288,0.29820926776097867,7.0
5064,377223,0.3264085872160943,6.0
5064,393278,0.10683162856723166,9.0
5064,524888,0.015989886147402845,10.0
5064,176498,0.2963228363065223,8.0
4103,307380,1.0,1.0
4103,29073,0.9378678139373572,2.0
4103,577578,0.7024312316662258,3.0
4103,482415,0.6073151987200749,4.0
4103,175265,0.3218101547068309,5.0
4103,370879,0.3215455882406382,6.0
4103,163590,0.07908320821358958,9.0
4103,133093,0.15897531163076767,8.0
4103,169921,0.03750767515218167,10.0
4103,192193,0.2299280940161493,7.0
1198,56718,1.0,1.0
1198,232199,0.22136268230914155,3.0
1198,175272,0.21894783622669134,4.0
1198,103593,0.06225352801719648,9.0
1198,366761,0.22661045993496626,2.0
1198,105872,0.11076089149002405,6.0
1198,467390,0.08598380170678974,8.0
1198,352120,0.09763720097986069,7.0
1198,58937,0.1472576046148741,5.0
1198,434769,0.04327614898002013,10.0
4539,32744,0.9439539324369699,1.0
4539,61792,0.5736406300130187,2.0
4539,275925,0.5617606694049745,3.0
4539,61346,0.34384698056566193,5.0
4539,370879,0.4145088152931353,4.0
4539,426461,0.2953620426973095,7.0
4539,235522,0.2685894352358136,8.0
4539,440270,0.24332357694941395,9.0
4539,83330,0.3408811542672398,6.0
4539,572272,0.0,10.0
9391,248158,0.9446186891136995,1.0
9391,136270,0.6813472629154329,4.0
9391,108859,0.6948946814463763,3.0
9391,136515,0.8385069350600188,2.0
9391,142631,0.6014909717674058,5.0
9391,301580,0.4547427755580475,6.0
9391,127263,0.2745160163364137,7.0
9391,105973,0.03811583790275002,10.0
9391,429579,0.20792244004679572,8.0
9391,163590,0.10756835275341874,9.0
4600,577578,0.8789191224911896,1.0
4600,61792,0.3278744878194415,3.0
4600,482415,0.584993917357021,2.0
4600,257633,0.31725389717737795,4.0
4600,133093,0.26634776316617503,6.0
4600,76515,0.09876533660465994,9.0
4600,367137,0.30197468899459556,5.0
4600,214542,0.062108999822408965,10.0
4600,34925,0.17875232398869678,7.0
4600,275257,0.12420827521925985,8.0
3735,125659,0.8132967292739937,1.0
3735,93231,0.6816636984899055,3.0
3735,537418,0.7040869044858149,2.0
3735,330041,0.5612298831323378,5.0
3735,344065,0.36680617326725373,6.0
3735,511093,0.2522641485799806,8.0
3735,32290,0.6014983633948372,4.0
3735,504996,0.22216945016484085,9.0
3735,266900,0.3116864253540535,7.0
3735,40447,0.0,10.0
5422,483299,0.8219168263254091,1.0
5422,108,0.523747459624274,4.0
5422,55022,0.40694804435075144,5.0
5422,528034,0.626206530426308,2.0
5422,81304,0.3740507096204012,8.0
5422,259081,0.5655708030486054,3.0
5422,579235,0.37822823583601467,7.0
5422,136270,0.23919292406089437,9.0
5422,22221,0.12235977426842062,10.0
5422,124219,0.39275504780732284,6.0
744,573276,0.9294459763948922,1.0
744,138845,0.4669210081544277,4.0
744,409573,0.550999849091127,3.0
744,171339,0.35985673405592644,5.0
744,289231,0.5682127536631729,2.0
744,273528,0.19722938777633298,7.0
744,172305,0.10647413721163154,10.0
744,350819,0.2010270996876775,6.0
744,120852,0.17923571515903874,9.0
744,118280,0.18253818192994165,8.0
515,372909,1.0,1.0
515,328341,0.7363910120168706,2.0
515,431685,0.6356517056878809,3.0
515,352838,0.5130164773085132,4.0
515,231614,0.34877740014313513,5.0
515,195081,0.19321893738985557,6.0
515,98112,0.05948734976457403,8.0
515,60443,0.026824113120604093,9.0
515,123733,0.012044641941925503,10.0
515,360011,0.16496898154548512,7.0
2443,331253,0.6989215753578187,1.0
2443,44609,0.6072388291381079,3.0
2443,305579,0.6481706738380735,2.0
2443,306800,0.5652544023640729,4.0
2443,446647,0.48804446585374917,5.0
2443,313437,0.19572669631484219,9.0
2443,426216,0.45821922087266476,6.0
2443,208051,0.20706078521032603,8.0
2443,305907,0.2918757218072274,7.0
2443,510130,0.0,10.0
4265,157553,1.0,1.0
4265,392163,0.5435307540049751,2.0
4265,584273,0.3861733151527912,3.0
4265,149974,0.31542855624549526,6.0
4265,523158,0.06408054056506476,9.0
4265,140947,0.3259797832698803,5.0
4265,386229,0.04276905896235669,10.0
4265,575729,0.13936033684300672,8.0
4265,93881,0.3691555615748612,4.0
4265,577517,0.21505610319456106,7.0
4865,223032,0.6655314134215136,2.0
4865,370569,0.9811954456865999,1.0
4865,251824,0.5093916768282676,4.0
4865,435963,0.5240608857845808,3.0
4865,508821,0.3652948719088267,6.0
4865,481166,0.4358886161284169,5.0
4865,305117,0.2864878235003724,7.0
4865,110515,0.14440396737332611,8.0
4865,565698,0.025351785606016645,10.0
4865,585738,0.07782906293807067,9.0
2968,187196,0.7810017568126566,2.0
2968,388646,0.9231289687836502,1.0
2968,242124,0.7452748608580078,3.0
2968,176498,0.24374066468598596,5.0
2968,198371,0.3672194942045995,4.0
2968,583640,0.05719367723485905,8.0
2968,280967,0.05073551457179522,9.0
2968,287991,0.1288085661395501,6.0
2968,455398,0.043017902272191454,10.0
2968,329757,0.06737239251956999,7.0
7221,305117,0.7984904301616806,2.0
7221,473809,0.86682764428201,1.0
7221,481166,0.5569775675285027,3.0
7221,71873,0.47843215119592475,4.0
7221,537418,0.3533093138926718,6.0
7221,307315,0.06812208482097962,10.0
7221,81542,0.1950932429181747,8.0
7221,452175,0.2247409769980125,7.0
7221,570664,0.11166975539819421,9.0
7221,77652,0.3999999999999999,5.0
2407,2064,0.8752762920724612,1.0
2407,78176,0.5406528212697854,3.0
2407,173929,0.4870003672638732,4.0
2407,516444,0.5688960995842185,2.0
2407,255491,0.2694375384624893,6.0
2407,273528,0.4137634977088592,5.0
2407,514425,0.1487320468657239,8.0
2407,367641,0.09049570494868991,9.0
2407,566480,0.24035299832602666,7.0
2407,63678,0.0,10.0
3039,136804,1.0,1.0
3039,467390,0.7003909106465617,2.0
3039,147080,0.6185123770586809,3.0
3039,387010,0.3191461258332672,4.0
3039,442110,0.29355993006311365,5.0
3039,483274,0.0569829931492548,10.0
3039,510409,0.2540300794851871,7.0
3039,106501,0.12070722354639005,9.0
3039,4947,0.15091739755447026,8.0
3039,398622,0.2550441998709392,6.0
1748,18001,1.0,1.0
1748,528564,0.5961308115681464,2.0
1748,418135,0.4278854380655751,5.0
1748,462892,0.4436003095526001,4.0
1748,298427,0.45516508249160825,3.0
1748,429378,0.18278969586884622,7.0
1748,223206,0.17288951550801726,8.0
1748,517372,0.1226950807577103,9.0
1748,171780,0.02588147662022887,10.0
1748,124027,0.1940590933894381,6.0
10547,404339,1.0,1.0
10547,536120,0.397644992129894,3.0
10547,272008,0.5534689021856548,2.0
10547,4666,0.10432614454835702,9.0
10547,597351,0.26862497480088043,5.0
10547,112714,0.2911543853080049,4.0
10547,32290,0.19000857442969513,7.0
10547,23609,0.19644683417782555,6.0
10547,392037,0.03199357291585076,10.0
10547,491969,0.15126772415264128,8.0
10596,164008,0.8784639415330207,1.0
10596,284235,0.7256514908721216,3.0
10596,208070,0.8609172296333698,2.0
10596,413041,0.6542293616617172,5.0
10596,316838,0.6773033031143325,4.0
10596,494727,0.24287692464587599,6.0
10596,394244,0.22868778649051855,7.0
10596,127452,0.177939503823079,9.0
10596,69197,0.20079873942271387,8.0
10596,169062,0.0,10.0
5061,352838,0.8078597288785152,1.0
5061,242124,0.7115304561877918,2.0
5061,329757,0.5742404258101221,4.0
5061,447353,0.49930784144627566,5.0
5061,149974,0.4494852729826081,6.0
5061,380863,0.4180536053904381,7.0
5061,261189,0.5800981326886507,3.0
5061,46755,0.3512670343796045,8.0
5061,158845,0.0818780363291864,10.0
5061,287991,0.20739610295307856,9.0
853,510373,0.83240000556693,2.0
853,510409,0.9024973331164585,1.0
853,314984,0.7082949746259446,3.0
853,106501,0.6647250994739117,4.0
853,263361,0.31386987829426094,6.0
853,131996,0.10207306648303076,9.0
853,72402,0.15338224944255172,8.0
853,150219,0.28229395620880143,7.0
853,582864,0.4109688305632158,5.0
853,303929,0.04233159765560889,10.0
6803,544053,1.0,1.0
6803,193012,0.725625328047186,2.0
6803,42620,0.43376470446943216,3.0
6803,316045,0.0877204902971753,7.0
6803,271243,0.0771962223867722,8.0
6803,10703,0.23252449615750762,5.0
6803,142726,0.2504880103931395,4.0
6803,78675,0.07431748051473985,9.0
6803,60355,0.12164864194929263,6.0
6803,272784,0.0,10.0
6644,187497,1.0,1.0
6644,572842,0.5684822737618493,3.0
6644,308837,0.6255928213680927,2.0
6644,426216,0.48781881500722585,5.0
6644,578954,0.5581424619906392,4.0
6644,305907,0.40888793856540884,6.0
6644,293687,0.2979411105913433,8.0
6644,373271,0.3849068821062105,7.0
6644,31793,0.1308808317122477,9.0
6644,238421,0.013682807810818565,10.0
699,107092,1.0,1.0
699,169688,0.5914769659373875,2.0
699,68357,0.38082905638461667,4.0
699,446679,0.4677500188048694,3.0
699,385658,0.06805309027226279,8.0
699,472924,0.17677352967977567,6.0
699,521010,0.22537061791475183,5.0
699,586920,0.04865979366493406,9.0
699,414598,0.007422477882439575,10.0
699,96538,0.14756465269548633,7.0
549,214024,1.0,1.0
549,67167,0.7001850107661808,2.0
549,446647,0.43581238696665137,4.0
549,546020,0.5827930558515146,3.0
549,73427,0.4290840145609957,5.0
549,547301,0.31683861783789574,7.0
549,563025,0.24997961175722572,8.0
549,397449,0.03029144408328678,10.0
549,449630,0.22853751351124632,9.0
549,443795,0.35991009900152177,6.0
904,415514,1.0,1.0
904,85229,0.7837400304083144,2.0
904,433905,0.3701643159108783,4.0
904,120852,0.37085245840681297,3.0
904,101369,0.19646825303719365,5.0
904,359579,0.15899164700627957,8.0
904,169824,0.1688334969510353,7.0
904,320579,0.17911722583521447,6.0
904,75235,0.007926168706279706,10.0
904,29360,0.025523258695685565,9.0
2590,583635,0.7614026131047924,1.0
2590,296528,0.5978262623908744,2.0
2590,55999,0.44529898510026866,3.0
2590,307095,0.24357098258400967,5.0
2590,209493,0.3769353810600984,4.0
2590,106424,0.05418426513473557,9.0
2590,471964,0.22395221165134535,6.0
2590,387010,0.032409030962408956,10.0
2590,26203,0.1829550590384034,7.0
2590,454222,0.15628044701875696,8.0
1451,538005,1.0,1.0
1451,559482,0.3107353869925418,6.0
1451,98112,0.5786522280662709,2.0
1451,377571,0.444545678385059,3.0
1451,313437,0.32596858475400786,5.0
1451,94689,0.3507155380228646,4.0
1451,433809,0.24049562632767985,8.0
1451,522481,0.14171178762434594,10.0
1451,51729,0.22102221649724543,9.0
1451,440910,0.27974487945302756,7.0
5790,469776,0.986878336136135,1.0
5790,97348,0.7092834512375463,2.0
5790,101369,0.46791595246670187,5.0
5790,363810,0.4699777560486224,4.0
5790,141738,0.6431957255115438,3.0
5790,241136,0.4168257363308744,6.0
5790,305287,0.1662168299713879,9.0
5790,277353,0.1856169111186402,8.0
5790,149305,0.011138176638147578,10.0
5790,75235,0.2441956112575102,7.0
7295,435125,0.7961763489645353,1.0
7295,403755,0.2084099139740227,8.0
7295,93971,0.2964611676698915,5.0
7295,193398,0.21214402022638634,7.0
7295,39478,0.37278989994053624,4.0
7295,513258,0.38242782031500194,3.0
7295,456470,0.22744082951754496,6.0
7295,115553,0.42232884079806304,2.0
7295,3118,0.15355528047083478,9.0
7295,102436,0.092885814236891,10.0
5083,142876,1.0,1.0
5083,13975,0.6465683362032626,2.0
5083,368802,0.5445584728813049,3.0
5083,433197,0.1819712795880701,4.0
5083,333184,0.10747456166646227,7.0
5083,21103,0.03624737211321705,9.0
5083,579473,0.057916246741865685,8.0
5083,305360,0.0,10.0
5083,20958,0.1236892468847699,6.0
5083,19183,0.16133578845396265,5.0
7936,363043,0.9885840511645464,1.0
7936,336541,0.9441251468552065,2.0
7936,293767,0.6362310863328335,3.0
7936,320101,0.604507535495392,4.0
7936,43087,0.45120918096795937,6.0
7936,561884,0.4933053270762,5.0
7936,416307,0.4157932610461852,7.0
7936,187404,0.17319755949060606,8.0
7936,127585,0.15242302400565721,9.0
7936,214003,0.09674528341800678,10.0
8296,78675,1.0,1.0
8296,79998,0.6970403117030427,2.0
8296,146315,0.1362703296400449,5.0
8296,180571,0.0501145509901731,10.0
8296,26203,0.16561769574274307,4.0
8296,371720,0.17322029102764797,3.0
8296,61962,0.09519453258779745,6.0
8296,392037,0.07060133700282924,9.0
8296,99757,0.09305827175686428,7.0
8296,3118,0.07948575287098203,8.0
475,431685,0.9016878824948925,1.0
475,88124,0.7373577651315786,2.0
475,366761,0.7122703869760832,3.0
475,232199,0.3713497654699808,4.0
475,60637,0.03826820210351703,10.0
475,328341,0.23478750851914104,6.0
475,352640,0.2505268471156908,5.0
475,232563,0.19865894051722258,7.0
475,433,0.05223900512432899,9.0
475,372909,0.1930124006669322,8.0
3759,384631,0.6000000000000001,1.0
3759,152250,0.35627446667669216,3.0
3759,105634,0.5600468669076262,2.0
3759,414188,0.3041589739438614,4.0
3759,101369,0.2898772024206972,6.0
3759,445794,0.1622704695589276,9.0
3759,405217,0.27445911389166733,7.0
3759,264800,0.09853212159170627,10.0
3759,130877,0.19449275888963663,8.0
3759,146181,0.297270645139879,5.0
4615,596196,0.9376206413130006,2.0
4615,425595,0.9739248754831296,1.0
4615,69523,0.8325578158948108,3.0
4615,496427,0.752461057213768,5.0
4615,261900,0.7620227063866554,4.0
4615,226060,0.6021111256048791,7.0
4615,421365,0.6179640209748621,6.0
4615,19179,0.5004864223630158,8.0
4615,341493,0.019070141198479558,9.0
4615,15891,0.0,10.0
8874,403025,1.0,1.0
8874,251704,0.4646928030125783,2.0
8874,527231,0.34767747461346815,3.0
8874,66631,0.1511621598622323,5.0
8874,357685,0.042108649503690435,10.0
8874,370569,0.12401113980898709,6.0
8874,556976,0.07979311196387734,9.0
8874,349160,0.08195555012558726,8.0
8874,319793,0.31038815000804737,4.0
8874,571362,0.11554285735129656,7.0
26,399013,0.9276412714285016,1.0
26,528132,0.39645900243540744,5.0
26,409611,0.40443124876106196,4.0
26,565330,0.2722974773883544,7.0
26,563025,0.6053150706943524,2.0
26,2064,0.4757481114167793,3.0
26,401254,0.29194354078181345,6.0
26,452544,0.059212391241886195,9.0
26,367641,0.20729131495406128,8.0
26,71898,0.05373829425542642,10.0
3875,249859,1.0,1.0
3875,136315,0.6951566795399904,2.0
3875,442110,0.4499833125785709,3.0
3875,571258,0.3746731688535644,4.0
3875,158185,0.292958491364922,6.0
3875,426570,0.36512493445660765,5.0
3875,76515,0.17986459937537258,7.0
3875,143100,0.12485790348629573,8.0
3875,518406,0.09307835195531942,9.0
3875,414288,0.0,10.0
6835,159703,0.7052689387126606,2.0
6835,246221,0.46419989082663216,4.0
6835,149305,0.7239958395049402,1.0
6835,195767,0.5259280753387591,3.0
6835,403755,0.17908399983129153,6.0
6835,592636,0.20411648027825,5.0
6835,108721,0.15848325676924985,7.0
6835,238629,0.13286786941965661,8.0
6835,196427,0.10367321186376804,9.0
6835,467575,0.0,10.0
4433,301580,0.7108786321928082,1.0
4433,172703,0.5115634677026378,4.0
4433,539263,0.543350161069792,3.0
4433,297290,0.6230648942277283,2.0
4433,21311,0.2609293562593022,7.0
4433,379311,0.3069852791171035,6.0
4433,453542,0.14559091841955527,8.0
4433,451855,0.08055654967555259,9.0
4433,146181,0.4259119281133362,5.0
4433,536120,0.0,10.0
5374,115553,0.6836300333867439,2.0
5374,92267,0.9148867880510967,1.0
5374,251704,0.3004799990906737,8.0
5374,44601,0.41245065149325044,4.0
5374,60175,0.485371293269166,3.0
5374,294295,0.0506049801792365,10.0
5374,99857,0.37668391246251043,5.0
5374,537418,0.32867842708882783,6.0
5374,576564,0.30045857615972554,9.0
5374,186453,0.3236290083073372,7.0
6221,529551,0.8925084617434813,2.0
6221,551423,0.8960665964741779,1.0
6221,240261,0.5112545515328348,4.0
6221,128698,0.5615796860325828,3.0
6221,270856,0.5036281706484446,5.0
6221,66901,0.09676872979919962,10.0
6221,578488,0.2710199163423655,8.0
6221,384626,0.36747296600684326,6.0
6221,405352,0.3224826416977159,7.0
6221,494753,0.24085449666438843,9.0
672,593283,0.9678648037856499,1.0
672,563025,0.842969013273174,2.0
672,213370,0.6427895354050347,6.0
672,40966,0.668192628982179,4.0
672,273947,0.678978547952026,3.0
672,15824,0.6534692959928381,5.0
672,67167,0.3417575222341111,7.0
672,170141,0.1412279720213586,9.0
672,201800,0.029393486807531795,10.0
672,494689,0.3009185629910946,8.0
2593,231614,0.9917399410867094,1.0
2593,169688,0.22871888735711268,8.0
2593,147343,0.5223443312668323,2.0
2593,73427,0.08453493835062297,10.0
2593,528132,0.3701314874033922,3.0
2593,399013,0.33059257710127804,4.0
2593,387573,0.25682168112608367,7.0
2593,449630,0.31676639041734933,5.0
2593,394460,0.2917068510019041,6.0
2593,171339,0.22571669128714125,9.0
4019,287991,0.9521959196699337,1.0
4019,553288,0.9431726759834335,2.0
4019,332749,0.8376561899911654,3.0
4019,94423,0.19971631243428112,8.0
4019,561056,0.40175393943743054,5.0
4019,448699,0.24805866760816053,7.0
4019,377223,0.40843289199139315,4.0
4019,126134,0.04070932218151008,10.0
4019,1164,0.1329961291904088,9.0
4019,468879,0.27892420165642395,6.0
7205,370569,0.8124493172739737,2.0
7205,159966,0.8610631825260114,1.0
7205,186453,0.33929680463645984,4.0
7205,100103,0.29614686241785415,5.0
7205,62151,0.2842254035957258,6.0
7205,565926,0.3419163341061784,3.0
7205,336541,0.11074964726332236,9.0
7205,442048,0.1378856542283776,8.0
7205,558370,0.017735152337477706,10.0
7205,12432,0.14233361326500743,7.0
6611,329425,0.7707688005341873,2.0
6611,293679,0.9955881387262915,1.0
6611,142631,0.34606275815661314,5.0
6611,39819,0.15448522388573685,8.0
6611,81304,0.34616824868084284,4.0
6611,198764,0.4140426359023185,3.0
6611,297290,0.22224043833646095,6.0
6611,17208,0.16168154968340598,7.0
6611,112208,0.10730524818265848,9.0
6611,345533,0.010878047030793552,10.0
7911,131996,1.0,1.0
7911,57711,0.8320023147261311,2.0
7911,553304,0.23645637179381876,5.0
7911,69197,0.28879468409793935,3.0
7911,386173,0.08871590028744873,10.0
7911,506617,0.27764512570010896,4.0
7911,597401,0.20170004336355526,6.0
7911,543714,0.09789915664174217,8.0
7911,116647,0.0959857425283016,9.0
7911,385574,0.16387068404538493,7.0
7463,577951,1.0,1.0
7463,387277,0.6442889008888217,2.0
7463,176498,0.5948890854166404,3.0
7463,423403,0.5913802778679104,4.0
7463,565698,0.27250029545707977,5.0
7463,328086,0.09050391894128142,9.0
7463,350145,0.13871124194341397,8.0
7463,216384,0.2565992120455581,7.0
7463,188015,0.2637997685836457,6.0
7463,528034,0.06720372367467475,10.0
4999,9938,1.0,1.0
4999,305117,0.4261964289915493,3.0
4999,46211,0.4858863426613481,2.0
4999,350680,0.2545743113008744,4.0
4999,216327,0.12697437962021935,7.0
4999,411061,0.17075359222080033,5.0
4999,406185,0.1365073916086797,6.0
4999,13657,0.03967504213753118,10.0
4999,580920,0.08232853557105925,8.0
4999,222153,0.061924694624380494,9.0
7344,14368,1.0,1.0
7344,418150,0.6170652826983285,2.0
7344,327978,0.2881368576067149,4.0
7344,392851,0.3356792195863248,3.0
7344,301224,0.06360450998896422,9.0
7344,39247,0.19839389325266488,5.0
7344,527231,0.17385338707435555,7.0
7344,72652,0.1372432319877079,8.0
7344,58753,0.008009348761588531,10.0
7344,266319,0.18380294631932556,6.0
7705,377429,0.9046544567125014,1.0
7705,539263,0.7907387154843091,2.0
7705,480315,0.5886975125363461,3.0
7705,467575,0.3738679875838846,5.0
7705,172703,0.3253435912344792,7.0
7705,536120,0.46113590797031223,4.0
7705,87722,0.33459775119328006,6.0
7705,345199,0.057463480824519346,10.0
7705,96926,0.3178090686061283,8.0
7705,387277,0.24075770319684422,9.0
1815,372909,0.8818638830831445,2.0
1815,446928,0.9702479060528914,1.0
1815,363591,0.8075369815409639,3.0
1815,432080,0.6167754211360931,4.0
1815,88124,0.5769165006348445,6.0
1815,457701,0.5846208750273821,5.0
1815,328341,0.42356058548660425,7.0
1815,528522,0.28679976731569656,9.0
1815,539133,0.33933568213264,8.0
1815,459677,0.0,10.0
7467,193312,1.0,1.0
7467,371720,0.5787594292040112,2.0
7467,26203,0.41572904044374664,4.0
7467,457532,0.47712887063440335,3.0
7467,55999,0.34106199683232574,6.0
7467,428017,0.24790111292487332,7.0
7467,435963,0.34998059120584374,5.0
7467,431814,0.039662031852243367,10.0
7467,253024,0.15849476628654396,8.0
7467,99757,0.14334223373989297,9.0
8013,198349,0.8273254634584832,1.0
8013,383978,0.7423716170874729,2.0
8013,374151,0.6850996566315481,3.0
8013,244433,0.6708273058241649,4.0
8013,251824,0.5070479134009056,6.0
8013,241101,0.5390245927786395,5.0
8013,398123,0.3924086595629557,8.0
8013,31793,0.033034681665213166,10.0
8013,498378,0.425468251630636,7.0
8013,588247,0.09848224866347391,9.0
1415,66246,0.9258584424051282,1.0
1415,306144,0.7999678073861504,4.0
1415,393953,0.8639815756545545,2.0
1415,591940,0.6592084910085673,5.0
1415,387165,0.851662821591687,3.0
1415,583956,0.48974977061467884,6.0
1415,110515,0.14053199468575117,9.0
1415,318266,0.14566155542695655,8.0
1415,183612,0.03490591370460658,10.0
1415,232063,0.20531833165889238,7.0
7758,480315,0.8183392966978014,2.0
7758,574327,0.8810923986420982,1.0
7758,69696,0.3939589908588882,4.0
7758,112714,0.5199568878007166,3.0
7758,379311,0.19437024060516178,5.0
7758,122432,0.04951124840028702,10.0
7758,322826,0.09982043075322147,8.0
7758,112208,0.09610785425461771,9.0
7758,17923,0.1202742404590856,7.0
7758,172703,0.15841580404758812,6.0
1915,306144,0.8806029396298625,1.0
1915,182168,0.7307776931563701,2.0
1915,78176,0.32093696278703254,8.0
1915,393953,0.6588516298765619,3.0
1915,140038,0.5019971303981878,6.0
1915,583956,0.579786131626818,4.0
1915,318266,0.5593006963148593,5.0
1915,66246,0.3991404315143725,7.0
1915,505580,0.006317457082495284,10.0
1915,591940,0.2534711676354647,9.0
4415,108859,0.6000000000000001,3.0
4415,32744,0.7178668712493447,1.0
4415,61792,0.5497508859543105,4.0
4415,370879,0.5037397728692439,6.0
4415,14926,0.6298065336901721,2.0
4415,244427,0.47957186305376676,7.0
4415,399751,0.38520226252494505,8.0
4415,147646,0.5350452316866512,5.0
4415,309550,0.3749477999788737,9.0
4415,235522,0.238975214393579,10.0
10482,201495,0.8978610391457926,2.0
10482,439757,0.9674475370541319,1.0
10482,387277,0.6042210071073605,3.0
10482,518379,0.580667517476339,4.0
10482,175821,0.2789049032803917,6.0
10482,142696,0.16387210015729237,9.0
10482,535317,0.2604750453395077,7.0
10482,364575,0.006871481425589346,10.0
10482,72402,0.23372860368983767,8.0
10482,34925,0.399253343890417,5.0
2296,119298,0.9794323500572595,1.0
2296,279897,0.7233959834113598,2.0
2296,460357,0.4534167691364743,4.0
2296,396853,0.5768056106403141,3.0
2296,577201,0.3304405124206671,6.0
2296,410119,0.14488316524601838,9.0
2296,275410,0.07988045885117455,10.0
2296,120090,0.2275045538481067,7.0
2296,169688,0.21185523806314013,8.0
2296,175982,0.3424354418069774,5.0
6787,58290,0.8047919738937362,2.0
6787,456436,0.9580223140868844,1.0
6787,124230,0.7917264878021334,3.0
6787,457294,0.2975755773115588,8.0
6787,261189,0.41910392238584304,4.0
6787,220022,0.17465665541144582,9.0
6787,382381,0.3012145923840979,7.0
6787,552707,0.33149145372943983,6.0
6787,309555,0.08580129853564086,10.0
6787,223070,0.3999999999999999,5.0
2857,117451,0.9400959546311045,1.0
2857,123659,0.5334799072326794,4.0
2857,590917,0.29697114423750653,7.0
2857,295864,0.5939753664155657,2.0
2857,19606,0.4903875896983493,5.0
2857,60175,0.5656155728079195,3.0
2857,348733,0.11753136130930737,9.0
2857,464502,0.16091139651010758,8.0
2857,581038,0.3104128095309493,6.0
2857,482335,0.026481477108885758,10.0
753,114418,0.893425827766919,1.0
753,51729,0.6493700574759325,2.0
753,581509,0.47247559309597553,4.0
753,72046,0.19481506011475846,6.0
753,466718,0.5339022284201413,3.0
753,504255,0.25327580542547856,5.0
753,297290,0.10777519861053442,8.0
753,125355,0.1360096251155884,7.0
753,177648,0.09317049510858787,9.0
753,61792,0.0,10.0
2676,55666,1.0,1.0
2676,13975,0.6711305875434903,2.0
2676,264408,0.5334173564659875,3.0
2676,44110,0.32480554381124727,6.0
2676,182168,0.5103649438768204,4.0
2676,313171,0.3959199152827849,5.0
2676,244749,0.11719778072961318,9.0
2676,218845,0.20327107160959537,8.0
2676,279897,0.21457382563248814,7.0
2676,196427,0.08239692518366803,10.0
7456,164008,0.8004616881772388,2.0
7456,494727,0.8473992137677709,1.0
7456,284235,0.6579186808927029,3.0
7456,169062,0.600284977593479,5.0
7456,413041,0.2735647917284665,8.0
7456,316838,0.4056176140383245,6.0
7456,112714,0.6499579149779051,4.0
7456,69197,0.35039874413265726,7.0
7456,127452,0.20101518202714508,10.0
7456,394244,0.20767217229219598,9.0
2579,524471,0.9241842437060295,1.0
2579,280838,0.7193180579190511,2.0
2579,229809,0.43765999458843496,4.0
2579,570155,0.3498403042092889,6.0
2579,263481,0.4150203557524196,5.0
2579,197052,0.5012852486579082,3.0
2579,55064,0.1442359296907139,7.0
2579,579473,0.09937663638998162,8.0
2579,566480,0.021089478494721266,10.0
2579,410119,0.055737606238702865,9.0
687,506831,0.8441014714712523,1.0
687,342258,0.5910684192018907,2.0
687,449630,0.41210062553877824,5.0
687,214024,0.3458844702538868,7.0
687,478186,0.4878285099746055,3.0
687,579473,0.44873303604236936,4.0
687,406457,0.3507983969955637,6.0
687,508895,0.19055028932962337,8.0
687,494926,0.005401322165450316,10.0
687,16670,0.0886919319740581,9.0
2445,431685,1.0,1.0
2445,328341,0.41992314361402605,2.0
2445,352838,0.39157799355571976,3.0
2445,372909,0.3263657063139957,5.0
2445,366761,0.3734943196659799,4.0
2445,195081,0.08795607020912985,9.0
2445,88124,0.21966670591652787,6.0
2445,114418,0.17483092257042537,7.0
2445,360011,0.014281000939571032,10.0
2445,539133,0.1383162418682676,8.0
2885,17651,0.6629119657290793,1.0
2885,460398,0.430402628132137,4.0
2885,429579,0.4474056945690079,3.0
2885,516444,0.3079207400676618,6.0
2885,102081,0.6558277261716909,2.0
2885,540539,0.2479721326742327,8.0
2885,118730,0.4157009643281111,5.0
2885,279865,0.26433751229169805,7.0
2885,101453,0.04025178449983993,10.0
2885,167356,0.192285591006132,9.0
5264,431814,0.8835231748159403,1.0
5264,42438,0.2836518575202529,4.0
5264,52579,0.6305159310786049,2.0
5264,505694,0.28728563666854695,3.0
5264,114439,0.05955691629511398,8.0
5264,580920,0.2626921870298593,5.0
5264,481166,0.08394164682331944,7.0
5264,400841,0.019632564593309965,10.0
5264,371720,0.18405145250556215,6.0
5264,186453,0.036641267060908984,9.0
7633,494727,1.0,1.0
7633,284235,0.7421108119662013,2.0
7633,164008,0.49686264502633215,3.0
7633,175831,0.45174356310419084,5.0
7633,228983,0.4749796010330694,4.0
7633,413041,0.19096003185540272,9.0
7633,112714,0.21146372886124987,8.0
7633,127452,0.2276814157323261,7.0
7633,31465,0.16647757046207998,10.0
7633,394244,0.3019676676389631,6.0
9291,17208,0.9978902372903196,1.0
9291,480315,0.7090281813046876,2.0
9291,536120,0.6705136398796395,3.0
9291,377429,0.6077966211648317,4.0
9291,539263,0.35757475149836326,5.0
9291,423658,0.2825356696826586,7.0
9291,172703,0.3515094212052813,6.0
9291,345199,0.1749755930097881,8.0
9291,61022,0.10402731211643182,9.0
9291,328086,0.0,10.0
4640,331534,1.0,1.0
4640,367785,0.5831775817781764,2.0
4640,104788,0.4628118071894922,3.0
4640,183612,0.2865221843404153,5.0
4640,526110,0.17778633032973942,7.0
4640,298099,0.41045434561209526,4.0
4640,454810,0.1563580376529915,8.0
4640,153541,0.2271907406491837,6.0
4640,49797,0.10251432906448629,10.0
4640,468923,0.1338948849343312,9.0
939,366761,0.8416717352382055,1.0
939,466084,0.27568367091134216,4.0
939,31793,0.38345831537993413,3.0
939,392434,0.5147563305094159,2.0
939,55666,0.18924554108448088,6.0
939,19183,0.21267916374117385,5.0
939,565181,0.10601825392327716,9.0
939,467575,0.022658115431800786,10.0
939,115333,0.11643118866781225,8.0
939,250702,0.18572093952126228,7.0
1306,387022,0.8595649700477259,1.0
1306,266952,0.5120111393673324,3.0
1306,594206,0.5843400276326974,2.0
1306,472243,0.476595764159917,4.0
1306,447353,0.22836746397601954,5.0
1306,410119,0.22245381458515884,6.0
1306,460457,0.20632817981457185,7.0
1306,18003,0.12218706195224399,9.0
1306,372204,0.014279160816423941,10.0
1306,583203,0.15977140312295768,8.0
8475,104793,0.9322627643777551,1.0
8475,494655,0.9118870632847614,2.0
8475,240562,0.7357590802173128,3.0
8475,21311,0.39946477408632286,6.0
8475,437427,0.46949446411204054,4.0
8475,361028,0.11470507541969395,10.0
8475,51615,0.13634593972749393,8.0
8475,444107,0.4220727858101093,5.0
8475,72402,0.11529796171686489,9.0
8475,174335,0.17719944764016335,7.0
6807,332567,1.0,1.0
6807,402466,0.37543056382990475,2.0
6807,187583,0.22509831780229395,4.0
6807,459351,0.2703639263001275,3.0
6807,535697,0.2074135126852688,5.0
6807,59714,0.05766396750310413,10.0
6807,211622,0.11821115071260593,7.0
6807,11184,0.14155609368283295,6.0
6807,565765,0.09891560966802466,9.0
6807,93971,0.10207428046672831,8.0
5228,259476,0.8117192797098302,2.0
5228,158732,0.8512241264299363,1.0
5228,131774,0.734464167667747,3.0
5228,331534,0.7272566165212505,4.0
5228,341947,0.6255766520279709,5.0
5228,366594,0.374721331252723,7.0
5228,140038,0.3713375625441909,8.0
5228,156194,0.12666791049549614,9.0
5228,352120,0.42477230613748423,6.0
5228,414534,0.0,10.0
2856,108739,0.7519261951149889,1.0
2856,296769,0.687200619986193,2.0
2856,346042,0.639935859848502,3.0
2856,219033,0.5098638166643745,4.0
2856,361028,0.5084825626920968,5.0
2856,23340,0.3264616218972308,8.0
2856,386173,0.13441018286934178,10.0
2856,231727,0.3771924650790629,7.0
2856,110848,0.43884241984885863,6.0
2856,213331,0.2686445328011103,9.0
3791,212222,1.0,1.0
3791,301570,0.10652399373977228,9.0
3791,521641,0.21948596023296732,5.0
3791,10790,0.15261909194889156,7.0
3791,197494,0.10403782863787772,10.0
3791,482415,0.2238949453428282,4.0
3791,572272,0.13163240731154113,8.0
3791,34925,0.18215934633302125,6.0
3791,440270,0.2445372994026799,3.0
3791,577201,0.27817619703403706,2.0
4514,1642,0.8365123622257157,2.0
4514,156211,0.9198305469749857,1.0
4514,426270,0.7753459742992721,3.0
4514,317429,0.5822764182607054,4.0
4514,352485,0.5549913880290853,5.0
4514,197222,0.2574387175423186,6.0
4514,117451,0.1397526484847673,9.0
4514,565782,0.24870024730605675,7.0
4514,514417,0.142700181727755,8.0
4514,134722,0.0,10.0
6122,496166,1.0,1.0
6122,118280,0.2814144874386532,3.0
6122,117274,0.274857049333329,4.0
6122,305509,0.3006442859501255,2.0
6122,42533,0.18176527347221744,8.0
6122,219504,0.20706860706678554,5.0
6122,283072,0.01788076289290466,10.0
6122,428829,0.1821877600080303,7.0
6122,39819,0.11569153725036457,9.0
6122,102081,0.19474047823888116,6.0
8832,108059,0.6000000000000001,2.0
8832,94689,0.9947436704441317,1.0
8832,597351,0.4079886718750794,3.0
8832,268289,0.3272245784172226,4.0
8832,170594,0.27290626381527433,5.0
8832,133093,0.23702005634796652,6.0
8832,259317,0.21866923781543934,7.0
8832,234103,0.10436379708322321,8.0
8832,195767,0.025149054275326207,9.0
8832,387141,0.02339327019331189,10.0
7145,301580,0.9506111364931391,1.0
7145,379311,0.8489167739638857,2.0
7145,62966,0.3440033911904902,5.0
7145,297290,0.46058216466841073,3.0
7145,451855,0.12480814638146574,10.0
7145,471964,0.2120800114572831,6.0
7145,453542,0.13379657943382772,9.0
7145,387277,0.16527072378971464,8.0
7145,81458,0.395694194994532,4.0
7145,172703,0.20154278355766397,7.0
7674,164008,0.7234828356918321,2.0
7674,249279,0.9258199206994812,1.0
7674,367641,0.2671005910939807,6.0
7674,89460,0.5737134929171213,4.0
7674,65120,0.5808918347716396,3.0
7674,494295,0.45031804695694844,5.0
7674,223206,0.22482237041701109,7.0
7674,452870,0.15779987866325235,8.0
7674,172443,0.033178755537608594,9.0
7674,2064,0.006573689246122533,10.0
8202,115553,0.8020380423077687,2.0
8202,92267,0.994629588043541,1.0
8202,251704,0.31660515118599153,7.0
8202,514500,0.35127326298528644,5.0
8202,60175,0.4231805944819056,4.0
8202,99857,0.4882479165624645,3.0
8202,186453,0.32234910338511913,6.0
8202,31465,0.1177218493075827,9.0
8202,59714,0.2735295529518638,8.0
8202,265213,0.0,10.0
3682,233497,0.6190252704760144,5.0
3682,329662,0.9906588185919144,1.0
3682,426223,0.6215202654989208,4.0
3682,537418,0.7193854636762489,3.0
3682,388613,0.4107964875967603,6.0
3682,336018,0.748983986121144,2.0
3682,27401,0.3671584753747624,7.0
3682,281707,0.14067080134197432,9.0
3682,55022,0.14063833725629069,10.0
3682,330041,0.29833478333917235,8.0
3446,323498,1.0,1.0
3446,211839,0.8594646614579318,2.0
3446,31550,0.7064459358885498,3.0
3446,505027,0.5435294990517802,4.0
3446,367785,0.4466309600866242,5.0
3446,204176,0.37667166423502996,7.0
3446,366685,0.4378110617132879,6.0
3446,157702,0.23176845117927775,8.0
3446,241099,0.10998760688895216,10.0
3446,511386,0.20594338172653376,9.0
7592,40966,0.910129216601459,1.0
7592,273947,0.7008734563280827,2.0
7592,593283,0.5319790116724702,5.0
7592,170141,0.23902502832931827,9.0
7592,208219,0.5614454256734684,3.0
7592,563025,0.5583318716718575,4.0
7592,73427,0.3681336804952947,6.0
7592,213370,0.2875851423634723,8.0
7592,15824,0.3106334345235149,7.0
7592,198349,0.01607398673775199,10.0
6715,13732,0.9845542283248891,1.0
6715,568526,0.7693419203646624,2.0
6715,275902,0.41119772789646036,3.0
6715,193312,0.4055131152882664,4.0
6715,518563,0.16303957628756452,10.0
6715,51729,0.26578434811463003,6.0
6715,457294,0.2702479952177903,5.0
6715,149306,0.2394932641024524,7.0
6715,526110,0.21783628366135557,8.0
6715,113619,0.20459253843442635,9.0
2264,534454,1.0,1.0
2264,556976,0.4322983867606041,4.0
2264,244104,0.5383799955496252,2.0
2264,350819,0.20896531089307668,8.0
2264,588247,0.22130126886573007,6.0
2264,488574,0.46842150170167923,3.0
2264,31793,0.24947201209952824,5.0
2264,352838,0.14948354307195366,10.0
2264,450808,0.2122572032199432,7.0
2264,498834,0.17826978508444197,9.0
6121,315275,0.7520791514559328,2.0
6121,289231,0.9246955453535061,1.0
6121,523158,0.26257779604619785,5.0
6121,184175,0.30378682404200785,3.0
6121,333184,0.16295996493902998,8.0
6121,524801,0.2953926296571817,4.0
6121,235545,0.22587041112969838,6.0
6121,570964,0.11774101469828054,9.0
6121,171339,0.10444803539524226,10.0
6121,344573,0.1993531634355079,7.0
3453,418626,1.0,1.0
3453,156211,0.6673796871653865,2.0
3453,1642,0.5197487157344174,3.0
3453,296516,0.12482870916561062,9.0
3453,233635,0.45807399756235667,4.0
3453,317429,0.19437790213078396,6.0
3453,352485,0.19849287726109183,5.0
3453,565782,0.17924513994876606,8.0
3453,337764,0.10821255231545154,10.0
3453,209804,0.1818728810897334,7.0
6985,561884,0.7077886292878406,2.0
6985,149305,0.480067807193603,3.0
6985,456436,0.7146048336978843,1.0
6985,78029,0.28025797340376796,5.0
6985,403755,0.2824768424040865,4.0
6985,538023,0.2004315195720351,8.0
6985,464533,0.09641665512011804,10.0
6985,196427,0.21374278522463924,6.0
6985,54584,0.2031988367365597,7.0
6985,587120,0.19481268616133657,9.0
2181,77245,0.9750802294293371,1.0
2181,234436,0.9546952323806438,2.0
2181,470289,0.8453079168889218,3.0
2181,136315,0.289462108723075,6.0
2181,101604,0.27153233310295616,7.0
2181,288189,0.32114805199952284,4.0
2181,391988,0.2360001621402807,8.0
2181,56718,0.3200899381630882,5.0
2181,555732,0.23036362893468076,9.0
2181,499782,0.0,10.0
8532,40702,0.7855837901413161,2.0
8532,416307,0.9913072918097664,1.0
8532,427726,0.6596038366595867,3.0
8532,543714,0.4720657589249316,5.0
8532,42438,0.6119119771929553,4.0
8532,344372,0.39470502566266924,6.0
8532,125355,0.37498759861001546,7.0
8532,483299,0.3332229144015838,8.0
8532,100103,0.17754165103836267,10.0
8532,6574,0.29615975094903857,9.0
4312,222639,0.8905766031520401,2.0
4312,282435,0.9325490013794047,1.0
4312,167950,0.817304795595517,3.0
4312,324779,0.2278214787476872,6.0
4312,507284,0.46742252432556697,4.0
4312,116647,0.445055676830735,5.0
4312,218759,0.17016121510237475,8.0
4312,535998,0.009903069834157573,10.0
4312,228341,0.19209739412855736,7.0
4312,535651,0.06579373594938683,9.0
9108,415976,0.6000000000000001,2.0
9108,123702,0.6649455608808612,1.0
9108,133468,0.30343460735670413,6.0
9108,258291,0.490673023976092,4.0
9108,461592,0.3213810984879617,5.0
9108,579763,0.5114482235807888,3.0
9108,472051,0.2922193731339097,7.0
9108,298128,0.11296228323295344,10.0
9108,305579,0.20496780726420302,9.0
9108,22221,0.22540840964131603,8.0
8116,433032,1.0,1.0
8116,319793,0.6176659410562286,3.0
8116,236482,0.6292066040103103,2.0
8116,182297,0.292533597938325,6.0
8116,533457,0.4726025968202422,4.0
8116,403186,0.11911128007769031,9.0
8116,433197,0.36272231524983967,5.0
8116,38711,0.16884318471540158,8.0
8116,374867,0.17846346693888346,7.0
8116,314478,0.07161833773107074,10.0
9403,243148,0.6000000000000001,1.0
9403,228403,0.4772635888895445,2.0
9403,175982,0.21702146521719812,7.0
9403,562793,0.31072083408440276,5.0
9403,81924,0.14391229609024705,8.0
9403,472516,0.1013090813968078,9.0
9403,513258,0.061144601645669386,10.0
9403,150650,0.4135554422595328,3.0
9403,269898,0.38270911486585674,4.0
9403,29790,0.25422989988203737,6.0
776,124027,1.0,1.0
776,597247,0.33182268477379406,3.0
776,597880,0.3582519048002544,2.0
776,592680,0.3056179869252018,5.0
776,10440,0.32387571728048375,4.0
776,276411,0.026997112131582145,10.0
776,496899,0.2409388532631816,6.0
776,418864,0.21747554852628606,7.0
776,454810,0.1759408553206068,9.0
776,136270,0.19820565766706444,8.0
6199,473322,0.997027858860424,1.0
6199,157553,0.8455742312123857,2.0
6199,332314,0.5258292006425547,4.0
6199,521641,0.6201120163306105,3.0
6199,433801,0.33997319748584826,6.0
6199,93231,0.1768376825043403,10.0
6199,525827,0.29469721748389643,7.0
6199,409120,0.2046758732798694,9.0
6199,279845,0.28846800601639894,8.0
6199,366448,0.3565571326312421,5.0
1393,234436,0.9885561945751451,1.0
1393,220022,0.7652085580857171,2.0
1393,532932,0.6658648889489747,3.0
1393,394871,0.4792398569207399,6.0
1393,77245,0.5453889276752226,5.0
1393,352640,0.5668306800679601,4.0
1393,499782,0.16641164846321793,10.0
1393,326665,0.18650270741806202,9.0
1393,196920,0.27438903253305025,7.0
1393,555732,0.21305075121167452,8.0
9668,111768,0.9577107643887275,1.0
9668,75437,0.3781278323196387,5.0
9668,55022,0.2713053120329999,7.0
9668,6574,0.41124738948784767,4.0
9668,62151,0.3548118532928435,6.0
9668,594655,0.12986686334511457,9.0
9668,13260,0.4829138830240993,2.0
9668,79998,0.14952298519452772,8.0
9668,42438,0.4600870970086991,3.0
9668,416307,0.10883562580777491,10.0
9088,557219,0.9560336297033005,1.0
9088,224654,0.6672826515240711,3.0
9088,536120,0.5117452710781983,4.0
9088,226303,0.6791330684188246,2.0
9088,539263,0.2546724221586141,9.0
9088,511093,0.3020977860340618,7.0
9088,433809,0.18650866414136638,10.0
9088,472516,0.3982211236837754,5.0
9088,461051,0.3821092014580112,6.0
9088,344041,0.263726119531341,8.0
3091,159936,0.9307051013955034,1.0
3091,187739,0.8258685270279184,2.0
3091,95778,0.6308965702502024,3.0
3091,416796,0.32403732129510676,6.0
3091,437538,0.29986225573582254,7.0
3091,254454,0.2232966363530106,8.0
3091,274870,0.397198905814178,4.0
3091,426223,0.005185775711044604,10.0
3091,366448,0.3958287557760813,5.0
3091,216384,0.15392529843895508,9.0
1157,405777,1.0,1.0
1157,266952,0.26744525039232053,4.0
1157,251411,0.2793080652420105,3.0
1157,243503,0.4099326128232069,2.0
1157,452544,0.2352892878593858,5.0
1157,564618,0.1080337194345195,7.0
1157,295980,0.014203844671504918,10.0
1157,388455,0.159968215179167,6.0
1157,350819,0.027082389042093882,9.0
1157,97348,0.08100371089458239,8.0
4335,318583,1.0,1.0
4335,322246,0.7371085909150852,2.0
4335,416225,0.3437724978607795,3.0
4335,109860,0.2038736726180449,6.0
4335,382381,0.1033802574310329,8.0
4335,110515,0.21728832150479485,5.0
4335,126134,0.22293646117262259,4.0
4335,190169,0.07331185469402932,10.0
4335,158185,0.13585383004830895,7.0
4335,274359,0.08292909493538161,9.0
8947,545759,0.6000000000000001,4.0
8947,61022,0.6850852183302432,1.0
8947,532657,0.6247756493140209,3.0
8947,461592,0.6773274460358474,2.0
8947,461084,0.41990156094973397,5.0
8947,127134,0.36379915253444683,6.0
8947,384564,0.2834190665262146,7.0
8947,388646,0.1328681388882165,9.0
8947,452870,0.25390129509579007,8.0
8947,214901,0.13051843066913352,10.0
6410,418150,1.0,1.0
6410,112208,0.6131926062341918,2.0
6410,273861,0.4292920177338871,4.0
6410,172703,0.4933769076825236,3.0
6410,59994,0.3954133605216152,5.0
6410,528034,0.26694171901718633,7.0
6410,107092,0.09783656397777012,10.0
6410,100485,0.30328282154632175,6.0
6410,133093,0.2346862925505075,9.0
6410,87722,0.24167231181590498,8.0
5196,565745,1.0,1.0
5196,219033,0.7440910818349338,2.0
5196,213370,0.5691480707547023,3.0
5196,171339,0.48155028626625795,4.0
5196,356928,0.33963409958289276,5.0
5196,581889,0.19519484746133658,7.0
5196,273528,0.1409602813073551,8.0
5196,114829,0.09687035733852983,9.0
5196,555101,0.004418069773835568,10.0
5196,474050,0.31747490373387705,6.0
8789,87349,1.0,1.0
8789,41912,0.5186921434215749,2.0
8789,102436,0.24533148254311432,4.0
8789,58290,0.19545464481598857,5.0
8789,14870,0.2720058086921816,3.0
8789,328341,0.17395761523480666,6.0
8789,152014,0.11955460195372024,8.0
8789,296528,0.008418836753047894,10.0
8789,213526,0.1574613122065711,7.0
8789,316838,0.07905503896316812,9.0
5808,251824,1.0,1.0
5808,51615,0.34036278827494115,6.0
5808,535697,0.550436206673473,2.0
5808,43781,0.35492061471258607,3.0
5808,226053,0.22890392902125806,7.0
5808,226070,0.3414803753325751,5.0
5808,271243,0.3493041047515915,4.0
5808,88477,0.031022807478357457,10.0
5808,350145,0.05042775419779062,9.0
5808,72652,0.1918235317050085,8.0
9701,225682,1.0,1.0
9701,19711,0.30917517012623147,3.0
9701,494926,0.27091195866729517,4.0
9701,384230,0.1006067080374565,10.0
9701,457416,0.21064416167737107,6.0
9701,279865,0.3288540993717822,2.0
9701,473540,0.23507796710044535,5.0
9701,76054,0.11583618698784601,9.0
9701,533515,0.1884450908153882,7.0
9701,321969,0.1499145867344977,8.0
3179,56718,0.8556798997207982,2.0
3179,385073,0.9428776284590117,1.0
3179,150219,0.7943238207750957,3.0
3179,243503,0.27377689695215024,6.0
3179,442142,0.2859360526325916,5.0
3179,352838,0.3556991571417172,4.0
3179,124630,0.03470527559249135,10.0
3179,431685,0.18992945981118525,7.0
3179,597247,0.0430926019444972,9.0
3179,174335,0.13065945487778266,8.0
6896,196427,0.8479357078203085,1.0
6896,330041,0.7264802423075888,2.0
6896,244749,0.41496339808895705,5.0
6896,223070,0.49412172663992926,3.0
6896,403755,0.2664800091686281,7.0
6896,38711,0.24237226031781695,8.0
6896,149305,0.2020092106359384,10.0
6896,106501,0.3175090119139869,6.0
6896,587120,0.4375781150484593,4.0
6896,102443,0.24227395410064378,9.0
2513,25762,0.7952356454525178,1.0
2513,518624,0.5235571751718342,3.0
2513,588247,0.42529734492635474,4.0
2513,82344,0.5866260765491282,2.0
2513,97348,0.27830530933222747,5.0
2513,102443,0.17367121926887524,8.0
2513,405777,0.231308441879839,7.0
2513,352838,0.24151454108977916,6.0
2513,147646,0.07477920373229086,9.0
2513,120090,0.0,10.0
8937,294295,0.7510594548168557,1.0
8937,13260,0.3407994399610301,6.0
8937,336541,0.3843274331426639,5.0
8937,320101,0.39647092926605015,4.0
8937,416307,0.4095583459743182,3.0
8937,100103,0.31247791284901016,7.0
8937,363043,0.4303284378323002,2.0
8937,429378,0.02301742352345695,10.0
8937,88892,0.15357493422582008,9.0
8937,214003,0.19518901009451836,8.0
9643,112208,1.0,1.0
9643,100485,0.635574143247159,2.0
9643,480315,0.34864308282057466,3.0
9643,428082,0.13292211643669377,10.0
9643,467575,0.19864858216173453,6.0
9643,87722,0.23278632694312307,5.0
9643,581038,0.24405834139268062,4.0
9643,214542,0.15300430582027902,8.0
9643,539263,0.19666737382056873,7.0
9643,156816,0.13425901230870296,9.0
5653,588247,1.0,1.0
5653,483456,0.22860108386011235,2.0
5653,14543,0.14965657715595965,4.0
5653,87722,0.12965749591968978,5.0
5653,290930,0.18575367373768137,3.0
5653,461592,0.12817364483371094,6.0
5653,446984,0.05205365543836281,9.0
5653,583635,0.1087350199444862,8.0
5653,31377,0.115598784992281,7.0
5653,66631,0.018910106967803295,10.0
2551,143100,1.0,1.0
2551,479276,0.5417607393148542,2.0
2551,202990,0.2929066076519227,3.0
2551,9938,0.13655644798792105,6.0
2551,394460,0.19274654064253993,4.0
2551,242124,0.13211118150147116,7.0
2551,523158,0.15477449317625216,5.0
2551,384642,0.07173297350420597,8.0
2551,572272,0.019075951110767948,9.0
2551,362805,0.0,10.0
1948,467509,1.0,1.0
1948,108739,0.5906705070839517,2.0
1948,356928,0.5190902913739474,3.0
1948,223206,0.22210319154599614,8.0
1948,219033,0.44607744308997876,4.0
1948,443795,0.34883572860699613,6.0
1948,362215,0.4149260726360696,5.0
1948,377571,0.23270648427623453,7.0
1948,399700,0.08835101584835257,10.0
1948,213331,0.18827938950731665,9.0
4920,228341,1.0,1.0
4920,82294,0.9298918096512434,2.0
4920,277217,0.525452891205031,4.0
4920,306815,0.7829715963226391,3.0
4920,22221,0.10564835842296144,6.0
4920,371720,0.09681827912265464,7.0
4920,415340,0.03865902311901055,9.0
4920,323363,0.043222222252460814,8.0
4920,283202,0.0259508815099035,10.0
4920,115517,0.1144189212100895,5.0
2589,450577,1.0,1.0
2589,43961,0.8185160082460909,2.0
2589,468144,0.5438609726909593,3.0
2589,437969,0.193105143452634,5.0
2589,581889,0.22872353440891952,4.0
2589,509650,0.13753400381663444,8.0
2589,75252,0.14311235105800146,7.0
2589,307610,0.10337802921014258,9.0
2589,557877,0.1433297484285878,6.0
2589,527698,0.0,10.0
7513,112208,0.9585657334311486,1.0
7513,172703,0.845933501252573,2.0
7513,328086,0.6766982777102132,4.0
7513,115372,0.6946238017915282,3.0
7513,273861,0.5592571814707156,5.0
7513,87722,0.23912276987920522,9.0
7513,377429,0.3005575157667854,7.0
7513,387277,0.27542606739495146,8.0
7513,62966,0.40566025487445656,6.0
7513,418150,0.11722380817253765,10.0
5410,13975,1.0,1.0
5410,371720,0.4331226468384188,3.0
5410,494323,0.6573158344849952,2.0
5410,249844,0.3501081163328417,5.0
5410,488258,0.4078441991577004,4.0
5410,75235,0.22748062787208329,8.0
5410,488732,0.28414964599537973,7.0
5410,457532,0.17736821993351706,9.0
5410,108739,0.30871974464667973,6.0
5410,193312,0.0926862085597848,10.0
2334,228403,1.0,1.0
2334,107092,0.28396316369558733,5.0
2334,150650,0.47619254782358666,2.0
2334,93936,0.3243588159907357,4.0
2334,2304,0.40892694310384226,3.0
2334,208219,0.2807300306875049,6.0
2334,274870,0.07189424168464555,9.0
2334,156194,0.012025154103241769,10.0
2334,204917,0.22190583816072101,7.0
2334,385506,0.12106082087107296,8.0
1783,445298,1.0,1.0
1783,306800,0.7000569116154176,2.0
1783,309555,0.5579724041695723,4.0
1783,167660,0.6445560185504053,3.0
1783,272425,0.5375405175650585,5.0
1783,43497,0.17977375923958291,8.0
1783,57320,0.35090469309278993,6.0
1783,384631,0.13393351046654095,9.0
1783,179066,0.24788246610067613,7.0
1783,102237,0.021099184847615693,10.0
4641,494753,0.7881950664447395,1.0
4641,213673,0.6451526755477757,3.0
4641,237580,0.6203040078278028,4.0
4641,44594,0.6779857972779852,2.0
4641,211867,0.18341741761020774,9.0
4641,406219,0.467747146927853,5.0
4641,409120,0.26365457581585516,6.0
4641,461592,0.2183339641919273,7.0
4641,450228,0.1538563016685296,10.0
4641,192811,0.1920738902739535,8.0
1469,444589,1.0,1.0
1469,243503,0.40097683964834846,3.0
1469,426570,0.4649262058244268,2.0
1469,469776,0.12688216294700264,8.0
1469,18003,0.25681339093429706,5.0
1469,421371,0.28643719758059843,4.0
1469,335336,0.09918195276552888,9.0
1469,484649,0.18801208440648787,7.0
1469,56320,0.21029740520774165,6.0
1469,451737,0.0024332518700477955,10.0
10267,569632,1.0,1.0
10267,487348,0.4192962423558526,4.0
10267,22036,0.4412129908931841,3.0
10267,522713,0.2867104729809827,5.0
10267,457108,0.513103072127812,2.0
10267,379667,0.14764003742476328,9.0
10267,330379,0.15632860948897348,8.0
10267,108859,0.19600268312554428,6.0
10267,186578,0.12432784926785112,10.0
10267,17652,0.16756690534385463,7.0
3771,59994,0.9951679311988952,1.0
3771,95966,0.33732315029634957,3.0
3771,13346,0.5474897161154886,2.0
3771,40062,0.2787991581717252,4.0
3771,95762,0.05489448728605669,9.0
3771,97764,0.19612785358182883,5.0
3771,478890,0.08725769856990057,8.0
3771,515072,0.18110803131920747,6.0
3771,303025,0.09978761667125013,7.0
3771,346450,0.04711956219705548,10.0
10497,147765,1.0,1.0
10497,159880,0.935485598077173,2.0
10497,445230,0.695674619996493,3.0
10497,535705,0.23794103116030685,7.0
10497,575729,0.41736811422270437,5.0
10497,71898,0.5253097984277688,4.0
10497,569461,0.14358830924865176,9.0
10497,31483,0.40759258352782557,6.0
10497,456436,0.051252127195728775,10.0
10497,160301,0.16455906509015802,8.0
2472,337165,0.6233575909479045,2.0
2472,584273,0.6884837043400949,1.0
2472,138151,0.3357228087702012,6.0
2472,534099,0.44797296949380616,3.0
2472,416796,0.2619117021033328,7.0
2472,366597,0.443276462187529,4.0
2472,216384,0.11161806183693418,10.0
2472,187739,0.19162904690195653,8.0
2472,169921,0.17399598186788717,9.0
2472,518563,0.3999999999999999,5.0
503,171761,0.9779086863958684,1.0
503,257656,0.28453065880330614,4.0
503,405374,0.6063718319620637,2.0
503,433032,0.27602948874689237,5.0
503,343489,0.05568422582287264,9.0
503,531990,0.15754537355382653,7.0
503,156816,0.3412583833429241,3.0
503,100485,0.014626374896794884,10.0
503,69965,0.13354668521530363,8.0
503,350680,0.16271247712700798,6.0
6832,552346,0.923136981927154,1.0
6832,573874,0.6039761956246221,2.0
6832,244749,0.20873075484449427,5.0
6832,377853,0.5245126269413961,3.0
6832,116694,0.0517989891216613,9.0
6832,108040,0.16141353722941937,6.0
6832,349554,0.3813851030033135,4.0
6832,459351,0.1492478940941136,7.0
6832,42533,0.01823824420351843,10.0
6832,239214,0.14894574352881262,8.0
864,24890,0.8999268711317012,2.0
864,30142,0.9164677148289533,1.0
864,450808,0.46491273443818704,5.0
864,472924,0.8183709857880445,3.0
864,566337,0.5693931186242691,4.0
864,291726,0.3368743580588795,6.0
864,479625,0.30924576210768345,7.0
864,175339,0.20054129227716477,9.0
864,231947,0.11037227708576011,10.0
864,244104,0.21919081856370298,8.0
2580,11988,0.9020310099459685,1.0
2580,344118,0.7848833789055614,2.0
2580,371720,0.41144196996228,3.0
2580,87722,0.13816026009213594,8.0
2580,360481,0.11782654942983017,10.0
2580,75764,0.1269666212942783,9.0
2580,585447,0.2756788623483459,4.0
2580,114439,0.173389802747162,6.0
2580,272738,0.1418886728948209,7.0
2580,503934,0.19815381045908656,5.0
6625,416307,0.7730865436194463,2.0
6625,88892,0.8324504548916384,1.0
6625,336541,0.48003386199699444,3.0
6625,27401,0.46449229729045555,4.0
6625,320101,0.43715200069842086,5.0
6625,557356,0.26325679617155,6.0
6625,138703,0.1820349766596637,8.0
6625,13260,0.26293664066405065,7.0
6625,595133,0.016447989264684625,10.0
6625,75437,0.11902451271745985,9.0
2685,308837,0.6294081698365153,1.0
2685,539133,0.2327555642608896,3.0
2685,302792,0.178981317907614,5.0
2685,243499,0.15230355777175913,7.0
2685,575497,0.2166430673374433,4.0
2685,158845,0.11175936094186303,8.0
2685,284075,0.16928798849880305,6.0
2685,382005,0.4731165356980658,2.0
2685,136825,0.04868645431376045,10.0
2685,395357,0.07189852094484485,9.0
68,123634,0.8411822423882854,2.0
68,296098,0.7533559934814813,3.0
68,528564,0.8458313396893439,1.0
68,197839,0.3191220690345189,7.0
68,532932,0.506717532190737,4.0
68,352640,0.2867402891674168,8.0
68,327002,0.445775808806338,5.0
68,55666,0.2397226387568797,9.0
68,232199,0.3715840207484043,6.0
68,259766,0.09843213696826944,10.0
813,548705,0.9701974827552847,1.0
813,284411,0.820260372187054,2.0
813,196427,0.7522666808192062,3.0
813,2809,0.38118689981824994,4.0
813,127974,0.21935684682528525,7.0
813,171596,0.28144379076545734,5.0
813,318583,0.11256868332013392,9.0
813,459677,0.23436318462230213,6.0
813,418630,0.14939965813327669,8.0
813,123468,0.0,10.0
7345,69790,0.685855798589626,1.0
7345,254288,0.49815158269972326,4.0
7345,67063,0.5684281931606747,3.0
7345,98130,0.5972965761709518,2.0
7345,416727,0.3969839613111834,6.0
7345,417840,0.22302728083989987,8.0
7345,108,0.4933910510336732,5.0
7345,90447,0.396395012202969,7.0
7345,348405,0.12983414594861176,9.0
7345,504996,0.0,10.0
8970,96121,1.0,1.0
8970,108040,0.8113890333493717,2.0
8970,187583,0.6536520113443581,3.0
8970,496899,0.5322541513491492,5.0
8970,537857,0.5652057849958834,4.0
8970,314478,0.13680530088991197,8.0
8970,167356,0.15784257676029445,7.0
8970,11988,0.21779740582610838,6.0
8970,128574,0.04767798761989835,9.0
8970,514500,0.014188436162633976,10.0
7105,72652,1.0,1.0
7105,307380,0.659460388983717,2.0
7105,220060,0.35000078980000887,3.0
7105,455891,0.30620737419021443,5.0
7105,490294,0.2357716356326861,6.0
7105,314919,0.315669193382559,4.0
7105,324037,0.1549260965548163,8.0
7105,228341,0.20640362807385743,7.0
7105,479384,0.12565435849959078,9.0
7105,366488,0.0,10.0
1310,535651,0.9176112743328757,1.0
1310,471870,0.3020176817458304,4.0
1310,565698,0.3054855100466122,3.0
1310,344648,0.12302588620401152,9.0
1310,55022,0.2804335686995121,5.0
1310,346622,0.15195192393209422,7.0
1310,24567,0.4169564630788781,2.0
1310,489401,0.16656235376048434,6.0
1310,297831,0.07006623930823601,10.0
1310,44492,0.14832415709368438,8.0
9060,12432,0.7233568165288262,2.0
9060,511093,0.9049856685953137,1.0
9060,108,0.3645547488724622,4.0
9060,13260,0.40610628147511874,3.0
9060,511515,0.190628860069504,8.0
9060,304304,0.2034889014646031,7.0
9060,37517,0.284705371525498,6.0
9060,75437,0.30531413204675295,5.0
9060,43087,0.1854323865224287,9.0
9060,111768,0.08767265429905131,10.0
2549,418150,0.8565334720054836,1.0
2549,327978,0.6503739018239025,2.0
2549,14368,0.5524559636316542,3.0
2549,307380,0.39568823915207724,4.0
2549,301224,0.2548783361005429,6.0
2549,59714,0.2408714400934927,7.0
2549,44601,0.32687541088438704,5.0
2549,265874,0.2111884472630793,8.0
2549,17923,0.16139376074335493,9.0
2549,350145,0.0,10.0
559,401254,0.7378918260102032,1.0
559,213370,0.3366325135085422,5.0
559,151639,0.5568348138914904,2.0
559,198349,0.3764556011997872,4.0
559,485195,0.09310079276855542,8.0
559,494689,0.20256972771366943,7.0
559,21194,0.06900695879709055,9.0
559,281977,0.285942536848492,6.0
559,61706,0.039832427962638806,10.0
559,75252,0.3999999999999999,3.0
7218,266900,0.9164886863318689,1.0
7218,32290,0.8526078384604002,2.0
7218,117576,0.2737209831955859,5.0
7218,537418,0.26948989832128023,6.0
7218,482517,0.1096017724289516,8.0
7218,125659,0.2750177285474972,4.0
7218,40447,0.08668993011526804,9.0
7218,6701,0.06542146573382855,10.0
7218,158520,0.16706545041927268,7.0
7218,314478,0.28866683059375636,3.0
2400,158523,0.6000000000000001,3.0
2400,456470,0.8482162595612004,1.0
2400,29306,0.6357476762856509,2.0
2400,22469,0.389817355095678,6.0
2400,3118,0.5572672878057037,4.0
2400,226967,0.32125866121689717,7.0
2400,571258,0.23949082896757198,8.0
2400,1198,0.44532235259425135,5.0
2400,307424,0.08975558108631046,10.0
2400,535697,0.0984135307401517,9.0
2348,447619,1.0,1.0
2348,112591,0.5419361048159683,3.0
2348,306430,0.6919040447323686,2.0
2348,244433,0.3884174695488253,5.0
2348,268261,0.5312182966861719,4.0
2348,265874,0.3586348022529098,6.0
2348,403025,0.1346980824141534,7.0
2348,117576,0.13272057366703943,8.0
2348,14870,0.12043836621947068,9.0
2348,12432,0.0,10.0
3615,335991,1.0,1.0
3615,518379,0.8748494023244673,2.0
3615,72402,0.4655435525983463,3.0
3615,72160,0.4485463948518196,4.0
3615,156358,0.2418549176772692,7.0
3615,482544,0.24861969210390028,6.0
3615,174335,0.2247070211367099,8.0
3615,341493,0.26535053904892186,5.0
3615,17166,0.13730589927622788,9.0
3615,489401,0.0,10.0
8102,314478,0.8330426511221294,1.0
8102,149305,0.40235772429860506,4.0
8102,416307,0.35290131745668774,5.0
8102,99857,0.43591853319438245,3.0
8102,552707,0.5701072537365758,2.0
8102,223309,0.16811515294566856,8.0
8102,481166,0.25042185987584686,6.0
8102,320101,0.1388318778595464,10.0
8102,344372,0.1992383634877112,7.0
8102,408123,0.16786267813803377,9.0
5155,462892,1.0,1.0
5155,367785,0.31173583679408523,3.0
5155,69495,0.4087054191673994,2.0
5155,280805,0.2639734239978778,4.0
5155,175265,0.07248362033090486,9.0
5155,305671,0.11472024490051094,6.0
5155,191495,0.10057013935492581,7.0
5155,537725,0.0861366366192226,8.0
5155,157702,0.22286131971970022,5.0
5155,409573,0.014992722718160281,10.0
2460,530037,0.9800551892568464,1.0
2460,584337,0.9059138181500068,2.0
2460,279346,0.6816259728548218,3.0
2460,549180,0.5772248893530649,4.0
2460,196427,0.13908880239949145,8.0
2460,502281,0.20588790275006297,6.0
2460,512803,0.38230572209486724,5.0
2460,505028,0.08332777205880224,9.0
2460,295980,0.02351162580498201,10.0
2460,38711,0.14344405784588485,7.0
2399,343489,1.0,1.0
2399,583124,0.3635377731679543,2.0
2399,468743,0.28538669041593334,3.0
2399,29790,0.1759031087561378,6.0
2399,19606,0.213622973535806,5.0
2399,521712,0.24464123811741745,4.0
2399,510314,0.054635418679135,8.0
2399,476834,0.045137848370335756,9.0
2399,457419,0.07003984070733063,7.0
2399,442489,0.0,10.0
4071,170594,0.7900028545315312,2.0
4071,328556,0.8526569131924759,1.0
4071,337764,0.4622667478780722,7.0
4071,296516,0.6429990208130345,4.0
4071,135113,0.6550295190236777,3.0
4071,565782,0.5008939031322992,6.0
4071,352485,0.5621985542045598,5.0
4071,368150,0.13993695362441647,10.0
4071,317429,0.3703682553671707,8.0
4071,543589,0.14084785866282484,9.0
18,431685,0.8146125879017149,1.0
18,88124,0.6140725181116593,2.0
18,161162,0.15027058497340529,5.0
18,528564,0.1421560064976031,6.0
18,227098,0.20543544320354112,4.0
18,172594,0.13469478981626753,8.0
18,152218,0.07054134016109098,9.0
18,349554,0.036526543236207895,10.0
18,366761,0.346411655996792,3.0
18,143622,0.13658344880732226,7.0
2306,581889,1.0,1.0
2306,509650,0.37663411853968765,3.0
2306,494689,0.37227373744826514,4.0
2306,75252,0.42882879148600855,2.0
2306,368806,0.25606405822261574,5.0
2306,246459,0.2396522406355157,6.0
2306,485195,0.23862932212690072,7.0
2306,401254,0.1348585265697765,9.0
2306,399013,0.0002752627195901827,10.0
2306,160125,0.15769760807004737,8.0
3051,232063,0.9306483732153914,1.0
3051,591940,0.768017955315502,2.0
3051,306144,0.4408386724511604,3.0
3051,318266,0.23278204515433215,6.0
3051,583956,0.3009682808322472,4.0
3051,73434,0.06241595015039353,10.0
3051,66246,0.25292658842433285,5.0
3051,110515,0.11723806807132121,9.0
3051,393953,0.18434842462817136,7.0
3051,387165,0.16370108716057352,8.0
2395,594182,1.0,1.0
2395,149306,0.72309576173913,2.0
2395,568526,0.45661686429460757,3.0
2395,308837,0.27910995811845346,5.0
2395,13732,0.3825916188320971,4.0
2395,307999,0.13908501079285962,7.0
2395,387010,0.20704091515418213,6.0
2395,414192,0.0005374066494994539,10.0
2395,13153,0.12242063917605854,8.0
2395,204176,0.11397214832692772,9.0
5134,17208,0.8172010764657358,1.0
5134,579557,0.7372586721302278,2.0
5134,536120,0.6046407015520703,4.0
5134,100485,0.562657991426359,5.0
5134,172703,0.4958961436422502,6.0
5134,206727,0.6081774952391874,3.0
5134,122012,0.2648941178905454,8.0
5134,453542,0.2844503931603134,7.0
5134,328086,0.034564903736754,9.0
5134,539263,0.018633446208180738,10.0
5343,204075,1.0,1.0
5343,296528,0.5207942908399826,6.0
5343,366597,0.6263325525869851,3.0
5343,581889,0.6087530553579389,4.0
5343,184175,0.7176889964368411,2.0
5343,367641,0.5703799875082016,5.0
5343,157553,0.2565527008419495,7.0
5343,405702,0.1962410723760361,8.0
5343,548433,0.17152832273572208,9.0
5343,17443,0.10552375778487197,10.0
5254,471723,0.6838555716366447,2.0
5254,59714,0.40345506674305254,3.0
5254,402466,0.6886564366864136,1.0
5254,383978,0.28911741776088357,4.0
5254,78675,0.24380406834051177,6.0
5254,14368,0.26758349340588783,5.0
5254,467390,0.060358775952088724,9.0
5254,327978,0.18969623552436643,7.0
5254,44601,0.16661058195669853,8.0
5254,297290,0.012807916108051745,10.0
3049,582864,1.0,1.0
3049,352640,0.716020597421198,3.0
3049,77245,0.7644898756908145,2.0
3049,536849,0.27755579516894924,4.0
3049,220022,0.18730307848911978,7.0
3049,127974,0.27674801026545653,5.0
3049,132780,0.14593360212270348,8.0
3049,445052,0.11523469222062119,9.0
3049,263361,0.00964232116354756,10.0
3049,555732,0.1973418332981099,6.0
7509,61191,0.6000000000000001,1.0
7509,423034,0.29715978160925005,6.0
7509,472051,0.3499147595652573,4.0
7509,298128,0.254061753148959,7.0
7509,461592,0.2510891090672239,8.0
7509,22221,0.3714986601443737,3.0
7509,480944,0.1254731212792715,9.0
7509,301580,0.11971197929090036,10.0
7509,323363,0.42333199395311427,2.0
7509,392826,0.3358905775095627,5.0
5067,328341,0.9568284877632977,1.0
5067,366830,0.8615488130946317,2.0
5067,547301,0.8606168309882567,3.0
5067,539133,0.7340146683081701,4.0
5067,231227,0.44703363589254075,6.0
5067,88124,0.37816627862101837,7.0
5067,172594,0.5142127379152407,5.0
5067,460357,0.17940489997850173,9.0
5067,18001,0.36854402346797555,8.0
5067,574327,0.0,10.0
8456,257853,1.0,1.0
8456,115141,0.5873363454168806,3.0
8456,125659,0.3721873745998095,7.0
8456,486696,0.5805957254138642,4.0
8456,81924,0.47623543789783707,6.0
8456,159703,0.6089026457893554,2.0
8456,193398,0.48399079520782545,5.0
8456,431507,0.07835246566436382,8.0
8456,290156,0.010611699272838653,9.0
8456,367137,0.0,10.0
10734,62882,0.9878713813949425,1.0
10734,426278,0.8172316000367001,2.0
10734,461261,0.27620312059548296,5.0
10734,207354,0.24010150205471592,6.0
10734,467044,0.16583595708148943,7.0
10734,589970,0.5177951918893309,3.0
10734,549759,0.08191940661898844,8.0
10734,55064,0.023408682706578393,10.0
10734,58937,0.30295501008779563,4.0
10734,551934,0.04494837792621343,9.0
5178,507544,0.9372305704615876,1.0
5178,257016,0.7660959315575226,2.0
5178,572272,0.48914965746481154,3.0
5178,9656,0.34288663103495937,5.0
5178,76414,0.40331861877234854,4.0
5178,60355,0.1087849036148192,9.0
5178,437538,0.32298882678302804,6.0
5178,268553,0.24439527147404838,7.0
5178,579235,0.0034263384527322333,10.0
5178,216384,0.16569734628682894,8.0
9174,303025,0.8241823229623636,1.0
9174,404339,0.7227023729530153,2.0
9174,149306,0.48393650206992095,3.0
9174,313437,0.2525662836665088,8.0
9174,272008,0.46747625112969016,4.0
9174,374750,0.4195426374243963,5.0
9174,21194,0.14042641461169264,9.0
9174,265098,0.30626441210582844,6.0
9174,479625,0.02404019856559767,10.0
9174,434812,0.2544968716577891,7.0
988,501384,1.0,1.0
988,280967,0.5669215152680364,2.0
988,301224,0.48520021999601015,3.0
988,187196,0.1781413354246513,8.0
988,45029,0.3001919381873679,6.0
988,287991,0.2863616810726843,7.0
988,236899,0.12654313478622606,9.0
988,201495,0.323859695692778,5.0
988,345199,0.3400813001903473,4.0
988,455398,0.056542061075763324,10.0
2154,476632,1.0,1.0
2154,132371,0.6545813315423271,3.0
2154,153541,0.657308111174968,2.0
2154,366761,0.3339989668666691,5.0
2154,62966,0.07097548887869402,10.0
2154,24890,0.3582357916296218,4.0
2154,147080,0.1827212344801403,7.0
2154,450808,0.2505578239256972,6.0
2154,150219,0.15066536043064452,9.0
2154,148757,0.178595958763707,8.0
9646,272784,0.9254796617851553,1.0
9646,236482,0.6993606844470861,3.0
9646,29306,0.656375404876146,4.0
9646,556191,0.7375236800418778,2.0
9646,395437,0.18260034891419857,6.0
9646,96121,0.11732071106141934,8.0
9646,26203,0.26882401715884513,5.0
9646,257853,0.13002301168853894,7.0
9646,323768,0.013675774594596079,10.0
9646,535697,0.07691646646549316,9.0
3033,571430,1.0,1.0
3033,518624,0.7176495114590803,2.0
3033,318583,0.3983396791321223,3.0
3033,123468,0.38732279003001624,4.0
3033,295980,0.21033444111345673,7.0
3033,481102,0.3077217991310739,5.0
3033,398622,0.16022726242316437,8.0
3033,570453,0.1411347714244563,9.0
3033,387010,0.26322553143344846,6.0
3033,62966,0.0,10.0
15,583956,0.7054706326923144,1.0
15,119213,0.4933191905986854,4.0
15,170294,0.6399119092419102,3.0
15,325273,0.7042742571270881,2.0
15,570155,0.3318282244561328,5.0
15,509723,0.2760746446745674,7.0
15,18509,0.2860416078440825,6.0
15,298159,0.07380012709239743,10.0
15,338313,0.1033651462969631,9.0
15,387165,0.1316445054342196,8.0
6612,274870,0.8172240311932082,2.0
6612,254454,0.9174207474258956,1.0
6612,216384,0.6854925076884311,3.0
6612,187739,0.5770887781007268,4.0
6612,366448,0.39866759180096356,5.0
6612,95778,0.2381502547698054,9.0
6612,205522,0.24300132044391995,7.0
6612,416796,0.2903878601897132,6.0
6612,159936,0.24241965443345614,8.0
6612,108302,0.0,10.0
5940,304743,0.9378209410537242,1.0
5940,326665,0.6558927533572124,2.0
5940,226303,0.2969832120537197,8.0
5940,438243,0.6266831513727726,3.0
5940,428082,0.3223783659342869,7.0
5940,433490,0.368711048693803,6.0
5940,167684,0.3780877332083706,5.0
5940,16670,0.16146275038800173,9.0
5940,150650,0.1510543681505548,10.0
5940,546313,0.39322593759301616,4.0
9385,403755,1.0,1.0
9385,442127,0.6630929824215642,2.0
9385,1198,0.39228260367331325,3.0
9385,379667,0.36450257148409265,5.0
9385,341579,0.37262428602364805,4.0
9385,70853,0.2193817047455115,6.0
9385,57138,0.18204295484013244,7.0
9385,407654,0.07204503622418848,9.0
9385,208070,0.09301334754173149,8.0
9385,62151,0.03844809855705055,10.0
9332,159577,0.8675598309396418,1.0
9332,293687,0.6432992412107446,3.0
9332,271243,0.6748041655552908,2.0
9332,212770,0.2660373593572216,6.0
9332,178521,0.539035604067979,4.0
9332,286074,0.1844407908779301,7.0
9332,271766,0.4239057857667008,5.0
9332,123418,0.1621216515391454,8.0
9332,236389,0.017160350223457556,10.0
9332,444107,0.10015804819114109,9.0
8275,435963,0.9307705683895144,1.0
8275,26203,0.4777566631290771,3.0
8275,514500,0.26441046230815207,7.0
8275,294867,0.6270967505388334,2.0
8275,571306,0.4597008474705153,4.0
8275,114439,0.34109966812682097,6.0
8275,576564,0.2270008174310261,9.0
8275,99757,0.2320348794807668,8.0
8275,44601,0.08761496126950863,10.0
8275,554568,0.36110686123781544,5.0
4785,435021,0.6226123453298298,2.0
4785,37517,0.9670564068315405,1.0
4785,326991,0.24108029315911736,4.0
4785,85522,0.08158812757901894,9.0
4785,34789,0.11844558251996838,7.0
4785,564841,0.15346699212280757,5.0
4785,162456,0.24336053845135913,3.0
4785,69696,0.033954351816964594,10.0
4785,140170,0.08336004378912404,8.0
4785,385574,0.14334221268597336,6.0
4465,569461,0.8959030001804751,1.0
4465,561377,0.6418667936768999,3.0
4465,299242,0.8541347168814118,2.0
4465,349710,0.48332358894365857,5.0
4465,344041,0.5862106979828123,4.0
4465,109860,0.43185129015793794,6.0
4465,226303,0.411569752193285,7.0
4465,170294,0.13046144996841838,10.0
4465,213591,0.2855482781903298,9.0
4465,461051,0.3298622782413653,8.0
7279,476834,1.0,1.0
7279,214542,0.5581559834638508,2.0
7279,412502,0.4579659201522839,4.0
7279,50744,0.49689532976235784,3.0
7279,27081,0.3811081086199951,5.0
7279,322456,0.3291625994362472,6.0
7279,442489,0.09593300187768734,8.0
7279,19606,0.11962504368164441,7.0
7279,343489,0.0006053172617305152,10.0
7279,29790,0.006844639874843105,9.0
7431,281707,0.9322697739365029,1.0
7431,372921,0.8779169675350015,2.0
7431,292991,0.4818005628920564,4.0
7431,501384,0.41524613045978087,5.0
7431,423403,0.5632951524045099,3.0
7431,44594,0.15837564979567398,8.0
7431,305287,0.2613922197388747,6.0
7431,114768,0.1849843236462944,7.0
7431,178303,0.05667919442171872,10.0
7431,257248,0.15367518196438903,9.0
2118,76515,0.7333729170855741,1.0
2118,338313,0.5700851397302112,4.0
2118,384322,0.6199856166278083,2.0
2118,467509,0.3333950095858118,6.0
2118,411061,0.6176159773097615,3.0
2118,191977,0.39748147461338323,5.0
2118,328556,0.1992192040618429,7.0
2118,528661,0.09449885774777048,8.0
2118,361028,0.025712305810134027,10.0
2118,373271,0.04683001641182045,9.0
5380,549254,1.0,1.0
5380,216196,0.5088403406242865,2.0
5380,46099,0.1410095886464374,6.0
5380,360481,0.2533238616978233,4.0
5380,175771,0.07448572567133023,10.0
5380,242524,0.26995128878989205,3.0
5380,507284,0.1992414312273966,5.0
5380,416307,0.08208159853583219,9.0
5380,345895,0.08237191761987644,8.0
5380,336772,0.08401301334532095,7.0
3404,62966,0.6303891181236971,1.0
3404,322246,0.4612967611666064,3.0
3404,583635,0.3939296593970835,5.0
3404,272425,0.44542791714532093,4.0
3404,153541,0.35074656658801817,6.0
3404,251411,0.24441078624466064,8.0
3404,488574,0.5152944011062163,2.0
3404,241136,0.08023699224330529,10.0
3404,442110,0.30144092089122715,7.0
3404,298128,0.21720181886688641,9.0
6420,565568,1.0,1.0
6420,480315,0.5416538709499572,3.0
6420,294295,0.5621046190880279,2.0
6420,394244,0.4568166353111355,4.0
6420,69696,0.2609427225414006,7.0
6420,122432,0.2274460714294031,10.0
6420,269898,0.31152441058344055,5.0
6420,279897,0.2437464599341656,8.0
6420,442048,0.2918298683990317,6.0
6420,112714,0.24195005714690948,9.0
9961,21311,1.0,1.0
9961,72402,0.5605195856389023,2.0
9961,335991,0.45004681871662977,3.0
9961,518379,0.44346110436728836,4.0
9961,174335,0.2610661454109395,7.0
9961,341493,0.32123641667667846,5.0
9961,17166,0.13533631527917367,8.0
9961,528522,0.2892810767166027,6.0
9961,565684,0.007274886761433868,10.0
9961,156358,0.03602663094666199,9.0
8079,125940,0.6473207458306609,2.0
8079,95278,0.9775767565031351,1.0
8079,187583,0.5802445256986047,3.0
8079,57138,0.5374913910586764,4.0
8079,11184,0.48935490668146486,5.0
8079,108040,0.4387055250114633,6.0
8079,39478,0.31897718261552255,7.0
8079,224231,0.09996218182716024,8.0
8079,93971,0.08765669149202396,9.0
8079,1198,0.0,10.0
