query_id,doc_id,score_hybrid,rank
3394,112208,0.6765471299086463,2.0
3394,172703,0.22283063832006178,6.0
3394,87722,0.2896870993753307,5.0
3394,445971,0.9056975359196029,1.0
3394,345199,0.21751789872105823,7.0
3394,377429,0.18390646372688363,8.0
3394,387277,0.39159948356593394,3.0
3394,133093,0.3255875186049015,4.0
3394,418150,0.010966691244702634,10.0
3394,539263,0.15838099439657352,9.0
5505,100387,1.0,1.0
5505,141738,0.2642298756790108,4.0
5505,278824,0.20486772740577547,6.0
5505,70488,0.3641444937484313,2.0
5505,349160,0.25824605175990917,5.0
5505,478457,0.09207097486002132,8.0
5505,200338,0.15242798092828308,7.0
5505,408327,0.0178584950933239,9.0
5505,442142,0.2843362191858694,3.0
5505,593085,0.0,10.0
6792,558617,0.9760882910590527,1.0
6792,400841,0.6964658356335836,4.0
6792,29306,0.4921980303781198,7.0
6792,136825,0.7696554587443143,3.0
6792,259081,0.5857875418176772,6.0
6792,40447,0.26410131749188326,9.0
6792,480515,0.6857918691814542,5.0
6792,156467,0.8199736594187816,2.0
6792,545434,0.01920992942524982,10.0
6792,585447,0.3384021374255014,8.0
6909,452175,0.6791877878341382,2.0
6909,13260,0.40024234696700733,6.0
6909,435963,0.6584706714681233,3.0
6909,375019,0.6414765765238495,4.0
6909,266900,0.3606435650319401,7.0
6909,464502,0.15919481416522546,9.0
6909,214003,0.01505511648135405,10.0
6909,79357,0.8123332674196392,1.0
6909,535697,0.6377140916012118,5.0
6909,330041,0.3452973237290744,8.0
4946,121690,1.0,1.0
4946,156816,0.5918578170601773,2.0
4946,79357,0.43279768770230065,7.0
4946,9938,0.5565133341899196,3.0
4946,350680,0.4949115265148061,5.0
4946,28119,0.2160775180407964,8.0
4946,343489,0.463412758526046,6.0
4946,100485,0.5455082668390064,4.0
4946,88105,0.18313442162300447,9.0
4946,496935,0.0,10.0
4125,283079,0.7291191113632789,3.0
4125,232199,0.7328574174871947,2.0
4125,363591,0.6477409044260135,6.0
4125,452987,0.16327841558312908,8.0
4125,571362,0.5797015455571219,7.0
4125,292769,0.059586443185314586,10.0
4125,340044,0.7271766526537705,4.0
4125,103593,0.6992487824673197,5.0
4125,276400,0.8006461270914654,1.0
4125,7632,0.10138212587369871,9.0
6009,62151,0.4518586720647065,6.0
6009,175831,0.5444796725939868,5.0
6009,303325,0.653924570867312,3.0
6009,228983,0.9129867977328855,1.0
6009,158717,0.616706320039069,4.0
6009,472585,0.02947930974131246,9.0
6009,178684,0.03082918647439341,8.0
6009,442048,0.7637075518834764,2.0
6009,125298,0.014038513810204756,10.0
6009,99857,0.272374613831469,7.0
9598,528034,1.0,1.0
9598,379311,0.6765735647465184,4.0
9598,322826,0.45521130134513044,7.0
9598,136270,0.05304948489642408,10.0
9598,574327,0.8396022973164817,2.0
9598,112208,0.470175421516003,5.0
9598,17923,0.384807229993287,8.0
9598,172703,0.2417761095131463,9.0
9598,297290,0.7008400025535403,3.0
9598,383978,0.4687495055940746,6.0
10645,22221,1.0,1.0
10645,340131,0.7388304300308682,4.0
10645,441176,0.8854383400840882,2.0
10645,183349,0.3526495499135554,8.0
10645,102684,0.6718223377212189,6.0
10645,248799,0.6868705691068084,5.0
10645,317354,0.3444883118303552,9.0
10645,293679,0.7740958127076456,3.0
10645,415340,0.40201214273906516,7.0
10645,487791,0.0,10.0
7441,125659,0.6742711292885957,4.0
7441,192900,0.8107363802224237,3.0
7441,537418,0.5771146116661701,5.0
7441,231781,0.8935370564941967,1.0
7441,117576,0.8806307572196662,2.0
7441,404339,0.13892896989807768,9.0
7441,329662,0.5172279706898719,6.0
7441,504996,0.24610003261017727,8.0
7441,336018,0.32654819730027396,7.0
7441,180733,0.0,10.0
5080,305901,0.6496982296322598,6.0
5080,553304,0.5667156097316131,7.0
5080,392434,0.9369981720432302,1.0
5080,514512,0.680350907956333,5.0
5080,67063,0.7614430042699372,3.0
5080,488334,0.7637908289932561,2.0
5080,356928,0.7567821482027366,4.0
5080,271026,0.03668184505881254,10.0
5080,88912,0.1871301857747209,9.0
5080,167950,0.4731605398896955,8.0
9329,326991,1.0,1.0
9329,385574,0.44684990157118,4.0
9329,340210,0.40244739614944514,5.0
9329,394924,0.6255923156388966,3.0
9329,265098,0.2547047951180868,8.0
9329,586018,0.6935280557589608,2.0
9329,179103,0.32584539168171134,6.0
9329,192900,0.2774091697107606,7.0
9329,209493,0.1968045339746036,9.0
9329,209065,0.0,10.0
6479,404339,1.0,1.0
6479,272008,0.7088304370896954,2.0
6479,536120,0.32320220988530046,6.0
6479,9938,0.1131885783139144,8.0
6479,453839,0.11050525377933602,9.0
6479,104793,0.01338501076765743,10.0
6479,257656,0.48821587890192153,3.0
6479,491969,0.3776097450088482,5.0
6479,114439,0.11555635465315954,7.0
6479,340210,0.45756124796357744,4.0
8513,175821,1.0,1.0
8513,69790,0.6574200948206403,2.0
8513,167950,0.5291256830596298,3.0
8513,183612,0.05228141488907621,10.0
8513,449039,0.21359053212108303,9.0
8513,267113,0.388549938482483,5.0
8513,167896,0.3649027499549858,6.0
8513,417840,0.3018491997886096,8.0
8513,232712,0.4563258299410423,4.0
8513,87667,0.3058587840734169,7.0
10109,93231,0.957638059695574,2.0
10109,28314,0.9861742215288656,1.0
10109,535317,0.5069149457417524,4.0
10109,395357,0.36850406648662076,6.0
10109,124630,0.12054959926647882,8.0
10109,244749,0.05175591548700352,9.0
10109,305467,0.03076812920342098,10.0
10109,116420,0.4461443218053748,5.0
10109,474384,0.5268347800389616,3.0
10109,105818,0.16506175097633902,7.0
4844,275257,1.0,1.0
4844,367137,0.6335611195199421,3.0
4844,192193,0.6920820773498014,2.0
4844,111033,0.5012479113403466,5.0
4844,235522,0.6139894786152084,4.0
4844,549741,0.20061122021779687,8.0
4844,140088,0.43638506384153763,6.0
4844,386423,0.010208990226154652,10.0
4844,144177,0.38660873462574047,7.0
4844,409432,0.016635916632595373,9.0
8544,214003,1.0,1.0
8544,37517,0.1777341870887445,8.0
8544,336541,0.5819441305711717,4.0
8544,75437,0.4363545060781209,5.0
8544,13260,0.3931525482459574,6.0
8544,100103,0.6447829153617398,2.0
8544,416307,0.22529112392258643,7.0
8544,12432,0.044108038035538,10.0
8544,561884,0.5910421609219746,3.0
8544,111768,0.0627417374504313,9.0
4823,561929,1.0,1.0
4823,362919,0.7566021589986165,2.0
4823,340131,0.3270831760640205,9.0
4823,104726,0.6707915800200299,3.0
4823,11572,0.5082815915323377,7.0
4823,7094,0.5974808762756585,4.0
4823,2860,0.34549779173005657,8.0
4823,459423,0.5130260175792947,6.0
4823,252716,0.5503027096712106,5.0
4823,271118,0.0,10.0
1085,366597,0.7098146526492803,2.0
1085,405702,0.9790538910773698,1.0
1085,485195,0.3232419104252192,6.0
1085,374334,0.33482567432582105,5.0
1085,108302,0.255141549286381,7.0
1085,581889,0.013421513752558612,10.0
1085,94586,0.1176906603810306,9.0
1085,184175,0.44979146116466384,4.0
1085,401125,0.49941467153935,3.0
1085,315275,0.2181935066685645,8.0
2388,104988,1.0,1.0
2388,300287,0.4203428621719464,4.0
2388,13657,0.3149295377373361,7.0
2388,123733,0.04815969048435989,10.0
2388,459423,0.49326516986311014,2.0
2388,565698,0.32636163205302204,6.0
2388,423403,0.4305350758488186,3.0
2388,157702,0.255176755800483,8.0
2388,141320,0.3645753885033108,5.0
2388,429978,0.13876153022079912,9.0
6891,474351,1.0,1.0
6891,492506,0.4879164139938617,3.0
6891,504497,0.15507928395385595,8.0
6891,558924,0.586897667666283,2.0
6891,264095,0.3775125653007244,6.0
6891,381757,0.32525944272559426,7.0
6891,323363,0.47402706606743555,4.0
6891,579543,0.11325816915160423,9.0
6891,143425,0.4605298819257874,5.0
6891,73434,0.0,10.0
2568,346042,1.0,1.0
2568,164702,0.34307224886947085,6.0
2568,170141,0.5133157934345314,3.0
2568,13975,0.268777613848049,8.0
2568,544654,0.4023684725872545,5.0
2568,130209,0.511854225551422,4.0
2568,428150,0.05148932917954305,9.0
2568,269898,0.699914682703244,2.0
2568,368802,0.283645627946357,7.0
2568,213370,0.00093143562614186,10.0
7702,558924,0.9158174416627225,2.0
7702,133093,0.8927507186556993,3.0
7702,387277,0.9273038140618163,1.0
7702,592636,0.0798181150197711,9.0
7702,214542,0.43756895826502523,4.0
7702,192193,0.28088447862099875,7.0
7702,108721,0.28422632863656383,6.0
7702,140088,0.4048701222316789,5.0
7702,367137,0.23254596915519124,8.0
7702,259317,0.04221874206147725,10.0
2376,91545,0.9974642857759775,1.0
2376,402249,0.8386030163008499,4.0
2376,244961,0.731870620065411,8.0
2376,114417,0.8318193659934385,6.0
2376,549833,0.8690400814783187,3.0
2376,324411,0.9016119237640363,2.0
2376,407455,0.7779295119934362,7.0
2376,64263,0.8319621904368396,5.0
2376,582521,0.459604439207721,9.0
2376,44110,0.0,10.0
4339,386531,1.0,1.0
4339,488615,0.7375050104340874,2.0
4339,16392,0.4235943776480319,4.0
4339,242076,0.2516795293443805,8.0
4339,240645,0.2564375042196299,7.0
4339,473540,0.4609799862127767,3.0
4339,260328,0.36855697538406285,5.0
4339,455398,0.016923551788470388,10.0
4339,242294,0.280927124107882,6.0
4339,103256,0.02199899039265873,9.0
5427,387854,0.6968764318295047,5.0
5427,580709,0.7772199857032478,3.0
5427,55666,0.6908691375651301,6.0
5427,200338,0.07252244201547306,10.0
5427,597467,0.7993997344578895,2.0
5427,142876,0.725289697230365,4.0
5427,522358,0.17417560661759918,9.0
5427,273084,0.4453254849991692,8.0
5427,200603,0.8014951182940984,1.0
5427,549759,0.5370725382107187,7.0
7734,226070,1.0,1.0
7734,96013,0.6429549886734383,2.0
7734,87667,0.48146889703725626,3.0
7734,94591,0.34419399843355064,7.0
7734,10703,0.37490714371818645,6.0
7734,150544,0.031072365322075843,10.0
7734,421371,0.39452848859754097,5.0
7734,232712,0.3318182485473962,8.0
7734,247486,0.08059472838965082,9.0
7734,433905,0.4543413212794013,4.0
2486,487791,1.0,1.0
2486,58937,0.673222738023503,2.0
2486,388575,0.35618396141262587,7.0
2486,101604,0.5214314914987488,5.0
2486,216327,0.1578601874720723,9.0
2486,250702,0.5448679094862552,4.0
2486,357914,0.42188502353794527,6.0
2486,234436,0.549185238425742,3.0
2486,518563,0.002027104010466315,10.0
2486,130021,0.32735704890497924,8.0
7071,238629,0.6999795258833046,2.0
7071,99857,0.26672247388258735,8.0
7071,178684,0.694388951163845,3.0
7071,14543,0.3811016840293776,6.0
7071,588384,0.05540415351921325,10.0
7071,246221,0.48450956406587864,4.0
7071,403899,0.0749204198628286,9.0
7071,434812,0.8083669471771567,1.0
7071,319793,0.43424772798955097,5.0
7071,378173,0.31858866644168676,7.0
8537,511093,0.9640862847024985,1.0
8537,416307,0.9434597488764378,2.0
8537,572842,0.14074575862461325,10.0
8537,281707,0.29238012500174015,7.0
8537,374020,0.5713594301997041,5.0
8537,96467,0.4811346265866724,6.0
8537,557356,0.5921115525610476,4.0
8537,472516,0.8459453153244928,3.0
8537,472014,0.15162386849240803,9.0
8537,501384,0.1834028456401107,8.0
7178,70096,0.47483138729994673,2.0
7178,401329,0.8899163900191522,1.0
7178,420851,0.4448121315783875,3.0
7178,518563,0.10958419823621249,8.0
7178,58851,0.016263156297096588,9.0
7178,474384,0.3156384132590684,4.0
7178,88892,0.17493161306511484,6.0
7178,193312,0.13451330200265102,7.0
7178,484055,0.01251079189911366,10.0
7178,554568,0.216162967382826,5.0
4777,2860,1.0,1.0
4777,409535,0.9278049041601573,2.0
4777,228983,0.24763196766726914,6.0
4777,429378,0.30028419856673755,4.0
4777,407455,0.18446548093890583,8.0
4777,167896,0.767688071059323,3.0
4777,525231,0.2586093867992614,5.0
4777,570155,0.2181801904731768,7.0
4777,413041,0.011770381811984448,10.0
4777,164008,0.13447235323797277,9.0
2398,168922,0.2,10.0
2398,96538,0.9215353526343765,1.0
2398,443246,0.44930319396186946,5.0
2398,490443,0.8808403130320056,2.0
2398,527698,0.6695126187842645,3.0
2398,548465,0.5857149899998045,4.0
2398,107092,0.3884843263339122,6.0
2398,505959,0.3548051549902755,8.0
2398,403515,0.2622070060855196,9.0
2398,342212,0.3636472827547279,7.0
849,557186,1.0,1.0
849,528564,0.5881338134960824,5.0
849,232199,0.7178403326598275,3.0
849,183612,0.7183355397609809,2.0
849,234436,0.27587647096465445,8.0
849,366830,0.5871003260218645,6.0
849,24890,0.24709589826956055,9.0
849,327263,0.41008176278702996,7.0
849,454810,0.005295875336313834,10.0
849,273947,0.6701168147310645,4.0
7534,175821,1.0,1.0
7534,301224,0.5372157944308273,2.0
7534,498378,0.22336412284610208,5.0
7534,46099,0.10389974612637072,8.0
7534,147765,0.04538632743453122,9.0
7534,89714,0.4730761176947821,3.0
7534,51046,0.33671110536277427,4.0
7534,211839,0.0033203150495710898,10.0
7534,255491,0.20348582325990933,6.0
7534,169062,0.15297975856802715,7.0
5021,226070,0.6766170517159837,3.0
5021,423034,0.9286539020861454,1.0
5021,588607,0.23524006088608154,7.0
5021,79357,0.8217838371388395,2.0
5021,494939,0.45860273640954546,5.0
5021,3118,0.118092238753578,9.0
5021,339640,0.474796998495241,4.0
5021,289813,0.012535907455362181,10.0
5021,481308,0.1639253970296801,8.0
5021,136825,0.263984121467732,6.0
6131,326094,0.82200949112388,2.0
6131,334111,0.7940109851564277,3.0
6131,44223,0.32676378504096804,6.0
6131,258465,0.6357254531154581,4.0
6131,123733,0.06170822676695516,10.0
6131,368806,0.834638954852209,1.0
6131,315275,0.08042039804250187,8.0
6131,470024,0.516900106107572,5.0
6131,483441,0.14067780487065024,7.0
6131,169699,0.06468398019046954,9.0
10136,152316,0.8380568488091833,2.0
10136,32744,0.6168522236318705,3.0
10136,290930,0.963377220133628,1.0
10136,277179,0.4683173081581259,6.0
10136,18509,0.23992253841458033,9.0
10136,198349,0.47593392046696015,5.0
10136,302792,0.27941456272400134,7.0
10136,507284,0.24857889062601118,8.0
10136,280204,0.54404646647765,4.0
10136,144177,0.0,10.0
9548,423658,0.9947826548970509,1.0
9548,523810,0.8386052378423822,4.0
9548,297290,0.923622895217076,2.0
9548,231227,0.8691618211500018,3.0
9548,61022,0.08997772899812317,10.0
9548,72160,0.3840225944389285,6.0
9548,539263,0.3834438253888205,7.0
9548,32811,0.16668449309832362,9.0
9548,583203,0.35022154698406693,8.0
9548,482544,0.45996523668049055,5.0
4942,314898,1.0,1.0
4942,433490,0.7504717268184146,2.0
4942,295864,0.3371418636315127,5.0
4942,70853,0.11036119946913646,9.0
4942,420556,0.22157877655218208,8.0
4942,94689,0.45099203750296163,3.0
4942,486333,0.3063501024307696,6.0
4942,62966,0.4271365764932908,4.0
4942,55999,0.2506749086218757,7.0
4942,539263,0.061375734876016635,10.0
5090,572272,0.4899965286708187,2.0
5090,12988,0.9575873322029684,1.0
5090,270856,0.36549982127652714,4.0
5090,468777,0.09545398870484328,10.0
5090,507544,0.3171337005920112,7.0
5090,551423,0.13931400360500917,9.0
5090,149500,0.3189610710760517,6.0
5090,247721,0.25624596333029404,8.0
5090,169688,0.3464195026791868,5.0
5090,414534,0.4432234608134549,3.0
6005,149500,1.0,1.0
6005,507544,0.6582401731210831,2.0
6005,572272,0.6495821441342688,3.0
6005,551423,0.25153626611065727,6.0
6005,140947,0.019887720326521332,10.0
6005,30311,0.19263663935618924,8.0
6005,176498,0.560312393470401,4.0
6005,414288,0.44887670412253433,5.0
6005,515060,0.1329333232545346,9.0
6005,377223,0.20621662609665736,7.0
7533,162668,1.0,1.0
7533,461084,0.6377344644304695,7.0
7533,438680,0.7205841034229254,3.0
7533,284411,0.783801649770314,2.0
7533,167356,0.6650447840614088,6.0
7533,257016,0.3667370936326008,8.0
7533,201495,0.6717827562909187,5.0
7533,213435,0.7164401031698009,4.0
7533,167950,0.011643622270339474,10.0
7533,407654,0.3361654687496294,9.0
8034,284075,0.32056446947185246,6.0
8034,327978,0.7455373186467643,2.0
8034,415340,0.20007213097104265,9.0
8034,307999,0.35417771999376063,5.0
8034,292991,0.07093924841383971,10.0
8034,198764,0.3656259388774954,3.0
8034,13153,0.26677007232529476,8.0
8034,22221,0.300559120535033,7.0
8034,213435,0.3561309703881877,4.0
8034,579557,0.8,1.0
2330,478514,1.0,1.0
2330,260014,0.05436263552936769,10.0
2330,370334,0.5930891661019586,2.0
2330,345895,0.3973613722917567,3.0
2330,156873,0.110254396739166,8.0
2330,572272,0.1580332744243338,7.0
2330,488334,0.3026228098821478,6.0
2330,94586,0.3713467557293278,4.0
2330,167684,0.35757382893078327,5.0
2330,9656,0.06756915932082257,9.0
7803,62151,1.0,1.0
7803,572205,0.7149506592508181,2.0
7803,327127,0.4981080709772661,8.0
7803,216065,0.609259516701173,4.0
7803,214003,0.5052076581107244,7.0
7803,100103,0.5345424897644788,6.0
7803,336541,0.7143258232014689,3.0
7803,324037,0.07933130415535504,9.0
7803,583651,0.004785677752723691,10.0
7803,12432,0.5910154933021684,5.0
1933,183612,1.0,1.0
1933,446984,0.5570086415415835,2.0
1933,141738,0.21168576642383227,9.0
1933,352640,0.3120455393993906,6.0
1933,445298,0.42821490136588725,4.0
1933,413041,0.00989578921479798,10.0
1933,466718,0.2980992885784971,8.0
1933,234436,0.3542874443417311,5.0
1933,264554,0.47670424657708804,3.0
1933,134794,0.29915861707844726,7.0
6849,44601,1.0,1.0
6849,59714,0.5357835158932266,5.0
6849,78675,0.6942860090656479,3.0
6849,578427,0.5840410836237496,4.0
6849,172703,0.14529164737607558,8.0
6849,79998,0.35580737044840055,6.0
6849,112208,0.12770632625625455,9.0
6849,418150,0.6990433592560632,2.0
6849,328086,0.004850233773501159,10.0
6849,61962,0.3074699716912146,7.0
7448,418150,1.0,1.0
7448,100485,0.32581264512802344,5.0
7448,273861,0.02497504918270401,10.0
7448,112208,0.3561760428581474,4.0
7448,377429,0.21602761090044226,7.0
7448,387277,0.18422940244683236,8.0
7448,307095,0.28319176277874186,6.0
7448,133093,0.3953415006667132,3.0
7448,44601,0.5580222548028908,2.0
7448,172703,0.1059371329618766,9.0
42,283079,0.9877804259852976,1.0
42,278824,0.5796040458584004,6.0
42,528564,0.7447234176122141,4.0
42,327002,0.7691930009914262,3.0
42,141738,0.09916123590429331,9.0
42,124630,0.03931995099858879,10.0
42,366830,0.6330539619876744,5.0
42,467509,0.1789659607893692,8.0
42,536849,0.8191442856437696,2.0
42,583956,0.3338314849831374,7.0
4102,125940,0.2,8.0
4102,293320,0.42463834526505545,5.0
4102,572340,0.6601424335237347,3.0
4102,554734,0.9391859683829498,1.0
4102,275925,0.3748629064588276,6.0
4102,327978,0.748766687635107,2.0
4102,326142,0.6077127677380116,4.0
4102,460457,0.23681949584888454,7.0
4102,356987,0.1505066820285561,10.0
4102,324779,0.1664471612598804,9.0
7269,474351,0.4150258335610892,4.0
7269,588607,0.47578108956497234,3.0
7269,72402,0.20846607602709388,7.0
7269,226070,0.28937868332771427,6.0
7269,301580,0.03393680447808094,9.0
7269,486696,0.8213150828653225,1.0
7269,386173,0.02328943238207224,10.0
7269,392894,0.3666589347438433,5.0
7269,129319,0.5111551276111496,2.0
7269,90294,0.09178826552449844,8.0
10975,363591,0.7398622357842894,4.0
10975,17166,0.9362054573071233,1.0
10975,72160,0.8969408265091401,2.0
10975,545759,0.25804402928504033,8.0
10975,384564,0.05311222217883745,9.0
10975,482544,0.6845755362218434,5.0
10975,528522,0.573797300152144,6.0
10975,61022,0.027639503801126904,10.0
10975,452870,0.7980836922399048,3.0
10975,341493,0.3807077260583553,7.0
715,93936,0.2528362737321158,8.0
715,232262,0.4137515029083687,7.0
715,377223,0.6218053664363593,4.0
715,590489,0.7728953760862897,2.0
715,560872,0.8346304163688845,1.0
715,127316,0.5070614457093903,5.0
715,273925,0.6824892908911205,3.0
715,524752,0.17564726636851222,9.0
715,212028,0.004344358320084643,10.0
715,167896,0.4254562226056545,6.0
4037,557186,0.851572695920034,1.0
4037,408327,0.46215309017126516,3.0
4037,81483,0.06986550309518204,9.0
4037,264554,0.3687436592498651,4.0
4037,70488,0.21872655546138434,7.0
4037,73427,0.22264218172282824,6.0
4037,141738,0.011960496932584906,10.0
4037,327002,0.24785517091283585,5.0
4037,298099,0.8009693308754579,2.0
4037,278824,0.2159201923227316,8.0
4047,159836,0.4604379309142553,5.0
4047,538352,0.9526296704176089,1.0
4047,124230,0.5982027153941978,3.0
4047,457294,0.42757845612611356,7.0
4047,227423,0.7295180626757192,2.0
4047,488258,0.2769333021435556,9.0
4047,186453,0.5360211890348197,4.0
4047,560872,0.28734035104911343,8.0
4047,304477,0.0038978356757582186,10.0
4047,472585,0.44765483529158817,6.0
8072,31465,0.6438984005450987,4.0
8072,127452,0.8405965867125079,2.0
8072,164008,0.6040707658398983,5.0
8072,413041,0.31502618315054465,9.0
8072,394244,0.9037760551346223,1.0
8072,284235,0.6627167820555835,3.0
8072,494727,0.4802296554415455,7.0
8072,294867,0.5929075317876984,6.0
8072,316838,0.4551752616353974,8.0
8072,169062,0.0,10.0
5906,258465,0.7152611327067855,3.0
5906,409907,0.9032285073874696,1.0
5906,318520,0.8477813319215668,2.0
5906,470024,0.24649428856489788,8.0
5906,289231,0.5225895188661657,5.0
5906,273528,0.5285546945899067,4.0
5906,326094,0.013777944825007445,10.0
5906,2460,0.21981135592220757,9.0
5906,394467,0.2994134219397997,7.0
5906,15172,0.4654290705112434,6.0
8378,178684,1.0,1.0
8378,246221,0.685121320034841,4.0
8378,238629,0.8135241260513798,3.0
8378,434812,0.874002432519684,2.0
8378,102237,0.4790741284329239,5.0
8378,43497,0.24627851734776618,7.0
8378,403025,0.1660450044361289,8.0
8378,382381,0.2574807540163322,6.0
8378,554568,0.09645717315018404,9.0
8378,597401,0.0,10.0
885,315275,0.38168278248215093,3.0
885,273528,0.7828041534809977,2.0
885,173929,0.08366463816941194,10.0
885,394467,0.1208969917641575,9.0
885,485195,0.14307186429676294,6.0
885,326094,0.8321008561924239,1.0
885,483441,0.3742423315295415,5.0
885,258465,0.38152374396081273,4.0
885,399013,0.13676785834412264,7.0
885,246459,0.12551284714768068,8.0
2423,529444,0.8269544885934526,2.0
2423,396127,0.981554115690545,1.0
2423,89049,0.5867384739227519,4.0
2423,124027,0.5776775503139605,5.0
2423,461084,0.2752939265486214,8.0
2423,388646,0.41739617055231626,7.0
2423,553288,0.5932223760259703,3.0
2423,428150,0.5467207069049895,6.0
2423,370334,0.012835399563192235,9.0
2423,175232,0.0,10.0
4414,235522,1.0,1.0
4414,367137,0.7497383203037775,4.0
4414,133093,0.3384957393516045,8.0
4414,144177,0.8446786930395205,2.0
4414,111033,0.4167868723973762,6.0
4414,275257,0.34589308861259793,7.0
4414,29073,0.7600358172067554,3.0
4414,140088,0.2778871530463184,9.0
4414,76776,0.003711424513539507,10.0
4414,577578,0.660042149307866,5.0
1297,313909,0.7562607797941572,2.0
1297,171761,0.9969283770813916,1.0
1297,219758,0.3324933055302589,7.0
1297,289813,0.526715530556446,4.0
1297,90712,0.47866851878987077,5.0
1297,146021,0.6809901192705476,3.0
1297,370663,0.4394174826756959,6.0
1297,66246,0.237016195387462,8.0
1297,545434,0.006442963312076815,10.0
1297,521712,0.2327390053256233,9.0
8512,32811,1.0,1.0
8512,61022,0.5530210162667254,3.0
8512,149696,0.3565980919869652,7.0
8512,320101,0.06847502727464742,10.0
8512,528522,0.32126981253848375,9.0
8512,231227,0.3449351073672861,8.0
8512,461592,0.568062781834386,2.0
8512,474384,0.38084481788669794,5.0
8512,214901,0.39273748860555746,4.0
8512,452870,0.3803751926808625,6.0
3822,290930,0.9589302274223139,1.0
3822,454157,0.8465085936236325,3.0
3822,586151,0.884159891424282,2.0
3822,318583,0.09270316622065151,10.0
3822,592636,0.7270172565496129,5.0
3822,476834,0.7204255914199342,6.0
3822,597880,0.4859039160678551,7.0
3822,309269,0.4442303765060016,8.0
3822,431814,0.11167392072872039,9.0
3822,369355,0.8,4.0
859,32530,0.9930876373205171,1.0
859,326094,0.7955032401872965,3.0
859,171720,0.6481202113565478,4.0
859,377223,0.5341208781222521,8.0
859,310215,0.3501463664663852,9.0
859,308837,0.5559767850594223,7.0
859,513258,0.018041488404525362,10.0
859,388201,0.5954679837373084,5.0
859,506374,0.5803655397358004,6.0
859,217683,0.8,2.0
6668,457294,1.0,1.0
6668,93971,0.23775529308731044,7.0
6668,301570,0.13969420125313403,9.0
6668,228403,0.2620199080349797,6.0
6668,159703,0.3597515451500639,4.0
6668,326991,0.013874149950247272,10.0
6668,526110,0.36586011368367416,3.0
6668,88892,0.1834256439843882,8.0
6668,241337,0.44419175284336354,2.0
6668,11988,0.2946661202687319,5.0
604,38711,0.7049194937069128,4.0
604,571430,0.7063631280836209,3.0
604,224869,0.3329970112523856,7.0
604,115553,0.17438028759745422,8.0
604,197222,0.3953465170411377,6.0
604,348353,0.5100627042444997,5.0
604,561377,0.8266588274544695,1.0
604,195191,0.09748915750009012,9.0
604,342307,0.010639598157478064,10.0
604,486333,0.7773798356430724,2.0
3177,539263,0.91392429853858,2.0
3177,172703,0.6925324077598788,4.0
3177,536120,0.6741979633287596,5.0
3177,377429,0.6951839967038405,3.0
3177,480315,0.9188676241533607,1.0
3177,87722,0.3702555460308699,8.0
3177,17208,0.5823892770788842,6.0
3177,467575,0.37802709619152663,7.0
3177,328086,0.03453504668805105,9.0
3177,423658,0.0,10.0
721,496225,1.0,1.0
721,51615,0.25509823743277854,4.0
721,298128,0.31662456068172146,2.0
721,568526,0.22159636423834433,5.0
721,251824,0.13285751088647865,7.0
721,196427,0.13328526706296426,6.0
721,597880,0.009586828165077776,10.0
721,150650,0.28387192573626263,3.0
721,447353,0.11405907922610753,8.0
721,358661,0.0654002747420101,9.0
7124,427726,0.598306679582422,2.0
7124,242524,0.543108782251253,3.0
7124,62151,0.33204354151479054,8.0
7124,265314,0.3266740658607171,9.0
7124,226070,0.4161906087480304,4.0
7124,558617,0.8911014061775844,1.0
7124,433905,0.40660666486805297,5.0
7124,421371,0.4036340724133951,6.0
7124,96013,0.3786028874080698,7.0
7124,162668,0.0,10.0
4500,236482,0.7091048814824721,2.0
4500,533623,0.9335576407210875,1.0
4500,474234,0.17810398235330036,8.0
4500,166487,0.10467353416157568,9.0
4500,231781,0.427534052816316,5.0
4500,80031,0.23394688115813567,7.0
4500,163048,0.6684592210702521,4.0
4500,62897,0.024090636688389473,10.0
4500,275929,0.6926236623982724,3.0
4500,81101,0.4137702453387133,6.0
603,64103,0.621495948667018,4.0
603,399013,0.7675347892465827,2.0
603,535651,0.4232487682179972,7.0
603,120090,0.863678898989028,1.0
603,279897,0.6422162249745696,3.0
603,55022,0.46928627038186216,6.0
603,35736,0.02863027036074678,9.0
603,544486,0.33766195446763747,8.0
603,77503,0.022873723772253662,10.0
603,139047,0.5539294727912938,5.0
6647,462265,1.0,1.0
6647,13260,0.27965216573220714,4.0
6647,96013,0.3226194385851076,3.0
6647,464533,0.15996574195887037,6.0
6647,562171,0.09181955652947135,7.0
6647,326233,0.20329036494204614,5.0
6647,209188,0.3568900560068663,2.0
6647,231068,0.058217626877532444,8.0
6647,391988,0.057105660108050516,9.0
6647,531990,0.0,10.0
5369,258465,0.7850118968854252,2.0
5369,172128,0.5909629548659929,3.0
5369,184175,0.8852505467963855,1.0
5369,399013,0.5448431655160424,4.0
5369,173929,0.047959510747371974,9.0
5369,171339,0.4647749015150143,5.0
5369,414288,0.29718355211327474,7.0
5369,500946,0.3300677351973651,6.0
5369,70724,0.01805222701257643,10.0
5369,118280,0.06297265624351885,8.0
932,48722,0.8462607789111267,2.0
932,387010,0.9751227851297186,1.0
932,442110,0.5672464604298241,4.0
932,292769,0.29050633298938977,7.0
932,593085,0.06042017257778361,9.0
932,23747,0.6522270855790769,3.0
932,418630,0.5458939466626467,6.0
932,281045,0.27208415749100306,8.0
932,196427,0.009860123857667826,10.0
932,571430,0.5459916536230845,5.0
9633,259081,0.9015102029507431,2.0
9633,534418,0.9658856559882866,1.0
9633,481166,0.26151536121143054,6.0
9633,185909,0.3331226159273276,4.0
9633,552479,0.22896418625827963,7.0
9633,590578,0.046937900387227796,10.0
9633,484055,0.4022764909970624,3.0
9633,474351,0.3236158193976801,5.0
9633,363741,0.12973924558425823,8.0
9633,262441,0.0596088379192137,9.0
1676,394871,1.0,1.0
1676,234436,0.6240463047485056,4.0
1676,77245,0.7652974039929964,2.0
1676,487791,0.6975492531098862,3.0
1676,58937,0.546080807289393,5.0
1676,352640,0.29070300082455197,8.0
1676,279538,0.5229832280626387,6.0
1676,196920,0.38603798421467195,7.0
1676,555732,4.435490550197142e-06,10.0
1676,136804,0.18723015716633026,9.0
4804,222153,0.7868116343695641,2.0
4804,325892,0.20455206727120728,7.0
4804,255795,0.5198988527727378,5.0
4804,285255,0.6070270272974189,4.0
4804,45218,0.21758140459905292,6.0
4804,162456,0.8204319218532725,1.0
4804,143100,0.11403719908846757,9.0
4804,51583,0.1433329768087369,8.0
4804,116574,0.6570166717452456,3.0
4804,393132,0.0,10.0
2747,445298,0.9550139513051221,1.0
2747,431685,0.3434917456784276,8.0
2747,535705,0.5590559297340905,5.0
2747,583635,0.08236002888383609,10.0
2747,387010,0.8233149584803786,2.0
2747,571430,0.15861102646336556,9.0
2747,418630,0.6196598931759381,3.0
2747,279538,0.5794907603356706,4.0
2747,582864,0.43475221921757456,7.0
2747,123468,0.4671638974463068,6.0
8632,43497,1.0,1.0
8632,382381,0.7711000946451453,2.0
8632,344372,0.6668961560992823,4.0
8632,575741,0.2697906521263263,6.0
8632,458385,0.24128723437492433,8.0
8632,416307,0.2459609574189841,7.0
8632,102436,0.6988554694010723,3.0
8632,223070,0.23563414976073072,9.0
8632,363043,0.3052161485106587,5.0
8632,186453,0.0,10.0
4981,102684,0.8414710233310794,2.0
4981,45218,0.9298788754028344,1.0
4981,578585,0.1565604386921145,7.0
4981,341625,0.4720548429585213,4.0
4981,590710,0.2406890290060427,5.0
4981,264800,0.03606902493526453,9.0
4981,475541,0.008887834875912243,10.0
4981,212481,0.22694677151204834,6.0
4981,567362,0.4919393728183501,3.0
4981,319692,0.07321353970515747,8.0
6146,289231,0.4452137554325082,6.0
6146,2460,0.46625944746160064,5.0
6146,470024,0.5256590935133082,4.0
6146,394467,0.4133780899395577,7.0
6146,160125,0.8940990583503698,1.0
6146,581889,0.6118956209692896,3.0
6146,326094,0.18941257275286744,9.0
6146,580709,0.01887663358911454,10.0
6146,273528,0.23028265754013327,8.0
6146,7403,0.7958543129680584,2.0
10674,328556,0.3378836421564839,4.0
10674,435963,0.27274477860853014,5.0
10674,89460,0.22051528070826565,6.0
10674,109860,0.2110717156806089,7.0
10674,88813,0.5580171646143183,3.0
10674,319793,0.6430196054368407,2.0
10674,99857,0.820883972276776,1.0
10674,99757,0.00403150887620784,9.0
10674,431814,0.020253904290629128,8.0
10674,363043,0.0,10.0
3683,276975,1.0,1.0
3683,105973,0.7440515809652191,2.0
3683,421538,0.23894412917437882,6.0
3683,522713,0.5744900768046792,3.0
3683,303977,0.2224858095428825,7.0
3683,178521,0.2992584848724681,5.0
3683,500460,0.3737026190594024,4.0
3683,116865,0.0247047361566772,9.0
3683,158717,0.0032787928275075672,10.0
3683,349866,0.14008769444495925,8.0
928,394460,0.6303047880888101,2.0
928,349866,0.9752118506780422,1.0
928,400009,0.2139097576861545,6.0
928,573276,0.1183078748210125,9.0
928,490443,0.1637230523745848,7.0
928,305509,0.028709266506119786,10.0
928,11572,0.438165048542427,3.0
928,253563,0.14235195536803422,8.0
928,422770,0.38370560129552395,4.0
928,409573,0.2764439790279408,5.0
5054,21311,0.7622627326330731,3.0
5054,485863,0.5758600667521555,5.0
5054,542521,0.4872785367213659,7.0
5054,144660,0.06295824643215399,9.0
5054,307113,0.3635182060723656,8.0
5054,305901,0.6609913981858074,4.0
5054,406457,0.7708304271620736,2.0
5054,366219,0.040836149170630484,10.0
5054,340131,0.8055544257598046,1.0
5054,15172,0.5373238299077401,6.0
6554,583203,1.0,1.0
6554,226967,0.29461593247055773,3.0
6554,377429,0.04933411650918556,9.0
6554,122012,0.33876142053515595,2.0
6554,403755,0.0779938493377002,8.0
6554,574327,0.1648890071416377,5.0
6554,275902,0.1260134286584455,7.0
6554,536120,0.16268536156939148,6.0
6554,480315,0.1735241943951784,4.0
6554,21103,0.049133051416015885,10.0
7377,579557,1.0,1.0
7377,6666,0.3146480474548675,7.0
7377,328086,0.1027837536950881,9.0
7377,345895,0.25324793705951987,8.0
7377,293679,0.6878780276129248,2.0
7377,81304,0.43067090172048994,5.0
7377,172703,0.6854935104536242,3.0
7377,17208,0.5004470937990004,4.0
7377,505027,0.058030474167331834,10.0
7377,453542,0.33410467898715646,6.0
1309,15824,0.729588632011761,3.0
1309,438869,0.7421770084545962,2.0
1309,279845,0.22037295466187745,7.0
1309,266319,0.21009141994417815,8.0
1309,110386,0.1207656011775872,9.0
1309,366594,0.444121505744293,4.0
1309,443795,0.016829540117432866,10.0
1309,135415,0.2999322999719492,6.0
1309,16778,0.3100128196129816,5.0
1309,471630,0.8,1.0
8351,273142,1.0,1.0
8351,469776,0.5220235507814242,2.0
8351,171720,0.3556943074589837,7.0
8351,213331,0.05031034889036111,9.0
8351,528132,0.3692372083182773,6.0
8351,191977,0.013213973771821486,10.0
8351,71873,0.4988029648601628,4.0
8351,405374,0.5162299482176083,3.0
8351,568526,0.31238415802719555,8.0
8351,304009,0.45343286612227884,5.0
6441,254279,1.0,1.0
6441,156029,0.847156315201677,2.0
6441,28314,0.6641312163802289,3.0
6441,529993,0.09963941680068644,8.0
6441,87722,0.2778276341976029,6.0
6441,536120,0.29329778664460504,5.0
6441,593644,0.04087110177616148,9.0
6441,108721,0.011169604868495686,10.0
6441,174619,0.29929353906396045,4.0
6441,90712,0.16253917244292806,7.0
4837,426223,0.5176736753721771,5.0
4837,95778,0.9028566138383075,1.0
4837,565330,0.35953984130004746,6.0
4837,159936,0.7070792496094436,4.0
4837,187739,0.8677731967703181,2.0
4837,254454,0.209273891200075,8.0
4837,167896,0.034984583904895304,10.0
4837,565698,0.2459125954000251,7.0
4837,275410,0.09222638745670576,9.0
4837,274870,0.7800294062809314,3.0
9871,553288,0.6001679004834586,3.0
9871,76562,0.9209501804957925,1.0
9871,322771,0.48800275578308117,4.0
9871,240645,0.36960483811024897,7.0
9871,547301,0.46390738119882813,6.0
9871,213755,0.11176291725892007,9.0
9871,488366,0.4692167166574636,5.0
9871,305907,0.6620175630166357,2.0
9871,172718,0.13589780348566388,8.0
9871,271832,0.0,10.0
3067,423403,1.0,1.0
3067,372921,0.6072391336237618,4.0
3067,578488,0.6219186023165024,3.0
3067,104726,0.667330017651221,2.0
3067,104788,0.35967628115451616,9.0
3067,582005,0.476276668564284,6.0
3067,467135,0.5357802576239014,5.0
3067,318473,0.013848195187935826,10.0
3067,187739,0.3655504664423979,8.0
3067,167896,0.36867313153626974,7.0
5741,124219,0.8100946935185265,2.0
5741,328086,0.32426718011547934,6.0
5741,43781,0.22534405187495696,8.0
5741,259081,0.8426796632851286,1.0
5741,568200,0.2909952699912907,7.0
5741,107688,0.474786498696365,4.0
5741,301224,0.4526140575136632,5.0
5741,329337,0.022481811299914577,9.0
5741,136825,0.7124257565595556,3.0
5741,437427,0.0,10.0
3566,45029,0.6291250341213717,3.0
3566,195191,0.46816248713708364,6.0
3566,149306,0.556020834918598,5.0
3566,408123,0.6695201456902603,2.0
3566,152286,0.8937539451243647,1.0
3566,519390,0.07249158295695389,9.0
3566,65782,0.03124395867942069,10.0
3566,595211,0.1548540097334474,8.0
3566,317493,0.5642338972607663,4.0
3566,284075,0.441691290305407,7.0
5862,562511,1.0,1.0
5862,21194,0.8480824043723926,2.0
5862,273947,0.17961747042859122,8.0
5862,170141,0.6973261878633337,4.0
5862,29790,0.2198652414253141,7.0
5862,253563,0.6449453448604693,5.0
5862,269898,0.7381163180311884,3.0
5862,346042,0.5111415321798004,6.0
5862,258465,0.0576870046062493,9.0
5862,78176,0.0,10.0
8779,209730,1.0,1.0
8779,180571,0.6247413055495782,2.0
8779,17166,0.4063609452070568,3.0
8779,213591,0.23074060828819765,6.0
8779,279538,0.16403452813260025,8.0
8779,72160,0.3141808781489794,4.0
8779,319954,0.16184819513797935,9.0
8779,452870,0.23526774944124235,5.0
8779,491964,0.21021072870866503,7.0
8779,214901,0.0,10.0
4714,505057,0.9718172737754116,1.0
4714,584450,0.9221400517072813,2.0
4714,324833,0.6629746901319519,3.0
4714,184506,0.31274770459315854,4.0
4714,295980,0.2427354020648778,7.0
4714,249450,0.28127850675787847,5.0
4714,118374,0.21604503549371673,8.0
4714,424585,0.006633763293463835,9.0
4714,473809,0.00041141330111746973,10.0
4714,46211,0.26104745260814116,6.0
7311,125355,0.5978496045086646,3.0
7311,279897,0.41114222058691996,5.0
7311,183349,0.04666119526978739,8.0
7311,523279,0.012902800169717843,10.0
7311,33576,0.15785209469462885,7.0
7311,215154,0.33908504833094316,6.0
7311,344267,0.8075160454270165,1.0
7311,238421,0.6999669790045308,2.0
7311,334696,0.5911446839455432,4.0
7311,100485,0.02265086739301244,9.0
109,73427,1.0,1.0
109,213331,0.11897298199354644,7.0
109,538023,0.3406105378200135,4.0
109,461084,0.11010725567498678,8.0
109,563025,0.5719260814803152,2.0
109,406457,0.06622332290364927,9.0
109,342212,0.2204726591915974,6.0
109,535705,0.25364173528139966,5.0
109,547301,0.489895660388662,3.0
109,18509,0.0,10.0
570,21311,0.7211353619807053,4.0
570,103593,0.2985708790340244,8.0
570,232199,0.12706579304211793,9.0
570,341493,0.8449988587575088,1.0
570,565684,0.11201969816224677,10.0
570,156358,0.585224711464852,6.0
570,79888,0.6656743444858256,5.0
570,335991,0.809383114537039,2.0
570,349384,0.36600603787419417,7.0
570,17166,0.7808643010405556,3.0
6959,301570,0.6921264221742167,3.0
6959,69790,0.9422932115000577,1.0
6959,293767,0.5386546225229009,7.0
6959,482415,0.10345089047117734,10.0
6959,330041,0.6286059425018329,4.0
6959,88813,0.7382731018582466,2.0
6959,427726,0.5135399396181644,8.0
6959,266480,0.3875558825681234,9.0
6959,431814,0.6130890847991397,6.0
6959,231781,0.6184647832342058,5.0
90,56718,0.7736046142745836,2.0
90,150219,0.5607700388836147,5.0
90,31793,0.9190823393641412,1.0
90,385073,0.567871659037445,4.0
90,234436,0.6851840540940142,3.0
90,153541,0.39123804816110924,6.0
90,172594,0.20199899590083611,8.0
90,366830,0.007590224171045358,10.0
90,34731,0.21406794551700317,7.0
90,314898,0.0982498143226227,9.0
5064,2003,1.0,1.0
5064,455614,0.6555869714215344,2.0
5064,135514,0.14230325917831096,9.0
5064,192811,0.5481015830382777,6.0
5064,551423,0.6127467275460088,3.0
5064,414288,0.5062572381615391,7.0
5064,377223,0.5962354565257271,4.0
5064,393278,0.08940130144849412,10.0
5064,524888,0.16965152003751444,8.0
5064,176498,0.5706505490282248,5.0
4103,307380,0.8865331970739836,2.0
4103,29073,0.9883100668714848,1.0
4103,577578,0.7801114174317425,3.0
4103,482415,0.7269232138831323,4.0
4103,175265,0.39213950705104395,7.0
4103,370879,0.43061448852390827,5.0
4103,163590,0.04359126285389878,9.0
4103,133093,0.15206016868238517,8.0
4103,169921,0.007896972484562476,10.0
4103,192193,0.409004044319885,6.0
1198,56718,1.0,1.0
1198,232199,0.25462389211250386,3.0
1198,175272,0.23543540940858537,4.0
1198,103593,0.08671557212926155,9.0
1198,366761,0.15915255036638393,8.0
1198,105872,0.265932642665326,2.0
1198,467390,0.18507863335504812,6.0
1198,352120,0.16918763551494864,7.0
1198,58937,0.20016709023041254,5.0
1198,434769,0.0,10.0
4539,32744,0.8086499565820644,2.0
4539,61792,0.5238930991765282,5.0
4539,275925,0.8539202231349916,1.0
4539,61346,0.6020283352485459,4.0
4539,370879,0.11265975320289207,9.0
4539,426461,0.2644924877567294,6.0
4539,235522,0.13852605469255277,8.0
4539,440270,0.048707366420303204,10.0
4539,83330,0.7247972228689854,3.0
4539,572272,0.2046761677355154,7.0
9391,248158,0.7484620138299654,2.0
9391,136270,0.3720869397139274,5.0
9391,108859,0.30065080205163075,6.0
9391,136515,0.9461689783533397,1.0
9391,142631,0.5597711563715508,3.0
9391,301580,0.5269525997567536,4.0
9391,127263,0.2367836204681379,8.0
9391,105973,0.012705279300916673,10.0
9391,429579,0.19944920143326894,9.0
9391,163590,0.2597856934941599,7.0
4600,577578,0.9381345921493536,1.0
4600,61792,0.37466552315777085,6.0
4600,482415,0.861664639119007,2.0
4600,257633,0.5338044440852547,4.0
4600,133093,0.3480015665200499,7.0
4600,76515,0.024187693179214792,10.0
4600,367137,0.5883086201727727,3.0
4600,214542,0.0912288239513969,9.0
4600,34925,0.43749471318147093,5.0
4600,275257,0.2785695348205202,8.0
3735,125659,0.7856858822638373,2.0
3735,93231,0.6911921374841914,4.0
3735,537418,0.6057706021310014,5.0
3735,330041,0.7502969146726766,3.0
3735,344065,0.3647850534570409,7.0
3735,511093,0.21219527814019526,9.0
3735,32290,0.8671661211316125,1.0
3735,504996,0.3612733669752202,8.0
3735,266900,0.47861620389546916,6.0
3735,40447,0.0,10.0
5422,483299,0.40065838253171504,6.0
5422,108,0.17272384186614978,10.0
5422,55022,0.28131541706025376,8.0
5422,528034,0.41693786210743317,5.0
5422,81304,0.32227096801955074,7.0
5422,259081,0.8551902676828685,1.0
5422,579235,0.7528794934709832,2.0
5422,136270,0.5732691939245811,4.0
5422,22221,0.18953541186117653,9.0
5422,124219,0.6646210651891438,3.0
744,573276,0.9847705026861933,1.0
744,138845,0.24684760084966126,9.0
744,409573,0.29256186953580726,8.0
744,171339,0.5159475996427565,4.0
744,289231,0.8560709178877244,2.0
744,273528,0.3328135686724325,6.0
744,172305,0.035491379070543845,10.0
744,350819,0.3391434791576651,5.0
744,120852,0.3305368681928994,7.0
744,118280,0.5683834890731123,3.0
515,372909,1.0,1.0
515,328341,0.830119893745209,3.0
515,431685,0.7916846070983284,4.0
515,352838,0.8502881592131892,2.0
515,231614,0.5515167401288392,5.0
515,195081,0.30481669673391054,6.0
515,98112,0.1208067644229914,9.0
515,60443,0.1357643087754825,7.0
515,123733,0.0040148806473085,10.0
515,360011,0.12873927511069055,8.0
2443,331253,0.6420238247052479,6.0
2443,44609,0.6967884315636979,5.0
2443,305579,0.8648354826246916,1.0
2443,306800,0.7365655293767867,4.0
2443,446647,0.7745956855365562,3.0
2443,313437,0.0449873036612579,10.0
2443,426216,0.8363317753835305,2.0
2443,208051,0.4775809880773066,8.0
2443,305907,0.5755612753552823,7.0
2443,510130,0.22957177726933595,9.0
4265,157553,1.0,1.0
4265,392163,0.6230153509389509,4.0
4265,584273,0.5617380933906039,5.0
4265,149974,0.380407115334487,7.0
4265,523158,0.015846257838650513,10.0
4265,140947,0.628594194156827,2.0
4265,386229,0.03923548556661438,9.0
4265,575729,0.19964152924393694,8.0
4265,93881,0.6251421778827556,3.0
4265,577517,0.3974865513460375,6.0
4865,223032,0.4271558949413816,6.0
4865,370569,0.9937318152288667,1.0
4865,251824,0.5562879237687495,3.0
4865,435963,0.6319656606221544,2.0
4865,508821,0.3530512784452121,7.0
4865,481166,0.46604846348023543,4.0
4865,305117,0.446347398515613,5.0
4865,110515,0.17268710770547213,8.0
4865,565698,0.008450595202005548,9.0
4865,585738,0.00670063528887984,10.0
2968,187196,0.6849068894391019,3.0
2968,388646,0.9743763229278835,1.0
2968,242124,0.8442984596334391,2.0
2968,176498,0.045473252241624816,10.0
2968,198371,0.4723651220795236,4.0
2968,583640,0.3272770440058628,5.0
2968,280967,0.1478230279993364,8.0
2968,287991,0.187557684417797,6.0
2968,455398,0.06691429523898555,9.0
2968,329757,0.1796010131436469,7.0
7221,305117,0.6635376944930933,4.0
7221,473809,0.9795010833542535,1.0
7221,481166,0.6799217159475741,3.0
7221,71873,0.4503926183005261,6.0
7221,537418,0.5403884096038204,5.0
7221,307315,0.022707361606993205,10.0
7221,81542,0.4464806102840692,7.0
7221,452175,0.40189106479963604,8.0
7221,570664,0.38617549417574754,9.0
7221,77652,0.8,2.0
2407,2064,1.0,1.0
2407,78176,0.7320987577011968,3.0
2407,173929,0.7548569561411612,2.0
2407,516444,0.38662163413351447,7.0
2407,255491,0.4664491627218406,6.0
2407,273528,0.6422113234553831,4.0
2407,514425,0.2532386985820518,8.0
2407,367641,0.052059897081743654,9.0
2407,566480,0.613288670126615,5.0
2407,63678,0.0,10.0
3039,136804,1.0,1.0
3039,467390,0.7438767138559006,3.0
3039,147080,0.8312617370966964,2.0
3039,387010,0.5472840723044632,6.0
3039,442110,0.4530866954423168,8.0
3039,483274,0.0189943310497516,10.0
3039,510409,0.6172278970364861,4.0
3039,106501,0.506721980201306,7.0
3039,4947,0.38275146312457997,9.0
3039,398622,0.5541566065980155,5.0
1748,18001,1.0,1.0
1748,528564,0.7761695103721217,2.0
1748,418135,0.5633503068839235,3.0
1748,462892,0.5194138353554223,5.0
1748,298427,0.5400470917884002,4.0
1748,429378,0.19874626610343524,7.0
1748,223206,0.09969283324165881,9.0
1748,517372,0.18398629065089916,8.0
1748,171780,0.008627158873409622,10.0
1748,124027,0.49562026821150673,6.0
10547,404339,1.0,1.0
10547,536120,0.22285526851743187,8.0
10547,272008,0.5505695859667811,3.0
10547,4666,0.08105491547513827,9.0
10547,597351,0.3540240908796723,5.0
10547,112714,0.6249372692612704,2.0
10547,32290,0.2577459308700453,6.0
10547,23609,0.4582282744816109,4.0
10547,392037,0.0015058099278508676,10.0
10547,491969,0.25102934631853624,7.0
10596,164008,0.6377786919069006,3.0
10596,284235,0.6859211364712398,2.0
10596,208070,0.9536390765444567,1.0
10596,413041,0.3427498677943586,7.0
10596,316838,0.4740253463784032,5.0
10596,494727,0.4097207700084467,6.0
10596,394244,0.5278898465101381,4.0
10596,127452,0.2923106923004525,8.0
10596,69197,0.013460212583342358,10.0
10596,169062,0.17852721194115467,9.0
5061,352838,0.5327556546419756,5.0
5061,242124,0.5297959764371933,6.0
5061,329757,0.310427311490836,8.0
5061,447353,0.39950506500224026,7.0
5061,149974,0.7387397871601806,3.0
5061,380863,0.6610828933151208,4.0
5061,261189,0.860032710896217,1.0
5061,46755,0.8419020092417909,2.0
5061,158845,0.027292678776395463,10.0
5061,287991,0.3069895164494405,9.0
853,510373,0.6699638055304997,3.0
853,510409,0.9983469293166631,1.0
853,314984,0.5708422678121391,5.0
853,106501,0.5787132695246335,4.0
853,263361,0.07087532754770359,8.0
853,131996,0.034024355494343586,9.0
853,72402,0.1694995490269667,7.0
853,150219,0.4424823700077869,6.0
853,582864,0.6954518434683961,2.0
853,303929,0.017817253233459725,10.0
6803,544053,1.0,1.0
6803,193012,0.8014972770011255,2.0
6803,42620,0.5463351386827335,3.0
6803,316045,0.024137513130311424,10.0
6803,271243,0.267141705908919,5.0
6803,10703,0.18862926561119364,7.0
6803,142726,0.4442273059282069,4.0
6803,78675,0.15658400328902872,8.0
6803,60355,0.23993522971779968,6.0
6803,272784,0.11882543461834777,9.0
6644,187497,1.0,1.0
6644,572842,0.3492239450013396,6.0
6644,308837,0.4544784390619004,4.0
6644,426216,0.3444125407095816,7.0
6644,578954,0.583960177681843,2.0
6644,305907,0.37131098343169994,5.0
6644,293687,0.18030789406684333,8.0
6644,373271,0.5087477679161913,3.0
6644,31793,0.03697843042555852,10.0
6644,238421,0.1126458151919392,9.0
699,107092,1.0,1.0
699,169688,0.1844984410001822,7.0
699,68357,0.2302992688554985,6.0
699,446679,0.5694166155791649,2.0
699,385658,0.11569885453510598,9.0
699,472924,0.41029432772163393,4.0
699,521010,0.46991106295458623,3.0
699,586920,0.08799668158323537,10.0
699,414598,0.1395243112382547,8.0
699,96538,0.295513260770013,5.0
549,214024,1.0,1.0
549,67167,0.6908502248355961,2.0
549,446647,0.10428168809092736,9.0
549,546020,0.46393349354332974,4.0
549,73427,0.3648539707835787,6.0
549,547301,0.23138243681405485,8.0
549,563025,0.07498545020193581,10.0
549,397449,0.27424996578450456,7.0
549,449630,0.47124559428661755,3.0
549,443795,0.4256894927795054,5.0
904,415514,1.0,1.0
904,85229,0.5250755727440225,2.0
904,433905,0.22568731826331273,6.0
904,120852,0.2170284603827855,7.0
904,101369,0.2767549028094379,3.0
904,359579,0.18607271586261664,8.0
904,169824,0.2466313633135627,5.0
904,320579,0.2558178845627865,4.0
904,75235,0.0026420562354265683,10.0
904,29360,0.061659342409382305,9.0
2590,583635,0.6213694154065093,4.0
2590,296528,0.8659420874636249,1.0
2590,55999,0.6249424225351915,3.0
2590,307095,0.3615985209173233,5.0
2590,209493,0.6262722759278467,2.0
2590,106424,0.11663689483195083,9.0
2590,471964,0.35976088748608903,6.0
2590,387010,0.0029370114768651093,10.0
2590,26203,0.3533402877216614,7.0
2590,454222,0.30091765878169263,8.0
1451,538005,1.0,1.0
1451,559482,0.10357846233084725,10.0
1451,98112,0.7073838027561286,2.0
1451,377571,0.25229276331836203,7.0
1451,313437,0.2733257697698256,6.0
1451,94689,0.3305138035635171,5.0
1451,433809,0.6069831901229574,3.0
1451,522481,0.19201058307455038,9.0
1451,51729,0.2364309445310333,8.0
1451,440910,0.40042517610132794,4.0
5790,469776,0.49194171517233254,4.0
5790,97348,0.6182949278382142,3.0
5790,101369,0.1207013750069576,8.0
5790,363810,0.10760138259106665,9.0
5790,141738,0.7420725401311812,2.0
5790,241136,0.8081001789489956,1.0
5790,305287,0.4133434475048316,5.0
5790,277353,0.1771788107573373,6.0
5790,149305,0.14073961455486572,7.0
5790,75235,0.028982863998442868,10.0
7295,435125,0.5232373943412689,5.0
7295,403755,0.17578107915413232,9.0
7295,93971,0.46800774393970174,7.0
7295,193398,0.43975218201690225,8.0
7295,39478,0.8257308575715153,1.0
7295,513258,0.7726577559420404,2.0
7295,456470,0.4935405097019451,6.0
7295,115553,0.62632652991696,3.0
7295,3118,0.5249269779641702,4.0
7295,102436,0.0,10.0
5083,142876,0.9727161294714504,1.0
5083,13975,0.7785945541757237,3.0
5083,368802,0.8902014117928343,2.0
5083,433197,0.4602908544173457,4.0
5083,333184,0.3166057865947457,8.0
5083,21103,0.0,10.0
5083,579473,0.37946385760902623,7.0
5083,305360,0.12086011702012517,9.0
5083,20958,0.40912324823654383,6.0
5083,19183,0.4590409106158029,5.0
7936,363043,0.8300624533426537,2.0
7936,336541,0.9813750489517356,1.0
7936,293767,0.6270759211605884,5.0
7936,320101,0.7186437501492684,3.0
7936,43087,0.6442368888062164,4.0
7936,561884,0.6131000907387937,6.0
7936,416307,0.5267648555326837,7.0
7936,187404,0.1983733670262487,9.0
7936,127585,0.025802025791000632,10.0
7936,214003,0.200838737383794,8.0
8296,78675,1.0,1.0
8296,79998,0.7869890037527677,2.0
8296,146315,0.030988768187633273,8.0
8296,180571,0.016704850330057697,9.0
8296,26203,0.1803663298021159,5.0
8296,371720,0.2340153425244666,4.0
8296,61962,0.2527833434209678,3.0
8296,392037,0.1386794432425166,7.0
8296,99757,0.0016297056675593606,10.0
8296,3118,0.1680101012839108,6.0
475,431685,0.9356817448743862,1.0
475,88124,0.8162252280063238,3.0
475,366761,0.9040901289920278,2.0
475,232199,0.2925772303100437,8.0
475,60637,0.012756067367839009,10.0
475,328341,0.4612587463624984,6.0
475,352640,0.5268882218008701,5.0
475,232563,0.39001397698266904,7.0
475,433,0.09877602780576772,9.0
475,372909,0.5613033075705998,4.0
3759,384631,0.351556765235086,8.0
3759,152250,0.28086628497251975,9.0
3759,105634,0.7326495157436284,3.0
3759,414188,0.8529677605028867,1.0
3759,101369,0.37060006408437984,7.0
3759,445794,0.04448036317172836,10.0
3759,405217,0.664600865894166,4.0
3759,264800,0.5546583241850758,6.0
3759,130877,0.7498969186686645,2.0
3759,146181,0.6396592546620816,5.0
4615,596196,0.8847796895431437,3.0
4615,425595,0.7743489392816502,6.0
4615,69523,0.9446778305289542,1.0
4615,496427,0.9284754542156097,2.0
4615,261900,0.8303056746310887,4.0
4615,226060,0.5578051311213916,8.0
4615,421365,0.8100304588592074,5.0
4615,19179,0.6533570725202453,7.0
4615,341493,0.04306457415157131,9.0
4615,15891,0.0,10.0
8874,403025,1.0,1.0
8874,251704,0.5859097869385487,2.0
8874,527231,0.4655964061646581,3.0
8874,66631,0.03490361389613845,10.0
8874,357685,0.042413709712906277,9.0
8874,370569,0.23676548159078412,6.0
8874,556976,0.07616135322511153,8.0
8874,349160,0.18754240529230237,7.0
8874,319793,0.3307978365769081,5.0
8874,571362,0.3407809666553933,4.0
26,399013,0.6539075858144858,2.0
26,528132,0.6121385456861965,3.0
26,409611,0.3835616605600827,7.0
26,565330,0.4066022402659042,6.0
26,563025,0.8684383568981175,1.0
26,2064,0.5731221006136179,4.0
26,401254,0.504945115266302,5.0
26,452544,0.019737463747295396,10.0
26,367641,0.3609800728249253,8.0
26,71898,0.27810081238640433,9.0
3875,249859,1.0,1.0
3875,136315,0.7200868676067422,2.0
3875,442110,0.44892702071345225,4.0
3875,571258,0.42090585474440145,5.0
3875,158185,0.2825276274797249,6.0
3875,426570,0.4724901025683281,3.0
3875,76515,0.24561693680617297,7.0
3875,143100,0.0599349165365497,9.0
3875,518406,0.2411244721277641,8.0
3875,414288,0.0,10.0
6835,159703,0.5499438597215174,2.0
6835,246221,0.3692257352831884,6.0
6835,149305,0.9079986131683134,1.0
6835,195767,0.4016494547717244,5.0
6835,403755,0.30761134891883807,7.0
6835,592636,0.04698015856625443,10.0
6835,108721,0.10917727549130724,9.0
6835,238629,0.42022189594849996,3.0
6835,196427,0.4127920321007225,4.0
6835,467575,0.16844668523345263,8.0
4433,301580,0.8748940746131837,2.0
4433,172703,0.47873868484775584,6.0
4433,539263,0.7970365059708269,3.0
4433,297290,0.8998832163610768,1.0
4433,21311,0.4418759952920771,7.0
4433,379311,0.4872305416063543,5.0
4433,453542,0.036296975431701295,10.0
4433,451855,0.3606384659462145,8.0
4433,146181,0.6600107741268191,4.0
4433,536120,0.32585616999540645,9.0
5374,115553,0.42129942940341203,8.0
5374,92267,0.9997654172202648,1.0
5374,251704,0.5492957642424238,7.0
5374,44601,0.3175094515478547,9.0
5374,60175,0.6320064189505108,3.0
5374,294295,0.016868326726412166,10.0
5374,99857,0.6313331519640389,4.0
5374,537418,0.6081111421874872,5.0
5374,576564,0.5636518036324528,6.0
5374,186453,0.6353346791532773,2.0
6221,529551,0.8479615918820358,3.0
6221,551423,0.9532134271532524,1.0
6221,240261,0.6858943450582938,5.0
6221,128698,0.6335196765396913,6.0
6221,270856,0.8502128024588346,2.0
6221,66901,0.03225624326639987,10.0
6221,578488,0.44804869557175797,8.0
6221,384626,0.7777080273701686,4.0
6221,405352,0.5617377656577547,7.0
6221,494753,0.1653966449976216,9.0
672,593283,1.0,1.0
672,563025,0.9162075982817544,2.0
672,213370,0.7720830884349783,4.0
672,40966,0.7317972071063126,5.0
672,273947,0.795732648888989,3.0
672,15824,0.6900483592486674,6.0
672,67167,0.424982175576893,8.0
672,170141,0.23423320204956927,9.0
672,201800,0.009797828935843932,10.0
672,494689,0.5164948615140668,7.0
2593,231614,0.7388804029078242,3.0
2593,169688,0.052832077948555246,10.0
2593,147343,0.7209816581170168,4.0
2593,73427,0.40032089612815835,6.0
2593,528132,0.8254130400762969,1.0
2593,399013,0.32877265044758913,8.0
2593,387573,0.5710368032831987,5.0
2593,449630,0.7425313687109083,2.0
2593,394460,0.2243820286840059,9.0
2593,171339,0.3713035962460482,7.0
4019,287991,0.9360786770702043,2.0
4019,553288,0.8897847534659035,3.0
4019,332749,0.9458853966637218,1.0
4019,94423,0.1484080986985587,9.0
4019,561056,0.5843171069138081,6.0
4019,448699,0.417222664451352,7.0
4019,377223,0.7697044811486353,4.0
4019,126134,0.013569774060503357,10.0
4019,1164,0.295573933287607,8.0
4019,468879,0.716527742830267,5.0
7205,370569,0.72937286259222,2.0
7205,159966,0.9536877275086706,1.0
7205,186453,0.4130368941450513,5.0
7205,100103,0.26000527304511784,9.0
7205,62151,0.270003183777101,7.0
7205,565926,0.486072251768325,3.0
7205,336541,0.2934055785619045,6.0
7205,442048,0.4162409991783852,4.0
7205,558370,0.005911717445825901,10.0
7205,12432,0.2614554161329159,8.0
6611,329425,0.42600359165615065,4.0
6611,293679,0.9985293795754305,1.0
6611,142631,0.15249841592874144,9.0
6611,39819,0.15589688844495633,8.0
6611,81304,0.36460662060888666,6.0
6611,198764,0.7264117304996679,2.0
6611,297290,0.39339423215384084,5.0
6611,17208,0.3305922238677375,7.0
6611,112208,0.46233611338582936,3.0
6611,345533,0.0,10.0
7911,131996,0.9098118582721448,2.0
7911,57711,0.9537911546262471,1.0
7911,553304,0.34811565068737216,5.0
7911,69197,0.2797411652839322,7.0
7911,386173,0.029571966762482905,10.0
7911,506617,0.4679463767187342,3.0
7911,597401,0.33014764256261264,6.0
7911,543714,0.24034080605456395,8.0
7911,116647,0.13833600438168564,9.0
7911,385574,0.3898057646868064,4.0
7463,577951,1.0,1.0
7463,387277,0.5032350905662406,5.0
7463,176498,0.5571886702053229,4.0
7463,423403,0.789528513768774,2.0
7463,565698,0.07738073503162515,10.0
7463,328086,0.10869770970320568,9.0
7463,350145,0.48785401912479187,6.0
7463,216384,0.46783247367856945,7.0
7463,188015,0.43904988896069075,8.0
7463,528034,0.6057837738282217,3.0
4999,9938,1.0,1.0
4999,305117,0.4356666370722362,3.0
4999,46211,0.6059247535212607,2.0
4999,350680,0.4027902573434251,4.0
4999,216327,0.13779486750165004,7.0
4999,411061,0.03105455301017733,9.0
4999,406185,0.17665663952470498,5.0
4999,13657,0.013225014045843725,10.0
4999,580920,0.08064960071753492,8.0
4999,222153,0.13923072229628397,6.0
7344,14368,1.0,1.0
7344,418150,0.6850261367014675,2.0
7344,327978,0.36839469352645166,5.0
7344,392851,0.3858904786517305,3.0
7344,301224,0.10998463453161672,9.0
7344,39247,0.3777112920639288,4.0
7344,527231,0.1907445664291719,8.0
7344,72652,0.2666889803259727,6.0
7344,58753,0.0026697829205295106,10.0
7344,266319,0.2505038956006489,7.0
7705,377429,0.7065092346846575,3.0
7705,539263,0.9302462384947697,1.0
7705,480315,0.7121909366753211,2.0
7705,467575,0.3756910055868695,9.0
7705,172703,0.38054597438841653,8.0
7705,536120,0.5645210491550977,4.0
7705,87722,0.4728044792739577,6.0
7705,345199,0.019154493608173114,10.0
7705,96926,0.4600572800403262,7.0
7705,387277,0.5167254010381858,5.0
1815,372909,0.8061759283726475,2.0
1815,446928,0.9900826353509639,1.0
1815,363591,0.7382959295379119,3.0
1815,432080,0.6010508588382728,5.0
1815,88124,0.5932042836113207,6.0
1815,457701,0.6657936976134577,4.0
1815,328341,0.5362311127122701,7.0
1815,528522,0.2865290179374719,9.0
1815,539133,0.39233554796267617,8.0
1815,459677,0.0,10.0
7467,193312,1.0,1.0
7467,371720,0.8440677535923266,2.0
7467,26203,0.34641764951265597,6.0
7467,457532,0.5429563380967892,3.0
7467,55999,0.20184005396718174,7.0
7467,428017,0.46141153557853803,5.0
7467,435963,0.5090920673770193,4.0
7467,431814,0.01322067728408112,10.0
7467,253024,0.10030812816154665,8.0
7467,99757,0.037969236655438776,9.0
8013,198349,0.5398884653298976,7.0
8013,383978,0.9287622256171439,1.0
8013,374151,0.4857230130382519,8.0
8013,244433,0.7918065748312719,2.0
8013,251824,0.5566443691373962,6.0
8013,241101,0.591482960485927,3.0
8013,398123,0.5802064092903252,4.0
8013,31793,0.011011560555071055,10.0
8013,498378,0.579038446329146,5.0
8013,588247,0.26423797043343933,9.0
1415,66246,0.7171327158416063,3.0
1415,306144,0.6907873430733361,4.0
1415,393953,0.8031345409655343,2.0
1415,591940,0.4609645180398349,5.0
1415,387165,0.9505542738638958,1.0
1415,583956,0.3824222973754017,6.0
1415,110515,0.03463573928056417,10.0
1415,318266,0.33035767560145757,7.0
1415,183612,0.18057853014774775,9.0
1415,232063,0.29545133787674177,8.0
7758,480315,0.5086317679041661,3.0
7758,574327,0.9603641328806994,1.0
7758,69696,0.20432565874999914,4.0
7758,112714,0.5748193071003066,2.0
7758,379311,0.047056018241106015,9.0
7758,122432,0.08052003118551324,7.0
7758,322826,0.10242872367960325,6.0
7758,112208,0.002284988370881334,10.0
7758,17923,0.1545877727652693,5.0
7758,172703,0.0612567019881091,8.0
1915,306144,0.7426479118914295,2.0
1915,182168,0.5325238839486607,6.0
1915,78176,0.10460876655091154,9.0
1915,393953,0.9025107527534268,1.0
1915,140038,0.5055105531568855,7.0
1915,583956,0.7031658351825623,3.0
1915,318266,0.5688273293545202,5.0
1915,66246,0.6371342454979134,4.0
1915,505580,0.0993717647453299,10.0
1915,591940,0.4829137323629711,8.0
4415,108859,0.2,10.0
4415,32744,0.6186592226105342,7.0
4415,61792,0.6687816358209505,5.0
4415,370879,0.6101114696996552,8.0
4415,14926,0.8766021778967241,1.0
4415,244427,0.7437340411481608,4.0
4415,399751,0.6421773524512755,6.0
4415,147646,0.8302978257436221,2.0
4415,309550,0.7477155215764645,3.0
4415,235522,0.2771272019770879,9.0
10482,201495,0.9319333108060517,2.0
10482,439757,0.989149179018044,1.0
10482,387277,0.7794696638680555,3.0
10482,518379,0.6730023516840012,5.0
10482,175821,0.6693114877307407,6.0
10482,142696,0.3977243642242858,7.0
10482,535317,0.17520879933118583,9.0
10482,364575,0.002290493808529782,10.0
10482,72402,0.33537538781522874,8.0
10482,34925,0.7370785814708035,4.0
2296,119298,0.936575861761116,1.0
2296,279897,0.742666805496464,4.0
2296,460357,0.20078787413581134,8.0
2296,396853,0.753335851759848,3.0
2296,577201,0.4368484229753043,5.0
2296,410119,0.15721556640241835,9.0
2296,275410,0.02662681961705818,10.0
2296,120090,0.43543205418920783,6.0
2296,169688,0.29800236150788917,7.0
2296,175982,0.8,2.0
6787,58290,0.4929282455928359,3.0
6787,456436,0.4239133341260124,6.0
6787,124230,0.5414896969077505,2.0
6787,457294,0.4300204772787052,5.0
6787,261189,0.20786630292591973,8.0
6787,220022,0.1597157091250713,9.0
6787,382381,0.3695151951800664,7.0
6787,552707,0.45017751427894626,4.0
6787,309555,0.0049064610184829036,10.0
6787,223070,0.8,1.0
2857,117451,1.0,1.0
2857,123659,0.5597957281626257,6.0
2857,590917,0.7677658792225267,3.0
2857,295864,0.5271057708130342,7.0
2857,19606,0.5744535366351192,5.0
2857,60175,0.7949074974793117,2.0
2857,348733,0.024542607271617344,8.0
2857,464502,0.01669152139073557,9.0
2857,581038,0.7577123659521777,4.0
2857,482335,0.005408302147178093,10.0
753,114418,1.0,1.0
753,51729,0.6101664879091397,4.0
753,581509,0.839687567118974,2.0
753,72046,0.4284655118563965,7.0
753,466718,0.7454138781676379,3.0
753,504255,0.5565442639442058,5.0
753,297290,0.018044145662513455,10.0
753,125355,0.31153744001864114,8.0
753,177648,0.48986774766409,6.0
753,61792,0.10073522843008056,9.0
2676,55666,1.0,1.0
2676,13975,0.5397519610923621,3.0
2676,264408,0.13420038847971316,8.0
2676,44110,0.39454094554355845,5.0
2676,182168,0.6192924297738049,2.0
2676,313171,0.48432688841828625,4.0
2676,244749,0.13209186688522545,9.0
2676,218845,0.20873508920496048,7.0
2676,279897,0.11993796486631246,10.0
2676,196427,0.2272013421395443,6.0
7456,164008,0.8227228793918715,3.0
7456,494727,0.9461796673655888,1.0
7456,284235,0.8998920497814077,2.0
7456,169062,0.20389776579740715,8.0
7456,413041,0.09118826390948882,10.0
7456,316838,0.6743393471460595,6.0
7456,112714,0.8030382026765194,4.0
7456,69197,0.11943098008355861,9.0
7456,127452,0.5821869077745548,7.0
7456,394244,0.8,5.0
2579,524471,1.0,1.0
2579,280838,0.6037572736612492,2.0
2579,229809,0.2917142325156211,5.0
2579,570155,0.08862829317818428,9.0
2579,263481,0.5040629933571062,4.0
2579,197052,0.5939390407605076,3.0
2579,55064,0.21344851576237356,7.0
2579,579473,0.1856111640056391,8.0
2579,566480,0.2199534730678336,6.0
2579,410119,0.0,10.0
687,506831,0.772367533632776,3.0
687,342258,0.6208591302659654,5.0
687,449630,0.533893572091624,6.0
687,214024,0.5148335013233992,7.0
687,478186,0.8214507420809515,2.0
687,579473,0.827765164547453,1.0
687,406457,0.6387217975610593,4.0
687,508895,0.4443820495830451,8.0
687,494926,0.0018004407218167717,10.0
687,16670,0.3970703780285705,9.0
2445,431685,1.0,1.0
2445,328341,0.4942707113784131,4.0
2445,352838,0.5630844124229059,3.0
2445,372909,0.46193913101197304,5.0
2445,366761,0.5801388890270037,2.0
2445,195081,0.03071196820372708,9.0
2445,88124,0.24582381612419849,6.0
2445,114418,0.22700367290111662,7.0
2445,360011,0.004760333646523677,10.0
2445,539133,0.20815218583191944,8.0
2885,17651,0.6366003122328139,6.0
2885,460398,0.8488830158210602,3.0
2885,429579,0.60269084390632,7.0
2885,516444,0.7732148325839322,5.0
2885,102081,0.885275908723897,1.0
2885,540539,0.2726787457090273,9.0
2885,118730,0.8513773803120809,2.0
2885,279865,0.7986164074880265,4.0
2885,101453,0.013417261499946643,10.0
2885,167356,0.331307858085119,8.0
5264,431814,0.6166493695794353,3.0
5264,42438,0.07921888654034093,10.0
5264,52579,0.8768386436928683,1.0
5264,505694,0.6466403193972479,2.0
5264,114439,0.15341209312918325,8.0
5264,580920,0.5902931613593764,4.0
5264,481166,0.14012342900931582,9.0
5264,400841,0.2450620949283286,6.0
5264,371720,0.2740526370240799,5.0
5264,186453,0.2060547154292801,7.0
7633,494727,1.0,1.0
7633,284235,0.6125844652516335,4.0
7633,164008,0.4603756288619918,7.0
7633,175831,0.6937866518622909,3.0
7633,228983,0.5553370684856567,6.0
7633,413041,0.0636533439518009,10.0
7633,112714,0.4079016532755585,8.0
7633,127452,0.6063999511909758,5.0
7633,31465,0.18844713479249905,9.0
7633,394244,0.7502573027868493,2.0
9291,17208,1.0,1.0
9291,480315,0.4990575528296578,4.0
9291,536120,0.7850312650488535,2.0
9291,377429,0.5087860267987232,3.0
9291,539263,0.48351095641338754,5.0
9291,423658,0.4035762989888722,7.0
9291,172703,0.44622658971028706,6.0
9291,345199,0.1763735644921722,8.0
9291,61022,0.003207271818690141,10.0
9291,328086,0.1247317670717951,9.0
4640,331534,1.0,1.0
4640,367785,0.7301522339716835,2.0
4640,104788,0.6720621615457518,3.0
4640,183612,0.28344053251843976,7.0
4640,526110,0.2824522141720518,8.0
4640,298099,0.5390882738793371,4.0
4640,454810,0.18768099639634073,9.0
4640,153541,0.3489205565040873,6.0
4640,49797,0.0186824572414937,10.0
4640,468923,0.35985179405492357,5.0
939,366761,0.7323149650526053,2.0
939,466084,0.14739889689470526,8.0
939,31793,0.3648152946781674,3.0
939,392434,0.8382521101698054,1.0
939,55666,0.05075461251387969,9.0
939,19183,0.3620827151134283,4.0
939,565181,0.1486059392298749,7.0
939,467575,0.007552705143933594,10.0
939,115333,0.2018188571587916,6.0
939,250702,0.33744043560031195,5.0
1306,387022,0.966752705743408,1.0
1306,266952,0.3699605287392876,5.0
1306,594206,0.8383976530394529,3.0
1306,472243,0.848881271666308,2.0
1306,447353,0.36393513255388055,6.0
1306,410119,0.2142399289882369,9.0
1306,460457,0.4350518408400284,4.0
1306,18003,0.21955317206327166,8.0
1306,372204,0.004759720272141313,10.0
1306,583203,0.29555243571932494,7.0
8475,104793,0.7938321686128165,3.0
8475,494655,0.8549482288473365,2.0
8475,240562,0.911919693405771,1.0
8475,21311,0.48404856871830826,5.0
8475,437427,0.463452182326539,6.0
8475,361028,0.03823502513989798,10.0
8475,51615,0.09955036559576577,9.0
8475,444107,0.5280660224546236,4.0
8475,72402,0.10797909251580765,8.0
8475,174335,0.19924114740710622,7.0
6807,332567,1.0,1.0
6807,402466,0.2113457165820458,4.0
6807,187583,0.1580788659287335,6.0
6807,459351,0.36026740136226354,2.0
6807,535697,0.26766204777779457,3.0
6807,59714,0.14906505210167317,7.0
6807,211622,0.17145898541386523,5.0
6807,11184,0.006994607392117828,10.0
6807,565765,0.09964569095634414,8.0
6807,93971,0.06160235103195436,9.0
5228,259476,1.0,1.0
5228,158732,0.6808637042393371,3.0
5228,131774,0.7680330162994173,2.0
5228,331534,0.3991808199667504,8.0
5228,341947,0.5584691791824159,4.0
5228,366594,0.45243484117841404,6.0
5228,140038,0.4044098804218681,7.0
5228,156194,0.10756022574668911,9.0
5228,352120,0.49601089827223915,5.0
5228,414534,0.0,10.0
2856,108739,0.5346925889857433,3.0
2856,296769,0.5003225626792511,4.0
2856,346042,0.488256129904439,5.0
2856,219033,0.48329515491082936,6.0
2856,361028,0.3359630081831618,9.0
2856,23340,0.3989490455285035,8.0
2856,386173,0.04480339428978059,10.0
2856,231727,0.6364949158761459,2.0
2856,110848,0.8129474732829529,1.0
2856,213331,0.43359830908909525,7.0
3791,212222,1.0,1.0
3791,301570,0.03550799791325742,10.0
3791,521641,0.13793846891791292,9.0
3791,10790,0.22597213161732005,7.0
3791,197494,0.29949139470206065,5.0
3791,482415,0.5419726132571062,2.0
3791,572272,0.18842534643298472,8.0
3791,34925,0.2727955755766678,6.0
3791,440270,0.34376799640020966,4.0
3791,577201,0.5336945021194414,3.0
4514,1642,0.7301288851616228,4.0
4514,156211,0.9992906493573206,1.0
4514,426270,0.8005020128332523,2.0
4514,317429,0.7907199669948628,3.0
4514,352485,0.6489395941577333,5.0
4514,197222,0.3595931391561649,9.0
4514,117451,0.4149469608207192,7.0
4514,565782,0.36421275070873094,8.0
4514,514417,0.5145409927719327,6.0
4514,134722,0.0,10.0
6122,496166,1.0,1.0
6122,118280,0.2633358310271633,6.0
6122,117274,0.2712651153677104,5.0
6122,305509,0.32917763494694524,4.0
6122,42533,0.35414509617728823,2.0
6122,219504,0.33275002533927817,3.0
6122,283072,0.005960254297634887,10.0
6122,428829,0.21120578621641464,7.0
6122,39819,0.11949020201915404,9.0
6122,102081,0.1966474300076746,8.0
8832,108059,0.2511194497333528,4.0
8832,94689,0.9982478901480439,1.0
8832,597351,0.3005667256106831,3.0
8832,268289,0.2250252631669602,5.0
8832,170594,0.38932723300793104,2.0
8832,133093,0.1343462530451126,7.0
8832,259317,0.18838145854354588,6.0
8832,234103,0.042736514663655883,8.0
8832,195767,0.010760706986662967,9.0
8832,387141,0.0,10.0
7145,301580,1.0,1.0
7145,379311,0.8168820008496828,2.0
7145,62966,0.06712748512561965,9.0
7145,297290,0.6110876049430396,4.0
7145,451855,0.10384509224139943,8.0
7145,471964,0.35742758028408705,5.0
7145,453542,0.04319503065065308,10.0
7145,387277,0.16544736379042208,7.0
7145,81458,0.7198038919626277,3.0
7145,172703,0.2148625096745024,6.0
7674,164008,0.545370159192482,4.0
7674,249279,0.9752733068998272,1.0
7674,367641,0.3407182320266262,6.0
7674,89460,0.7465423196593031,2.0
7674,65120,0.5149707269876648,5.0
7674,494295,0.5597668672188859,3.0
7674,223206,0.24413528294498793,7.0
7674,452870,0.15480744072164038,8.0
7674,172443,0.10574950236398911,9.0
7674,2064,0.0,10.0
8202,115553,0.5956751814069936,6.0
8202,92267,0.9097505432226897,1.0
8202,251704,0.6182492116122169,5.0
8202,514500,0.6540332982421686,4.0
8202,60175,0.41426844686765546,9.0
8202,99857,0.72507887511865,3.0
8202,186453,0.8144088173025029,2.0
8202,31465,0.44164662237700103,8.0
8202,59714,0.5003495090816973,7.0
8202,265213,0.0,10.0
3682,233497,0.2,10.0
3682,329662,0.9968862728639716,1.0
3682,426223,0.33693092010120684,6.0
3682,537418,0.8878935511650897,3.0
3682,388613,0.33230732435579036,7.0
3682,336018,0.9018495266663057,2.0
3682,27401,0.36441548182979955,5.0
3682,281707,0.3156681923565382,8.0
3682,55022,0.2957690091200116,9.0
3682,330041,0.5873978058511163,4.0
3446,323498,1.0,1.0
3446,211839,0.9356335487359067,2.0
3446,31550,0.6086554506737444,3.0
3446,505027,0.5472116943603726,4.0
3446,367785,0.36764453007522546,7.0
3446,204176,0.20373863061195185,9.0
3446,366685,0.41835523311127093,5.0
3446,157702,0.20784438401647365,8.0
3446,241099,0.03666253562965072,10.0
3446,511386,0.37278370823275603,6.0
7592,40966,0.893719460772731,1.0
7592,273947,0.8500486477118793,4.0
7592,593283,0.7725914270301885,5.0
7592,170141,0.1800624102859492,9.0
7592,208219,0.8549244278017292,2.0
7592,563025,0.8527772905572859,3.0
7592,73427,0.39136249526418315,8.0
7592,213370,0.5944042096676558,7.0
7592,15824,0.6008065846149138,6.0
7592,198349,0.0,10.0
6715,13732,0.934348392343914,1.0
6715,568526,0.9231139734548875,2.0
6715,275902,0.30102460569914824,7.0
6715,193312,0.4811585067703762,3.0
6715,518563,0.054346525429188164,10.0
6715,51729,0.3253507584126414,6.0
6715,457294,0.2570881134693621,8.0
6715,149306,0.41568699318532704,5.0
6715,526110,0.24496507319219557,9.0
6715,113619,0.4333774150335818,4.0
2264,534454,0.9053031491598009,1.0
2264,556976,0.5537451712052959,5.0
2264,244104,0.8698904956305743,2.0
2264,350819,0.06965510363102555,10.0
2264,588247,0.09954953969776834,8.0
2264,488574,0.5997858801229994,4.0
2264,31793,0.10506290636912782,7.0
2264,352838,0.09252337562301313,9.0
2264,450808,0.4220581144257965,6.0
2264,498834,0.6709897594848239,3.0
6121,315275,0.7498557400763195,2.0
6121,289231,0.9748985151178354,1.0
6121,523158,0.08752593201539927,10.0
6121,184175,0.6330047157768065,3.0
6121,333184,0.23781630354728653,9.0
6121,524801,0.46546385936134166,5.0
6121,235545,0.42687493630493245,7.0
6121,570964,0.2577645211829058,8.0
6121,171339,0.5864998292058001,4.0
6121,344573,0.43354629010222256,6.0
3453,418626,0.9809244886594011,1.0
3453,156211,0.5031656890843005,3.0
3453,1642,0.32057398401158677,6.0
3453,296516,0.0416095697218702,10.0
3453,233635,0.8332439904131006,2.0
3453,317429,0.43292902618542994,5.0
3453,352485,0.2329038883707025,8.0
3453,565782,0.2414369722049872,7.0
3453,337764,0.2003312295522117,9.0
3453,209804,0.4693008433083337,4.0
6985,561884,0.22038111049823722,7.0
6985,149305,0.41783463464085324,2.0
6985,456436,0.9048682778992949,1.0
6985,78029,0.28101171478576825,4.0
6985,403755,0.05727318899025002,10.0
6985,538023,0.18403713181583697,8.0
6985,464533,0.13362400461921733,9.0
6985,196427,0.30756947536122065,3.0
6985,54584,0.25909366112495064,5.0
6985,587120,0.24354910081968284,6.0
2181,77245,0.407805199663851,8.0
2181,234436,0.6718241353554528,2.0
2181,470289,0.9790403828931595,1.0
2181,136315,0.1691512261865035,9.0
2181,101604,0.555355704406264,5.0
2181,288189,0.45516949801553325,6.0
2181,391988,0.6285380588553242,3.0
2181,56718,0.6204409410440834,4.0
2181,555732,0.43694520809031007,7.0
2181,499782,0.0,10.0
8532,40702,0.5345838304998098,4.0
8532,416307,0.9971024306032555,1.0
8532,427726,0.17530161261479568,10.0
8532,543714,0.1757008842031697,9.0
8532,42438,0.7945833905484527,2.0
8532,344372,0.31469210222683014,5.0
8532,125355,0.2640653724810934,7.0
8532,483299,0.3003648635430778,6.0
8532,100103,0.22011312068154096,8.0
8532,6574,0.6555219014111884,3.0
4312,222639,0.7666663792666968,2.0
4312,282435,0.977516333793135,1.0
4312,167950,0.7132029046543561,3.0
4312,324779,0.04932995078861996,10.0
4312,507284,0.3043207978910659,8.0
4312,116647,0.3336967203914596,7.0
4312,218759,0.35936100955517014,6.0
4312,535998,0.1023298240958101,9.0
4312,228341,0.38596606375340203,5.0
4312,535651,0.45457526982206087,4.0
9108,415976,0.2,9.0
9108,123702,0.8640078804467379,2.0
9108,133468,0.18744690670450992,10.0
9108,258291,0.8661126423396434,1.0
9108,461592,0.7141052378166308,4.0
9108,579763,0.837149407860263,3.0
9108,472051,0.503192824388076,7.0
9108,298128,0.5605414644374799,6.0
9108,305579,0.22166788078679073,8.0
9108,22221,0.713069568850622,5.0
8116,433032,1.0,1.0
8116,319793,0.37199700141670833,5.0
8116,236482,0.6709954634445919,2.0
8116,182297,0.18613091652891467,8.0
8116,533457,0.605534855405666,3.0
8116,403186,0.03970376002589677,10.0
8116,433197,0.5023462282655327,4.0
8116,38711,0.27487598389705037,7.0
8116,374867,0.3688059189847009,6.0
8116,314478,0.17107875715709117,9.0
9403,243148,0.2818832010266932,7.0
9403,228403,0.8257545296298483,1.0
9403,175982,0.5430215781559665,4.0
9403,562793,0.4574636154889767,5.0
9403,81924,0.10488002675423759,8.0
9403,472516,0.005929656324995931,10.0
9403,513258,0.022263210408053978,9.0
9403,150650,0.6510254454269581,3.0
9403,269898,0.7844740086030262,2.0
9403,29790,0.4064371084676075,6.0
776,124027,1.0,1.0
776,597247,0.6071340105521023,2.0
776,597880,0.42541837936500193,8.0
776,592680,0.4094525847154937,9.0
776,10440,0.5896239049589505,3.0
776,276411,0.008999037377194046,10.0
776,496899,0.4558003140176012,4.0
776,418864,0.4489827101749513,6.0
776,454810,0.4445474871927073,7.0
776,136270,0.45384907958795573,5.0
6199,473322,1.0,1.0
6199,157553,0.7750192201423342,2.0
6199,332314,0.6326891492900641,5.0
6199,521641,0.6763927149498328,3.0
6199,433801,0.5164447654160406,6.0
6199,93231,0.2660028579711932,9.0
6199,525827,0.6618999407198598,4.0
6199,409120,0.027479361963016376,10.0
6199,279845,0.3638860679875219,8.0
6199,366448,0.36768701205025306,7.0
1393,234436,0.8933214147479016,2.0
1393,220022,0.9263207635054551,1.0
1393,532932,0.7704765692704176,3.0
1393,394871,0.5067640322885352,7.0
1393,77245,0.6510115142337898,5.0
1393,352640,0.6977093138802347,4.0
1393,499782,0.08687165212378276,9.0
1393,326665,0.03528661151586205,10.0
1393,196920,0.5181702414370042,6.0
1393,555732,0.19760721431308625,8.0
9668,111768,1.0,1.0
9668,75437,0.561173340845866,6.0
9668,55022,0.07442570366960786,10.0
9668,6574,0.8066152473264806,2.0
9668,62151,0.6224421466695971,5.0
9668,594655,0.1744238302214337,9.0
9668,13260,0.7427846136338495,4.0
9668,79998,0.31124009074654924,8.0
9668,42438,0.7945899808795598,3.0
9668,416307,0.36759190453788015,7.0
9088,557219,0.7690058132227684,2.0
9088,224654,0.7207845068857979,3.0
9088,536120,0.5022162138720132,7.0
9088,226303,0.8930443561396082,1.0
9088,539263,0.08489080738620469,10.0
9088,511093,0.3818565715927603,8.0
9088,433809,0.3654438879747062,9.0
9088,472516,0.6477368507371861,5.0
9088,461051,0.6799338270664804,4.0
9088,344041,0.532761947777643,6.0
3091,159936,0.7784263171557411,3.0
3091,187739,0.922234773325199,1.0
3091,95778,0.6255216358138778,5.0
3091,416796,0.1907170211951744,8.0
3091,437538,0.2644530652357027,6.0
3091,254454,0.1252612355211052,9.0
3091,274870,0.7376141929002051,4.0
3091,426223,0.0017285919036815348,10.0
3091,366448,0.8010893886529272,2.0
3091,216384,0.2565365577884664,7.0
1157,405777,1.0,1.0
1157,266952,0.313502851122636,6.0
1157,251411,0.4933466024402001,3.0
1157,243503,0.5858050697744855,2.0
1157,452544,0.45631413381181973,4.0
1157,564618,0.24404727026167475,8.0
1157,295980,0.2364983170677534,9.0
1157,388455,0.3961020292050125,5.0
1157,350819,6.201642185466211e-05,10.0
1157,97348,0.2735396600430422,7.0
4335,318583,1.0,1.0
4335,322246,0.6481948223365932,2.0
4335,416225,0.3562176882468327,4.0
4335,109860,0.09613393793329741,7.0
4335,382381,0.0706481908047305,9.0
4335,110515,0.23735022597525013,5.0
4335,126134,0.16215330882469878,6.0
4335,190169,0.0023638058858502734,10.0
4335,158185,0.4371643014620932,3.0
4335,274359,0.07903950923253739,8.0
8947,545759,0.3639489819589549,4.0
8947,61022,0.4034571760453115,3.0
8947,532657,0.3561201905363849,5.0
8947,461592,0.8924424820119492,1.0
8947,461084,0.10582540319571021,8.0
8947,127134,0.4323237702540279,2.0
8947,384564,0.10513328976508152,9.0
8947,388646,0.020145412880462028,10.0
8947,452870,0.35357942323640984,6.0
8947,214901,0.19365554915084254,7.0
6410,418150,1.0,1.0
6410,112208,0.6135801712064257,2.0
6410,273861,0.3037647008913541,9.0
6410,172703,0.503992500479768,7.0
6410,59994,0.5793648916540242,4.0
6410,528034,0.5348517845514678,6.0
6410,107092,0.03261218799259004,10.0
6410,100485,0.4914126843450984,8.0
6410,133093,0.5797605419089498,3.0
6410,87722,0.5642501973501252,5.0
5196,565745,1.0,1.0
5196,219033,0.9390731751935489,2.0
5196,213370,0.7029509108599276,4.0
5196,171339,0.7100427539547978,3.0
5196,356928,0.6873587004090993,5.0
5196,581889,0.30145973132758314,8.0
5196,273528,0.6078741815868774,6.0
5196,114829,0.41707220282227125,7.0
5196,555101,0.21868095953473088,9.0
5196,474050,0.0,10.0
8789,87349,1.0,1.0
8789,41912,0.5565331079350729,2.0
8789,102436,0.07758624124240492,8.0
8789,58290,0.13625449485842495,7.0
8789,14870,0.2549179342985378,3.0
8789,328341,0.14942362086242622,6.0
8789,152014,0.040198406902662194,9.0
8789,296528,0.002806278917682631,10.0
8789,213526,0.15414232931725913,5.0
8789,316838,0.1617375059334001,4.0
5808,251824,1.0,1.0
5808,51615,0.270775133011417,7.0
5808,535697,0.8247907959835165,2.0
5808,43781,0.34945216943449303,5.0
5808,226053,0.343621512801642,6.0
5808,226070,0.40196640862679833,4.0
5808,271243,0.601706475648955,3.0
5808,88477,0.07779186150093856,9.0
5808,350145,5.9664851769077264e-05,10.0
5808,72652,0.22066780545422052,8.0
9701,225682,1.0,1.0
9701,19711,0.4400942544796504,5.0
9701,494926,0.34013488997395214,8.0
9701,384230,0.40397563948498466,6.0
9701,457416,0.4580108267513458,4.0
9701,279865,0.6450600659987444,2.0
9701,473540,0.4938167756656041,3.0
9701,76054,0.3839714121209964,7.0
9701,533515,0.18295671826835416,9.0
9701,321969,0.0,10.0
3179,56718,0.7394472025452916,3.0
3179,385073,0.9809592094863373,1.0
3179,150219,0.7862161645322768,2.0
3179,243503,0.4274716284838541,5.0
3179,442142,0.3838417184865453,6.0
3179,352838,0.4959616096004303,4.0
3179,124630,0.011568425197497116,10.0
3179,431685,0.18338117311735794,7.0
3179,597247,0.14640172324328177,9.0
3179,174335,0.17145254430496393,8.0
6896,196427,0.9128079299554324,1.0
6896,330041,0.7624781368439844,5.0
6896,244749,0.5168817584687286,7.0
6896,223070,0.8370944056605383,2.0
6896,403755,0.08882666972287602,10.0
6896,38711,0.4588682183875224,8.0
6896,149305,0.7698793268989947,4.0
6896,106501,0.34720629698207206,9.0
6896,587120,0.8125260383494866,3.0
6896,102443,0.6472322524325573,6.0
2513,25762,0.7255028158303352,2.0
2513,518624,0.3267338534178428,4.0
2513,588247,0.2585222284480825,7.0
2513,82344,0.8622086921830427,1.0
2513,97348,0.46416537259166796,3.0
2513,102443,0.2635439202154445,5.0
2513,405777,0.26167199072822367,6.0
2513,352838,0.22432354548871758,8.0
2513,147646,0.004090342471110376,10.0
2513,120090,0.1427060417980173,9.0
8937,294295,0.6688637644854856,5.0
8937,13260,0.31327765830834564,8.0
8937,336541,0.7169648088728545,3.0
8937,320101,0.7298996985389367,2.0
8937,416307,0.44118499157167046,6.0
8937,100103,0.8102064498402202,1.0
8937,363043,0.7127794327880652,4.0
8937,429378,0.007672474507818983,10.0
8937,88892,0.2356080228149447,9.0
8937,214003,0.3868198850466924,7.0
9643,112208,1.0,1.0
9643,100485,0.5947497670035622,2.0
9643,480315,0.378506136349163,9.0
9643,428082,0.044307372145564586,10.0
9643,467575,0.48950202698324397,7.0
9643,87722,0.42973337297899644,8.0
9643,581038,0.56641181521909,3.0
9643,214542,0.522626148149018,4.0
9643,539263,0.49003836489965574,6.0
9643,156816,0.5041841245515613,5.0
5653,588247,1.0,1.0
5653,483456,0.167285404087016,7.0
5653,14543,0.20649378953535802,5.0
5653,87722,0.2603055404435933,4.0
5653,290930,0.3878726132463834,2.0
5653,461592,0.12176406054615234,9.0
5653,446984,0.13988070136356748,8.0
5653,583635,0.180561757360584,6.0
5653,31377,0.30502632107531985,3.0
5653,66631,0.0,10.0
2551,143100,1.0,1.0
2551,479276,0.4871973160828627,2.0
2551,202990,0.3052490586949295,5.0
2551,9938,0.1417588807273308,9.0
2551,394460,0.3080400355382448,4.0
2551,242124,0.24226915141736446,7.0
2551,523158,0.31358557684899285,3.0
2551,384642,0.016544537205324852,10.0
2551,572272,0.17440767660833753,8.0
2551,362805,0.2662012980543906,6.0
1948,467509,1.0,1.0
1948,108739,0.45761127530464607,6.0
1948,356928,0.6846855928304769,2.0
1948,223206,0.1910032849759395,8.0
1948,219033,0.6255658023157352,3.0
1948,443795,0.44603840211189516,7.0
1948,362215,0.5566861371562793,4.0
1948,377571,0.06881387895016884,9.0
1948,399700,0.022752578857166417,10.0
1948,213331,0.4764007790552081,5.0
4920,228341,1.0,1.0
4920,82294,0.6770641040702612,3.0
4920,277217,0.4989119233768215,4.0
4920,306815,0.8201749608601925,2.0
4920,22221,0.0735013662185498,7.0
4920,371720,0.022060465757822046,10.0
4920,415340,0.10211059406923206,6.0
4920,323363,0.06316167814946916,8.0
4920,283202,0.0594262000324623,9.0
4920,115517,0.2787820929836596,5.0
2589,450577,0.7929928568982405,3.0
2589,43961,0.930396770256476,1.0
2589,468144,0.8652405900749136,2.0
2589,437969,0.24335581127730357,9.0
2589,581889,0.43957529896885705,4.0
2589,509650,0.32403595630123655,6.0
2589,75252,0.27059856451323316,8.0
2589,307610,0.3352229835429044,5.0
2589,557877,0.004329713307341596,10.0
2589,527698,0.30697761170474647,7.0
7513,112208,1.0,1.0
7513,172703,0.6709679902046098,4.0
7513,328086,0.7223168004802814,3.0
7513,115372,0.5869903862864418,5.0
7513,273861,0.3533532902464337,6.0
7513,87722,0.09780850482162261,9.0
7513,377429,0.242439279389759,7.0
7513,387277,0.19416984093296827,8.0
7513,62966,0.7654538316353412,2.0
7513,418150,0.0,10.0
5410,13975,1.0,1.0
5410,371720,0.3991838929879661,6.0
5410,494323,0.7984580797229193,2.0
5410,249844,0.11670270544428057,9.0
5410,488258,0.44144567491711667,5.0
5410,75235,0.33792348198441774,7.0
5410,488732,0.6094050433075804,3.0
5410,457532,0.261569644162596,8.0
5410,108739,0.6012664114813835,4.0
5410,193312,0.1148940607359382,10.0
2334,228403,1.0,1.0
2334,107092,0.32943219078378533,7.0
2334,150650,0.6877080713994647,2.0
2334,93936,0.5298437932023546,4.0
2334,2304,0.6155710311665533,3.0
2334,208219,0.5070626739476581,5.0
2334,274870,0.04959510526149009,9.0
2334,156194,0.004008384701080589,10.0
2334,204917,0.37084953817423727,6.0
2334,385506,0.27099556536016545,8.0
1783,445298,1.0,1.0
1783,306800,0.7354425390586229,2.0
1783,309555,0.3602665716813438,7.0
1783,167660,0.46011561410620305,5.0
1783,272425,0.4650554203611973,4.0
1783,43497,0.15268654517152494,9.0
1783,57320,0.4108946629362805,6.0
1783,384631,0.15430200592585264,8.0
1783,179066,0.6432814255447444,3.0
1783,102237,0.0,10.0
4641,494753,0.5069174118670827,5.0
4641,213673,0.7172229850029338,3.0
4641,237580,0.6457062658550278,4.0
4641,44594,0.8926619324259951,1.0
4641,211867,0.061139139203402575,10.0
4641,406219,0.7751383131068066,2.0
4641,409120,0.312113447490027,7.0
4641,461592,0.07912517874075747,9.0
4641,450228,0.21270798799966964,8.0
4641,192811,0.47551850098056003,6.0
1469,444589,1.0,1.0
1469,243503,0.6730886760370522,3.0
1469,426570,0.5922619219972961,4.0
1469,469776,0.26298131762802657,8.0
1469,18003,0.48075915078558334,6.0
1469,421371,0.7389455847169409,2.0
1469,335336,0.003732578385526281,10.0
1469,484649,0.37999638045764966,7.0
1469,56320,0.4961325163772232,5.0
1469,451737,0.2001258632839183,9.0
10267,569632,1.0,1.0
10267,487348,0.785228083580112,3.0
10267,22036,0.27841932420616816,6.0
10267,522713,0.453789955925403,4.0
10267,457108,0.802023241537982,2.0
10267,379667,0.04551665885745535,10.0
10267,330379,0.12424718817950937,9.0
10267,108859,0.195615485198593,8.0
10267,186578,0.44207342901219226,5.0
10267,17652,0.2356569763332669,7.0
3771,59994,0.9569889354260996,1.0
3771,95966,0.2484850769695297,7.0
3771,13346,0.8491632387051629,2.0
3771,40062,0.5258015621846965,3.0
3771,95762,0.018298162428685563,10.0
3771,97764,0.33305967287152577,5.0
3771,478890,0.20647442069951563,8.0
3771,515072,0.2577694958582248,6.0
3771,303025,0.4288661652558495,4.0
3771,346450,0.17823497714076877,9.0
10497,147765,0.8606673802812805,3.0
10497,159880,0.8685219327654655,2.0
10497,445230,0.8831582126217855,1.0
10497,535705,0.46255840419527866,7.0
10497,575729,0.8270202832487128,5.0
10497,71898,0.8519566993556282,4.0
10497,569461,0.17575717556151055,8.0
10497,31483,0.6727910804020429,6.0
10497,456436,0.009124043050222656,10.0
10497,160301,0.15425817579537643,9.0
2472,337165,0.2510059684408473,8.0
2472,584273,0.565876615798373,3.0
2472,138151,0.11190760292340039,10.0
2472,534099,0.6969805383087224,2.0
2472,416796,0.4551447567687418,5.0
2472,366597,0.5393983907055638,4.0
2472,216384,0.1523230451482853,9.0
2472,187739,0.4246341005738144,6.0
2472,169921,0.29858182450111287,7.0
2472,518563,0.8,1.0
503,171761,1.0,1.0
503,257656,0.16190905854548918,6.0
503,405374,0.7755197236703791,2.0
503,433032,0.1057526467461316,8.0
503,343489,0.24291851884741014,5.0
503,531990,0.028852935437947157,9.0
503,156816,0.5080595142480067,3.0
503,100485,0.15982281835258552,7.0
503,69965,0.0008241385126010567,10.0
503,350680,0.27190939105965234,4.0
6832,552346,0.8528646231051211,2.0
6832,573874,0.8801735077398737,1.0
6832,244749,0.43603135044137403,6.0
6832,377853,0.8280670673434882,3.0
6832,116694,0.21693996278909577,9.0
6832,108040,0.3244275225272306,7.0
6832,349554,0.7522528077482605,4.0
6832,459351,0.49825038251772386,5.0
6832,42533,0.0007609790742185985,10.0
6832,239214,0.2902927090508742,8.0
864,24890,0.7934349810037504,3.0
864,30142,0.975113944612686,1.0
864,450808,0.15497091147939568,10.0
864,472924,0.8075489242560921,2.0
864,566337,0.7319812451064124,4.0
864,291726,0.5168311006935484,6.0
864,479625,0.5297073268080896,5.0
864,175339,0.2814515766270433,9.0
864,231947,0.30052823311734994,8.0
864,244104,0.33652221715712727,7.0
2580,11988,0.7185968786952963,2.0
2580,344118,0.9282944596351872,1.0
2580,371720,0.5834439356798075,3.0
2580,87722,0.20851948900421668,7.0
2580,360481,0.16678634372696666,8.0
2580,75764,0.1369434729313301,9.0
2580,585447,0.3440250931143501,5.0
2580,114439,0.3091991517309278,6.0
2580,272738,0.010577354841660192,10.0
2580,503934,0.3449956202151023,4.0
6625,416307,0.6054344139326845,2.0
6625,88892,0.9441501516305462,1.0
6625,336541,0.5232983326146639,6.0
6625,27401,0.5454186394100795,4.0
6625,320101,0.5386301079799587,5.0
6625,557356,0.33740863633012985,8.0
6625,138703,0.23026849288238027,9.0
6625,13260,0.5483273453500161,3.0
6625,595133,0.005482663088228207,10.0
6625,75437,0.3472454477128655,7.0
2685,308837,0.3312329285744934,6.0
2685,539133,0.059500108514657195,10.0
2685,302792,0.4799567138022996,4.0
2685,243499,0.22574069092699536,8.0
2685,575497,0.3011347876525437,7.0
2685,158845,0.09706851797626379,9.0
2685,284075,0.588501350218401,3.0
2685,382005,0.824372178566022,1.0
2685,136825,0.405033688607099,5.0
2685,395357,0.5982896646416104,2.0
68,123634,0.5139695567403166,6.0
68,296098,0.6972953352535521,4.0
68,528564,0.9299879796769633,1.0
68,197839,0.1063740230115063,10.0
68,532932,0.8633983501817899,2.0
68,352640,0.6336748175464569,5.0
68,327002,0.7658983846795108,3.0
68,55666,0.39544029636401345,8.0
68,232199,0.4112413460670399,7.0
68,259766,0.23916953188495307,9.0
813,548705,1.0,1.0
813,284411,0.43476451846464026,3.0
813,196427,0.7001851254324685,2.0
813,2809,0.4174674413184607,4.0
813,127974,0.22667953533456278,8.0
813,171596,0.3995888232475036,5.0
813,318583,0.030662139685463496,9.0
813,459677,0.02485436996229605,10.0
813,418630,0.24695850351716472,6.0
813,123468,0.24422471536362222,7.0
7345,69790,0.5130151340571649,5.0
7345,254288,0.4154727426658855,6.0
7345,67063,0.5673837271885107,4.0
7345,98130,0.5871771778440931,3.0
7345,416727,0.33173674270464987,7.0
7345,417840,0.2359007979362296,8.0
7345,108,0.8311303503445578,1.0
7345,90447,0.5979233727582991,2.0
7345,348405,0.056202677564359274,9.0
7345,504996,0.0,10.0
8970,96121,1.0,1.0
8970,108040,0.7893384958529088,4.0
8970,187583,0.8578209620871464,2.0
8970,496899,0.5882487937308358,5.0
8970,537857,0.7957340079905034,3.0
8970,314478,0.20031972432227507,8.0
8970,167356,0.2708391182912216,7.0
8970,11988,0.2828621648351408,6.0
8970,128574,0.11588389843789113,9.0
8970,514500,0.0,10.0
7105,72652,1.0,1.0
7105,307380,0.6045109130885257,2.0
7105,220060,0.2662754681438131,7.0
7105,455891,0.2178365787785898,8.0
7105,490294,0.3180159462258028,5.0
7105,314919,0.4787182379257956,3.0
7105,324037,0.1719690587393096,9.0
7105,228341,0.4659447904721373,4.0
7105,479384,0.3095938047936756,6.0
7105,366488,0.0,10.0
1310,535651,0.917824509407851,1.0
1310,471870,0.10067256058194346,9.0
1310,565698,0.7088411831435351,3.0
1310,344648,0.11560071075805584,8.0
1310,55022,0.5107686676027817,4.0
1310,346622,0.18279511516955904,7.0
1310,24567,0.8056521543596261,2.0
1310,489401,0.04010797631145631,10.0
1310,297831,0.28234289297911186,6.0
1310,44492,0.3261743147181942,5.0
9060,12432,0.3541648772613466,3.0
9060,511093,0.9683285561984379,1.0
9060,108,0.23027485150242397,4.0
9060,13260,0.21216545650466462,5.0
9060,511515,0.18632483679375583,6.0
9060,304304,0.05952831608158754,9.0
9060,37517,0.16854694637388679,7.0
9060,75437,0.3777971347393586,2.0
9060,43087,0.04912835665463515,10.0
9060,111768,0.07881391970230599,8.0
2549,418150,0.7842967927615829,3.0
2549,327978,0.6590256821394516,4.0
2549,14368,0.7983888004577303,2.0
2549,307380,0.8226811783444605,1.0
2549,301224,0.3675930069628196,5.0
2549,59714,0.22708483751789946,8.0
2549,44601,0.1532102906699065,9.0
2549,265874,0.25176089506702465,6.0
2549,17923,0.2319414343546518,7.0
2549,350145,0.0,10.0
559,401254,0.7148366501026275,3.0
559,213370,0.4060403845922599,6.0
559,151639,0.5892625407822907,4.0
559,198349,0.31754986006334507,7.0
559,485195,0.02578619626992363,10.0
559,494689,0.7390388668061386,2.0
559,21194,0.15747422483723733,8.0
559,281977,0.5062634607682241,5.0
559,61706,0.13404626130984118,9.0
559,75252,0.8,1.0
7218,266900,0.60323341733596,2.0
7218,32290,0.9508692794868001,1.0
7218,117576,0.5359959158226371,4.0
7218,537418,0.5573657567540503,3.0
7218,482517,0.19435468960080993,8.0
7218,125659,0.45133477896872987,7.0
7218,40447,0.020266688333794566,10.0
7218,6701,0.04603845931224048,9.0
7218,158520,0.517513998975701,5.0
7218,314478,0.48823864934124206,6.0
2400,158523,0.2745615152362797,8.0
2400,456470,0.5528895892647527,2.0
2400,29306,0.46641947315942783,5.0
2400,22469,0.33776489709419655,7.0
2400,3118,0.5177413682080958,4.0
2400,226967,0.5409341219964983,3.0
2400,571258,0.24072539417725458,9.0
2400,1198,0.8151074508647506,1.0
2400,307424,0.0014978673579109647,10.0
2400,535697,0.34305707893494386,6.0
2348,447619,1.0,1.0
2348,112591,0.7171838769795528,2.0
2348,306430,0.7093516833939881,3.0
2348,244433,0.6421309226133649,4.0
2348,268261,0.3741948606912787,8.0
2348,265874,0.41290602370450213,7.0
2348,403025,0.311391856201506,9.0
2348,117576,0.5631701150094512,5.0
2348,14870,0.5194361119967879,6.0
2348,12432,0.0,10.0
3615,335991,0.9753402356464558,1.0
3615,518379,0.9615014259893662,2.0
3615,72402,0.7716445134765652,3.0
3615,72160,0.7194054639818519,4.0
3615,156358,0.5518712858965215,7.0
3615,482544,0.49567122394633134,8.0
3615,174335,0.5700631793687609,6.0
3615,341493,0.64987390241219,5.0
3615,17166,0.4332232304729128,9.0
3615,489401,0.0,10.0
8102,314478,0.7040392599577356,4.0
8102,149305,0.3789232661715245,9.0
8102,416307,0.45795682358742673,7.0
8102,99857,0.7261709994096363,3.0
8102,552707,0.8041352596204021,1.0
8102,223309,0.056038384315222844,10.0
8102,481166,0.4084113257306374,8.0
8102,320101,0.6877101881660627,5.0
8102,344372,0.5868296598793992,6.0
8102,408123,0.8,2.0
5155,462892,1.0,1.0
5155,367785,0.6861970481445813,4.0
5155,69495,0.7497879578370497,2.0
5155,280805,0.7036360196505914,3.0
5155,175265,0.14551954802457848,8.0
5155,305671,0.19857627903230243,7.0
5155,191495,0.422745963636876,6.0
5155,537725,0.0033568251807789525,10.0
5155,157702,0.5149633195996868,5.0
5155,409573,0.061350925180057074,9.0
2460,530037,0.8357993303818845,3.0
2460,584337,0.9734489690915373,1.0
2460,279346,0.4799533985132062,5.0
2460,549180,0.8477916653511861,2.0
2460,196427,0.03601103356840095,10.0
2460,502281,0.28563255355863015,6.0
2460,512803,0.5524378511239658,4.0
2460,505028,0.1792173078568939,8.0
2460,295980,0.07164790388974974,9.0
2460,38711,0.18075844602183133,7.0
2399,343489,1.0,1.0
2399,583124,0.46330499597057534,2.0
2399,468743,0.07599685194566196,10.0
2399,29790,0.26265509752509963,6.0
2399,19606,0.3560691228033903,4.0
2399,521712,0.44187055935086783,3.0
2399,510314,0.19048802259130676,9.0
2399,476834,0.22330391358185916,7.0
2399,457419,0.3352732612577014,5.0
2399,442489,0.20556172950179794,8.0
4071,170594,0.7395957215522557,5.0
4071,328556,0.7763852548351731,4.0
4071,337764,0.5953434823304865,6.0
4071,296516,0.5325034021756669,7.0
4071,135113,0.8850098396745593,1.0
4071,565782,0.5107390717012997,8.0
4071,352485,0.7821845722903004,3.0
4071,368150,0.22572295227513842,9.0
4071,317429,0.8131247233648619,2.0
4071,543589,0.0,10.0
18,431685,0.6805829059431653,2.0
18,88124,0.8713575060372198,1.0
18,161162,0.13819288296200694,6.0
18,528564,0.030083240294413047,7.0
18,227098,0.02832576088315886,8.0
18,172594,0.16429159169670127,4.0
18,152218,0.15711664948338597,5.0
18,349554,0.022844776814348645,9.0
18,366761,0.457795313666572,3.0
18,143622,0.019667741277062417,10.0
2306,581889,1.0,1.0
2306,509650,0.6314964624938878,4.0
2306,494689,0.7598810804806672,2.0
2306,75252,0.6911821020729852,3.0
2306,368806,0.41435575582593365,7.0
2306,246459,0.4241140748074854,6.0
2306,485195,0.47540042714275554,5.0
2306,401254,0.2690077697280584,9.0
2306,399013,9.175423986339422e-05,10.0
2306,160125,0.28335040639675285,8.0
3051,232063,0.9865098660098595,1.0
3051,591940,0.9226726517718341,2.0
3051,306144,0.688834864213873,3.0
3051,318266,0.5534068282681545,5.0
3051,583956,0.57382423873504,4.0
3051,73434,0.02080531671679784,10.0
3051,66246,0.5362704171511269,6.0
3051,110515,0.2740110557325572,9.0
3051,393953,0.32830070298595004,8.0
3051,387165,0.35836096086151226,7.0
2395,594182,0.8951108319587757,2.0
2395,149306,0.9471311899448338,1.0
2395,568526,0.7381970758481684,4.0
2395,308837,0.37040847940992594,8.0
2395,13732,0.7408587894216517,3.0
2395,307999,0.38199125648746524,7.0
2395,387010,0.24946648397640628,9.0
2395,414192,0.0001791355498331513,10.0
2395,13153,0.567125374200307,5.0
2395,204176,0.3916828793350809,6.0
5134,17208,0.5238259732197037,5.0
5134,579557,0.6020532628054244,3.0
5134,536120,0.5249107325710778,4.0
5134,100485,0.6748373171030699,2.0
5134,172703,0.3942347337465679,7.0
5134,206727,0.8693924984130625,1.0
5134,122012,0.43635042926554324,6.0
5134,453542,0.3389378746999644,8.0
5134,328086,0.011521634578917998,10.0
5134,539263,0.07612513675146887,9.0
5343,204075,1.0,1.0
5343,296528,0.29784007810310287,8.0
5343,366597,0.3664997745584867,7.0
5343,581889,0.5196700508194544,4.0
5343,184175,0.6213052623407601,2.0
5343,367641,0.6049292103091357,3.0
5343,157553,0.18759249562104569,9.0
5343,405702,0.3772808459211484,6.0
5343,548433,0.39797556416594937,5.0
5343,17443,0.0,10.0
5254,471723,0.26123729010538954,6.0
5254,59714,0.3876344953921207,5.0
5254,402466,0.8962188122288046,1.0
5254,383978,0.5210297099443283,2.0
5254,78675,0.25374476044353145,7.0
5254,14368,0.4002973669600285,4.0
5254,467390,0.09961456457832865,9.0
5254,327978,0.41760077331483747,3.0
5254,44601,0.1812845171440875,8.0
5254,297290,0.0,10.0
3049,582864,1.0,1.0
3049,352640,0.8164457264572937,3.0
3049,77245,0.8507048761402427,2.0
3049,536849,0.5218172721841127,8.0
3049,220022,0.5265175470661446,7.0
3049,127974,0.6836372754484008,4.0
3049,132780,0.5423198333960134,6.0
3049,445052,0.6237455771215283,5.0
3049,263361,0.003214107054515853,10.0
3049,555732,0.46801809053779375,9.0
7509,61191,0.4316755586585953,8.0
7509,423034,0.635159267401079,3.0
7509,472051,0.49341697118626093,7.0
7509,298128,0.568849257238421,4.0
7509,461592,0.5048685081487575,6.0
7509,22221,0.5619912407783124,5.0
7509,480944,0.029728143004360455,10.0
7509,301580,0.0608805773103,9.0
7509,323363,0.6993445133186968,2.0
7509,392826,0.8,1.0
5067,328341,0.93232214875113,2.0
5067,366830,0.8665963797890786,4.0
5067,547301,0.8736967707863534,3.0
5067,539133,0.9468396746645695,1.0
5067,231227,0.27262793993000567,8.0
5067,88124,0.512980614984485,7.0
5067,172594,0.6506244047626633,6.0
5067,460357,0.04874932162245918,10.0
5067,18001,0.7190466153991574,5.0
5067,574327,0.23429040037911988,9.0
8456,257853,1.0,1.0
8456,115141,0.48757155807971614,6.0
8456,125659,0.5605362984205333,5.0
8456,486696,0.6107327454164064,4.0
8456,81924,0.3508357185241247,8.0
8456,159703,0.7327931323487487,2.0
8456,193398,0.6832870445098372,3.0
8456,431507,0.43625737857706887,7.0
8456,290156,0.2624588918625177,9.0
8456,367137,0.0,10.0
10734,62882,0.6140164431491835,3.0
10734,426278,0.8389465449138916,2.0
10734,461261,0.2350954646307249,8.0
10734,207354,0.30690229871596153,5.0
10734,467044,0.10081806951600952,9.0
10734,589970,0.8392650639631104,1.0
10734,549759,0.2545060672329913,6.0
10734,55064,0.24998916111229305,7.0
10734,58937,0.31000692208238995,4.0
10734,551934,0.0,10.0
5178,507544,0.5413160895742541,3.0
5178,257016,0.922031977185841,1.0
5178,572272,0.4136467652020103,6.0
5178,9656,0.07232640714774226,9.0
5178,76414,0.5398450167208491,4.0
5178,60355,0.12331544830445063,7.0
5178,437538,0.5378585523221966,5.0
5178,268553,0.7116226547434201,2.0
5178,579235,0.08722135883132322,8.0
5178,216384,0.0,10.0
9174,303025,0.7473727442530798,3.0
9174,404339,0.9271803475245322,1.0
9174,149306,0.7887045359105187,2.0
9174,313437,0.031171195039148114,10.0
9174,272008,0.6204259829837937,5.0
9174,374750,0.6895434607233045,4.0
9174,21194,0.23408983137340642,9.0
9174,265098,0.4009214296024046,6.0
9174,479625,0.3245841908123753,8.0
9174,434812,0.3661274939192385,7.0
988,501384,1.0,1.0
988,280967,0.6668099674086126,2.0
988,301224,0.5486549608938255,4.0
988,187196,0.05938044514155042,10.0
988,45029,0.3684119623996938,6.0
988,287991,0.3841274026404495,5.0
988,236899,0.12031088261897273,8.0
988,201495,0.5878265242512799,3.0
988,345199,0.35808945967133526,7.0
988,455398,0.06737247672886043,9.0
2154,476632,1.0,1.0
2154,132371,0.304094419127296,7.0
2154,153541,0.5028855899733922,5.0
2154,366761,0.44459476746544957,6.0
2154,62966,0.023658496292898006,10.0
2154,24890,0.5581382511386465,3.0
2154,147080,0.5408729684179685,4.0
2154,450808,0.6588816028905621,2.0
2154,150219,0.15377771013311983,9.0
2154,148757,0.2732035949836372,8.0
9646,272784,1.0,1.0
9646,236482,0.8480058237014216,3.0
9646,29306,0.7264240204242675,4.0
9646,556191,0.8754437983132728,2.0
9646,395437,0.13386478973955268,7.0
9646,96121,0.0796744165422896,8.0
9646,26203,0.2677955046160156,5.0
9646,257853,0.0732515077742559,9.0
9646,323768,0.004558591531532026,10.0
9646,535697,0.18663998576642604,6.0
3033,571430,1.0,1.0
3033,518624,0.5248989593742213,2.0
3033,318583,0.34522372821939784,5.0
3033,123468,0.45802681006753765,3.0
3033,295980,0.0941261386456866,9.0
3033,481102,0.4251681170142418,4.0
3033,398622,0.19369480326964753,8.0
3033,570453,0.24236008166240255,7.0
3033,387010,0.3346340700888603,6.0
3033,62966,0.0,10.0
15,583956,0.3373995400753711,3.0
15,119213,0.36506915480602087,2.0
15,170294,0.21193473199302,8.0
15,325273,0.9014247523756961,1.0
15,570155,0.3130568049247268,4.0
15,509723,0.2830199444255528,6.0
15,18509,0.23843702433872888,7.0
15,298159,0.024600042364132477,10.0
15,338313,0.04454459120236055,9.0
15,387165,0.2915168752081149,5.0
6612,274870,0.6018701754064836,4.0
6612,254454,0.9724735824752986,1.0
6612,216384,0.8028995309790635,2.0
6612,187739,0.69566486989089,3.0
6612,366448,0.4335150926719421,7.0
6612,95778,0.15965012320002386,9.0
6612,205522,0.438145489059198,6.0
6612,416796,0.44375115929324366,5.0
6612,159936,0.31815069304380167,8.0
6612,108302,0.0,10.0
5940,304743,0.8728234877430443,2.0
5940,326665,0.1542317139344969,9.0
5940,226303,0.2625127888163443,7.0
5940,438243,0.8755610504575909,1.0
5940,428082,0.13245934632077794,10.0
5940,433490,0.6355831480306554,3.0
5940,167684,0.5632492065736813,4.0
5940,16670,0.4166162252061866,5.0
5940,150650,0.19916174941883868,8.0
5940,546313,0.3691023388856056,6.0
9385,403755,1.0,1.0
9385,442127,0.9064999297458658,2.0
9385,1198,0.5976246925106522,5.0
9385,379667,0.4145802308405183,7.0
9385,341579,0.7185049078548775,3.0
9385,70853,0.44005999925205963,6.0
9385,57138,0.6509065396828212,4.0
9385,407654,0.024015012074729492,10.0
9385,208070,0.1530807923300016,8.0
9385,62151,0.08190525701440803,9.0
9332,159577,0.8195228929864509,2.0
9332,293687,0.7069376666874514,4.0
9332,271243,0.8916013885184303,1.0
9332,212770,0.370744478802099,7.0
9332,178521,0.7990605204563098,3.0
9332,286074,0.1818988605836454,9.0
9332,271766,0.48414144745686927,5.0
9332,123418,0.3987669417383208,6.0
9332,236389,0.005720116741152518,10.0
9332,444107,0.18199195950244318,8.0
8275,435963,1.0,1.0
8275,26203,0.4550365921143509,5.0
8275,514500,0.3949596828246064,7.0
8275,294867,0.7425890056120809,2.0
8275,571306,0.6807797564399556,3.0
8275,114439,0.27978263780575463,9.0
8275,576564,0.4356392036263546,6.0
8275,99757,0.2832022625523947,8.0
8275,44601,0.029204987089836206,10.0
8275,554568,0.6781488136718697,4.0
4785,435021,0.38599590351477125,3.0
4785,37517,0.9890188022771802,1.0
4785,326991,0.32688685265246964,4.0
4785,85522,0.08558686023195675,9.0
4785,34789,0.2083613802110579,8.0
4785,564841,0.25272461181028033,5.0
4785,162456,0.5026156563160851,2.0
4785,69696,0.007657530999536717,10.0
4785,140170,0.23828406881661163,7.0
4785,385574,0.24409112404332586,6.0
4465,569461,0.7522644751547012,2.0
4465,561377,0.5063135504758439,7.0
4465,299242,0.9513782389604707,1.0
4465,349710,0.24626507204912929,9.0
4465,344041,0.580663378174358,6.0
4465,109860,0.5907098211131578,5.0
4465,226303,0.7376302052861916,3.0
4465,170294,0.31221431369793856,8.0
4465,213591,0.034542327875128356,10.0
4465,461051,0.6933829886185432,4.0
7279,476834,1.0,1.0
7279,214542,0.5526190689565066,4.0
7279,412502,0.4814257451302046,5.0
7279,50744,0.43866420736108325,6.0
7279,27081,0.573347579894166,3.0
7279,322456,0.5784104286199242,2.0
7279,442489,0.3418965127798703,8.0
7279,19606,0.38645931074984313,7.0
7279,343489,0.00020177242057683835,10.0
7279,29790,0.1972663868414345,9.0
7431,281707,1.0,1.0
7431,372921,0.38481844186175596,3.0
7431,292991,0.18392682146838413,8.0
7431,501384,0.3618392217527086,5.0
7431,423403,0.8336752383942635,2.0
7431,44594,0.05279188326522465,10.0
7431,305287,0.2289408616479571,6.0
7431,114768,0.22342680005998003,7.0
7431,178303,0.16871189200407194,9.0
7431,257248,0.383289350515455,4.0
2118,76515,0.8373382391620796,2.0
2118,338313,0.44065341044589823,5.0
2118,384322,0.8099215602071098,3.0
2118,467509,0.21400211627258633,7.0
2118,411061,0.8725386591032539,1.0
2118,191977,0.463020184563143,4.0
2118,328556,0.1690664882621945,9.0
2118,528661,0.23126340026663764,6.0
2118,361028,0.008570768603378008,10.0
2118,373271,0.18213210183832873,8.0
5380,549254,1.0,1.0
5380,216196,0.415033947088211,3.0
5380,46099,0.06845469891455819,8.0
5380,360481,0.18714420672980714,6.0
5380,175771,0.02482857522377674,10.0
5380,242524,0.284853168034656,4.0
5380,507284,0.47711357317854247,2.0
5380,416307,0.08860763767321142,7.0
5380,345895,0.0636311511843462,9.0
5380,336772,0.22081635216866513,5.0
3404,62966,0.9444922294733569,1.0
3404,322246,0.7775184373848026,3.0
3404,583635,0.1313098864656945,10.0
3404,272425,0.7649900673135669,4.0
3404,153541,0.6770358466496251,6.0
3404,251411,0.3127015163069585,8.0
3404,488574,0.8384314670354055,2.0
3404,241136,0.24768322890707675,9.0
3404,442110,0.5564510286105898,7.0
3404,298128,0.7274969057545667,5.0
6420,565568,1.0,1.0
6420,480315,0.18055129031665237,9.0
6420,294295,0.6844009028697824,3.0
6420,394244,0.7670914704230467,2.0
6420,69696,0.17987242225705816,10.0
6420,122432,0.3367006617001344,7.0
6420,269898,0.41159481500281325,5.0
6420,279897,0.3897607409997695,6.0
6420,442048,0.274088445395549,8.0
6420,112714,0.5646518644320578,4.0
9961,21311,0.9098630671534276,1.0
9961,72402,0.8875845496539256,2.0
9961,335991,0.3690861297292622,7.0
9961,518379,0.8020695484341079,3.0
9961,174335,0.6191307098858079,5.0
9961,341493,0.34539644219486876,8.0
9961,17166,0.5681374023624554,6.0
9961,528522,0.7416003315199247,4.0
9961,565684,0.002424962253811289,10.0
9961,156358,0.3098765856126395,9.0
8079,125940,0.20854837757668265,7.0
8079,95278,0.6637799104559212,3.0
8079,187583,0.233925606736969,6.0
8079,57138,0.7777625550700205,2.0
8079,11184,0.3689567442415394,5.0
8079,108040,0.8323247295668897,1.0
8079,39478,0.46111991877018155,4.0
8079,224231,0.163261859613922,8.0
8079,93971,0.0014399350909457766,10.0
8079,1198,0.15932886587353307,9.0
