query_id,doc_id,score_hybrid,rank
3394,112208,0.7580047896649802,2.0
3394,172703,0.34331955277475457,3.0
3394,87722,0.25074800873811215,4.0
3394,445971,0.8585463038794042,1.0
3394,345199,0.22524662895467662,5.0
3394,377429,0.1588422596940592,7.0
3394,387277,0.2219308302326543,6.0
3394,133093,0.15662645533882075,8.0
3394,418150,0.03543857138350063,10.0
3394,539263,0.04702810484899369,9.0
5505,100387,1.0,1.0
5505,141738,0.23203798845251955,4.0
5505,278824,0.2547685307475453,3.0
5505,70488,0.3814526739905259,2.0
5505,349160,0.06906415186554044,7.0
5505,478457,0.03620050195668915,9.0
5505,200338,0.18676696868338152,5.0
5505,408327,0.16848094517327003,6.0
5505,442142,0.057814891018893776,8.0
5505,593085,0.0,10.0
6792,558617,1.0,1.0
6792,400841,0.5307888414595232,4.0
6792,29306,0.5587520167795841,2.0
6792,136825,0.5336894390715519,3.0
6792,259081,0.4781741165584692,7.0
6792,40447,0.27587721951824845,8.0
6792,480515,0.5073703957124431,6.0
6792,156467,0.5158426872339847,5.0
6792,545434,0.02881489413787473,10.0
6792,585447,0.21810973382554558,9.0
6909,452175,0.5628528307425085,4.0
6909,13260,0.4903514240665403,5.0
6909,435963,0.5708706595451591,3.0
6909,375019,0.6680278571191963,2.0
6909,266900,0.40862141186300244,7.0
6909,464502,0.08709104625657765,9.0
6909,214003,0.022582674722031078,10.0
6909,79357,0.7184999011294586,1.0
6909,535697,0.4414288787491584,6.0
6909,330041,0.3304689094084152,8.0
4946,121690,1.0,1.0
4946,156816,0.5856079801757167,2.0
4946,79357,0.47268775955148123,4.0
4946,9938,0.42300253779489466,5.0
4946,350680,0.2578903426410803,7.0
4946,28119,0.22115621536273766,8.0
4946,343489,0.3435981597494225,6.0
4946,100485,0.5770439131357439,3.0
4946,88105,0.009807363440178237,10.0
4946,496935,0.07448314628380981,9.0
4125,283079,0.3642056024921443,5.0
4125,232199,0.414798273350766,4.0
4125,363591,0.5440451767177039,3.0
4125,452987,0.31251021476648044,6.0
4125,571362,0.8176000599667984,1.0
4125,292769,0.26674266991925705,7.0
4125,340044,0.5842989639335159,2.0
4125,103593,0.01256501789590568,10.0
4125,276400,0.1969428259336175,8.0
4125,7632,0.16750489141068284,9.0
6009,62151,0.5722827065653455,5.0
6009,175831,0.6438010651647066,4.0
6009,303325,0.8024904433774013,2.0
6009,228983,0.8694801965993282,1.0
6009,158717,0.709951549828453,3.0
6009,472585,0.032998466406720606,10.0
6009,178684,0.20587748000581793,8.0
6009,442048,0.5165731858847586,6.0
6009,125298,0.17866783677999687,9.0
6009,99857,0.3512426320571389,7.0
9598,528034,0.48168502783913847,4.0
9598,379311,0.5935861854956983,3.0
9598,322826,0.10891069888041027,9.0
9598,136270,0.1253780613536454,8.0
9598,574327,0.7653452436020095,1.0
9598,112208,0.29238422490164495,5.0
9598,17923,0.21406206420873308,6.0
9598,172703,0.16896496046342147,7.0
9598,297290,0.6743207301736163,2.0
9598,383978,0.01197777568265884,10.0
10645,22221,1.0,1.0
10645,340131,0.7077607361044795,3.0
10645,441176,0.8386622438664131,2.0
10645,183349,0.25842830972996444,9.0
10645,102684,0.46338472186324947,6.0
10645,248799,0.6412458892264484,4.0
10645,317354,0.3805733747900495,7.0
10645,293679,0.5926958728689388,5.0
10645,415340,0.28433183973107956,8.0
10645,487791,0.0,10.0
7441,125659,0.5901334116219894,5.0
7441,192900,0.712323743507806,4.0
7441,537418,0.8900940379740037,2.0
7441,231781,0.9300323039668272,1.0
7441,117576,0.8180504732237593,3.0
7441,404339,0.0935790617813453,9.0
7441,329662,0.41749507064982866,6.0
7441,504996,0.3487432370196018,8.0
7441,336018,0.36873172305334045,7.0
7441,180733,0.06710956899726192,10.0
5080,305901,0.543810611099051,5.0
5080,553304,0.5789090995669411,4.0
5080,392434,0.39801742735623924,7.0
5080,514512,0.39874262265744115,6.0
5080,67063,0.842047136908946,1.0
5080,488334,0.6769008164753404,2.0
5080,356928,0.6677250446046821,3.0
5080,271026,0.05502276758821882,10.0
5080,88912,0.17340356729622866,9.0
5080,167950,0.29066021419372273,8.0
9329,326991,1.0,1.0
9329,385574,0.28562812414096383,7.0
9329,340210,0.46056242652966495,4.0
9329,394924,0.45756236375911347,5.0
9329,265098,0.5237194135261818,3.0
9329,586018,0.5492928907963627,2.0
9329,179103,0.07983761674335287,9.0
9329,192900,0.30798762689454073,6.0
9329,209493,0.24895941519842912,8.0
9329,209065,0.0,10.0
6479,404339,1.0,1.0
6479,272008,0.853234374143569,2.0
6479,536120,0.313965166228127,5.0
6479,9938,0.0775764274647297,9.0
6479,453839,0.20121044373493044,7.0
6479,104793,0.020077516151486147,10.0
6479,257656,0.4456271552112703,3.0
6479,491969,0.3740779166480513,4.0
6479,114439,0.13415155618323224,8.0
6479,340210,0.27876725460983975,6.0
8513,175821,1.0,1.0
8513,69790,0.6820510198718059,2.0
8513,167950,0.4189024739510684,5.0
8513,183612,0.07842212233361431,10.0
8513,449039,0.2660065868313595,8.0
8513,267113,0.42345715584646015,4.0
8513,167896,0.2426020756244162,9.0
8513,417840,0.4092436875487334,6.0
8513,232712,0.4471589631626283,3.0
8513,87667,0.3041339931916566,7.0
10109,93231,1.0,1.0
10109,28314,0.8347646565276028,2.0
10109,535317,0.34108104676447404,3.0
10109,395357,0.31109397352214363,4.0
10109,124630,0.16139471068754996,6.0
10109,244749,0.09794862067750787,9.0
10109,305467,0.14646845568293865,7.0
10109,116420,0.11528391902278963,8.0
10109,474384,0.2624788659542116,5.0
10109,105818,0.0,10.0
4844,275257,1.0,1.0
4844,367137,0.5790285124238552,3.0
4844,192193,0.6901920632006914,2.0
4844,111033,0.54429894097222,4.0
4844,235522,0.4105066639463653,5.0
4844,549741,0.1577898480415342,8.0
4844,140088,0.3274387159439953,6.0
4844,386423,0.11187715170982061,9.0
4844,144177,0.21852263692249638,7.0
4844,409432,0.0,10.0
8544,214003,1.0,1.0
8544,37517,0.2666012806331168,6.0
8544,336541,0.34848902726850206,3.0
8544,75437,0.26072744830603206,7.0
8544,13260,0.33954408283431825,4.0
8544,100103,0.47239349983275647,2.0
8544,416307,0.09011571200444,8.0
8544,12432,0.0468480903749708,10.0
8544,561884,0.26979020232168094,5.0
8544,111768,0.060508235531645194,9.0
4823,561929,1.0,1.0
4823,362919,0.6546440832988766,2.0
4823,340131,0.2750378067407077,8.0
4823,104726,0.6226519949538628,3.0
4823,11572,0.5047362663388696,5.0
4823,7094,0.5670968069667826,4.0
4823,2860,0.1902959111523389,9.0
4823,459423,0.47449901372608866,6.0
4823,252716,0.3590379121139919,7.0
4823,271118,0.0,10.0
1085,366597,1.0,1.0
1085,405702,0.7751976232102988,2.0
1085,485195,0.22741459337483766,8.0
1085,374334,0.2416586976994315,6.0
1085,108302,0.2760245755944747,5.0
1085,581889,0.24094418926415961,7.0
1085,94586,0.01553137456190108,10.0
1085,184175,0.47736560027367453,4.0
1085,401125,0.5617616041360581,3.0
1085,315275,0.20503312524870113,9.0
2388,104988,1.0,1.0
2388,300287,0.4844762700660049,2.0
2388,13657,0.25769389024038336,6.0
2388,123733,0.07223953572653985,10.0
2388,459423,0.40179167380738245,3.0
2388,565698,0.2958823522454535,5.0
2388,423403,0.23893439468814676,7.0
2388,157702,0.3683094536895931,4.0
2388,141320,0.22990832728445554,8.0
2388,429978,0.14483090717366043,9.0
6891,474351,1.0,1.0
6891,492506,0.36863160676039375,2.0
6891,504497,0.03449993808765428,9.0
6891,558924,0.24705955180410105,5.0
6891,264095,0.18607997827264783,7.0
6891,381757,0.29042722060366594,4.0
6891,323363,0.29840282778954147,3.0
6891,579543,0.06415119244854232,8.0
6891,143425,0.20322846767908126,6.0
6891,73434,0.0,10.0
2568,346042,1.0,1.0
2568,164702,0.3701613351880533,5.0
2568,170141,0.6422016888717446,3.0
2568,13975,0.24137088713783345,6.0
2568,544654,0.10197086284320928,10.0
2568,130209,0.42322088080647924,4.0
2568,428150,0.13564344688826327,8.0
2568,269898,0.7119869908366734,2.0
2568,368802,0.19299426911936585,7.0
2568,213370,0.11790079169792957,9.0
7702,558924,0.8375238924391106,2.0
7702,133093,0.743912214462327,3.0
7702,387277,0.8909557210927244,1.0
7702,592636,0.2129325841759785,7.0
7702,214542,0.22001488871023625,6.0
7702,192193,0.2611246913195562,5.0
7702,108721,0.06743683667670433,9.0
7702,140088,0.2828064392630609,4.0
7702,367137,0.10988403989099402,8.0
7702,259317,0.0,10.0
2376,91545,0.9094969107691646,2.0
2376,402249,0.9185684681031494,1.0
2376,244961,0.7328464969363897,5.0
2376,114417,0.6946983078226732,6.0
2376,549833,0.8757032576063256,3.0
2376,324411,0.6748700676432442,8.0
2376,407455,0.6798714868695235,7.0
2376,64263,0.7756905457136404,4.0
2376,582521,0.45737523439958766,9.0
2376,44110,0.0,10.0
4339,386531,1.0,1.0
4339,488615,0.8239135384078828,2.0
4339,16392,0.3513161311313953,5.0
4339,242076,0.205358531647889,6.0
4339,240645,0.17554928200032133,8.0
4339,473540,0.38300141084596884,3.0
4339,260328,0.3544075846959957,4.0
4339,455398,0.025385327682705582,10.0
4339,242294,0.18466997801665205,7.0
4339,103256,0.06853854368220175,9.0
5427,387854,0.5940339443790059,2.0
5427,580709,0.4961733619052936,5.0
5427,55666,0.54411089489995,4.0
5427,200338,0.1087836630232096,10.0
5427,597467,0.41967738739358135,6.0
5427,142876,0.5673053952940393,3.0
5427,522358,0.1422625719171835,9.0
5427,273084,0.2429747299551968,8.0
5427,200603,0.7022426774411474,1.0
5427,549759,0.2595349232870745,7.0
7734,226070,1.0,1.0
7734,96013,0.6496153102009048,2.0
7734,87667,0.4074125990684816,6.0
7734,94591,0.4106920584894137,5.0
7734,10703,0.4864676442164463,3.0
7734,150544,0.07163894039064478,9.0
7734,421371,0.3517709961776251,8.0
7734,232712,0.3872562529904065,7.0
7734,247486,0.00702212757873862,10.0
7734,433905,0.410882656987366,4.0
2486,487791,1.0,1.0
2486,58937,0.5733476064494416,3.0
2486,388575,0.29479042490771307,7.0
2486,101604,0.32384307692659475,6.0
2486,216327,0.16375272142965056,9.0
2486,250702,0.41987178250147217,4.0
2486,357914,0.2539563183989106,8.0
2486,234436,0.5823608500726082,2.0
2486,518563,0.0030406560156994726,10.0
2486,130021,0.38419356525167947,5.0
7071,238629,0.7126242704975554,1.0
7071,99857,0.25375609965058027,8.0
7071,178684,0.6795000873561582,3.0
7071,14543,0.37019481239972685,6.0
7071,588384,0.14017468756226564,9.0
7071,246221,0.44115555638808135,4.0
7071,403899,0.02513262795445792,10.0
7071,434812,0.712550420765735,2.0
7071,319793,0.40771457614471696,5.0
7071,378173,0.34773515998677085,7.0
8537,511093,0.9398933796781147,1.0
8537,416307,0.9151896233146566,2.0
8537,572842,0.256326864562028,7.0
8537,281707,0.17564990910594794,8.0
8537,374020,0.5560710136121757,6.0
8537,96467,0.6506073291173395,4.0
8537,557356,0.6345288181788328,5.0
8537,472516,0.76932426931028,3.0
8537,472014,0.12349939140262178,9.0
8537,501384,0.09222324234753684,10.0
7178,70096,0.5254527439059704,2.0
7178,401329,0.8348745850287284,1.0
7178,420851,0.383067242524652,3.0
7178,518563,0.16004059558316994,8.0
7178,58851,0.024394734445644883,10.0
7178,474384,0.23909695385208407,5.0
7178,88892,0.13993156977762633,9.0
7178,193312,0.2334625584383531,6.0
7178,484055,0.265474551153651,4.0
7178,554568,0.16954613133027577,7.0
4777,2860,0.9089100393095746,2.0
4777,409535,0.9402537721077843,1.0
4777,228983,0.18541209120905716,4.0
4777,429378,0.15846628157511833,6.0
4777,407455,0.16975884798810617,5.0
4777,167896,0.6759582230253302,3.0
4777,525231,0.12036236001299806,7.0
4777,570155,0.11100533728240512,8.0
4777,413041,0.017655572717976676,10.0
4777,164008,0.03798494954438724,9.0
2398,168922,0.30000000000000004,9.0
2398,96538,0.8912954028467859,1.0
2398,443246,0.7506703029238262,3.0
2398,490443,0.583449102027634,4.0
2398,527698,0.8124142858712886,2.0
2398,548465,0.5797131078229955,5.0
2398,107092,0.42098722809458344,8.0
2398,505959,0.47704067401482947,6.0
2398,403515,0.1873184391940532,10.0
2398,342212,0.4407852550127876,7.0
849,557186,1.0,1.0
849,528564,0.7222167311059378,4.0
849,232199,0.804812343575001,2.0
849,183612,0.7237135404036266,3.0
849,234436,0.34261772307830796,8.0
849,366830,0.5476309061714872,5.0
849,24890,0.33058296347908867,9.0
849,327263,0.49268330901259205,7.0
849,454810,0.007943813004470751,10.0
849,273947,0.503675526737347,6.0
7534,175821,1.0,1.0
7534,301224,0.4052975617619751,4.0
7534,498378,0.4211399706955503,3.0
7534,46099,0.07736154581835478,9.0
7534,147765,0.1370838341017494,7.0
7534,89714,0.5061024551978467,2.0
7534,51046,0.22808142625183958,5.0
7534,211839,0.004980472574356635,10.0
7534,255491,0.09183050928543632,8.0
7534,169062,0.18119862365718428,6.0
5021,226070,0.5314388706584389,4.0
5021,423034,0.892980853129218,1.0
5021,588607,0.17083095690888284,8.0
5021,79357,0.6424088907137389,2.0
5021,494939,0.6005248104812723,3.0
5021,3118,0.04674806778643263,10.0
5021,339640,0.27737355419646703,5.0
5021,289813,0.13985055741879832,9.0
5021,481308,0.24850508726152423,6.0
5021,136825,0.19043487854461358,7.0
6131,326094,0.9466945792297258,1.0
6131,334111,0.8383418989025864,2.0
6131,44223,0.41536337811539825,6.0
6131,258465,0.6917069461728018,4.0
6131,123733,0.09256234015043274,9.0
6131,368806,0.7519584322783134,3.0
6131,315275,0.12535147812437347,8.0
6131,470024,0.4633345369587318,5.0
6131,483441,0.3032821166490784,7.0
6131,169699,0.0246812130505414,10.0
10136,152316,0.900458667727167,2.0
10136,32744,0.5849145278135333,3.0
10136,290930,0.945065830200442,1.0
10136,277179,0.4299161791247236,4.0
10136,18509,0.11553324972383248,8.0
10136,198349,0.2694343975142784,6.0
10136,302792,0.0980413570725097,9.0
10136,507284,0.35834796129534935,5.0
10136,280204,0.20616058897762782,7.0
10136,144177,0.05183627909713041,10.0
9548,423658,0.9366567063023754,1.0
9548,523810,0.5078418211819612,4.0
9548,297290,0.8854343428256138,2.0
9548,231227,0.7961142403172478,3.0
9548,61022,0.13496659349718476,9.0
9548,72160,0.2191551297704793,7.0
9548,539263,0.24479547533224805,6.0
9548,32811,0.05499435354867324,10.0
9548,583203,0.18031832163999054,8.0
9548,482544,0.2574118561861436,5.0
4942,314898,1.0,1.0
4942,433490,0.6716287174432257,2.0
4942,295864,0.17527316386991304,8.0
4942,70853,0.3844290762779149,3.0
4942,420556,0.23080234077823447,7.0
4942,94689,0.24492449422713355,5.0
4942,486333,0.2895296090025635,4.0
4942,62966,0.23470190826028137,6.0
4942,55999,0.01938348962064306,9.0
4942,539263,0.013319333822186408,10.0
5090,572272,0.6530106526329136,2.0
5090,12988,0.9363809983044525,1.0
5090,270856,0.4977411879944531,3.0
5090,468777,0.14318098305726493,10.0
5090,507544,0.4520179660407565,4.0
5090,551423,0.3008100773894049,8.0
5090,149500,0.37268408722329455,5.0
5090,247721,0.16229511894236315,9.0
5090,169688,0.32402687879739983,7.0
5090,414534,0.3415606026670298,6.0
6005,149500,1.0,1.0
6005,507544,0.7462298099488108,2.0
6005,572272,0.6934881263819388,3.0
6005,551423,0.24947322295359398,6.0
6005,140947,0.029831580489782,10.0
6005,30311,0.11575501130982453,8.0
6005,176498,0.49218968737354196,4.0
6005,414288,0.4099109947719565,5.0
6005,515060,0.11296956493231548,9.0
6005,377223,0.11991966816383222,7.0
7533,162668,1.0,1.0
7533,461084,0.6194345970209226,2.0
7533,438680,0.4596468420763151,5.0
7533,284411,0.5809259434925745,3.0
7533,167356,0.3075081929595772,8.0
7533,257016,0.44432898339865534,6.0
7533,201495,0.515950053926395,4.0
7533,213435,0.40026953431505774,7.0
7533,167950,0.017465433405509212,9.0
7533,407654,0.013791306180289464,10.0
8034,284075,0.30000000000000004,6.0
8034,327978,0.4218121038544568,4.0
8034,415340,0.26260348222391683,8.0
8034,307999,0.8552840480998494,1.0
8034,292991,0.16993714943083563,10.0
8034,198764,0.41163345763912335,5.0
8034,13153,0.5943796085902845,2.0
8034,22221,0.577064683846529,3.0
8034,213435,0.2611393111293605,9.0
8034,579557,0.2966682262144805,7.0
2330,478514,1.0,1.0
2330,260014,0.12617059770738812,7.0
2330,370334,0.4394697375579164,2.0
2330,345895,0.18445226018793628,5.0
2330,156873,0.18278956088646192,6.0
2330,572272,0.02988797697554285,9.0
2330,488334,0.19314807362681954,4.0
2330,94586,0.10393726630134305,8.0
2330,167684,0.23232729828298665,3.0
2330,9656,0.0,10.0
7803,62151,1.0,1.0
7803,572205,0.4172131441276222,5.0
7803,327127,0.36317276640583096,6.0
7803,216065,0.5048145350751557,2.0
7803,214003,0.43863988515375174,3.0
7803,100103,0.28552549742211364,8.0
7803,336541,0.3214981528038065,7.0
7803,324037,0.10564839376423142,9.0
7803,583651,0.007178516629085537,10.0
7803,12432,0.43734864284105807,4.0
1933,183612,1.0,1.0
1933,446984,0.3709260082150059,3.0
1933,141738,0.0601169253337631,9.0
1933,352640,0.2418645835288475,7.0
1933,445298,0.32171165506680255,4.0
1933,413041,0.01484368382219697,10.0
1933,466718,0.4221610138759997,2.0
1933,234436,0.19526530702136347,8.0
1933,264554,0.26800506204671837,6.0
1933,134794,0.2728408206207259,5.0
6849,44601,1.0,1.0
6849,59714,0.40925792637691405,5.0
6849,78675,0.42483466866014485,4.0
6849,578427,0.5219240067411145,2.0
6849,172703,0.20508350278701393,6.0
6849,79998,0.19012202005151038,7.0
6849,112208,0.09472756423797433,8.0
6849,418150,0.4454452035901279,3.0
6849,328086,0.007275350660251739,9.0
6849,61962,0.0034079459878858603,10.0
7448,418150,1.0,1.0
7448,100485,0.12695830375251066,7.0
7448,273861,0.03746257377405602,10.0
7448,112208,0.306002574559577,2.0
7448,377429,0.1794201258282162,5.0
7448,387277,0.13580869330515183,6.0
7448,307095,0.19885108691213133,4.0
7448,133093,0.09690756596135927,9.0
7448,44601,0.2818641724650393,3.0
7448,172703,0.12103485627955156,8.0
42,283079,0.9774277528700636,1.0
42,278824,0.6445984680984808,5.0
42,528564,0.7224441764972259,4.0
42,327002,0.7606508276252001,2.0
42,141738,0.24338181102832926,8.0
42,124630,0.15005035576580228,9.0
42,366830,0.577119905573146,6.0
42,467509,0.047818425787070025,10.0
42,536849,0.7287164284656543,3.0
42,583956,0.373948634858963,7.0
4102,125940,0.4114552685779001,6.0
4102,293320,0.40785946278087093,7.0
4102,572340,0.7099277385645462,2.0
4102,554734,0.9087789525744245,1.0
4102,275925,0.42943616571975574,5.0
4102,327978,0.5898106962743773,3.0
4102,326142,0.5698616284002066,4.0
4102,460457,0.20428922052414517,9.0
4102,356987,0.021598245918991725,10.0
4102,324779,0.29801506837062824,8.0
7269,474351,0.5055070944746725,3.0
7269,588607,0.4413891768431575,4.0
7269,72402,0.30577934854008215,7.0
7269,226070,0.1408928893638075,8.0
7269,301580,0.050905206717121405,10.0
7269,486696,0.6646210618365863,2.0
7269,386173,0.13560413509011654,9.0
7269,392894,0.7185598633181537,1.0
7269,129319,0.34131810978363764,6.0
7269,90294,0.36931145166071455,5.0
10975,363591,0.3549726766725507,5.0
10975,17166,0.9190537581743589,1.0
10975,72160,0.40662737252542047,4.0
10975,545759,0.2834526626855611,6.0
10975,384564,0.2595691934173249,7.0
10975,482544,0.7085225608466985,2.0
10975,528522,0.05586128455284042,10.0
10975,61022,0.2591361145648669,8.0
10975,452870,0.5930429594411113,3.0
10975,341493,0.25227522159991134,9.0
715,93936,0.3415440386156024,8.0
715,232262,0.7472079269074483,3.0
715,377223,0.7589428634307314,1.0
715,590489,0.6782722308796139,4.0
715,560872,0.7519456245533266,2.0
715,127316,0.4000004511198049,7.0
715,273925,0.6053437619919946,5.0
715,524752,0.0352188357237706,9.0
715,212028,0.006516537480126965,10.0
715,167896,0.4914368337172534,6.0
4037,557186,0.8151949715875844,1.0
4037,408327,0.43783124587325367,3.0
4037,81483,0.05687385685945489,10.0
4037,264554,0.2746247078932482,6.0
4037,70488,0.12416388875481524,8.0
4037,73427,0.33112103848909524,4.0
4037,141738,0.06739748913086493,9.0
4037,327002,0.2761291893542872,5.0
4037,298099,0.7014539963131867,2.0
4037,278824,0.17596575205100612,7.0
4047,159836,0.4533774023956252,5.0
4047,538352,0.9289445056264133,1.0
4047,124230,0.5822687105848907,3.0
4047,457294,0.27337241171356635,6.0
4047,227423,0.6850222647671218,2.0
4047,488258,0.1611274277377165,8.0
4047,186453,0.4966111802295117,4.0
4047,560872,0.08328416485852833,9.0
4047,304477,0.0058467535136373285,10.0
4047,472585,0.24385860579863955,7.0
8072,31465,1.0,1.0
8072,127452,0.6039592645638805,2.0
8072,164008,0.4999812327975238,5.0
8072,413041,0.19986911848258637,8.0
8072,394244,0.5482056803305448,4.0
8072,284235,0.582655360394295,3.0
8072,494727,0.3442878695535712,7.0
8072,294867,0.4548769107561477,6.0
8072,316838,0.18385877643940135,10.0
8072,169062,0.19427679365629852,9.0
5906,258465,0.5899497954645703,3.0
5906,409907,0.8548427610812044,1.0
5906,318520,0.7129307979682241,2.0
5906,470024,0.18765934108831867,7.0
5906,289231,0.10940204142477117,10.0
5906,273528,0.44661356451938794,5.0
5906,326094,0.12294689680071576,8.0
5906,2460,0.25136814675055574,6.0
5906,394467,0.11996415046206205,9.0
5906,15172,0.5452915912588142,4.0
8378,178684,1.0,1.0
8378,246221,0.702160736003452,4.0
8378,238629,0.7196067516668696,3.0
8378,434812,0.7474280399759492,2.0
8378,102237,0.6881528576777382,5.0
8378,43497,0.24414269482984743,6.0
8378,403025,0.08041798623547347,9.0
8378,382381,0.23863117431715966,7.0
8378,554568,0.1573195404586785,8.0
8378,597401,0.0,10.0
885,315275,0.5517170164857288,3.0
885,273528,0.3516484437878755,6.0
885,173929,0.2673980178395916,8.0
885,394467,0.3713000631521347,4.0
885,485195,0.10836401559749939,9.0
885,326094,0.7481512842886358,1.0
885,483441,0.3598099628131788,5.0
885,258465,0.6399520092887938,2.0
885,399013,0.10435343424865655,10.0
885,246459,0.35115692009963934,7.0
2423,529444,0.9163873768608746,2.0
2423,396127,0.9723311735358174,1.0
2423,89049,0.5282076553190358,6.0
2423,124027,0.5441624336198627,5.0
2423,461084,0.3861554839816817,8.0
2423,388646,0.4272078850477276,7.0
2423,553288,0.6573258809886043,3.0
2423,428150,0.5749820478682198,4.0
2423,370334,0.057547299129163516,9.0
2423,175232,0.0,10.0
4414,235522,0.9496576217953399,1.0
4414,367137,0.9162200291768062,2.0
4414,133093,0.2574076935419873,7.0
4414,144177,0.5853800382314491,4.0
4414,111033,0.4842284877521878,6.0
4414,275257,0.15650330805141652,9.0
4414,29073,0.7113743187401897,3.0
4414,140088,0.2571641721806822,8.0
4414,76776,0.005567136770309261,10.0
4414,577578,0.5151819260828279,5.0
1297,313909,0.48431360073210195,4.0
1297,171761,0.9953925656220873,1.0
1297,219758,0.411631005569739,7.0
1297,289813,0.4191688587521545,6.0
1297,90712,0.4335077363565475,5.0
1297,146021,0.5794891825165436,2.0
1297,370663,0.5253161095436615,3.0
1297,66246,0.05473745373030312,9.0
1297,545434,0.009664444968115223,10.0
1297,521712,0.16832365933234725,8.0
8512,32811,1.0,1.0
8512,61022,0.6298095724766817,2.0
8512,149696,0.39632299084214595,4.0
8512,320101,0.10271254091197114,10.0
8512,528522,0.2830386031570642,6.0
8512,231227,0.13679498467026777,8.0
8512,461592,0.401177963593666,3.0
8512,474384,0.2363273002322432,7.0
8512,214901,0.12583940614752617,9.0
8512,452870,0.3784916388496978,5.0
3822,290930,0.6871284658365409,2.0
3822,454157,0.5094852442312896,6.0
3822,586151,0.8562380039472527,1.0
3822,318583,0.13905474933097728,9.0
3822,592636,0.5552618719868924,4.0
3822,476834,0.4820340156557555,7.0
3822,597880,0.3479506513565037,8.0
3822,309269,0.5109625302535582,5.0
3822,431814,0.058079243196627654,10.0
3822,369355,0.5777016926392995,3.0
859,32530,0.9134516681775292,1.0
859,326094,0.8176593068157988,2.0
859,171720,0.6005331391539452,4.0
859,377223,0.5354002837956368,5.0
859,310215,0.27564166317040706,9.0
859,308837,0.3574418338626408,8.0
859,513258,0.027062232606788045,10.0
859,388201,0.45974382875471664,7.0
859,506374,0.5199007087193902,6.0
859,217683,0.6233447918861051,3.0
6668,457294,1.0,1.0
6668,93971,0.2771582837642398,5.0
6668,301570,0.09689380582076823,10.0
6668,228403,0.30773189161571246,3.0
6668,159703,0.14026985588100632,7.0
6668,326991,0.13421223764256265,8.0
6668,526110,0.28617631510712604,4.0
6668,88892,0.19003175777691814,6.0
6668,241337,0.3616471619894417,2.0
6668,11988,0.11216574505585779,9.0
604,38711,0.6760537573286287,2.0
604,571430,0.9437092546695743,1.0
604,224869,0.3785209221543376,5.0
604,115553,0.10803509218143087,9.0
604,197222,0.3708175029907752,6.0
604,348353,0.6106009814884005,3.0
604,561377,0.3614452000507358,7.0
604,195191,0.022058107430231063,10.0
604,342307,0.2500075036392949,8.0
604,486333,0.5888060184086147,4.0
3177,539263,0.8573056270640811,3.0
3177,172703,0.9285968238586944,1.0
3177,536120,0.6527332007702404,6.0
3177,377429,0.8491306089933395,4.0
3177,480315,0.8783014362300409,2.0
3177,87722,0.5153950728404684,7.0
3177,17208,0.7077009691271308,5.0
3177,467575,0.2959104535619794,8.0
3177,328086,0.02526004156439784,10.0
3177,423658,0.10616862923711626,9.0
721,496225,1.0,1.0
721,51615,0.11866891403865984,7.0
721,298128,0.2907378911408532,3.0
721,568526,0.3651561839281079,2.0
721,251824,0.13706511284430345,6.0
721,196427,0.017647591440535577,10.0
721,597880,0.08358844965438723,8.0
721,150650,0.1550258242578416,5.0
721,447353,0.17241636580341962,4.0
721,358661,0.03311427473917891,9.0
7124,427726,0.5739181836784712,2.0
7124,242524,0.5322224556254331,4.0
7124,62151,0.4673602314591378,7.0
7124,265314,0.4591229440025513,8.0
7124,226070,0.5105996128386715,6.0
7124,558617,0.8366521092663763,1.0
7124,433905,0.5217248107360841,5.0
7124,421371,0.5336206967442682,3.0
7124,96013,0.33952526537514194,9.0
7124,162668,0.0,10.0
4500,236482,0.40747403965351464,4.0
4500,533623,0.7985168610556127,1.0
4500,474234,0.3336583612115873,6.0
4500,166487,0.3999238871492341,5.0
4500,231781,0.20991652503006134,7.0
4500,80031,0.17115128383072276,8.0
4500,163048,0.7389264304493235,2.0
4500,62897,0.03613595503258421,9.0
4500,275929,0.5182767349365546,3.0
4500,81101,0.014713932180937675,10.0
603,64103,0.6164548354386821,2.0
603,399013,0.8585173543744063,1.0
603,535651,0.22074162307347656,7.0
603,120090,0.5266207346515968,3.0
603,279897,0.2669976461371477,6.0
603,55022,0.27601513428257723,5.0
603,35736,0.4156245983023729,4.0
603,544486,0.046200401963075885,9.0
603,77503,0.016235724709703,10.0
603,139047,0.05704958506895734,8.0
6647,462265,1.0,1.0
6647,13260,0.34035899027522476,3.0
6647,96013,0.22010247216448914,5.0
6647,464533,0.1919353535512679,7.0
6647,562171,0.08945159374698682,8.0
6647,326233,0.19692951527646713,6.0
6647,209188,0.4126143328399854,2.0
6647,231068,0.23132741834798332,4.0
6647,391988,0.03809067830777632,10.0
6647,531990,0.0641754046027444,9.0
5369,258465,0.8697872686618323,1.0
5369,172128,0.6475080194620495,4.0
5369,184175,0.8278758201945782,2.0
5369,399013,0.6908443260059628,3.0
5369,173929,0.07193926612105797,9.0
5369,171339,0.5827932421255424,6.0
5369,414288,0.5909686461099736,5.0
5369,500946,0.4983556445134705,7.0
5369,70724,0.2928072201750951,8.0
5369,118280,0.04566968003629505,10.0
932,48722,0.9619445199363045,2.0
932,387010,0.9626841776945778,1.0
932,442110,0.6293262903150594,3.0
932,292769,0.1867711431839778,8.0
932,593085,0.08880712773194617,9.0
932,23747,0.20021845587714804,6.0
932,418630,0.5653521119306305,4.0
932,281045,0.188138423747202,7.0
932,196427,0.01479018578650174,10.0
932,571430,0.40669460126848045,5.0
9633,259081,0.7839266108392626,2.0
9633,534418,0.9488284839824297,1.0
9633,481166,0.2702937793073988,6.0
9633,185909,0.34270325862544215,3.0
9633,552479,0.2183578644364852,7.0
9633,590578,0.0704068505808417,8.0
9633,484055,0.27954448389248343,5.0
9633,474351,0.3176196045808822,4.0
9633,363741,0.016448440526806545,10.0
9633,262441,0.07020273397106126,9.0
1676,394871,0.5651898510675737,3.0
1676,234436,0.9359751213292764,1.0
1676,77245,0.5117096637732674,4.0
1676,487791,0.7291382528104422,2.0
1676,58937,0.2679399929059528,6.0
1676,352640,0.29848577844506363,5.0
1676,279538,0.12289799374009225,7.0
1676,196920,0.06296179106152394,8.0
1676,555732,6.6532358252957135e-06,10.0
1676,136804,0.006715958686850859,9.0
4804,222153,0.7137611794109225,2.0
4804,325892,0.2966739600897531,6.0
4804,255795,0.4680255500405597,4.0
4804,285255,0.451563160216441,5.0
4804,45218,0.0662185645675215,10.0
4804,162456,0.7306478827799088,1.0
4804,143100,0.15550336180541824,8.0
4804,51583,0.09088284722110866,9.0
4804,116574,0.515316347174954,3.0
4804,393132,0.16105985861691513,7.0
2747,445298,1.0,1.0
2747,431685,0.20355497421261842,7.0
2747,535705,0.4527340305182893,5.0
2747,583635,0.12354004332575413,9.0
2747,387010,0.47832575606957517,4.0
2747,571430,0.12998429455015656,8.0
2747,418630,0.7030475825326933,2.0
2747,279538,0.4097116884831358,6.0
2747,582864,0.49031054158257487,3.0
2747,123468,0.03644160303155931,10.0
8632,43497,1.0,1.0
8632,382381,0.7988903666011891,2.0
8632,344372,0.4949427488634892,3.0
8632,575741,0.206930873509368,6.0
8632,458385,0.05138892843840611,10.0
8632,416307,0.11839876422381806,8.0
8632,102436,0.41040400812431976,4.0
8632,223070,0.2530620403760443,5.0
8632,363043,0.09769204540659938,9.0
8632,186453,0.14660261025093904,7.0
4981,102684,0.9206117455049411,1.0
4981,45218,0.8948183131042515,2.0
4981,578585,0.255649945831094,5.0
4981,341625,0.4308988818103615,3.0
4981,590710,0.1333018685578886,6.0
4981,264800,0.12390121334712613,7.0
4981,475541,0.02139220516697037,9.0
4981,212481,0.007633503451071327,10.0
4981,567362,0.40418363876061597,4.0
4981,319692,0.1028419783541217,8.0
6146,289231,0.30000000000000004,7.0
6146,2460,0.47819515563669795,4.0
6146,470024,0.36092945077718175,6.0
6146,394467,0.4111022792178496,5.0
6146,160125,0.8411485875255547,1.0
6146,581889,0.5210280699069457,3.0
6146,326094,0.2635601177602128,8.0
6146,580709,0.04285627677635791,10.0
6146,273528,0.18030355974595677,9.0
6146,7403,0.6385526923603069,2.0
10674,328556,0.5609583729949323,2.0
10674,435963,0.4459710310075364,4.0
10674,89460,0.39120472083610425,6.0
10674,109860,0.2474714201746603,7.0
10674,88813,0.4274525281494245,5.0
10674,319793,0.5077232014166196,3.0
10674,99857,0.7313259584151639,1.0
10674,99757,0.21275806553639606,8.0
10674,431814,0.18631436089946077,9.0
10674,363043,0.0,10.0
3683,276975,0.9872756027749318,1.0
3683,105973,0.8802333772277294,2.0
3683,421538,0.33209087379214,4.0
3683,522713,0.6384733151512574,3.0
3683,303977,0.04178949105869864,9.0
3683,178521,0.08725369461531965,7.0
3683,500460,0.3319141978396069,5.0
3683,116865,0.02886058693724435,10.0
3683,158717,0.06126998272787745,8.0
3683,349866,0.14122707214956653,6.0
928,394460,0.5968977082424175,3.0
928,349866,0.9628177760170631,1.0
928,400009,0.187233526616022,6.0
928,573276,0.07367881331724786,8.0
928,490443,0.1333383982111225,7.0
928,305509,0.05597391719604548,10.0
928,11572,0.6319925351638734,2.0
928,253563,0.0604510573749501,9.0
928,422770,0.3304991980053707,4.0
928,409573,0.2700127341341495,5.0
5054,21311,0.5504135541029893,3.0
5054,485863,0.2954088821595398,5.0
5054,542521,0.41342038124807395,4.0
5054,144660,0.2747913690319519,6.0
5054,307113,0.13641000419042787,9.0
5054,305901,0.18861371146917819,7.0
5054,406457,0.7684954458327593,1.0
5054,366219,0.015650784392721245,10.0
5054,340131,0.6934507976076159,2.0
5054,15172,0.14844554396795065,8.0
6554,583203,1.0,1.0
6554,226967,0.396462650422528,2.0
6554,377429,0.25273233060512257,8.0
6554,122012,0.39279984233676557,3.0
6554,403755,0.3195057565050455,5.0
6554,574327,0.3588740409393153,4.0
6554,275902,0.026236296602683125,10.0
6554,536120,0.25472577190499773,7.0
6554,480315,0.2633758744065171,6.0
6554,21103,0.05203228338398896,9.0
7377,579557,1.0,1.0
7377,6666,0.5219772117954158,5.0
7377,328086,0.3809687628588023,8.0
7377,345895,0.1408436897210598,10.0
7377,293679,0.7703005459579383,2.0
7377,81304,0.7353366436052591,3.0
7377,172703,0.6574075472628815,4.0
7377,17208,0.4016154089679115,7.0
7377,505027,0.1882257712268538,9.0
7377,453542,0.44004119624789234,6.0
1309,15824,0.7602596216673716,2.0
1309,438869,0.8266708595548604,1.0
1309,279845,0.4365095360333601,4.0
1309,266319,0.43636662672075527,5.0
1309,110386,0.1847499236613397,8.0
1309,366594,0.3696304456132311,6.0
1309,443795,0.0252443101761493,10.0
1309,135415,0.367928083530457,7.0
1309,16778,0.12186538647776154,9.0
1309,471630,0.7,3.0
8351,273142,1.0,1.0
8351,469776,0.09911331002098342,7.0
8351,171720,0.1546785703881627,6.0
8351,213331,0.18786141121032673,5.0
8351,528132,0.2591620582500305,3.0
8351,191977,0.019820960657732232,10.0
8351,71873,0.4014994189242757,2.0
8351,405374,0.04085822587824983,8.0
8351,568526,0.19155348376403947,4.0
8351,304009,0.040682060621196905,9.0
6441,254279,1.0,1.0
6441,156029,0.6089085161872647,2.0
6441,28314,0.5296769090333657,3.0
6441,529993,0.0762748219700495,10.0
6441,87722,0.2791450023583265,5.0
6441,536120,0.12571445006798196,8.0
6441,593644,0.2872090765147479,4.0
6441,108721,0.25913733082262297,6.0
6441,174619,0.09894186055000573,9.0
6441,90712,0.1703847468203281,7.0
4837,426223,0.47285305599553085,7.0
4837,95778,0.7155745156006097,3.0
4837,565330,0.5780776768253113,6.0
4837,159936,0.8234775891400122,1.0
4837,187739,0.8016597951554769,2.0
4837,254454,0.5926448656903417,5.0
4837,167896,0.05247687585734296,10.0
4837,565698,0.4377587675605631,8.0
4837,275410,0.23624466574421762,9.0
4837,274870,0.6456749278683627,4.0
9871,553288,0.6680872228816194,3.0
9871,76562,0.8814252707436886,1.0
9871,322771,0.5707314897257305,4.0
9871,240645,0.3216034098414964,7.0
9871,547301,0.3369388492040119,6.0
9871,213755,0.06906667261100131,10.0
9871,488366,0.44161007871999913,5.0
9871,305907,0.6738602384023994,2.0
9871,172718,0.13743866573893251,8.0
9871,271832,0.09862021530014353,9.0
3067,423403,0.9677008378664494,1.0
3067,372921,0.7910391676076511,3.0
3067,578488,0.7608974022853372,4.0
3067,104726,0.8306143100235711,2.0
3067,104788,0.14694024839312897,8.0
3067,582005,0.3108176376798814,6.0
3067,467135,0.3214251165529964,5.0
3067,318473,0.02077229278190374,10.0
3067,187739,0.25210806275800135,7.0
3067,167896,0.04071755119989056,9.0
5741,124219,0.8432190352557172,1.0
5741,328086,0.42726486198003555,5.0
5741,43781,0.39068098702535237,7.0
5741,259081,0.7640194949276927,2.0
5741,568200,0.4289163763027374,4.0
5741,107688,0.40891711580205975,6.0
5741,301224,0.28193559887961783,8.0
5741,329337,0.00982775768157853,10.0
5741,136825,0.5662699736599507,3.0
5741,437427,0.015057943558247541,9.0
3566,45029,0.7101278625219942,3.0
3566,195191,0.3563122072221861,6.0
3566,149306,0.9032115726534834,1.0
3566,408123,0.8179694426391333,2.0
3566,152286,0.6780167955304823,4.0
3566,519390,0.32277995728159514,7.0
3566,65782,0.21328122632598487,9.0
3566,595211,0.03999331307931468,10.0
3566,317493,0.49657276575867504,5.0
3566,284075,0.2744106519187334,8.0
5862,562511,0.9114589896676252,1.0
5862,21194,0.8634124134363468,2.0
5862,273947,0.10896105818984558,9.0
5862,170141,0.6657785239462058,4.0
5862,29790,0.18326160397687305,7.0
5862,253563,0.5300035970655805,5.0
5862,269898,0.6755593773917414,3.0
5862,346042,0.4533626067607731,6.0
5862,258465,0.11905219303747173,8.0
5862,78176,0.0,10.0
8779,209730,0.9545273816294065,1.0
8779,180571,0.8585120599884117,2.0
8779,17166,0.3333613325973529,4.0
8779,213591,0.09539310887711519,9.0
8779,279538,0.29840389260231137,5.0
8779,72160,0.3896956588403743,3.0
8779,319954,0.21873656708590988,6.0
8779,452870,0.13779167789894173,8.0
8779,491964,0.1979413867416001,7.0
8779,214901,0.0951000563377698,10.0
4714,505057,0.9854971599289131,1.0
4714,584450,0.8832100775609218,2.0
4714,324833,0.5874570295408592,3.0
4714,184506,0.2931341623429672,6.0
4714,295980,0.2828498557301166,8.0
4714,249450,0.2900435001106634,7.0
4714,118374,0.3239503663851296,4.0
4714,424585,0.14758623555324515,9.0
4714,473809,0.0006171199516762047,10.0
4714,46211,0.29549730338495284,5.0
7311,125355,0.6741140905823968,2.0
7311,279897,0.3005688566624604,6.0
7311,183349,0.04435629543328643,9.0
7311,523279,0.13908102282376264,8.0
7311,33576,0.27028572469485374,7.0
7311,215154,0.32967801685184933,5.0
7311,344267,0.7112740681405247,1.0
7311,238421,0.6105998495510049,3.0
7311,334696,0.3560445473722166,4.0
7311,100485,0.005182586997638366,10.0
109,73427,1.0,1.0
109,213331,0.08803203209538785,8.0
109,538023,0.37667229332851637,4.0
109,461084,0.19782433998912757,6.0
109,563025,0.47885786252286966,2.0
109,406457,0.03636660173526593,10.0
109,342212,0.1131828836790353,7.0
109,535705,0.25227270134390856,5.0
109,547301,0.4088556583681245,3.0
109,18509,0.06507972200855763,9.0
570,21311,0.9090520604373808,1.0
570,103593,0.28894365483295426,10.0
570,232199,0.7391081006793514,2.0
570,341493,0.7142507693676035,3.0
570,565684,0.47307188635670455,8.0
570,156358,0.564636841795368,5.0
570,79888,0.3523327450898404,9.0
570,335991,0.7140746718055585,4.0
570,349384,0.4801826426884046,7.0
570,17166,0.5632059574077488,6.0
6959,301570,0.5623476684764119,3.0
6959,69790,0.7395438870968379,1.0
6959,293767,0.29875432402179863,8.0
6959,482415,0.155176335706766,10.0
6959,330041,0.3895702500599542,6.0
6959,88813,0.46538505130183466,4.0
6959,427726,0.34614861363495497,7.0
6959,266480,0.19164706231396494,9.0
6959,431814,0.7022732850798308,2.0
6959,231781,0.41251697499494205,5.0
90,56718,0.8684887478517468,2.0
90,150219,0.6301971294565811,3.0
90,31793,0.8786235090462116,1.0
90,385073,0.5923951526734217,5.0
90,234436,0.5997390396216385,4.0
90,153541,0.3378424187330056,8.0
90,172594,0.35190456858865515,7.0
90,366830,0.27324066039393513,9.0
90,34731,0.3592126908980302,6.0
90,314898,0.0,10.0
5064,2003,1.0,1.0
5064,455614,0.5819105270466434,3.0
5064,135514,0.21942284199120005,8.0
5064,192811,0.7215976524317629,2.0
5064,551423,0.49182475720286833,5.0
5064,414288,0.371217082093796,7.0
5064,377223,0.44921479678365256,6.0
5064,393278,0.09676199683394134,9.0
5064,524888,0.007994943073701423,10.0
5064,176498,0.5185649635364141,4.0
4103,307380,1.0,1.0
4103,29073,0.9351059236223069,2.0
4103,577578,0.7464396585292912,3.0
4103,482415,0.7217083629614355,4.0
4103,175265,0.29662443122286786,7.0
4103,370879,0.42462952769343315,5.0
4103,163590,0.03954160410679479,9.0
4103,133093,0.24703408787998846,8.0
4103,169921,0.03602478469920863,10.0
4103,192193,0.40237416452826136,6.0
1198,56718,1.0,1.0
1198,232199,0.29867444941275545,4.0
1198,175272,0.3013492266615609,3.0
1198,103593,0.03112676400859824,10.0
1198,366761,0.3625123565414713,2.0
1198,105872,0.16027709091001846,7.0
1198,467390,0.13504279870259042,8.0
1198,352120,0.16133878447018873,6.0
1198,58937,0.252132253577087,5.0
1198,434769,0.07573326071503524,9.0
4539,32744,0.9019193817646974,1.0
4539,61792,0.3460740232802419,6.0
4539,275925,0.7808803347024872,2.0
4539,61346,0.4032933950973219,5.0
4539,370879,0.535091888336456,3.0
4539,426461,0.327522303887181,7.0
4539,235522,0.2847792110120806,8.0
4539,440270,0.24316363558533738,9.0
4539,83330,0.4895954218458572,4.0
4539,572272,0.0,10.0
9391,248158,0.9030827059489741,2.0
9391,136270,0.5405242896374158,5.0
9391,108859,0.5881359460717042,4.0
9391,136515,0.9192534675300095,1.0
9391,142631,0.6207700260674782,3.0
9391,301580,0.49739668789711405,6.0
9391,127263,0.35472444450081175,7.0
9391,105973,0.01905791895137501,10.0
9391,429579,0.3170183584045304,8.0
9391,163590,0.18824461731848283,9.0
4600,577578,0.7881084643595819,2.0
4600,61792,0.31617913347520804,6.0
4600,482415,0.7924969586785106,1.0
4600,257633,0.3638147632986132,4.0
4600,133093,0.34233911199441225,5.0
4600,76515,0.08213548963609942,9.0
4600,367137,0.4502060834110153,3.0
4600,214542,0.031054499911204483,10.0
4600,34925,0.3089291293632171,7.0
4600,275257,0.21736448163370478,8.0
3735,125659,0.6732692762294887,2.0
3735,93231,0.4604614848044043,6.0
3735,537418,0.5518516304207928,4.0
3735,330041,0.6405575216629742,3.0
3735,344065,0.302705145574785,7.0
3735,511093,0.15817083127231366,9.0
3735,32290,0.8007491816974186,1.0
3735,504996,0.1605560328725233,8.0
3735,266900,0.5100422920280183,5.0
3735,40447,0.0,10.0
5422,483299,0.6883544460694658,2.0
5422,108,0.2688436473444179,7.0
5422,55022,0.20347402217537572,9.0
5422,528034,0.661386634137398,4.0
5422,81304,0.2623505984977024,8.0
5422,259081,0.7827854015243028,1.0
5422,579235,0.5580183588149544,5.0
5422,136270,0.3510045662185839,6.0
5422,22221,0.1725572327969206,10.0
5422,124219,0.6873213336628151,3.0
744,573276,0.8765304586910614,1.0
744,138845,0.3451266693715128,4.0
744,409573,0.5719283675776078,3.0
744,171339,0.33846105110996266,5.0
744,289231,0.7841063768315865,2.0
744,273528,0.14412947636810816,9.0
744,172305,0.05323706860581577,10.0
744,350819,0.2697419183835675,7.0
744,120852,0.25452944352794143,8.0
744,118280,0.31944181837739793,6.0
515,372909,1.0,1.0
515,328341,0.6659482371120481,3.0
515,431685,0.7386322539947616,2.0
515,352838,0.6174946503391008,4.0
515,231614,0.4365179180445108,5.0
515,195081,0.22575091161165234,7.0
515,98112,0.049016113590715185,8.0
515,60443,0.015966138284465192,9.0
515,123733,0.0060223209709627515,10.0
515,360011,0.288695717704599,6.0
2443,331253,0.4731127568761827,5.0
2443,44609,0.4051452303125428,7.0
2443,305579,0.8240853369190367,1.0
2443,306800,0.6809027368800519,2.0
2443,446647,0.6295508945849818,4.0
2443,313437,0.17381932982125672,9.0
2443,426216,0.6656394788389243,3.0
2443,208051,0.29516772013718895,8.0
2443,305907,0.4500374419658489,6.0
2443,510130,0.0,10.0
4265,157553,1.0,1.0
4265,392163,0.6814429788884102,2.0
4265,584273,0.46725887580811704,5.0
4265,149974,0.3471248462660782,7.0
4265,523158,0.052717479093923915,9.0
4265,140947,0.5114664834165834,4.0
4265,386229,0.021384529481178347,10.0
4265,575729,0.2288087017886315,8.0
4265,93881,0.6372921764003214,3.0
4265,577517,0.3763481805904819,6.0
4865,223032,0.41467997348764873,5.0
4865,370569,0.9905977228432999,1.0
4865,251824,0.5167306271260942,3.0
4865,435963,0.5781828499983513,2.0
4865,508821,0.3207187879031763,7.0
4865,481166,0.4684879906631566,4.0
4865,305117,0.35524233522505344,6.0
4865,110515,0.16594572331016152,8.0
4865,565698,0.012675892803008322,10.0
4865,585738,0.1362008601416237,9.0
2968,187196,0.616753074422149,3.0
2968,388646,0.9615644843918252,1.0
2968,242124,0.8703234835510936,2.0
2968,176498,0.25602146729438235,5.0
2968,198371,0.5069374779602212,4.0
2968,583640,0.028596838617429524,10.0
2968,280967,0.046517432052747415,9.0
2968,287991,0.18464973721012284,6.0
2968,455398,0.06048291492946072,8.0
2968,329757,0.11790168690924749,7.0
7221,305117,0.647358252782941,3.0
7221,473809,0.8236817994592074,1.0
7221,481166,0.484662678810587,4.0
7221,71873,0.43488730021788463,6.0
7221,537418,0.45268246329121176,5.0
7221,307315,0.03406104241048981,10.0
7221,81542,0.30007243143298584,8.0
7221,452175,0.37184432128844197,7.0
7221,570664,0.1930164046405011,9.0
7221,77652,0.7,2.0
2407,2064,0.781733511126807,2.0
2407,78176,0.6708592113205261,3.0
2407,173929,0.5900560711797588,5.0
2407,516444,0.7844480497921092,1.0
2407,255491,0.38331440631419167,7.0
2407,273528,0.6423570694116904,4.0
2407,514425,0.1789964882209615,8.0
2407,367641,0.11512537377840103,9.0
2407,566480,0.39242532713194533,6.0
2407,63678,0.0,10.0
3039,136804,1.0,1.0
3039,467390,0.6179698147140245,3.0
3039,147080,0.7828890024077674,2.0
3039,387010,0.36426434166579785,7.0
3039,442110,0.3786935389309227,6.0
3039,483274,0.0284914965746274,10.0
3039,510409,0.427296597075647,5.0
3039,106501,0.19870280844674443,9.0
3039,4947,0.25344433975249875,8.0
3039,398622,0.4463273497741436,4.0
1748,18001,1.0,1.0
1748,528564,0.6426344146439453,2.0
1748,418135,0.45738164383197083,5.0
1748,462892,0.5300162071196368,4.0
1748,298427,0.617391890040023,3.0
1748,429378,0.16948116937853083,8.0
1748,223206,0.18599830644692622,7.0
1748,517372,0.1326519769169293,9.0
1748,171780,0.012940738310114434,10.0
1748,124027,0.3396034134315168,6.0
10547,404339,1.0,1.0
10547,536120,0.3343266123053972,6.0
10547,272008,0.6895330438121103,2.0
10547,4666,0.05216307227417851,9.0
10547,597351,0.3803071542037715,4.0
10547,112714,0.4507518263369533,3.0
10547,32290,0.3171456203596387,7.0
10547,23609,0.337972632851051,5.0
10547,392037,0.05034196537329808,10.0
10547,491969,0.26471851726712226,8.0
10596,164008,0.7873118976827862,2.0
10596,284235,0.655746460244202,4.0
10596,208070,0.9304586148166849,1.0
10596,413041,0.5870869101366472,5.0
10596,316838,0.7036986039266426,3.0
10596,494727,0.24180807036663132,8.0
10596,394244,0.24578250487868608,7.0
10596,127452,0.24077989115733112,9.0
10596,69197,0.3009219968022155,6.0
10596,169062,0.0,10.0
5061,352838,0.6637545255374016,2.0
5061,242124,0.6361017476143056,3.0
5061,329757,0.4253848665347664,5.0
5061,447353,0.4557584207561878,4.0
5061,149974,0.403700461383801,8.0
5061,380863,0.41146542098002603,7.0
5061,261189,0.7900490663443254,1.0
5061,46755,0.4235808702021233,6.0
5061,158845,0.0409390181645932,10.0
5061,287991,0.3629431801678875,9.0
853,510373,0.7067000097421273,2.0
853,510409,0.835569348016316,1.0
853,314984,0.5558412333633165,5.0
853,106501,0.6345925073129657,4.0
853,263361,0.29962942751159716,7.0
853,131996,0.05103653324151538,10.0
853,72402,0.14485636434208504,8.0
853,150219,0.46516659807392674,6.0
853,582864,0.7054844152816079,3.0
853,303929,0.07408029589731557,9.0
6803,544053,1.0,1.0
6803,193012,0.814936261158169,2.0
6803,42620,0.5284442957578063,3.0
6803,316045,0.06299518378138891,9.0
6803,271243,0.06322167580789102,8.0
6803,10703,0.3442451510645772,5.0
6803,142726,0.3830756003410462,4.0
6803,78675,0.09686813446232329,7.0
6803,60355,0.18392320083743266,6.0
6803,272784,0.0,10.0
6644,187497,1.0,1.0
6644,572842,0.3545941021554878,5.0
6644,308837,0.464338735081759,2.0
6644,426216,0.2779019707323623,7.0
6644,578954,0.44399258101284655,3.0
6644,305907,0.31378507421058166,6.0
6644,293687,0.14897055529567166,8.0
6644,373271,0.3824777667486171,4.0
6644,31793,0.09037234140058906,9.0
6644,238421,0.02394491366893249,10.0
699,107092,1.0,1.0
699,169688,0.34321553663974486,4.0
699,68357,0.20652737334472066,7.0
699,446679,0.43018099724190995,2.0
699,385658,0.03603729239274627,9.0
699,472924,0.22909415269267241,6.0
699,521010,0.34499252076565123,3.0
699,586920,0.06988082042247774,8.0
699,414598,0.0037112389412197874,10.0
699,96538,0.2582381422171011,5.0
549,214024,1.0,1.0
549,67167,0.7026925045282405,2.0
549,446647,0.3716153468506624,7.0
549,546020,0.6682064056816208,3.0
549,73427,0.5075591563270567,5.0
549,547301,0.4340887727601307,6.0
549,563025,0.3342838048562254,9.0
549,397449,0.01514572204164339,10.0
549,449630,0.36808596956523876,8.0
549,443795,0.6298426732526632,4.0
904,415514,1.0,1.0
904,85229,0.7625952871747157,2.0
904,433905,0.24220169305750885,6.0
904,120852,0.3017520592166544,3.0
904,101369,0.22414463725410938,8.0
904,359579,0.23061520573679958,7.0
904,169824,0.25167085609279266,5.0
904,320579,0.2705610146687187,4.0
904,75235,0.003963084353139853,10.0
904,29360,0.04466570271744974,9.0
2590,583635,0.5824545729333865,2.0
2590,296528,0.7989131311954372,1.0
2590,55999,0.5672191702537767,4.0
2590,307095,0.3382479832913514,6.0
2590,209493,0.5731581407195565,3.0
2590,106424,0.027092132567367786,10.0
2590,471964,0.3727855419897593,5.0
2590,387010,0.04570201114597152,9.0
2590,26203,0.31558793751192254,7.0
2590,454222,0.2734907822828247,8.0
1451,538005,1.0,1.0
1451,559482,0.1553676934962709,10.0
1451,98112,0.6253523705113049,2.0
1451,377571,0.39920879273042054,4.0
1451,313437,0.329996246234569,7.0
1451,94689,0.3986939316955155,5.0
1451,433809,0.3273165966672093,8.0
1451,522481,0.19986666383619808,9.0
1451,51729,0.3449088564297686,6.0
1451,440910,0.48955353904279836,3.0
5790,469776,0.9770370882382361,1.0
5790,97348,0.6616194709932854,4.0
5790,101369,0.3662227605406373,7.0
5790,363810,0.511422072427268,5.0
5790,141738,0.8215978627557718,2.0
5790,241136,0.6990693675202972,3.0
5790,305287,0.26492685173510205,9.0
5790,277353,0.3056198686632575,8.0
5790,149305,0.005569088319073789,10.0
5790,75235,0.4273423197006429,6.0
7295,435125,0.6433086106879365,2.0
7295,403755,0.10420495698701135,10.0
7295,93971,0.3988069385980617,5.0
7295,193398,0.26495111472312055,8.0
7295,39478,0.5558916090027562,4.0
7295,513258,0.626286644245926,3.0
7295,456470,0.35908064879841145,6.0
7295,115553,0.7111644203990315,1.0
7295,3118,0.2664797325752135,7.0
7295,102436,0.16255017491455928,9.0
5083,142876,1.0,1.0
5083,13975,0.7374996917706552,2.0
5083,368802,0.6147220333191551,3.0
5083,433197,0.31844973927912273,4.0
5083,333184,0.18808048291630902,7.0
5083,21103,0.06343290119812985,9.0
5083,579473,0.10135343179826496,8.0
5083,305360,0.0,10.0
5083,20958,0.21645618204834735,6.0
5083,19183,0.28233762979443466,5.0
7936,363043,0.9800220895379562,1.0
7936,336541,0.9720625734276033,2.0
7936,293767,0.6277115153371201,4.0
7936,320101,0.632726373711108,3.0
7936,43087,0.3874449607647158,7.0
7936,561884,0.46985124546018575,6.0
7936,416307,0.49489085310065395,5.0
7936,187404,0.08659877974530303,10.0
7936,127585,0.1699826952936478,8.0
7936,214003,0.1693042459815119,9.0
8296,78675,1.0,1.0
8296,79998,0.8100669216148564,2.0
8296,146315,0.17469567540273628,5.0
8296,180571,0.02505727549508655,10.0
8296,26203,0.25657791617717574,4.0
8296,371720,0.27541966073582497,3.0
8296,61962,0.1482352206093056,7.0
8296,392037,0.11420362657675523,9.0
8296,99757,0.15739046875648177,6.0
8296,3118,0.13910006752421858,8.0
475,431685,0.8279537943660619,2.0
475,88124,0.6771705947831383,3.0
475,366761,0.8561351934880417,1.0
475,232199,0.4073910634892107,4.0
475,60637,0.019134101051758515,10.0
475,328341,0.3656433916743071,6.0
475,352640,0.3993861751289287,5.0
475,232563,0.32327784753273003,8.0
475,433,0.08813169962214706,9.0
475,372909,0.3377717011671314,7.0
3759,384631,0.30000000000000004,8.0
3759,152250,0.3289485383198275,5.0
3759,105634,0.7800234334538131,1.0
3759,414188,0.3336491025159325,4.0
3759,101369,0.3274114352171311,6.0
3759,445794,0.11717195983414193,9.0
3759,405217,0.40654211000244733,3.0
3759,264800,0.1158241985286888,10.0
3759,130877,0.31650512625443045,7.0
3759,146181,0.5202236289947884,2.0
4615,596196,0.8908361222977511,3.0
4615,425595,0.9751717101503677,1.0
4615,69523,0.9044373987766867,2.0
4615,496427,0.8350238968155576,5.0
4615,261900,0.8810113531933277,4.0
4615,226060,0.6584886516986785,8.0
4615,421365,0.7748558643464106,6.0
4615,19179,0.7024110165515045,7.0
4615,341493,0.0188338636306718,9.0
4615,15891,0.0,10.0
8874,403025,1.0,1.0
8874,251704,0.5484408134784311,2.0
8874,527231,0.4375472471105748,4.0
8874,66631,0.13364522764838738,8.0
8874,357685,0.021054324751845217,10.0
8874,370569,0.19123844378170168,6.0
8874,556976,0.1274479004174205,9.0
8874,349160,0.13770162853453305,7.0
8874,319793,0.5381682048863058,3.0
8874,571362,0.202200000364769,5.0
26,399013,0.8733722249998779,1.0
26,528132,0.3279403331330629,6.0
26,409611,0.40936888078246714,5.0
26,565330,0.2150028149401454,8.0
26,563025,0.8026575353471762,2.0
26,2064,0.611309764519332,3.0
26,401254,0.4219663373642531,4.0
26,452544,0.029606195620943097,10.0
26,367641,0.29909795246642795,7.0
26,71898,0.09404201494699625,9.0
3875,249859,1.0,1.0
3875,136315,0.7443266316771848,2.0
3875,442110,0.4742369510762327,3.0
3875,571258,0.36717136675409345,5.0
3875,158185,0.27882505400174695,6.0
3875,426570,0.456855657013037,4.0
3875,76515,0.22913658604357795,7.0
3875,143100,0.19800434639194853,8.0
3875,518406,0.14617527580273004,9.0
3875,414288,0.0,10.0
6835,159703,0.48422064274715604,3.0
6835,246221,0.2908923856913919,4.0
6835,149305,0.8619979197524701,1.0
6835,195767,0.5158989243115416,2.0
6835,403755,0.1122539001211413,9.0
6835,592636,0.18102824586348337,5.0
6835,108721,0.14866794105499373,8.0
6835,238629,0.17851031302131612,6.0
6835,196427,0.16131458245653757,7.0
6835,467575,0.0,10.0
4433,301580,0.4940376063374142,4.0
4433,172703,0.3092435115296438,6.0
4433,539263,0.5120340514904973,3.0
4433,297290,0.7158015035444866,1.0
4433,21311,0.1933211180821479,7.0
4433,379311,0.33278994184376454,5.0
4433,453542,0.11867044936534185,8.0
4433,451855,0.07078856514170462,9.0
4433,146181,0.7129559640566682,2.0
4433,536120,0.0,10.0
5374,115553,0.44635255842680166,8.0
5374,92267,0.8519315645134264,1.0
5374,251704,0.32492525409841166,9.0
5374,44601,0.5651377587676429,5.0
5374,60175,0.742685646634583,2.0
5374,294295,0.02530249008961825,10.0
5374,99857,0.5985508290398714,3.0
5374,537418,0.5226171805358664,6.0
5374,576564,0.47914183437479685,7.0
5374,186453,0.5663507645378403,4.0
6221,529551,0.8118898080510922,2.0
6221,551423,0.9047959684439923,1.0
6221,240261,0.5278485286738238,6.0
6221,128698,0.7807898430162914,3.0
6221,270856,0.6930512894141487,4.0
6221,66901,0.04838436489959981,10.0
6221,578488,0.3848345743631255,9.0
6221,384626,0.5641065501379945,5.0
6221,405352,0.4900978289305763,7.0
6221,494753,0.4214953691626798,8.0
672,593283,0.9437634066248872,1.0
672,563025,0.921484506636587,2.0
672,213370,0.6551689286677292,6.0
672,40966,0.7179326991897985,5.0
672,273947,0.7587160096653904,4.0
672,15824,0.7610607763148072,3.0
672,67167,0.38078418069013487,8.0
672,170141,0.1798968123325907,9.0
672,201800,0.014696743403765897,10.0
672,494689,0.5266074852344156,7.0
2593,231614,0.9855448969017413,1.0
2593,169688,0.20213776056786503,9.0
2593,147343,0.7611721656334162,2.0
2593,73427,0.04226746917531148,10.0
2593,528132,0.5524312026698232,3.0
2593,399013,0.4930666275774549,4.0
2593,387573,0.38049229561035364,8.0
2593,449630,0.49116056767025346,5.0
2593,394460,0.4866545174999361,6.0
2593,171339,0.3950042097524972,7.0
4019,287991,0.9163428594223839,3.0
4019,553288,0.9412643998109765,1.0
4019,332749,0.9188280949955827,2.0
4019,94423,0.22520892945526386,8.0
4019,561056,0.5890948578725329,5.0
4019,448699,0.32117455653641946,7.0
4019,377223,0.6212657680913277,4.0
4019,126134,0.02035466109075504,10.0
4019,1164,0.22067651287817497,9.0
4019,468879,0.48811735289874203,6.0
7205,370569,0.6717863052294539,2.0
7205,159966,0.9305315912630057,1.0
7205,186453,0.34144690891576357,4.0
7205,100103,0.28882795351404517,6.0
7205,62151,0.32628616230474117,5.0
7205,565926,0.4551021198433819,3.0
7205,336541,0.1563152347041993,9.0
7205,442048,0.21068786082872817,8.0
7205,558370,0.008867576168738853,10.0
7205,12432,0.24908382321376304,7.0
6611,329425,0.5988454009348276,2.0
6611,293679,0.9977940693631457,1.0
6611,142631,0.17303137907830657,8.0
6611,39819,0.09660873642299019,9.0
6611,81304,0.4433176400630022,4.0
6611,198764,0.5679467949564757,3.0
6611,297290,0.3229255643903869,5.0
6611,17208,0.24875745825225004,6.0
6611,112208,0.1868458055789936,7.0
6611,345533,0.01903658230388872,10.0
7911,131996,1.0,1.0
7911,57711,0.879287220922303,2.0
7911,553304,0.2638153413992184,7.0
7911,69197,0.37685520423840174,4.0
7911,386173,0.044357950143724366,10.0
7911,506617,0.4126748154966425,3.0
7911,597401,0.3137692223690522,5.0
7911,543714,0.14406430190801914,9.0
7911,116647,0.1555935139709351,8.0
7911,385574,0.2867736970794237,6.0
7463,577951,1.0,1.0
7463,387277,0.4132966688345525,5.0
7463,176498,0.46623288125685636,3.0
7463,423403,0.6974016474710736,2.0
7463,565698,0.18669776068129523,8.0
7463,328086,0.04525195947064071,10.0
7463,350145,0.19235819167680662,7.0
7463,216384,0.39881798029926624,6.0
7463,188015,0.4556002921195074,4.0
7463,528034,0.11760651643068083,9.0
4999,9938,1.0,1.0
4999,305117,0.45533676990427197,3.0
4999,46211,0.6873588959862221,2.0
4999,350680,0.2996948733900689,4.0
4999,216327,0.09865810396726496,9.0
4999,411061,0.18743969589826295,5.0
4999,406185,0.1501784992026798,6.0
4999,13657,0.01983752106876559,10.0
4999,580920,0.14160627367854273,7.0
4999,222153,0.10836821559266588,8.0
7344,14368,1.0,1.0
7344,418150,0.622756296227685,2.0
7344,327978,0.2964069136076882,5.0
7344,392851,0.4599709408316249,3.0
7344,301224,0.03872567271381715,9.0
7344,39247,0.28714950318537524,6.0
7344,527231,0.2652513842951008,7.0
7344,72652,0.2255646839168144,8.0
7344,58753,0.004004674380794266,10.0
7344,266319,0.3216551560588198,4.0
7705,377429,0.8331452992468776,2.0
7705,539263,0.8953693577421545,1.0
7705,480315,0.6900675623422585,3.0
7705,467575,0.31566086770926877,8.0
7705,172703,0.29295780120053966,9.0
7705,536120,0.5374515754077664,4.0
7705,87722,0.42280572192343335,6.0
7705,345199,0.028731740412259673,10.0
7705,96926,0.5040215344145476,5.0
7705,387277,0.42132598059447746,7.0
1815,372909,0.7932617953955029,2.0
1815,446928,0.9851239530264457,1.0
1815,363591,0.7014563201343131,3.0
1815,432080,0.43025860202001853,7.0
1815,88124,0.5280675040010786,5.0
1815,457701,0.6582661168040174,4.0
1815,328341,0.43818682185495184,6.0
1815,528522,0.22542765333252937,9.0
1815,539133,0.3831994628693478,8.0
1815,459677,0.0,10.0
7467,193312,1.0,1.0
7467,371720,0.35798636243369,6.0
7467,26203,0.3950895250911438,4.0
7467,457532,0.5059287336943359,2.0
7467,55999,0.383531074947089,5.0
7467,428017,0.26074253222449645,7.0
7467,435963,0.46165799179583206,3.0
7467,431814,0.019831015926121683,10.0
7467,253024,0.24522324234349516,9.0
7467,99757,0.2508489090448128,8.0
8013,198349,0.6978195610523457,5.0
8013,383978,0.8162919838387879,2.0
8013,374151,0.7357505032309959,3.0
8013,244433,0.8284403714849352,1.0
8013,251824,0.586154138453293,7.0
8013,241101,0.6590057055567881,6.0
8013,398123,0.5461363373348666,8.0
8013,31793,0.016517340832606583,10.0
8013,498378,0.712734125815318,4.0
8013,588247,0.17234393516107935,9.0
1415,66246,0.8702522742089742,3.0
1415,306144,0.7480255757423633,4.0
1415,393953,0.8902298738595325,2.0
1415,591940,0.585087552795329,5.0
1415,387165,0.9258314107958435,1.0
1415,583956,0.4654617734335646,6.0
1415,110515,0.11604696839794892,9.0
1415,318266,0.1964795340330872,8.0
1415,183612,0.01745295685230329,10.0
1415,232063,0.3593070804030617,7.0
7758,480315,0.6820937692211524,2.0
7758,574327,0.9405461993210491,1.0
7758,69696,0.36419734377365715,4.0
7758,112714,0.6172967842086315,3.0
7758,379311,0.2730238505801142,6.0
7758,122432,0.02475562420014351,10.0
7758,322826,0.12365808112505977,9.0
7758,112208,0.159620038554776,8.0
7758,17923,0.20849585317224972,7.0
7758,172703,0.27722765708327923,5.0
1915,306144,0.7910551443522593,1.0
1915,182168,0.6021912661629552,6.0
1915,78176,0.16935681031138858,9.0
1915,393953,0.7685750294586328,3.0
1915,140038,0.5311075296457303,7.0
1915,583956,0.7455091708055892,4.0
1915,318266,0.7796503481574297,2.0
1915,66246,0.620954973540327,5.0
1915,505580,0.003158728541247642,10.0
1915,591940,0.4435745433620633,8.0
4415,108859,0.30000000000000004,10.0
4415,32744,0.6647144167538293,3.0
4415,61792,0.4874708688224628,8.0
4415,370879,0.5635559896212625,6.0
4415,14926,0.8149032668450861,1.0
4415,244427,0.6132566433949204,5.0
4415,399751,0.4901649872084147,7.0
4415,147646,0.7584303337130947,2.0
4415,309550,0.6292175969167239,4.0
4415,235522,0.41820662518876334,9.0
10482,201495,0.8212568185051371,2.0
10482,439757,0.9837237685270659,1.0
10482,387277,0.7123654169013641,4.0
10482,518379,0.7876393083069081,3.0
10482,175821,0.37793548374788677,8.0
10482,142696,0.21503077910572554,9.0
10482,535317,0.41982289848596543,6.0
10482,364575,0.003435740712794673,10.0
10482,72402,0.4011154016973786,7.0
10482,34925,0.6986933518082298,5.0
2296,119298,0.9640066126002041,1.0
2296,279897,0.7350125393162388,3.0
2296,460357,0.5051018048297142,5.0
2296,396853,0.788402805320157,2.0
2296,577201,0.38623618502690293,6.0
2296,410119,0.13853552958128384,9.0
2296,275410,0.039940229425587274,10.0
2296,120090,0.35703663231531413,8.0
2296,169688,0.36225962460820976,7.0
2296,175982,0.5992620231622104,4.0
6787,58290,0.6583859543140383,4.0
6787,456436,0.9499191267849743,1.0
6787,124230,0.8158139538768525,2.0
6787,457294,0.1487877886557794,9.0
6787,261189,0.3752403252146771,7.0
6787,220022,0.1585447942565728,8.0
6787,382381,0.42295283880579165,6.0
6787,552707,0.5141122281447623,5.0
6787,309555,0.13175304361806062,10.0
6787,223070,0.7,3.0
2857,117451,0.895167920604433,1.0
2857,123659,0.5188482580494892,6.0
2857,590917,0.14848557211875327,8.0
2857,295864,0.7969876832077829,2.0
2857,19606,0.6383950005455709,4.0
2857,60175,0.7704223304022163,3.0
2857,348733,0.11447959574089595,9.0
2857,464502,0.21900173867742992,7.0
2857,581038,0.5293110025460922,5.0
2857,482335,0.04634258494055009,10.0
753,114418,0.8134951985921083,1.0
753,51729,0.47874620278324076,3.0
753,581509,0.4016223891147539,4.0
753,72046,0.14944434635285272,7.0
753,466718,0.7669511142100707,2.0
753,504255,0.3471532712187223,5.0
753,297290,0.12094105133400979,9.0
753,125355,0.18856677511187822,6.0
753,177648,0.12187651816014282,8.0
753,61792,0.0,10.0
2676,55666,1.0,1.0
2676,13975,0.6317055593356962,2.0
2676,264408,0.43022891701655386,5.0
2676,44110,0.16240277190562363,8.0
2676,182168,0.5491265125265336,4.0
2676,313171,0.5517709711740406,3.0
2676,244749,0.09410909456596353,10.0
2676,218845,0.27954281250790286,7.0
2676,279897,0.2993226320479653,6.0
2676,196427,0.1441946190714191,9.0
7456,164008,0.6508079543101679,4.0
7456,494727,0.7706896354296371,2.0
7456,284235,0.6710655932301717,3.0
7456,169062,0.5885079801156928,5.0
7456,413041,0.13678239586423324,10.0
7456,316838,0.388300759664597,6.0
7456,112714,0.8249789574889526,1.0
7456,69197,0.3343838417967267,8.0
7456,127452,0.23257167555490516,9.0
7456,394244,0.363426301511343,7.0
2579,524471,0.8673224264855515,1.0
2579,280838,0.7062629604436573,3.0
2579,229809,0.21882999729421748,6.0
2579,570155,0.3039913731300393,5.0
2579,263481,0.4676871204700623,4.0
2579,197052,0.7506426243289541,2.0
2579,55064,0.1316365547794523,7.0
2579,579473,0.07597554380537652,9.0
2579,566480,0.026162436716470838,10.0
2579,410119,0.09754081091773002,8.0
687,506831,0.7271775750746914,2.0
687,342258,0.6422992989657963,4.0
687,449630,0.5405156584701656,6.0
687,214024,0.49368918178630333,7.0
687,478186,0.7439142549873027,1.0
687,579473,0.6811634460211978,3.0
687,406457,0.5491061170791697,5.0
687,508895,0.3197359928922869,8.0
687,494926,0.002700661082725158,10.0
687,16670,0.1552108809546017,9.0
2445,431685,1.0,1.0
2445,328341,0.4743674714589994,4.0
2445,352838,0.492136039975782,3.0
2445,372909,0.3984976443160842,5.0
2445,366761,0.5035754176062681,2.0
2445,195081,0.09681470868344165,9.0
2445,88124,0.34707059035513926,6.0
2445,114418,0.27168476188601026,7.0
2445,360011,0.007140500469785516,10.0
2445,539133,0.24205342326946833,8.0
2885,17651,0.41009594002588867,3.0
2885,460398,0.33175682230421655,6.0
2885,429579,0.375189058945106,4.0
2885,516444,0.17489686117165526,8.0
2885,102081,0.8279138630858455,1.0
2885,540539,0.14111562374133027,9.0
2885,118730,0.46262588142224975,2.0
2885,279865,0.26404921550886296,7.0
2885,101453,0.020125892249919966,10.0
2885,167356,0.336499784260731,5.0
5264,431814,0.7961655559278955,2.0
5264,42438,0.19931992613416405,6.0
5264,52579,0.8152579655393025,1.0
5264,505694,0.3340685698544537,4.0
5264,114439,0.042649507707109194,9.0
5264,580920,0.3988214094808982,3.0
5264,481166,0.10699137204518605,7.0
5264,400841,0.009816282296654983,10.0
5264,371720,0.3037409636944159,5.0
5264,186453,0.06412221735659074,8.0
7633,494727,1.0,1.0
7633,284235,0.6678469643546836,2.0
7633,164008,0.45686875002471394,6.0
7633,175831,0.47418808599720147,5.0
7633,228983,0.521753792728421,4.0
7633,413041,0.09548001592770136,10.0
7633,112714,0.29869988640684053,8.0
7633,127452,0.34045191953518283,7.0
7633,31465,0.2692431486933898,9.0
7633,394244,0.5284434183681855,3.0
9291,17208,0.9963079152580593,1.0
9291,480315,0.803801942399704,3.0
9291,536120,0.8352568199398198,2.0
9291,377429,0.7268186844481467,4.0
9291,539263,0.44631710660856166,6.0
9291,423658,0.43232808077011536,7.0
9291,172703,0.5578738905423627,5.0
9291,345199,0.27269354327664685,8.0
9291,61022,0.1700205268836677,9.0
9291,328086,0.0,10.0
4640,331534,1.0,1.0
4640,367785,0.7131977067647284,2.0
4640,104788,0.5774101760566552,3.0
4640,183612,0.2747385889607214,5.0
4640,526110,0.08889316516486971,9.0
4640,298099,0.4978618482059911,4.0
4640,454810,0.08098678589835291,10.0
4640,153541,0.2147947654893595,7.0
4640,49797,0.10934086120724965,8.0
4640,468923,0.2343160486350796,6.0
939,366761,0.7229255366668597,2.0
939,466084,0.24142123221651235,7.0
939,31793,0.4460881292133769,3.0
939,392434,0.7573781652547079,1.0
939,55666,0.2557641589145145,6.0
939,19183,0.3025935402352261,5.0
939,565181,0.12043666007648665,9.0
939,467575,0.011329057715900393,10.0
939,115333,0.17678899798323425,8.0
939,250702,0.325011644162209,4.0
1306,387022,0.7542386975835205,2.0
1306,266952,0.340274048467327,4.0
1306,594206,0.7921700138163487,1.0
1306,472243,0.6507378185311997,3.0
1306,447353,0.25527511644591233,8.0
1306,410119,0.2846002293817672,5.0
1306,460457,0.2765478608215093,7.0
1306,18003,0.18969217436741134,9.0
1306,372204,0.007139580408211971,10.0
1306,583203,0.27959995546517596,6.0
8475,104793,0.8814598376610714,2.0
8475,494655,0.9154368930840742,1.0
8475,240562,0.8678795401086564,3.0
8475,21311,0.41804538726533036,6.0
8475,437427,0.5678800557507384,5.0
8475,361028,0.057352537709846975,10.0
8475,51615,0.11004005697223357,9.0
8475,444107,0.6519689906402667,4.0
8475,72402,0.1851173998886691,8.0
8475,174335,0.31009903337028594,7.0
6807,332567,1.0,1.0
6807,402466,0.466864699411247,2.0
6807,187583,0.2616793121466466,5.0
6807,459351,0.3725032333585606,3.0
6807,535697,0.28608894922335837,4.0
6807,59714,0.028831983751552066,10.0
6807,211622,0.17817917836682884,8.0
6807,11184,0.22149338622451584,6.0
6807,565765,0.1654011218383374,9.0
6807,93971,0.17862999081677455,7.0
5228,259476,0.6705087394922027,5.0
5228,158732,0.8279171135404877,1.0
5228,131774,0.6775895189987617,4.0
5228,331534,0.7012065544596059,3.0
5228,341947,0.5580745256637805,6.0
5228,366594,0.41114589184434447,8.0
5228,140038,0.42724430356255944,7.0
5228,156194,0.12936081243898356,9.0
5228,352120,0.7123861530687421,2.0
5228,414534,0.0,10.0
2856,108739,0.5658708414512305,2.0
2856,296769,0.5201104903736349,4.0
2856,346042,0.44076852671611216,7.0
2856,219033,0.3897076988545031,8.0
2856,361028,0.4799364949416971,5.0
2856,23340,0.35878672304197917,9.0
2856,386173,0.06720509143467089,10.0
2856,231727,0.5598398338558997,3.0
2856,110848,0.7194212099244293,1.0
2856,213331,0.470127932401943,6.0
3791,212222,1.0,1.0
3791,301570,0.05326199686988614,10.0
3791,521641,0.3044716927903752,5.0
3791,10790,0.19371026458438376,8.0
3791,197494,0.14328408802480516,9.0
3791,482415,0.3669726663596397,4.0
3791,572272,0.21580119363560987,7.0
3791,34925,0.3044557354738641,6.0
3791,440270,0.4138502588423842,3.0
3791,577201,0.486808344809565,2.0
4514,1642,0.7138966338950024,3.0
4514,156211,0.8623635221162727,2.0
4514,426270,0.887672987149636,1.0
4514,317429,0.6280287811676628,5.0
4514,352485,0.6514833877952689,4.0
4514,197222,0.35513695540367396,7.0
4514,117451,0.21834597125975888,9.0
4514,565782,0.41364951216079504,6.0
4514,514417,0.24922634229363694,8.0
4514,134722,0.0,10.0
6122,496166,1.0,1.0
6122,118280,0.3760311080717907,3.0
6122,117274,0.3650985809573996,4.0
6122,305509,0.42828524215829805,2.0
6122,42533,0.2572029833264564,8.0
6122,219504,0.3398893952092698,6.0
6122,283072,0.00894038144645233,10.0
6122,428829,0.3000386484741044,7.0
6122,39819,0.19482701521367154,9.0
6122,102081,0.3407958369180421,5.0
8832,108059,0.30000000000000004,4.0
8832,94689,0.9973718352220659,1.0
8832,597351,0.3576829100463971,2.0
8832,268289,0.3097818474711015,3.0
8832,170594,0.24249466843331235,5.0
8832,133093,0.1878131325650679,7.0
8832,259317,0.2358489843496882,6.0
8832,234103,0.16442098221649132,8.0
8832,195767,0.03646189526411149,10.0
8832,387141,0.04093822283829582,9.0
7145,301580,0.9135694888629935,2.0
7145,379311,0.9244583869819428,1.0
7145,62966,0.3502778653622842,6.0
7145,297290,0.5902143401740456,4.0
7145,451855,0.06240407319073287,10.0
7145,471964,0.2643129932314373,8.0
7145,453542,0.22245108179468184,9.0
7145,387277,0.2777522063772694,7.0
7145,81458,0.6837932705595993,3.0
7145,172703,0.352699871225912,5.0
7674,164008,0.5160949624607063,5.0
7674,249279,0.9629099603497406,1.0
7674,367641,0.13355029554699036,8.0
7674,89460,0.6892921571886937,3.0
7674,65120,0.7029567127139699,2.0
7674,494295,0.5745166844733971,4.0
7674,223206,0.22269058266488578,6.0
7674,452870,0.19305519466062424,7.0
7674,172443,0.0442865708849146,9.0
7674,2064,0.011503956180714434,10.0
8202,115553,0.6535665740385952,3.0
8202,92267,0.9914180883674129,1.0
8202,251704,0.3135859246015607,8.0
8202,514500,0.4216210472784442,7.0
8202,60175,0.5875069799199528,4.0
8202,99857,0.7441239582812322,2.0
8202,186453,0.5100778660395728,5.0
8202,31465,0.16467000257935693,9.0
8202,59714,0.44393391016561917,6.0
8202,265213,0.0,10.0
3682,233497,0.33329422333302516,6.0
3682,329662,0.9953294092959573,1.0
3682,426223,0.43431299286969804,5.0
3682,537418,0.7441191400260556,3.0
3682,388613,0.20539824379838015,9.0
3682,336018,0.8390424841957833,2.0
3682,27401,0.22088995820136054,8.0
3682,281707,0.1318950471929919,10.0
3682,55022,0.2434758731252039,7.0
3682,330041,0.5220858708435517,4.0
3446,323498,1.0,1.0
3446,211839,0.8201389868546778,2.0
3446,31550,0.6122649703247107,3.0
3446,505027,0.40595507898595606,5.0
3446,367785,0.39105763477604677,6.0
3446,204176,0.30320608998121856,8.0
3446,366685,0.5205865446652624,4.0
3446,157702,0.2588932991904274,9.0
3446,241099,0.05499380344447608,10.0
3446,511386,0.3604009180214341,7.0
7592,40966,0.8427261290525531,1.0
7592,273947,0.717965537678373,3.0
7592,593283,0.5878102588401081,5.0
7592,170141,0.11951251416465913,9.0
7592,208219,0.7169129332845883,4.0
7592,563025,0.7791659358359287,2.0
7592,73427,0.4902817928634701,6.0
7592,213370,0.36751142668948744,8.0
7592,15824,0.47236873343376007,7.0
7592,198349,0.028129476791065988,10.0
6715,13732,0.9729698995685561,1.0
6715,568526,0.8846709601823313,2.0
6715,275902,0.4362596514276352,4.0
6715,193312,0.4776197015349527,3.0
6715,518563,0.08151978814378226,10.0
6715,51729,0.39383101209788063,6.0
6715,457294,0.4025990072777979,5.0
6715,149306,0.3565516637343053,8.0
6715,526110,0.3388681350139441,9.0
6715,113619,0.3580369422602462,7.0
2264,534454,1.0,1.0
2264,556976,0.4775009122603598,4.0
2264,244104,0.6800756335971906,2.0
2264,350819,0.10448265544653834,10.0
2264,588247,0.22064117854971244,8.0
2264,488574,0.6643390155400889,3.0
2264,31793,0.3110800478382132,7.0
2264,352838,0.16624602741684902,9.0
2264,450808,0.35892838549455025,5.0
2264,498834,0.31197212389777346,6.0
6121,315275,0.5661385150478824,2.0
6121,289231,0.9623477726767531,1.0
6121,523158,0.13128889802309893,8.0
6121,184175,0.3504500125853647,4.0
6121,333184,0.11772453412538887,9.0
6121,524801,0.3537435631876262,3.0
6121,235545,0.2493598703818461,6.0
6121,570964,0.10301338550415381,10.0
6121,171339,0.18112876079147314,7.0
6121,344573,0.3488680360121389,5.0
3453,418626,1.0,1.0
3453,156211,0.5664010939457328,3.0
3453,1642,0.4989021182101193,4.0
3453,296516,0.06241435458280531,10.0
3453,233635,0.6769645316849973,2.0
3453,317429,0.27559787805069325,8.0
3453,352485,0.3033129009352748,6.0
3453,565782,0.29508541050890424,7.0
3453,337764,0.18432287345073162,9.0
3453,209804,0.3182775419070335,5.0
6985,561884,0.48863010125372097,2.0
6985,149305,0.3947305281386648,3.0
6985,456436,0.8573024168489422,1.0
6985,78029,0.20641918528827405,8.0
6985,403755,0.2795600154937138,6.0
6985,538023,0.15439704705509405,9.0
6985,464533,0.04820832756005902,10.0
6985,196427,0.2734533731850341,7.0
6985,54584,0.294644553178296,5.0
6985,587120,0.3409222007823391,4.0
2181,77245,0.9563904015013399,2.0
2181,234436,0.9773476161903218,1.0
2181,470289,0.8078874187062655,3.0
2181,136315,0.30975634016706866,8.0
2181,101604,0.28403073234300347,9.0
2181,288189,0.44049355775022264,5.0
2181,391988,0.3207306536669064,7.0
2181,56718,0.4712734431145335,4.0
2181,555732,0.3900792885218833,6.0
2181,499782,0.0,10.0
8532,40702,0.624771632747303,2.0
8532,416307,0.9956536459048833,1.0
8532,427726,0.49692566684879286,5.0
8532,543714,0.2360328794624658,10.0
8532,42438,0.5984687790463178,3.0
8532,344372,0.32165057810621417,8.0
8532,125355,0.43936686767194305,6.0
8532,483299,0.4096464163075032,7.0
8532,100103,0.2526722632068639,9.0
8532,6574,0.5182795641608177,4.0
4312,222639,0.8085090555160702,3.0
4312,282435,0.9662745006897023,1.0
4312,167950,0.8432585243479622,2.0
4312,324779,0.21370027235112776,8.0
4312,507284,0.6458329085958208,4.0
4312,116647,0.6100410544945175,5.0
4312,218759,0.26913097295460636,7.0
4312,535998,0.004951534917078787,10.0
4312,228341,0.3298589651144965,6.0
4312,535651,0.11513903791142698,9.0
9108,415976,0.30000000000000004,8.0
9108,123702,0.5811532906275623,2.0
9108,133468,0.19391198415536226,9.0
9108,258291,0.5244374902296092,3.0
9108,461592,0.3623759998663873,6.0
9108,579763,0.7557241117903943,1.0
9108,472051,0.47779272197887457,4.0
9108,298128,0.16659488619579535,10.0
9108,305579,0.34760286031721677,7.0
9108,22221,0.3944647168723031,5.0
8116,433032,1.0,1.0
8116,319793,0.38558378978390695,5.0
8116,236482,0.7415331054647587,2.0
8116,182297,0.24225292011554156,8.0
8116,533457,0.6076990649338505,3.0
8116,403186,0.059555640038845156,10.0
8116,433197,0.5350985892626634,4.0
8116,38711,0.2781031143751423,7.0
8116,374867,0.29980838661435244,6.0
8116,314478,0.12533209102937382,9.0
9403,243148,0.30000000000000004,7.0
9403,228403,0.7386317944447722,1.0
9403,175982,0.3320924898306664,6.0
9403,562793,0.5001671221555024,4.0
9403,81924,0.2201547940308569,8.0
9403,472516,0.15505468122567892,9.0
9403,513258,0.08503473668093538,10.0
9403,150650,0.7038223207222564,2.0
9403,269898,0.6518348247974327,3.0
9403,29790,0.44490232479356545,5.0
776,124027,1.0,1.0
776,597247,0.4504535375253305,4.0
776,597880,0.519972360237413,2.0
776,592680,0.4435253473239531,5.0
776,10440,0.500411695504057,3.0
776,276411,0.013498556065791072,10.0
776,496899,0.3892022594872843,6.0
776,418864,0.3568029467611761,7.0
776,454810,0.30320659623655505,9.0
776,136270,0.34685990091736285,8.0
6199,473322,0.994798753005742,1.0
6199,157553,0.9227871156061929,2.0
6199,332314,0.48601281592113865,5.0
6199,521641,0.772651899400371,3.0
6199,433801,0.3334351149459218,8.0
6199,93231,0.08841884125217014,10.0
6199,525827,0.36932412153547756,7.0
6199,409120,0.25513517087846005,9.0
6199,279845,0.43890922899461876,6.0
6199,366448,0.6239749821046737,4.0
1393,234436,0.979973340506504,1.0
1393,220022,0.8654121135045483,2.0
1393,532932,0.8329324444744873,3.0
1393,394871,0.5268094840947498,6.0
1393,77245,0.6629871468656313,5.0
1393,352640,0.7319214322810884,4.0
1393,499782,0.08320582423160897,10.0
1393,326665,0.19405494479712587,9.0
1393,196920,0.4758316201282848,7.0
1393,555732,0.37283881462043045,8.0
9668,111768,0.9259938376802731,1.0
9668,75437,0.38210647196083564,6.0
9668,55022,0.19568790729672036,7.0
9668,6574,0.4469568467109597,4.0
9668,62151,0.44551110857504694,5.0
9668,594655,0.06493343167255729,10.0
9668,13260,0.6870151047491319,3.0
9668,79998,0.18159731237950574,9.0
9668,42438,0.7300435485043495,2.0
9668,416307,0.1904623451636061,8.0
9088,557219,0.9230588519807759,1.0
9088,224654,0.42861305317371706,6.0
9088,536120,0.30141964141731326,7.0
9088,226303,0.8395665342094123,2.0
9088,539263,0.12733621107930704,9.0
9088,511093,0.22420661110115228,8.0
9088,433809,0.1003798234474614,10.0
9088,472516,0.5132127382328026,4.0
9088,461051,0.6357179148766039,3.0
9088,344041,0.4615207091798468,5.0
3091,159936,0.8787339274421311,2.0
3091,187739,0.9129342635139592,1.0
3091,95778,0.6762361269081225,4.0
3091,416796,0.29002775192316377,6.0
3091,437538,0.2537396733638834,8.0
3091,254454,0.19514365439268497,9.0
3091,274870,0.6386225005868487,5.0
3091,426223,0.002592887855522302,10.0
3091,366448,0.6886151151596657,3.0
3091,216384,0.2693692722681715,7.0
1157,405777,1.0,1.0
1157,266952,0.23115593549488797,6.0
1157,251411,0.308592028447034,3.0
1157,243503,0.5887837928339309,2.0
1157,452544,0.29895800523679866,4.0
1157,564618,0.16384787786895566,7.0
1157,295980,0.007101922335752459,10.0
1157,388455,0.275662573690538,5.0
1157,350819,0.04716161924170932,9.0
1157,97348,0.14175649406551918,8.0
4335,318583,1.0,1.0
4335,322246,0.7603739675018322,2.0
4335,416225,0.41659606900853674,3.0
4335,109860,0.2076367562190523,7.0
4335,382381,0.05169012871551645,10.0
4335,110515,0.3196161115243761,5.0
4335,126134,0.33494094984274037,4.0
4335,190169,0.11943147364261278,9.0
4335,158185,0.23095707051513104,6.0
4335,274359,0.14512591613691783,8.0
8947,545759,0.30000000000000004,8.0
8947,61022,0.5866538851385303,3.0
8947,532657,0.6124522453956264,2.0
8947,461592,0.8386637230179237,1.0
8947,461084,0.5189736016517523,4.0
8947,127134,0.4301300679398446,5.0
8947,384564,0.3616452015154039,7.0
8947,388646,0.15697394475264628,10.0
8947,452870,0.40801394569870725,6.0
8947,214901,0.22840725367098372,9.0
6410,418150,1.0,1.0
6410,112208,0.7139873258226899,2.0
6410,273861,0.4207967414948404,7.0
6410,172703,0.5636406181768374,3.0
6410,59994,0.4826593790363831,4.0
6410,528034,0.2806229481210491,9.0
6410,107092,0.04891828198888506,10.0
6410,100485,0.43109111036989267,5.0
6410,133093,0.40600709012177627,8.0
6410,87722,0.4229265456778338,6.0
5196,565745,1.0,1.0
5196,219033,0.7241304674335352,2.0
5196,213370,0.6143244578958013,3.0
5196,171339,0.5283438078038286,5.0
5196,356928,0.2866001271833485,6.0
5196,581889,0.10061825436586425,9.0
5196,273528,0.14429542081506191,7.0
5196,114829,0.11248930381195922,8.0
5196,555101,0.002209034886917784,10.0
5196,474050,0.5555810815342849,4.0
8789,87349,1.0,1.0
8789,41912,0.6520568994910149,2.0
8789,102436,0.21246473785883951,5.0
8789,58290,0.18544445346969224,6.0
8789,14870,0.32950216551915956,3.0
8789,328341,0.15894815066766566,8.0
8789,152014,0.18095696469636766,7.0
8789,296528,0.004209418376523947,10.0
8789,213526,0.2749104455081825,4.0
8789,316838,0.13834631818554421,9.0
5808,251824,1.0,1.0
5808,51615,0.23918463506283918,7.0
5808,535697,0.6094057977386962,2.0
5808,43781,0.3788979216340973,5.0
5808,226053,0.1952818545415535,8.0
5808,226070,0.4213571121095872,4.0
5808,271243,0.5004297188137333,3.0
5808,88477,0.015511403739178729,10.0
5808,350145,0.08802482665199955,9.0
5808,72652,0.33569118048376495,6.0
9701,225682,1.0,1.0
9701,19711,0.4054190764432815,3.0
9701,494926,0.3444708385867627,5.0
9701,384230,0.05030335401872825,10.0
9701,457416,0.3000136116767839,7.0
9701,279865,0.532147952895184,2.0
9701,473540,0.39883750730987166,4.0
9701,76054,0.19626278660075944,9.0
9701,533515,0.32600150751996254,6.0
9701,321969,0.262350526785371,8.0
3179,56718,0.7474398245113967,3.0
3179,385073,0.9714388142295058,1.0
3179,150219,0.7862276844965929,2.0
3179,243503,0.3299441467747371,6.0
3179,442142,0.3663229094368162,5.0
3179,352838,0.5532851206277122,4.0
3179,124630,0.017352637796245674,10.0
3179,431685,0.3073575337138036,7.0
3179,597247,0.07319997164323641,9.0
3179,174335,0.22865404603611966,8.0
6896,196427,0.7338874886855398,1.0
6896,330041,0.5539022444068212,3.0
6896,244749,0.25720558280241923,8.0
6896,223070,0.39850151797544536,6.0
6896,403755,0.13324000458431404,10.0
6896,38711,0.2011289330197707,9.0
6896,149305,0.25860245969418094,7.0
6896,106501,0.4801201938876113,4.0
6896,587120,0.7187890575242296,2.0
6896,102443,0.4239794196761267,5.0
2513,25762,0.6416623795419061,2.0
2513,518624,0.5117481938081123,3.0
2513,588247,0.3422931323715038,7.0
2513,82344,0.7933130382745641,1.0
2513,97348,0.3850778677004224,5.0
2513,102443,0.2435055604446492,8.0
2513,405777,0.34573864463580045,6.0
2513,352838,0.4029400684946338,4.0
2513,147646,0.11552482226484509,9.0
2513,120090,0.0,10.0
8937,294295,0.5643540459294973,4.0
8937,13260,0.4618939162280959,7.0
8937,336541,0.5460074485364405,5.0
8937,320101,0.5955067529181897,3.0
8937,416307,0.6417567087606066,2.0
8937,100103,0.5085621605849423,6.0
8937,363043,0.7151642189161501,1.0
8937,429378,0.011508711761728475,10.0
8937,88892,0.2577934416768583,9.0
8937,214003,0.3415807676654072,8.0
9643,112208,1.0,1.0
9643,100485,0.4863816439319434,2.0
9643,480315,0.41103214493577,3.0
9643,428082,0.06646105821834689,10.0
9643,467575,0.1907129764555618,9.0
9643,87722,0.30396661319294,6.0
9643,581038,0.3479478565190101,4.0
9643,214542,0.22646337841738093,8.0
9643,539263,0.3305376907601809,5.0
9643,156816,0.2349532715402302,7.0
5653,588247,1.0,1.0
5653,483456,0.15499010524118656,5.0
5653,14543,0.12341114172854287,6.0
5653,87722,0.09224063950203348,8.0
5653,290930,0.2210021715232942,2.0
5653,461592,0.12208410558376812,7.0
5653,446984,0.026026827719181404,10.0
5653,583635,0.1722637750281845,4.0
5653,31377,0.19481166064231326,3.0
5653,66631,0.033092687193655775,9.0
2551,143100,1.0,1.0
2551,479276,0.40374863368851677,2.0
2551,202990,0.28649003389974786,3.0
2551,9938,0.09332894918338475,7.0
2551,394460,0.19667640591035548,4.0
2551,242124,0.12156258420045421,6.0
2551,523158,0.17856720129885365,5.0
2551,384642,0.06349068911239227,8.0
2551,572272,0.022316655637980423,9.0
2551,362805,0.0,10.0
1948,467509,1.0,1.0
1948,108739,0.5000401329064421,3.0
1948,356928,0.49512221849157323,4.0
1948,223206,0.11105159577299807,9.0
1948,219033,0.5280712557707522,2.0
1948,443795,0.36219094278374286,6.0
1948,362215,0.4928476251007269,5.0
1948,377571,0.1860140821654229,8.0
1948,399700,0.06929210702024294,10.0
1948,213331,0.3294889316378042,7.0
4920,228341,1.0,1.0
4920,82294,0.946840281625847,2.0
4920,277217,0.3231459068500019,4.0
4920,306815,0.8500183648798485,3.0
4920,22221,0.054453746886909536,8.0
4920,371720,0.08670524187281295,6.0
4920,415340,0.019329511559505276,10.0
4920,323363,0.06068606522546684,7.0
4920,283202,0.04227787956963246,9.0
4920,115517,0.20023311211765665,5.0
2589,450577,1.0,1.0
2589,43961,0.857320385797186,2.0
2589,468144,0.7071044894282532,3.0
2589,437969,0.17233255660882693,6.0
2589,581889,0.2367657173418535,4.0
2589,509650,0.12124476242481477,9.0
2589,75252,0.151987088737768,7.0
2589,307610,0.14282066220393855,8.0
2589,557877,0.23459063484749768,5.0
2589,527698,0.0,10.0
7513,112208,0.92749003350451,1.0
7513,172703,0.7936026729045478,3.0
7513,328086,0.7834419788593143,4.0
7513,115372,0.8473119008957641,2.0
7513,273861,0.6319565600603397,6.0
7513,87722,0.11956138493960261,10.0
7513,377429,0.26580386218313434,7.0
7513,387277,0.24073327885497559,8.0
7513,62966,0.6424160001528066,5.0
7513,418150,0.20514166430194092,9.0
5410,13975,1.0,1.0
5410,371720,0.28776107487028746,7.0
5410,494323,0.7076753253108228,2.0
5410,249844,0.17505405816642086,9.0
5410,488258,0.458189649408913,4.0
5410,75235,0.30766806411946535,6.0
5410,488732,0.42497813620006514,5.0
5410,457532,0.2406243866166437,8.0
5410,108739,0.5052401764312687,3.0
5410,193312,0.1622008649796234,10.0
2334,228403,1.0,1.0
2334,107092,0.27319881531068085,7.0
2334,150650,0.668041321625003,2.0
2334,93936,0.40965356472771597,4.0
2334,2304,0.5661176975776991,3.0
2334,208219,0.3598130808244643,6.0
2334,274870,0.10970639534502119,9.0
2334,156194,0.0060125770516208845,10.0
2334,204917,0.38539719740573564,5.0
2334,385506,0.21185643652437772,8.0
1783,445298,1.0,1.0
1783,306800,0.5447059893184127,4.0
1783,309555,0.38578898624957725,7.0
1783,167660,0.5594435800943065,3.0
1783,272425,0.6441150431730464,2.0
1783,43497,0.08988687961979146,9.0
1783,57320,0.4731630773588441,5.0
1783,384631,0.15605234140771773,8.0
1783,179066,0.4153278385618624,6.0
1783,102237,0.03692357348332747,10.0
4641,494753,0.6293413662782941,4.0
4641,213673,0.6436720867649997,3.0
4641,237580,0.6244210058545763,5.0
4641,44594,0.8389928986389926,1.0
4641,211867,0.09170870880510387,10.0
4641,406219,0.7119791064956306,2.0
4641,409120,0.36703058414226064,6.0
4641,461592,0.29327457211673524,8.0
4641,450228,0.26142105454790615,9.0
4641,192811,0.3361293079794187,7.0
1469,444589,1.0,1.0
1469,243503,0.4073291273840538,5.0
1469,426570,0.5679434789629545,2.0
1469,469776,0.06344108147350132,9.0
1469,18003,0.416249071438066,4.0
1469,421371,0.48055083204036225,3.0
1469,335336,0.159571248393952,8.0
1469,484649,0.3171129092022281,7.0
1469,56320,0.35911384173892535,6.0
1469,451737,0.004258190772583643,10.0
10267,569632,1.0,1.0
10267,487348,0.2735939958167526,6.0
10267,22036,0.354713669016853,3.0
10267,522713,0.14335523649049134,8.0
10267,457108,0.6558209903349348,2.0
10267,379667,0.08768259477787818,10.0
10267,330379,0.1389771595783205,9.0
10267,108859,0.27454140926566845,5.0
10267,186578,0.19049954195714291,7.0
10267,17652,0.29324208435174565,4.0
3771,59994,0.9915438795980667,1.0
3771,95966,0.30852254328301143,4.0
3771,13346,0.7737448580577443,2.0
3771,40062,0.31046762134986394,3.0
3771,95762,0.027447243643028345,10.0
3771,97764,0.2768815287533874,5.0
3771,478890,0.0870672144239794,8.0
3771,515072,0.25518460257424136,6.0
3771,303025,0.1261596195152531,7.0
3771,346450,0.0824592338448471,9.0
10497,147765,1.0,1.0
10497,159880,0.9361503891766456,2.0
10497,445230,0.666137643456702,4.0
10497,535705,0.21191140468193198,8.0
10497,575729,0.5355565773061272,6.0
10497,71898,0.7244545246649899,3.0
10497,569461,0.07179415462432588,9.0
10497,31483,0.5700549832161421,5.0
10497,456436,0.05547606115419039,10.0
10497,160301,0.2879783639077766,7.0
2472,337165,0.3408757841588329,5.0
2472,584273,0.5284755770055467,3.0
2472,138151,0.1678614043851006,9.0
2472,534099,0.3956146630644597,4.0
2472,416796,0.26333233129801553,8.0
2472,366597,0.6245286811420009,2.0
2472,216384,0.1382029600822745,10.0
2472,187739,0.3033047801392769,6.0
2472,169921,0.2833818322179753,7.0
2472,518563,0.7,1.0
503,171761,0.9613402011927697,1.0
503,257656,0.14911993525805797,8.0
503,405374,0.8031859159810318,2.0
503,433032,0.3717729720568556,4.0
503,343489,0.03010931880684727,9.0
503,531990,0.22547593131764362,7.0
503,156816,0.5721592179207227,3.0
503,100485,0.007313187448397442,10.0
503,69965,0.23061617970452744,6.0
503,350680,0.28474683497226405,5.0
6832,552346,0.8654897183725195,1.0
6832,573874,0.7563076883185625,3.0
6832,244749,0.189816881324601,8.0
6832,377853,0.7622563134706981,2.0
6832,116694,0.02589949456083065,10.0
6832,108040,0.22933069398818043,7.0
6832,349554,0.616164357778697,4.0
6832,459351,0.24617619379464908,6.0
6832,42533,0.029063255827837513,9.0
6832,239214,0.26065505117542215,5.0
864,24890,0.824872024480477,3.0
864,30142,0.9471412086530958,1.0
864,450808,0.23245636721909352,9.0
864,472924,0.8513548030198825,2.0
864,566337,0.7846965593121346,4.0
864,291726,0.41565645875230095,6.0
864,479625,0.42207694198738,5.0
864,175339,0.2716135335882064,8.0
864,231947,0.13922892009845378,10.0
864,244104,0.3835839324864803,7.0
2580,11988,0.8285542674054448,2.0
2580,344118,0.8924416894527807,1.0
2580,371720,0.3232307619195677,5.0
2580,87722,0.06908013004606797,10.0
2580,360481,0.14378821263252559,9.0
2580,75764,0.16750539201722106,8.0
2580,585447,0.4309838942434247,3.0
2580,114439,0.2566464343991329,6.0
2580,272738,0.2086400969097109,7.0
2580,503934,0.34676916830340154,4.0
6625,416307,0.602901451334031,2.0
6625,88892,0.9162252274458191,1.0
6625,336541,0.3974610882673105,6.0
6625,27401,0.4606134883908448,4.0
6625,320101,0.512553140353527,3.0
6625,557356,0.30031595931445754,7.0
6625,138703,0.2532289971252763,8.0
6625,13260,0.419780347250677,5.0
6625,595133,0.008223994632342312,10.0
6625,75437,0.20829289725555478,9.0
2685,308837,0.35146429721390166,2.0
2685,539133,0.18419683052659236,5.0
2685,302792,0.12118345741543121,7.0
2685,243499,0.09671366219921114,8.0
2685,575497,0.23085426523911912,3.0
2685,158845,0.05587968047093152,9.0
2685,284075,0.18861672895057666,4.0
2685,382005,0.7365582678490329,1.0
2685,136825,0.03860897591002502,10.0
2685,395357,0.12582241165347852,6.0
68,123634,0.7220689241794995,3.0
68,296098,0.6138384826680481,6.0
68,528564,0.8155467609454878,1.0
68,197839,0.15956103451725945,10.0
68,532932,0.6490118681520777,4.0
68,352640,0.42960827783452005,7.0
68,327002,0.722887904403169,2.0
68,55666,0.381690089039566,8.0
68,232199,0.6145612356153007,5.0
68,259766,0.17225623969447154,9.0
813,548705,0.9478455948217482,1.0
813,284411,0.7437280027236766,3.0
813,196427,0.8761333404096031,2.0
813,2809,0.35901697807854266,5.0
813,127974,0.25327059748739805,7.0
813,171596,0.37537029333643773,4.0
813,318583,0.08201217198974625,9.0
813,459677,0.3525423691491713,6.0
813,418630,0.2316012490958219,8.0
813,123468,0.0,10.0
7345,69790,0.45024764753184543,5.0
7345,254288,0.3669139919475122,7.0
7345,67063,0.5487008456322044,4.0
7345,98130,0.6112165245725407,3.0
7345,416727,0.4052318095682522,6.0
7345,417840,0.19931680210703526,9.0
7345,108,0.7466955255168366,1.0
7345,90447,0.6118971835785798,2.0
7345,348405,0.20760347118954656,8.0
7345,504996,0.0,10.0
8970,96121,1.0,1.0
8970,108040,0.779693680076245,2.0
8970,187583,0.7717586850292871,3.0
8970,496899,0.5658063197943639,5.0
8970,537857,0.6246049803094935,4.0
8970,314478,0.06840265044495598,8.0
8970,167356,0.1520046505700863,7.0
8970,11988,0.27140179317576363,6.0
8970,128574,0.032326270474647964,9.0
8970,514500,0.024829763284609462,10.0
7105,72652,1.0,1.0
7105,307380,0.5953270638427521,2.0
7105,220060,0.18586563336717665,7.0
7105,455891,0.21035446475867736,6.0
7105,490294,0.1382658994364145,8.0
7105,314919,0.3343684261029002,4.0
7105,324037,0.08025740983147782,9.0
7105,228341,0.3467664628430671,3.0
7105,479384,0.21782713732186434,5.0
7105,366488,0.0,10.0
1310,535651,0.8558197300825325,1.0
1310,471870,0.1510088408729152,8.0
1310,565698,0.3981978768666431,3.0
1310,344648,0.0802504871375841,10.0
1310,55022,0.37927281981736005,4.0
1310,346622,0.23275913191767458,7.0
1310,24567,0.7084782315394391,2.0
1310,489401,0.2738888074452872,5.0
1310,297831,0.11291283685976476,9.0
1310,44492,0.2595672749139477,6.0
9060,12432,0.5158744289254458,2.0
9060,511093,0.9524928342976569,1.0
9060,108,0.23295817340763683,7.0
9060,13260,0.4083278728233611,3.0
9060,511515,0.095314430034752,10.0
9060,304304,0.13287439225710213,9.0
9060,37517,0.31896547798885927,5.0
9060,75437,0.3928945880699385,4.0
9060,43087,0.2508512661605086,6.0
9060,111768,0.15342714502333982,8.0
2549,418150,0.7489335760095963,2.0
2549,327978,0.6746204616821577,3.0
2549,14368,0.7762279818158271,1.0
2549,307380,0.6073999997244086,4.0
2549,301224,0.38286682859498417,6.0
2549,59714,0.37455017254278133,7.0
2549,44601,0.5256560666682459,5.0
2549,265874,0.32594663398696344,8.0
2549,17923,0.2815184405884414,9.0
2549,350145,0.0,10.0
559,401254,0.5413106955178555,3.0
559,213370,0.1683162567542711,7.0
559,151639,0.5702897408592437,2.0
559,198349,0.3131056317821203,5.0
559,485195,0.06622815133275838,9.0
559,494689,0.28828731298706134,6.0
559,21194,0.08490952100367749,8.0
559,281977,0.4682153991223198,4.0
559,61706,0.06620123209188136,10.0
559,75252,0.7,1.0
7218,266900,0.8538552010807704,2.0
7218,32290,0.9263039192302001,1.0
7218,117576,0.24258119865568112,7.0
7218,537418,0.24276037515152138,6.0
7218,482517,0.0548008862144758,9.0
7218,125659,0.36180434051773863,4.0
7218,40447,0.07570729644998946,8.0
7218,6701,0.04193831584696408,10.0
7218,158520,0.25334496973633014,5.0
7218,314478,0.5051669535390737,3.0
2400,158523,0.30000000000000004,7.0
2400,456470,0.7779149033160848,1.0
2400,29306,0.5413506145207235,4.0
2400,22469,0.31069410086139665,6.0
2400,3118,0.6085413593046896,3.0
2400,226967,0.32384854687239484,5.0
2400,571258,0.25021183636878414,8.0
2400,1198,0.7226611762971257,2.0
2400,307424,0.1514552643088772,10.0
2400,535697,0.1722236787952655,9.0
2348,447619,1.0,1.0
2348,112591,0.4864305435067491,4.0
2348,306430,0.8212205730093619,2.0
2348,244433,0.421885961663508,6.0
2348,268261,0.700537347020762,3.0
2348,265874,0.43162469468982145,5.0
2348,403025,0.1903247926000659,8.0
2348,117576,0.20502499973911234,7.0
2348,14870,0.18759576280578621,9.0
2348,12432,0.0,10.0
3615,335991,1.0,1.0
3615,518379,0.9253561066076949,2.0
3615,72402,0.587831022094127,4.0
3615,72160,0.6059901526308533,3.0
3615,156358,0.3786502077904002,7.0
3615,482544,0.3945581802011413,6.0
3615,174335,0.37042298685452124,8.0
3615,341493,0.4487575435567014,5.0
3615,17166,0.22710617677667388,9.0
3615,489401,0.0,10.0
8102,314478,0.7078246394637264,2.0
8102,149305,0.3134189382400926,5.0
8102,416307,0.28483131855772204,8.0
8102,99857,0.49551849671634784,3.0
8102,552707,0.7850536268682878,1.0
8102,223309,0.08405757647283428,10.0
8102,481166,0.30444884179922577,6.0
8102,320101,0.16337629593877548,9.0
8102,344372,0.34540046694609516,4.0
8102,408123,0.29375968674155917,7.0
5155,462892,1.0,1.0
5155,367785,0.4366467793969142,3.0
5155,69495,0.6104367401729391,2.0
5155,280805,0.3616087595807803,5.0
5155,175265,0.03624181016545243,9.0
5155,305671,0.1485355020857453,6.0
5155,191495,0.12718947916805098,8.0
5155,537725,0.13815101965571852,7.0
5155,157702,0.3826413444620703,4.0
5155,409573,0.026237264756780496,10.0
2460,530037,0.9650965811994812,1.0
2460,584337,0.934915547669247,2.0
2460,279346,0.6184688936337653,4.0
2460,549180,0.7886124446765325,3.0
2460,196427,0.1083640283176065,8.0
2460,502281,0.26434950840829613,6.0
2460,512803,0.575610857104912,5.0
2460,505028,0.08876206087121678,9.0
2460,295980,0.011755812902491005,10.0
2460,38711,0.25102710123029853,7.0
2399,343489,1.0,1.0
2399,583124,0.33822003341853935,2.0
2399,468743,0.21443851343165102,5.0
2399,29790,0.164528196435192,6.0
2399,19606,0.26800879868477095,4.0
2399,521712,0.32751556428461615,3.0
2399,510314,0.0640655366887535,8.0
2399,476834,0.05086452179594068,9.0
2399,457419,0.10000867055801616,7.0
2399,442489,0.0,10.0
4071,170594,0.6325049954301794,5.0
4071,328556,0.8171394591314001,2.0
4071,337764,0.3893967445761213,8.0
4071,296516,0.7498310418935529,3.0
4071,135113,0.8275147595118388,1.0
4071,565782,0.5671225667418068,7.0
4071,352485,0.7320851583132277,4.0
4071,368150,0.06996847681220823,10.0
4071,317429,0.575460710405792,6.0
4071,543589,0.24648375265994352,9.0
18,431685,0.6755720288280009,2.0
18,88124,0.8070362590558297,1.0
18,161162,0.07513529248670264,9.0
18,528564,0.1359608602667565,7.0
18,227098,0.2543672798184523,4.0
18,172594,0.21626637537532303,6.0
18,152218,0.10596975621787191,8.0
18,349554,0.04792071290428254,10.0
18,366761,0.6029223363902966,3.0
18,143622,0.239021035412814,5.0
2306,581889,1.0,1.0
2306,509650,0.4435719012415147,4.0
2306,494689,0.4743243156551278,3.0
2306,75252,0.6149931900568287,2.0
2306,368806,0.33336317948413297,6.0
2306,246459,0.3090385540726639,7.0
2306,485195,0.3394214100342763,5.0
2306,401254,0.22423985256502404,9.0
2306,399013,0.00013763135979509135,10.0
2306,160125,0.27597081412258295,8.0
3051,232063,0.878634653126935,2.0
3051,591940,0.884008977657751,1.0
3051,306144,0.5048194027601856,3.0
3051,318266,0.275889687767819,8.0
3051,583956,0.4176572103847295,4.0
3051,73434,0.031207975075196764,10.0
3051,66246,0.38385861207894895,5.0
3051,110515,0.18736601195805522,9.0
3051,393953,0.30599551641862655,6.0
3051,387165,0.2864769025310037,7.0
2395,594182,1.0,1.0
2395,149306,0.713675620750351,2.0
2395,568526,0.5092844015052158,4.0
2395,308837,0.2767138267655159,6.0
2395,13732,0.5104208432503203,3.0
2395,307999,0.12380113116095837,9.0
2395,387010,0.33919043139238286,5.0
2395,414192,0.00026870332474972697,10.0
2395,13153,0.21387021774741377,7.0
2395,204176,0.19945125957212353,8.0
5134,17208,0.6801018838150376,3.0
5134,579557,0.7303111322290939,2.0
5134,536120,0.5541746419289008,6.0
5134,100485,0.6724767316905679,4.0
5134,172703,0.5726802400007895,5.0
5134,206727,0.8040887476195937,1.0
5134,122012,0.2935049418192561,8.0
5134,453542,0.3395865918604315,7.0
5134,328086,0.017282451868377,10.0
5134,539263,0.032608530864316296,9.0
5343,204075,1.0,1.0
5343,296528,0.2603971454199913,7.0
5343,366597,0.4799565682182918,4.0
5343,581889,0.45707864562016715,5.0
5343,184175,0.6954363767465361,2.0
5343,367641,0.6045414834655168,3.0
5343,157553,0.21654126544136304,9.0
5343,405702,0.22012655912434698,8.0
5343,548433,0.2951937916271804,6.0
5343,17443,0.184666576123526,10.0
5254,471723,0.4467472503641281,2.0
5254,59714,0.3408685531144087,4.0
5254,402466,0.8443282183432068,1.0
5254,383978,0.31909979726961024,5.0
5254,78675,0.2854828758671815,7.0
5254,14368,0.3605511121822207,3.0
5254,467390,0.030179387976044362,9.0
5254,327978,0.2973523908783099,6.0
5254,44601,0.28408723667604363,8.0
5254,297290,0.022413853189090557,10.0
3049,582864,1.0,1.0
3049,352640,0.5262900979410858,3.0
3049,77245,0.6298015191402635,2.0
3049,536849,0.34336111238855854,6.0
3049,220022,0.23961609400982242,7.0
3049,127974,0.44558080555285406,4.0
3049,132780,0.21806656600201055,8.0
3049,445052,0.18518904381151952,9.0
3049,263361,0.00482116058177378,10.0
3049,555732,0.3453482082716923,5.0
7509,61191,0.30000000000000004,6.0
7509,423034,0.3413888740299522,5.0
7509,472051,0.43927836515610486,4.0
7509,298128,0.2726759492671202,7.0
7509,461592,0.26949022223947505,8.0
7509,22221,0.4923597241072595,3.0
7509,480944,0.1080974259723734,10.0
7509,301580,0.1210575118126729,9.0
7509,323363,0.7116659969765571,1.0
7509,392826,0.5878085106417348,2.0
5067,328341,0.9244498535857708,2.0
5067,366830,0.9179985250307805,3.0
5067,547301,0.9303084154941283,1.0
5067,539133,0.7338768895471623,4.0
5067,231227,0.3249207159265991,8.0
5067,88124,0.35206493305933806,7.0
5067,172594,0.6460212663758066,5.0
5067,460357,0.1311486188781561,9.0
5067,18001,0.5603278429516325,6.0
5067,574327,0.0,10.0
8456,257853,1.0,1.0
8456,115141,0.6007012458240291,4.0
8456,125659,0.3128966286198399,7.0
8456,486696,0.7085280948065302,3.0
8456,81924,0.5325022291148018,6.0
8456,159703,0.7787958606627933,2.0
8456,193398,0.5716929026954176,5.0
8456,431507,0.12364559993882826,8.0
8456,290156,0.012155686485477886,9.0
8456,367137,0.0,10.0
10734,62882,0.9787749174411493,1.0
10734,426278,0.8251596237757619,2.0
10734,461261,0.24250315903756076,5.0
10734,207354,0.19112718954924926,6.0
10734,467044,0.08291797854074472,8.0
10734,589970,0.7588975959446654,3.0
10734,549759,0.10378969015464283,7.0
10734,55064,0.018557370773500878,10.0
10734,58937,0.5250885046852555,4.0
10734,551934,0.07865966137087352,9.0
5178,507544,0.8901534983077783,1.0
5178,257016,0.8830479657787613,2.0
5178,572272,0.5654516533101326,4.0
5178,9656,0.3694673317121265,7.0
5178,76414,0.6558037328137847,3.0
5178,60355,0.16805983066734684,9.0
5178,437538,0.5509807659907815,5.0
5178,268553,0.41893945419740797,6.0
5178,579235,0.0017131692263661167,10.0
5178,216384,0.2899703560019507,8.0
9174,303025,0.6923190651841362,3.0
9174,404339,0.7878028494507815,1.0
9174,149306,0.5544879482679662,5.0
9174,313437,0.325099015019585,8.0
9174,272008,0.7337381255648451,2.0
9174,374750,0.655754305527865,4.0
9174,21194,0.19251218009102983,9.0
9174,265098,0.5018136097154918,6.0
9174,479625,0.012020099282798836,10.0
9174,434812,0.445369525401131,7.0
988,501384,1.0,1.0
988,280967,0.5837418378333803,2.0
988,301224,0.5769205593284752,3.0
988,187196,0.08907066771232565,10.0
988,45029,0.4205958363116365,6.0
988,287991,0.41807971233651864,7.0
988,236899,0.1511714328207458,8.0
988,201495,0.5368529386941749,5.0
988,345199,0.5708884659548206,4.0
988,455398,0.09894860688258583,9.0
2154,476632,1.0,1.0
2154,132371,0.44320369738668663,4.0
2154,153541,0.4575563217335368,3.0
2154,366761,0.337366967087476,6.0
2154,62966,0.03548774443934701,10.0
2154,24890,0.5556058764308076,2.0
2154,147080,0.2731550133039185,8.0
2154,450808,0.4098656531875642,5.0
2154,150219,0.24830123949428595,9.0
2154,148757,0.3125429278364873,7.0
9646,272784,0.8695894081240216,1.0
9646,236482,0.7138816329411453,3.0
9646,29306,0.6698974776159141,4.0
9646,556191,0.8687618400209389,2.0
9646,395437,0.1478628224494943,7.0
9646,96121,0.09482043758057818,9.0
9646,26203,0.36404191069071146,5.0
9646,257853,0.14992610770140585,6.0
9646,323768,0.0068378872972980394,10.0
9646,535697,0.13460381631461305,8.0
3033,571430,1.0,1.0
3033,518624,0.6652708355379742,2.0
3033,318583,0.29063705030137865,6.0
3033,123468,0.355989286195143,4.0
3033,295980,0.14393358922572785,9.0
3033,481102,0.3193055548667058,5.0
3033,398622,0.19574907199493108,7.0
3033,570453,0.1826642188783777,8.0
3033,387010,0.43890462465406455,3.0
3033,62966,0.0,10.0
15,583956,0.48457360721155013,3.0
15,119213,0.2597066244780184,5.0
15,170294,0.6860937535819484,2.0
15,325273,0.8521371285635441,1.0
15,570155,0.22526694462637542,7.0
15,509723,0.1971357083243,8.0
15,18509,0.3336593889310424,4.0
15,298159,0.036900063546198715,10.0
15,338313,0.11565020963437997,9.0
15,387165,0.23037788450988436,6.0
6612,274870,0.6801420545881143,2.0
6612,254454,0.9587103737129479,1.0
6612,216384,0.602971039264743,3.0
6612,187739,0.4730757579836212,4.0
6612,366448,0.33539157112136964,7.0
6612,95778,0.21670703902857247,9.0
6612,205522,0.31006075574403913,8.0
6612,416796,0.41983241281620737,5.0
6612,159936,0.3564076341876135,6.0
6612,108302,0.0,10.0
5940,304743,0.8911866468440174,1.0
5940,326665,0.5694433911207584,4.0
5940,226303,0.14849160602685985,10.0
5940,438243,0.8133415756863863,2.0
5940,428082,0.298825996398171,7.0
5940,433490,0.5263574596434892,6.0
5940,167684,0.5478273625082333,5.0
5940,16670,0.2511442414410985,8.0
5940,150650,0.24660968391574123,9.0
5940,546313,0.6881453907877785,3.0
9385,403755,1.0,1.0
9385,442127,0.5564210762424757,2.0
9385,1198,0.24652377862622976,5.0
9385,379667,0.33045987424396267,4.0
9385,341579,0.41478152663954587,3.0
9385,70853,0.21274603570033374,6.0
9385,57138,0.1852232708504495,7.0
9385,407654,0.03602251811209424,10.0
9385,208070,0.11882180934187717,8.0
9385,62151,0.06728417247483848,9.0
9332,159577,0.7682297041443732,2.0
9332,293687,0.6122939249002304,5.0
9332,271243,0.8374020827776454,1.0
9332,212770,0.16911794815230285,8.0
9332,178521,0.6797850960607859,3.0
9332,286074,0.16889497310298468,9.0
9332,271766,0.6341342530604497,4.0
9332,123418,0.23449514169364039,6.0
9332,236389,0.008580175111728778,10.0
9332,444107,0.17527658433449694,7.0
8275,435963,0.8788484946816503,1.0
8275,26203,0.48826281089556073,5.0
8275,514500,0.16324773869534664,9.0
8275,294867,0.8135483752694167,2.0
8275,571306,0.5617300530227627,4.0
8275,114439,0.37294390244950265,6.0
8275,576564,0.19933884283649067,8.0
8275,99757,0.29026443309889394,7.0
8275,44601,0.043807480634754314,10.0
8275,554568,0.6319370071661772,3.0
4785,435021,0.339571604327202,3.0
4785,37517,0.9835282034157702,1.0
4785,326991,0.2963591103089954,4.0
4785,85522,0.04079406378950947,9.0
4785,34789,0.10785599574529413,8.0
4785,564841,0.19894036356178957,6.0
4785,162456,0.3621600724962062,2.0
4785,69696,0.030704374431425346,10.0
4785,140170,0.14191044992343183,7.0
4785,385574,0.25084887220045343,5.0
4465,569461,0.8178302503158315,2.0
4465,561377,0.3905981274963253,8.0
4465,299242,0.9270673584407059,1.0
4465,349710,0.40555781154690373,7.0
4465,344041,0.6101786155292256,3.0
4465,109860,0.44744370964557423,6.0
4465,226303,0.5559233425706231,5.0
4465,170294,0.06523072498420919,10.0
4465,213591,0.3701757573013458,9.0
4465,461051,0.5772589869223894,4.0
7279,476834,1.0,1.0
7279,214542,0.5779449897032256,2.0
7279,412502,0.4458355037931803,6.0
7279,50744,0.5446836777749006,3.0
7279,27081,0.527178947284206,4.0
7279,322456,0.518658355100686,5.0
7279,442489,0.12930424939415508,8.0
7279,19606,0.2074334805354452,7.0
7279,343489,0.0003026586308652576,10.0
7279,29790,0.011978119780975434,9.0
7431,281707,0.8814721043888801,2.0
7431,372921,0.9389584837675007,1.0
7431,292991,0.5615122434082667,4.0
7431,501384,0.4821352341102574,5.0
7431,423403,0.7610175453177723,3.0
7431,44594,0.07918782489783699,9.0
7431,305287,0.39767383056884165,6.0
7431,114768,0.264431683293976,8.0
7431,178303,0.04659532731173452,10.0
7431,257248,0.26893156843768085,7.0
2118,76515,0.5334026048997547,3.0
2118,338313,0.41580764861278285,5.0
2118,384322,0.5769108319984267,2.0
2118,467509,0.2801788686942459,7.0
2118,411061,0.8088079886548808,1.0
2118,191977,0.43935691149275974,4.0
2118,328556,0.2944904685672437,6.0
2118,528661,0.13213583151000563,8.0
2118,361028,0.012856152905067014,10.0
2118,373271,0.0819525287206858,9.0
5380,549254,1.0,1.0
5380,216196,0.34377672481059784,3.0
5380,46099,0.08763188829203271,9.0
5380,360481,0.33999541442388975,4.0
5380,175771,0.037242862835665115,10.0
5380,242524,0.42902035752830897,2.0
5380,507284,0.31681734352182617,5.0
5380,416307,0.1254340543022063,8.0
5380,345895,0.13253744032262302,7.0
5380,336772,0.1470227733543117,6.0
3404,62966,0.3531809567164698,5.0
3404,322246,0.30125383343633283,7.0
3404,583635,0.19696482969854176,9.0
3404,272425,0.42662420533771284,3.0
3404,153541,0.3140946040724668,6.0
3404,251411,0.27106780871612307,8.0
3404,488574,0.7576472005531081,1.0
3404,241136,0.11343600096007962,10.0
3404,442110,0.5208081502442163,2.0
3404,298128,0.38010318301705126,4.0
6420,565568,1.0,1.0
6420,480315,0.2708269354749786,10.0
6420,294295,0.5042026742083996,4.0
6420,394244,0.637498435463883,2.0
6420,69696,0.30801217834745886,8.0
6420,122432,0.2816226837250839,9.0
6420,269898,0.47411758985150776,5.0
6420,279897,0.404665581242095,7.0
6420,442048,0.5049125864314474,3.0
6420,112714,0.4234126000070917,6.0
9961,21311,1.0,1.0
9961,72402,0.6524672136658579,2.0
9961,335991,0.482253936798368,4.0
9961,518379,0.5217546013616258,3.0
9961,174335,0.27480132471743224,7.0
9961,341493,0.3852701795561305,6.0
9961,17166,0.12382130868789812,8.0
9961,528522,0.4514026243071945,5.0
9961,565684,0.003637443380716934,10.0
9961,156358,0.0630466041566585,9.0
8079,125940,0.3828113052036564,7.0
8079,95278,0.9887883782515676,1.0
8079,187583,0.4478629170582377,6.0
8079,57138,0.636341133244084,3.0
8079,11184,0.5804527033206733,4.0
8079,108040,0.6465169328942244,2.0
8079,39478,0.4728171595010927,5.0
8079,224231,0.09947844856352894,9.0
8079,93971,0.14799945351999527,8.0
8079,1198,0.0,10.0
