query_id,doc_id,score_hybrid,rank
3394,112208,0.8271462783321287,1.0
3394,172703,0.5081796702916915,3.0
3394,87722,0.4179133478968535,4.0
3394,445971,0.764243839799007,2.0
3394,345199,0.3028483872877937,5.0
3394,377429,0.2228038099134344,7.0
3394,387277,0.261058472392909,6.0
3394,133093,0.20464025010606124,8.0
3394,418150,0.04097996705207564,9.0
3394,539263,0.03359150346356692,10.0
5505,100387,1.0,1.0
5505,141738,0.3090521905526305,3.0
5505,278824,0.271869307948102,4.0
5505,70488,0.3435345298029009,2.0
5505,349160,0.07954941545445006,7.0
5505,478457,0.051450460051726335,8.0
5505,200338,0.1586028051479478,5.0
5505,408327,0.1227262168342364,6.0
5505,442142,0.04159087746022989,9.0
5505,593085,0.0,10.0
6792,558617,1.0,1.0
6792,400841,0.4451812509633211,3.0
6792,29306,0.4585400262314157,2.0
6792,136825,0.4389803431257238,4.0
6792,259081,0.39169519398454017,7.0
6792,40447,0.24070709557799308,8.0
6792,480515,0.39285874359749345,6.0
6792,156467,0.39699286147967716,5.0
6792,545434,0.04802482356312454,10.0
6792,585447,0.15579266701824684,9.0
6909,452175,0.6877520219589346,1.0
6909,13260,0.5505619105064974,3.0
6909,435963,0.498646512400774,5.0
6909,375019,0.5551659485985511,2.0
6909,266900,0.34518006602304496,6.0
6909,464502,0.09599311182878556,9.0
6909,214003,0.037637791203385125,10.0
6909,79357,0.5308331685490978,4.0
6909,535697,0.3239421294705947,7.0
6909,330041,0.2360492210060109,8.0
4946,121690,1.0,1.0
4946,156816,0.4891701426386977,2.0
4946,79357,0.39328413400913415,4.0
4946,9938,0.3405335746297835,5.0
4946,350680,0.2134322162385894,7.0
4946,28119,0.18525005004803433,8.0
4946,343489,0.26414720344315507,6.0
4946,100485,0.4250403158523471,3.0
4946,88105,0.01634560573363039,10.0
4946,496935,0.05320224734557844,9.0
4125,283079,0.5458611446372459,3.0
4125,232199,0.5371548999085699,4.0
4125,363591,0.6028431925744353,2.0
4125,452987,0.40981641587572337,6.0
4125,571362,0.696000099944664,1.0
4125,292769,0.27565396877849013,7.0
4125,340044,0.4452809924382664,5.0
4125,103593,0.02094169649317613,10.0
4125,276400,0.14159648579753445,8.0
4125,7632,0.1196463510076306,9.0
6009,62151,0.6944876475466752,3.0
6009,175831,0.68454968018654,4.0
6009,303325,0.752619005759458,2.0
6009,228983,0.7824669943322136,1.0
6009,158717,0.5958366763792138,5.0
6009,472585,0.054997444011201005,10.0
6009,178684,0.1688365343255343,8.0
6009,442048,0.3903923305188382,6.0
6009,125298,0.1476749031431474,9.0
6009,99857,0.2508875943265278,7.0
9598,528034,0.6297750198850989,1.0
9598,379311,0.5478780528110313,3.0
9598,322826,0.18151783146735043,7.0
9598,136270,0.1653407365332097,8.0
9598,574327,0.6089087393366825,2.0
9598,112208,0.2593833543517832,5.0
9598,17923,0.1951905864586197,6.0
9598,172703,0.16049299112507903,9.0
9598,297290,0.5204451668908513,4.0
9598,383978,0.00855555405904203,10.0
10645,22221,1.0,1.0
10645,340131,0.7410502697428649,3.0
10645,441176,0.7529412881222013,2.0
10645,183349,0.3176295633347849,8.0
10645,102684,0.4506727179625192,6.0
10645,248799,0.5696928858234311,4.0
10645,317354,0.3552380070822392,7.0
10645,293679,0.4575131432307039,5.0
10645,415340,0.22294966404784022,9.0
10645,487791,0.0,10.0
7441,125659,0.7072381511585639,4.0
7441,192900,0.7478219819210231,3.0
7441,537418,0.85730926950196,2.0
7441,231781,0.8833871732780454,1.0
7441,117576,0.6995085626164941,5.0
7441,404339,0.1559651029689088,9.0
7441,329662,0.3259685867211677,6.0
7441,504996,0.25701245339647427,8.0
7441,336018,0.26400894745047676,7.0
7441,180733,0.04793540642661566,10.0
5080,305901,0.6741504364993222,2.0
5080,553304,0.6717174853832438,3.0
5080,392434,0.48000983674478537,6.0
5080,514512,0.438175276637555,7.0
5080,67063,0.7367452281815767,1.0
5080,488334,0.5484546201367646,4.0
5080,356928,0.5307533041760747,5.0
5080,271026,0.09170461264703135,10.0
5080,88912,0.15324106780588886,9.0
5080,167950,0.20761443870980198,8.0
9329,326991,1.0,1.0
9329,385574,0.2736065202354704,6.0
9329,340210,0.3973026140986359,4.0
9329,394924,0.39209404347496746,5.0
9329,265098,0.4325972511728993,3.0
9329,586018,0.4390412365372921,2.0
9329,179103,0.07987478952550975,9.0
9329,192900,0.23677547656789577,7.0
9329,209493,0.18071109716100528,8.0
9329,209065,0.0,10.0
6479,404339,1.0,1.0
6479,272008,0.7641494476139974,2.0
6479,536120,0.3206874763250705,4.0
6479,9938,0.09365598048560476,9.0
6479,453839,0.1720346556733567,7.0
6479,104793,0.03346252691914357,10.0
6479,257656,0.3301228184914325,3.0
6479,491969,0.27348764468707,5.0
6479,114439,0.09724505718843385,8.0
6479,340210,0.19911946757845697,6.0
8513,175821,1.0,1.0
8513,69790,0.7616354978531013,2.0
8513,167950,0.3869715202889901,3.0
8513,183612,0.1307035372226905,10.0
8513,449039,0.24014781253895578,7.0
8513,267113,0.33807227036994614,4.0
8513,167896,0.20588199731095624,9.0
8513,417840,0.3140784480066692,6.0
8513,232712,0.32710748020097274,5.0
8513,87667,0.21723856656546903,8.0
10109,93231,1.0,1.0
10109,28314,0.8622236425609526,2.0
10109,535317,0.4000631701671399,3.0
10109,395357,0.3249174820467487,4.0
10109,124630,0.162602582013009,6.0
10109,244749,0.11675947653887783,8.0
10109,305467,0.1485747957784147,7.0
10109,116420,0.11365852612518032,9.0
10109,474384,0.2122007821241347,5.0
10109,105818,0.0,10.0
4844,275257,1.0,1.0
4844,367137,0.643256833115715,3.0
4844,192193,0.6895060338056636,2.0
4844,111033,0.48934036570915007,4.0
4844,235522,0.35014044694319574,5.0
4844,549741,0.14300412008288493,8.0
4844,140088,0.2617205066945148,6.0
4844,386423,0.09449652297294994,9.0
4844,144177,0.1634910175286539,7.0
4844,409432,0.0,10.0
8544,214003,1.0,1.0
8544,37517,0.4443354677218612,2.0
8544,336541,0.3591481412357005,4.0
8544,75437,0.2657582943844621,6.0
8544,13260,0.3177723102701695,5.0
8544,100103,0.3910015043184376,3.0
8544,416307,0.09685151412925752,8.0
8544,12432,0.057359912046704334,9.0
8544,561884,0.21522365336786786,7.0
8544,111768,0.04322016823688943,10.0
4823,561929,1.0,1.0
4823,362919,0.6164855682486823,2.0
4823,340131,0.2932783348415802,7.0
4823,104726,0.5371815210117458,3.0
4823,11572,0.44122457663449777,5.0
4823,7094,0.44822127069614054,4.0
4823,2860,0.16715022672248703,9.0
4823,459423,0.3499874673921494,6.0
4823,252716,0.26377648791841946,8.0
4823,271118,0.0,10.0
1085,366597,1.0,1.0
1085,405702,0.8095038609750274,2.0
1085,485195,0.3609188122790053,4.0
1085,374334,0.3112151318520572,6.0
1085,108302,0.24491889578328335,7.0
1085,581889,0.19127658340662632,8.0
1085,94586,0.02588562426983513,10.0
1085,184175,0.35164065687909496,5.0
1085,401125,0.40979319454325547,3.0
1085,315275,0.1464522323205008,9.0
2388,104988,1.0,1.0
2388,300287,0.4486280035420558,2.0
2388,13657,0.25890989628165384,5.0
2388,123733,0.12039922621089973,9.0
2388,459423,0.32142625684114096,3.0
2388,565698,0.23736574537907676,6.0
2388,423403,0.1853060929219182,7.0
2388,157702,0.2715834572051782,4.0
2388,141320,0.1714502895804329,8.0
2388,429978,0.10345064798118603,10.0
6891,474351,1.0,1.0
6891,492506,0.30386403057060873,2.0
6891,504497,0.041951013645190424,9.0
6891,558924,0.19115417869547502,5.0
6891,264095,0.14716350148248555,6.0
6891,381757,0.2177881576442375,4.0
6891,323363,0.22124710032186543,3.0
6891,579543,0.049487733518386076,8.0
6891,143425,0.14519933048047337,7.0
6891,73434,0.0,10.0
2568,346042,1.0,1.0
2568,164702,0.4957695136242284,4.0
2568,170141,0.5976506189840033,2.0
2568,13975,0.29155010369458223,6.0
2568,544654,0.16995143807201543,9.0
2568,130209,0.3924582451166795,5.0
2568,428150,0.17044436089096382,8.0
2568,269898,0.571148895839526,3.0
2568,368802,0.17550201025140633,7.0
2568,213370,0.08421485121280683,10.0
7702,558924,0.8839456374565076,1.0
7702,133093,0.789080169983305,3.0
7702,387277,0.8182595351545405,2.0
7702,592636,0.2661205815825147,4.0
7702,214542,0.24132976544766854,6.0
7702,192193,0.2609913690850245,5.0
7702,108721,0.07318111088494354,9.0
7702,140088,0.2262932930645793,7.0
7702,367137,0.08983135759934756,8.0
7702,259317,0.0,10.0
2376,91545,0.935354936263689,1.0
2376,402249,0.9199202236209179,2.0
2376,244961,0.7472344321401003,4.0
2376,114417,0.7072431845662355,5.0
2376,549833,0.7928387626772093,3.0
2376,324411,0.6272099394080833,7.0
2376,407455,0.5990968224362978,8.0
2376,64263,0.6543639062912598,6.0
2376,582521,0.3827385077410861,9.0
2376,44110,0.0,10.0
4339,386531,1.0,1.0
4339,488615,0.7186806324629174,2.0
4339,16392,0.3181498969135674,4.0
4339,242076,0.20859190853648032,6.0
4339,240645,0.1852468318171455,7.0
4339,473540,0.32903772663789,3.0
4339,260328,0.3009200621479625,5.0
4339,455398,0.04230887947117597,10.0
4339,242294,0.13907995495492703,8.0
4339,103256,0.04895610263014411,9.0
5427,387854,0.7100242459850042,1.0
5427,580709,0.47837585454267206,5.0
5427,55666,0.4924676590037055,4.0
5427,200338,0.18130610503868264,8.0
5427,597467,0.40167830274194194,6.0
5427,142876,0.505350433709279,2.0
5427,522358,0.18120226994557848,9.0
5427,273084,0.1780531392140048,10.0
5427,200603,0.5037377957352457,3.0
5427,549759,0.18538208806219608,7.0
7734,226070,1.0,1.0
7734,96013,0.6187554710509864,2.0
7734,87667,0.3898869888829578,4.0
7734,94591,0.3592158221706782,5.0
7734,10703,0.39640414484569986,3.0
7734,150544,0.09555976502485461,9.0
7734,421371,0.28415561795055916,8.0
7734,232712,0.28709859545468575,7.0
7734,247486,0.011703545964564365,10.0
7734,433905,0.29348761213383284,6.0
2486,487791,1.0,1.0
2486,58937,0.49632884845148595,2.0
2486,388575,0.2644038079047145,7.0
2486,101604,0.2687376493824908,6.0
2486,216327,0.15362602964643113,9.0
2486,250702,0.3306260615478662,4.0
2486,357914,0.20130965392987743,8.0
2486,234436,0.43038680461651435,3.0
2486,518563,0.005067760026165787,10.0
2486,130021,0.2744239751797711,5.0
7071,238629,0.7947316217839682,1.0
7071,99857,0.3350168971030567,6.0
7071,178684,0.6342960231765504,2.0
7071,14543,0.3767093944107428,4.0
7071,588384,0.17927356757192298,9.0
7071,246221,0.3443868832085287,5.0
7071,403899,0.04188771325742986,10.0
7071,434812,0.5209173679428918,3.0
7071,319793,0.29128269882049096,7.0
7071,378173,0.24838225713340778,8.0
8537,511093,0.957066699770082,1.0
8537,416307,0.8586493721910944,2.0
8537,572842,0.38415598700803893,7.0
8537,281707,0.2927498485099132,8.0
8537,374020,0.558718716683086,5.0
8537,96467,0.5927442798075655,4.0
8537,557356,0.5402650351771396,6.0
8537,472516,0.6356876890965527,3.0
8537,472014,0.16703024463729482,9.0
8537,501384,0.06587374453395489,10.0
7178,70096,0.6610376742185503,2.0
7178,401329,0.7247909750478806,1.0
7178,420851,0.3320083441531414,3.0
7178,518563,0.1562222299504979,7.0
7178,58851,0.04065789074274147,10.0
7178,474384,0.19338831285461072,4.0
7178,88892,0.10713064364601935,9.0
7178,193312,0.17050182735063632,6.0
7178,484055,0.18985472006443632,5.0
7178,554568,0.12110437952162555,8.0
4777,2860,0.9349357423639819,1.0
4777,409535,0.9004229535129737,2.0
4777,228983,0.28662946152684077,4.0
4777,429378,0.19372140629528067,6.0
4777,407455,0.2010670655730485,5.0
4777,167896,0.5570291971422245,3.0
4777,525231,0.14055619198392016,7.0
4777,570155,0.10156621368939542,8.0
4777,413041,0.02942595452996112,9.0
4777,164008,0.027132106817419458,10.0
2398,168922,0.5,6.0
2398,96538,0.8933422819179009,1.0
2398,443246,0.7660436468896381,2.0
2398,490443,0.5322355200654608,4.0
2398,527698,0.6873571431188144,3.0
2398,548465,0.5098353115013544,5.0
2398,107092,0.34596639273525903,8.0
2398,505959,0.35046421239496317,7.0
2398,403515,0.13379888513860944,10.0
2398,342212,0.31484661072341974,9.0
849,557186,1.0,1.0
849,528564,0.7567348756074848,3.0
849,232199,0.8144982612594729,2.0
849,183612,0.7462687099322991,4.0
849,234436,0.3447197359291034,8.0
849,366830,0.4616721052428085,5.0
849,24890,0.30317166347078184,9.0
849,327263,0.3962844236894019,6.0
849,454810,0.013239688340784584,10.0
849,273947,0.3597682333838193,7.0
7534,175821,1.0,1.0
7534,301224,0.4636137068628757,3.0
7534,498378,0.4734075874067597,2.0
7534,46099,0.12833231987178362,8.0
7534,147765,0.13906393727292773,6.0
7534,89714,0.3903555878185571,4.0
7534,51046,0.16953596325380946,5.0
7534,211839,0.008300787623927724,10.0
7534,255491,0.06945003375912595,9.0
7534,169062,0.1294275883265602,7.0
5021,226070,0.665313479041742,2.0
5021,423034,0.8216347552153633,1.0
5021,588607,0.2507368271473549,5.0
5021,79357,0.5466767861241356,3.0
5021,494939,0.4827733977455689,4.0
5021,3118,0.07791344631072104,10.0
5021,339640,0.2420165189106383,6.0
5021,289813,0.11780169452108763,9.0
5021,481308,0.179891782435469,7.0
5021,136825,0.13602491324615257,8.0
6131,326094,0.9619246994498041,1.0
6131,334111,0.7701255593419984,2.0
6131,44223,0.4194367919521229,5.0
6131,258465,0.5903175020595182,3.0
6131,123733,0.15427056691738789,8.0
6131,368806,0.5865973871305223,4.0
6131,315275,0.13664731637249844,9.0
6131,470024,0.35881405946873973,6.0
6131,483441,0.22470285051903877,7.0
6131,169699,0.01762943789324386,10.0
10136,152316,0.9288990483765478,1.0
10136,32744,0.6617443266662959,3.0
10136,290930,0.9084430503340699,2.0
10136,277179,0.45575171570703443,4.0
10136,18509,0.19255541620638744,7.0
10136,198349,0.2550082793634824,6.0
10136,302792,0.1110400216351707,9.0
10136,507284,0.27388196827826367,5.0
10136,280204,0.15960666220851785,8.0
10136,144177,0.037025913640807435,10.0
9548,423658,0.9547547902159824,1.0
9548,523810,0.5580955207279348,4.0
9548,297290,0.8090572380426897,2.0
9548,231227,0.7297404238549248,3.0
9548,61022,0.2249443224953079,7.0
9548,72160,0.2407032321580653,5.0
9548,539263,0.2313520607095233,6.0
9548,32811,0.07402781980536716,10.0
9548,583203,0.1361813049464197,9.0
9548,482544,0.18386561156153117,8.0
4942,314898,1.0,1.0
4942,433490,0.6519013014896029,2.0
4942,295864,0.2918154514902761,5.0
4942,70853,0.4322510537258484,3.0
4942,420556,0.3058901543388339,4.0
4942,94689,0.2853202407098839,6.0
4942,486333,0.2766015752168034,7.0
4942,62966,0.20631323092487644,8.0
4942,55999,0.0323058160344051,9.0
4942,539263,0.009513809872990293,10.0
5090,572272,0.7521504661663669,2.0
5090,12988,0.893968330507421,1.0
5090,270856,0.5149846886422756,3.0
5090,468777,0.23863497176210818,9.0
5090,507544,0.41488334476233546,4.0
5090,551423,0.3051354106213819,6.0
5090,149500,0.3550539525334665,5.0
5090,247721,0.17931087026671821,10.0
5090,169688,0.2749086515718085,7.0
5090,414534,0.24397185904787844,8.0
6005,149500,1.0,1.0
6005,507544,0.6787349527075129,2.0
6005,572272,0.599091629666964,3.0
6005,551423,0.2430453611792201,6.0
6005,140947,0.049719300816303325,10.0
6005,30311,0.10406040708587222,7.0
6005,176498,0.3626522950174592,4.0
6005,414288,0.302671610187742,5.0
6005,515060,0.08750040748495028,8.0
6005,377223,0.08565690583130874,9.0
7533,162668,1.0,1.0
7533,461084,0.6817397011830743,2.0
7533,438680,0.4939424876624636,4.0
7533,284411,0.5279678988780696,3.0
7533,167356,0.3206314703189566,8.0
7533,257016,0.39642953543008597,6.0
7533,201495,0.44647792560179667,5.0
7533,213435,0.32455461193360424,7.0
7533,167950,0.029109055675848684,9.0
7533,407654,0.009850932985921046,10.0
8034,284075,0.5,3.0
8034,327978,0.5041033391818148,2.0
8034,415340,0.37333992036267616,7.0
8034,307999,0.7588067468330822,1.0
8034,292991,0.22272546161322504,8.0
8034,198764,0.3775364321268604,6.0
8034,13153,0.49001720179154684,4.0
8034,22221,0.47266758924138397,5.0
8034,213435,0.19364986918654475,10.0
8034,579557,0.2119058758674861,9.0
2330,478514,1.0,1.0
2330,260014,0.16778276340437392,4.0
2330,370334,0.3455332108384908,2.0
2330,345895,0.14859067600219328,5.0
2330,156873,0.14342554430039064,7.0
2330,572272,0.033028823021569564,9.0
2330,488334,0.14456905514607046,6.0
2330,94586,0.07948793825217229,8.0
2330,167684,0.16798408045472074,3.0
2330,9656,0.0,10.0
7803,62151,1.0,1.0
7803,572205,0.4345328318300647,3.0
7803,327127,0.3870575988646166,5.0
7803,216065,0.4803166728873872,2.0
7803,214003,0.4248966585862538,4.0
7803,100103,0.24931384789068828,8.0
7803,336541,0.2748256876191572,7.0
7803,324037,0.09828079895410374,9.0
7803,583651,0.011964194381809228,10.0
7803,12432,0.31239188774361293,6.0
1933,183612,1.0,1.0
1933,446984,0.3022240361228201,3.0
1933,141738,0.07988089228140924,9.0
1933,352640,0.20930778977526077,5.0
1933,445298,0.2536551668855522,4.0
1933,413041,0.024739473036994947,10.0
1933,466718,0.30928307895798574,2.0
1933,234436,0.14420172320683608,8.0
1933,264554,0.19526974625186028,6.0
1933,134794,0.19488630044337565,7.0
6849,44601,1.0,1.0
6849,59714,0.4895270230466382,2.0
6849,78675,0.442720445197478,3.0
6849,578427,0.426035443122903,4.0
6849,172703,0.18271750300986575,6.0
6849,79998,0.16497330391172424,7.0
6849,112208,0.08204147864966232,8.0
6849,418150,0.3311609768864473,5.0
6849,328086,0.012125584433752896,9.0
6849,61962,0.002434247134204186,10.0
7448,418150,1.0,1.0
7448,100485,0.13880308288353627,6.0
7448,273861,0.062437622956760024,10.0
7448,112208,0.2528035713430921,2.0
7448,377429,0.16054954457790277,4.0
7448,387277,0.12148937109551107,7.0
7448,307095,0.14894647502690864,5.0
7448,133093,0.07279789370211165,9.0
7448,44601,0.20229841920928318,3.0
7448,172703,0.08645346877110827,8.0
42,283079,0.9838769663357596,1.0
42,278824,0.6857924214659895,3.0
42,528564,0.7396930212729435,2.0
42,327002,0.6074032733898465,4.0
42,141738,0.2366454299632446,8.0
42,124630,0.16335018411641417,9.0
42,366830,0.45872514451104063,6.0
42,467509,0.07969737631178336,10.0
42,536849,0.5478607141094239,5.0
42,583956,0.26710616775640217,7.0
4102,125940,0.5796109061270714,4.0
4102,293320,0.5305394793461315,5.0
4102,572340,0.7080501923420872,2.0
4102,554734,0.8479649209573743,1.0
4102,275925,0.5027416932074962,7.0
4102,327978,0.5973387279190316,3.0
4102,326142,0.5179934607175685,6.0
4102,460457,0.22148250736442388,8.0
4102,356987,0.03599707653165287,10.0
4102,324779,0.2128679059790202,9.0
7269,474351,0.6467907817676231,1.0
7269,588607,0.5098047235006686,3.0
7269,72402,0.31853133271823997,5.0
7269,226070,0.15358437017230753,8.0
7269,301580,0.08484201119520234,10.0
7269,486696,0.5051794482623081,4.0
7269,386173,0.11678153942350883,9.0
7269,392894,0.5309331055302562,2.0
7269,129319,0.25983679766164147,7.0
7269,90294,0.26379389404336756,6.0
10975,363591,0.5392661976232505,3.0
10975,17166,0.8650895969572648,1.0
10975,72160,0.4289350182455004,5.0
10975,545759,0.28524317021786333,6.0
10975,384564,0.2607025138931277,7.0
10975,482544,0.5738185899166031,2.0
10975,528522,0.09310214092140069,10.0
10975,61022,0.22458223011937195,8.0
10975,452870,0.4494218798702153,4.0
10975,341493,0.18019658685707954,9.0
715,93936,0.5296743132968589,5.0
715,232262,0.670466137011064,1.0
715,377223,0.6299059258388078,2.0
715,590489,0.5607798532294255,4.0
715,560872,0.5865760409222112,3.0
715,127316,0.322929406716734,8.0
715,273925,0.46857121215001796,6.0
715,524752,0.04501316356867609,9.0
715,212028,0.010860895800211608,10.0
715,167896,0.35102630979803817,7.0
4037,557186,0.867996408276846,1.0
4037,408327,0.3925583286704778,3.0
4037,81483,0.0947897614324248,9.0
4037,264554,0.22506191482797322,5.0
4037,70488,0.11341364724538083,8.0
4037,73427,0.2540557789320029,4.0
4037,141738,0.06522748785431054,10.0
4037,327002,0.20685821321114986,6.0
4037,298099,0.5024233271886446,2.0
4037,278824,0.1256898228935758,7.0
4047,159836,0.6095552874254465,2.0
4047,538352,0.8815741760440221,1.0
4047,124230,0.5857448483963774,4.0
4047,457294,0.31918702028105433,6.0
4047,227423,0.5989280890315543,3.0
4047,488258,0.19689735942929248,7.0
4047,186453,0.40476226504247403,5.0
4047,560872,0.0709197218682023,9.0
4047,304477,0.009744589189395546,10.0
4047,472585,0.1741847184275997,8.0
8072,31465,1.0,1.0
8072,127452,0.6747149831158599,2.0
8072,164008,0.5563875561824276,4.0
8072,413041,0.33311519747097723,7.0
8072,394244,0.5398269932855639,5.0
8072,284235,0.560154255997154,3.0
8072,494727,0.32336316437138235,8.0
8072,294867,0.3911957943022974,6.0
8072,316838,0.134963097400895,10.0
8072,169062,0.13876913832592752,9.0
5906,258465,0.7071069967604073,2.0
5906,409907,0.7580712684686739,1.0
5906,318520,0.6450844793862064,3.0
5906,470024,0.24952800282392,6.0
5906,289231,0.18233673570795192,8.0
5906,273528,0.3978707652845426,4.0
5906,326094,0.10750199032195046,9.0
5906,2460,0.19668170542965374,7.0
5906,394467,0.08992683792485592,10.0
5906,15172,0.3894939937562959,5.0
8378,178684,1.0,1.0
8378,246221,0.7005903687061075,2.0
8378,238629,0.6734873531459019,4.0
8378,434812,0.6735797854391192,3.0
8378,102237,0.6246804689544044,5.0
8378,43497,0.2752347819094157,6.0
8378,403025,0.08745398471838162,9.0
8378,382381,0.19043643196538326,7.0
8378,554568,0.12452953708632847,8.0
8378,597401,0.0,10.0
885,315275,0.6797978689183777,1.0
885,273528,0.37843968349744495,4.0
885,173929,0.31051949584172533,6.0
885,394467,0.37462789847358435,5.0
885,485195,0.18060669266249896,9.0
885,326094,0.5802521404810596,2.0
885,483441,0.3019710863059473,7.0
885,258465,0.48861228016234615,3.0
885,399013,0.095422310593172,10.0
885,246459,0.2508263714997424,8.0
2423,529444,0.9402766977577675,2.0
2423,396127,0.9538852892263624,1.0
2423,89049,0.5018848963168907,4.0
2423,124027,0.47318150279480986,5.0
2423,461084,0.3202289825002462,8.0
2423,388646,0.3492898141850229,7.0
2423,553288,0.5106764098139461,3.0
2423,428150,0.4238978859637635,6.0
2423,370334,0.043197696699499695,9.0
2423,175232,0.0,10.0
4414,235522,0.9640411584252427,1.0
4414,367137,0.8603667152946771,2.0
4414,133093,0.32812740717137956,7.0
4414,144177,0.521708271868799,4.0
4414,111033,0.4402578611028174,5.0
4414,275257,0.18282441715952208,9.0
4414,29073,0.5637882304521143,3.0
4414,140088,0.20337095106993097,8.0
4414,76776,0.009278561283848767,10.0
4414,577578,0.3679870900591628,6.0
1297,313909,0.6316525719515014,2.0
1297,171761,0.9923209427034789,1.0
1297,219758,0.5364316171808038,4.0
1297,289813,0.5123526021998257,5.0
1297,90712,0.5026325112897985,6.0
1297,146021,0.5752459196948674,3.0
1297,370663,0.46153140021023054,7.0
1297,66246,0.05005247720104602,9.0
1297,545434,0.016107408280192036,10.0
1297,521712,0.12023118523739089,8.0
8512,32811,1.0,1.0
8512,61022,0.6008057455148024,2.0
8512,149696,0.4095209171461286,3.0
8512,320101,0.17118756818661854,8.0
8512,528522,0.2909366271069405,5.0
8512,231227,0.14733297785993069,9.0
8512,461592,0.3278449572119092,4.0
8512,474384,0.17798544156257642,7.0
8512,214901,0.09469812876149497,10.0
8512,452870,0.270351170606927,6.0
3822,290930,0.7765203327403863,1.0
3822,454157,0.5242741866630944,4.0
3822,586151,0.7603966732454213,2.0
3822,318583,0.23175791555162878,9.0
3822,592636,0.5288080998282675,3.0
3822,476834,0.4362837682955737,5.0
3822,597880,0.3043754829923693,8.0
3822,309269,0.4132015466753458,6.0
3822,431814,0.08014482903680044,10.0
3822,369355,0.41264406617092825,7.0
859,32530,0.9381797629839495,1.0
859,326094,0.6960988446929981,2.0
859,171720,0.5022576477117238,3.0
859,377223,0.4260641240734203,5.0
859,310215,0.22695636718340345,9.0
859,308837,0.28227904148540844,8.0
859,513258,0.0451037210113134,10.0
859,388201,0.34240142096392717,7.0
859,506374,0.37437638199443285,6.0
859,217683,0.44524627991864657,4.0
6668,457294,1.0,1.0
6668,93971,0.3545572171597163,2.0
6668,301570,0.16148967636794703,6.0
6668,228403,0.3078744888632187,3.0
6668,159703,0.14753583976444257,8.0
6668,326991,0.11568609824504085,9.0
6668,526110,0.2190934632875466,5.0
6668,88892,0.14864330895951566,7.0
6668,241337,0.26165929279487965,4.0
6668,11988,0.08011838932561272,10.0
604,38711,0.7686098266633061,2.0
604,571430,0.9061820911159573,1.0
604,224869,0.3625529421028011,5.0
604,115553,0.1496488100935927,9.0
604,197222,0.3169496660954235,6.0
604,348353,0.47573133088723757,3.0
604,561377,0.29625918211405333,7.0
604,195191,0.03676351238371843,10.0
604,342307,0.19377621425303646,8.0
604,486333,0.4205757274347248,4.0
3177,539263,0.898075447902915,2.0
3177,172703,0.9106459904993052,1.0
3177,536120,0.6978468808462164,5.0
3177,377429,0.7909153669109201,4.0
3177,480315,0.7971690603834014,3.0
3177,87722,0.5027876438009333,7.0
3177,17208,0.6019741825508313,6.0
3177,467575,0.27863028172904586,8.0
3177,328086,0.0421000692739964,10.0
3177,423658,0.07583473516936876,9.0
721,496225,1.0,1.0
721,51615,0.13885309293310433,4.0
721,298128,0.2502898571365282,3.0
721,568526,0.30228614974348456,2.0
721,251824,0.12621053113120956,6.0
721,196427,0.029412652400892622,9.0
721,597880,0.07340150427467343,8.0
721,150650,0.12137947376167281,7.0
721,447353,0.13334493640072634,5.0
721,358661,0.023653053385127795,10.0
7124,427726,0.6956558454846222,2.0
7124,242524,0.6398989532514983,3.0
7124,62151,0.5749175360706641,4.0
7124,265314,0.4828870646438233,7.0
7124,226070,0.5160798839923784,5.0
7124,558617,0.7277535154439607,1.0
7124,433905,0.5001639535747977,6.0
7124,421371,0.4379928504553993,8.0
7124,96013,0.27091995804392216,9.0
7124,162668,0.0,10.0
4500,236482,0.5767671711810819,2.0
4500,533623,0.7611658160698482,1.0
4500,474234,0.3889007800932137,6.0
4500,166487,0.4303852596670031,4.0
4500,231781,0.29299227559674673,7.0
4500,80031,0.18132371945922232,8.0
4500,163048,0.5648773840822058,3.0
4500,62897,0.06022659172097368,9.0
4500,275929,0.4010220364099584,5.0
4500,81101,0.010509951557812626,10.0
603,64103,0.7260391681704872,2.0
603,399013,0.7641955906240107,1.0
603,535651,0.2982284530447901,5.0
603,120090,0.4671275233068948,3.0
603,279897,0.26098541719947554,6.0
603,55022,0.2584759889277515,7.0
603,35736,0.3377750993027617,4.0
603,544486,0.05473560059010192,8.0
603,77503,0.027059541182838334,10.0
603,139047,0.040749703620683815,9.0
6647,462265,1.0,1.0
6647,13260,0.4670380110734102,2.0
6647,96013,0.3668374536074818,4.0
6647,464533,0.22317047544941654,5.0
6647,562171,0.14670796648533094,8.0
6647,326233,0.2189974380563967,7.0
6647,209188,0.36935560716732174,3.0
6647,231068,0.2210892246477796,6.0
6647,391988,0.02807681004132052,10.0
6647,531990,0.045839574716246,9.0
5369,258465,0.9069909061870232,1.0
5369,172128,0.678498065058735,3.0
5369,184175,0.7131263669909637,2.0
5369,399013,0.5647679516101691,4.0
5369,173929,0.11989877686842992,9.0
5369,171339,0.47350474462453085,6.0
5369,414288,0.47664932916456637,5.0
5369,500946,0.3763750929293148,7.0
5369,70724,0.2222251284249481,8.0
5369,118280,0.032621200025925036,10.0
932,48722,0.9728175142402175,1.0
932,387010,0.9378069628242964,2.0
932,442110,0.5100290312615505,3.0
932,292769,0.19068859440292313,6.0
932,593085,0.11162778645816938,9.0
932,23747,0.18856505515422428,7.0
932,418630,0.4456139832431684,4.0
932,281045,0.16435479419610802,8.0
932,196427,0.024650309644169564,10.0
932,571430,0.2904961437632003,5.0
9633,259081,0.8456618648851876,2.0
9633,534418,0.9147141399707163,1.0
9633,481166,0.33818617760928155,3.0
9633,185909,0.325883212665258,4.0
9633,552479,0.2272213906028821,7.0
9633,590578,0.11734475096806948,8.0
9633,484055,0.260435887517488,6.0
9633,474351,0.2622552151050278,5.0
9633,363741,0.02057363914984702,10.0
9633,262441,0.05014480997932948,9.0
1676,394871,0.6894213221911241,2.0
1676,234436,0.8932918688821274,1.0
1676,77245,0.5221400462665878,4.0
1676,487791,0.6674568954749018,3.0
1676,58937,0.3184425034154607,6.0
1676,352640,0.339528943023872,5.0
1676,279538,0.12976183477320552,7.0
1676,196920,0.056186293239199006,8.0
1676,555732,1.1088726375492854e-05,10.0
1676,136804,0.004797113347750614,9.0
4804,222153,0.7955436995792304,1.0
4804,325892,0.3266904461648614,6.0
4804,255795,0.4474844743627246,3.0
4804,285255,0.4095014172986374,4.0
4804,45218,0.11036427427920248,9.0
4804,162456,0.5510798046331813,2.0
4804,143100,0.13680706078639673,7.0
4804,51583,0.07755961710199587,10.0
4804,116574,0.3773780182090895,5.0
4804,393132,0.11504275615493939,8.0
2747,445298,1.0,1.0
2747,431685,0.3375485488053088,6.0
2747,535705,0.4822770644699913,3.0
2747,583635,0.2059000722095902,8.0
2747,387010,0.37496833787880884,4.0
2747,571430,0.12353801374962131,9.0
2747,418630,0.5242456988600398,2.0
2747,279538,0.29352124654096595,7.0
2747,582864,0.35046853209283024,5.0
2747,123468,0.02602971645111379,10.0
8632,43497,1.0,1.0
8632,382381,0.7126577313008613,2.0
8632,344372,0.4352133293649955,3.0
8632,575741,0.20082246368793594,6.0
8632,458385,0.08564821406401017,9.0
8632,416307,0.1292915268927249,7.0
8632,102436,0.32372786531758585,4.0
8632,223070,0.2033830812901694,5.0
8632,363043,0.07479870658032375,10.0
8632,186453,0.10471615017924217,8.0
4981,102684,0.9432941039321008,1.0
4981,45218,0.8246971885070858,2.0
4981,578585,0.26430814233930067,5.0
4981,341625,0.32713826070822083,3.0
4981,590710,0.10909301199788307,6.0
4981,264800,0.10228298887802445,7.0
4981,475541,0.027977053513424895,9.0
4981,212481,0.012722505751785542,10.0
4981,567362,0.29554590329094954,4.0
4981,319692,0.07345855596722979,8.0
6146,289231,0.5,3.0
6146,2460,0.5276933631486029,2.0
6146,470024,0.4305462433851952,7.0
6146,394467,0.43598565915198073,6.0
6146,160125,0.7352476458759244,1.0
6146,581889,0.4914758305975696,4.0
6146,326094,0.252257973675333,8.0
6146,580709,0.05757824568184784,10.0
6146,273528,0.14121213858341922,9.0
6146,7403,0.4561090659716478,5.0
10674,328556,0.6863988378535231,1.0
10674,435963,0.5392095965984651,3.0
10674,89460,0.4935126571351794,4.0
10674,109860,0.24709740591221224,7.0
10674,88813,0.3655562967852173,6.0
10674,319793,0.412981684007907,5.0
10674,99857,0.5522099306919399,2.0
10674,99757,0.1541977137179671,8.0
10674,431814,0.13456396829273862,9.0
10674,363043,0.0,10.0
3683,276975,0.9909111448392369,1.0
3683,105973,0.8003889620462158,2.0
3683,421538,0.35656738745950356,4.0
3683,522713,0.5318304958768973,3.0
3683,303977,0.06964915176449772,8.0
3683,178521,0.09631010075554666,7.0
3683,500460,0.2708516016726261,5.0
3683,116865,0.04202015714505442,10.0
3683,158717,0.04844826313063757,9.0
3683,349866,0.10087648010683326,6.0
928,394460,0.7120697916017268,2.0
928,349866,0.9380296266951051,1.0
928,400009,0.20559967355381817,5.0
928,573276,0.12279802219541308,8.0
928,490443,0.14387316972550718,7.0
928,305509,0.08099460729163217,10.0
928,11572,0.4914662421686573,3.0
928,253563,0.08203267411875088,9.0
928,422770,0.2452092745795523,4.0
928,409573,0.19286623866724967,6.0
5054,21311,0.678866824359278,1.0
5054,485863,0.3510429846885163,5.0
5054,542521,0.41808260677876297,4.0
5054,144660,0.28621990135447134,6.0
5054,307113,0.1868091621007805,8.0
5054,305901,0.20623211478048387,7.0
5054,406457,0.6141590763879323,2.0
5054,366219,0.026084640654535404,10.0
5054,340131,0.5032568922337323,3.0
5054,15172,0.10603253140567905,9.0
6554,583203,1.0,1.0
6554,226967,0.3639097787479633,2.0
6554,377429,0.25100040258820977,6.0
6554,122012,0.33184170607280417,3.0
6554,403755,0.2747762018982604,5.0
6554,574327,0.289547336333215,4.0
6554,275902,0.04372716100447187,9.0
6554,536120,0.19276014310791117,8.0
6554,480315,0.19518761580645597,7.0
6554,21103,0.03716591670284926,10.0
7377,579557,1.0,1.0
7377,6666,0.5659492724412646,4.0
7377,328086,0.4189544787492704,6.0
7377,345895,0.23473948286843296,9.0
7377,293679,0.6321486898391637,2.0
7377,81304,0.5837404678146416,3.0
7377,172703,0.5072722190474339,5.0
7377,17208,0.3048361846288194,8.0
7377,505027,0.13743431899256428,10.0
7377,453542,0.31431514017706597,7.0
1309,15824,0.8287568726195511,1.0
1309,438869,0.8214515860705183,2.0
1309,279845,0.41893203370119614,4.0
1309,266319,0.38901361479474633,5.0
1309,110386,0.18781629233613462,8.0
1309,366594,0.30539255088191913,6.0
1309,443795,0.04207385029358216,10.0
1309,135415,0.27878029856238284,7.0
1309,16778,0.0905789227683575,9.0
1309,471630,0.5,3.0
8351,273142,1.0,1.0
8351,469776,0.10955028766242486,7.0
8351,171720,0.13872857452836473,6.0
8351,213331,0.15958907510906592,4.0
8351,528132,0.20765773499859425,3.0
8351,191977,0.033034934429553714,8.0
8351,71873,0.2944916309847209,2.0
8351,405374,0.03276520942104698,9.0
8351,568526,0.13924322088363913,5.0
8351,304009,0.029058614729426363,10.0
6441,254279,1.0,1.0
6441,156029,0.5445147943484814,2.0
6441,28314,0.4734150477637077,3.0
6441,529993,0.12712470328341582,8.0
6441,87722,0.26763420288071027,4.0
6441,536120,0.15090681042025883,7.0
6441,593644,0.26353662861933635,5.0
6441,108721,0.19027210523228832,6.0
6441,174619,0.07583017698837788,10.0
6441,90712,0.12170339058594863,9.0
4837,426223,0.6234664685682363,5.0
4837,95778,0.7355340124774252,2.0
4837,565330,0.6298759292942995,4.0
4837,159936,0.7890148881371899,1.0
4837,187739,0.6694329919257949,3.0
4837,254454,0.5045348360111536,6.0
4837,167896,0.08746145976223825,10.0
4837,565698,0.33826491031613964,8.0
4837,275410,0.16996145632425752,9.0
4837,274870,0.4611963770488305,7.0
9871,553288,0.7629194449154424,2.0
9871,76562,0.8023754512394811,1.0
9871,322771,0.5094742757733526,3.0
9871,240645,0.31856699898321905,7.0
9871,547301,0.3261055723756766,6.0
9871,213755,0.1151111210183355,8.0
9871,488366,0.35510272460547065,5.0
9871,305907,0.4983821325112198,4.0
9871,172718,0.10847436941133339,9.0
9871,271832,0.07044301092867396,10.0
3067,423403,0.9769291699046068,1.0
3067,372921,0.7698620460887444,2.0
3067,578488,0.6794536598129863,4.0
3067,104726,0.717690516705952,3.0
3067,104788,0.15934787228031086,8.0
3067,582005,0.27282704930878426,5.0
3067,467135,0.26653958190188604,6.0
3067,318473,0.03462048796983956,9.0
3067,187739,0.19297754642224463,7.0
3067,167896,0.029083965142778972,10.0
5741,124219,0.8880135966112266,1.0
5741,328086,0.5056753090754746,3.0
5741,43781,0.40411426404066236,5.0
5741,259081,0.6066991582128212,2.0
5741,568200,0.3560610080262223,6.0
5741,107688,0.337427582915383,7.0
5741,301224,0.2324264087423616,8.0
5741,329337,0.016379596135964212,9.0
5741,136825,0.4103269188492436,4.0
5741,437427,0.010755673970176816,10.0
3566,45029,0.7929484732299958,2.0
3566,195191,0.46346371237943684,5.0
3566,149306,0.8386859544224724,1.0
3566,408123,0.7556900460384076,3.0
3566,152286,0.6182319184137226,4.0
3566,519390,0.32862764342874784,7.0
3566,65782,0.1969779597748759,8.0
3566,595211,0.0666555217988578,10.0
3566,317493,0.377152502624361,6.0
3566,284075,0.19600760851338098,9.0
5862,562511,0.9367564211911609,1.0
5862,21194,0.7723540223939114,2.0
5862,273947,0.15003244792397033,8.0
5862,170141,0.5152257061357415,3.0
5862,29790,0.16768580868960264,7.0
5862,253563,0.4028274905923456,5.0
5862,269898,0.4951594768041825,4.0
5862,346042,0.3359916264046891,6.0
5862,258465,0.09661663706245355,9.0
5862,78176,0.0,10.0
8779,209730,0.967519558306719,1.0
8779,180571,0.764186766647353,2.0
8779,17166,0.36145402614723643,3.0
8779,213591,0.15898851479519197,7.0
8779,279538,0.2671599268652347,5.0
8779,72160,0.32093764790573853,4.0
8779,319954,0.18973028745858153,6.0
8779,452870,0.09876430125100635,9.0
8779,491964,0.1414939417880023,8.0
8779,214901,0.06792861166983558,10.0
4714,505057,0.9896408285206522,1.0
4714,584450,0.805350129268203,2.0
4714,324833,0.48716560599229924,3.0
4714,184506,0.26526200007005873,4.0
4714,295980,0.23176285720074324,6.0
4714,249450,0.22864481142516857,7.0
4714,118374,0.2330462253846537,5.0
4714,424585,0.10610358270778703,9.0
4714,473809,0.0010285332527936743,10.0
4714,46211,0.21106950241782346,8.0
7311,125355,0.7672243504159977,1.0
7311,279897,0.2588999931716762,4.0
7311,183349,0.07392715905547738,9.0
7311,523279,0.11777615940228452,8.0
7311,33576,0.2054450783884878,7.0
7311,215154,0.2478681442149132,6.0
7311,344267,0.5187901135675412,2.0
7311,238421,0.43955270069874686,3.0
7311,334696,0.25515864288611156,5.0
7311,100485,0.003701847855455976,10.0
109,73427,1.0,1.0
109,213331,0.12845249459977337,7.0
109,538023,0.3311202109363726,3.0
109,461084,0.1999153793558811,5.0
109,563025,0.37799758252156906,2.0
109,406457,0.060611002892109876,9.0
109,342212,0.09981866253379565,8.0
109,535705,0.18923265458699254,6.0
109,547301,0.2958986053753836,4.0
109,18509,0.04648551572039831,10.0
570,21311,0.9350371860267006,1.0
570,103593,0.48157275805492367,5.0
570,232199,0.709456919116848,2.0
570,341493,0.6029815419137374,3.0
570,565684,0.4008553415671749,8.0
570,156358,0.4599441990086084,6.0
570,79888,0.26881674481319534,10.0
570,335991,0.5234577863425975,4.0
570,349384,0.34774385720448237,9.0
570,17166,0.40228996957696345,7.0
6959,301570,0.6873911917688657,2.0
6959,69790,0.7315216500692524,1.0
6959,293767,0.3938259193057414,4.0
6959,482415,0.2586272261779433,9.0
6959,330041,0.3559988125937835,6.0
6959,88813,0.38738089799917647,5.0
6959,427726,0.29310433218185705,8.0
6959,266480,0.1482826275791599,10.0
6959,431814,0.5037888084663846,3.0
6959,231781,0.29465498213924435,7.0
90,56718,0.9060633913226763,1.0
90,150219,0.6273254030127281,3.0
90,31793,0.7977058484103527,2.0
90,385073,0.5606820900466154,4.0
90,234436,0.5067231776509048,5.0
90,153541,0.3121197077053135,6.0
90,172594,0.2774602185079147,7.0
90,366830,0.20601507766858992,9.0
90,34731,0.2583956999675572,8.0
90,314898,0.0,10.0
5064,2003,1.0,1.0
5064,455614,0.6690801127161929,2.0
5064,135514,0.36002097167701563,7.0
5064,192811,0.6359653751570611,3.0
5064,551423,0.4364715513246862,4.0
5064,414288,0.3225452058719178,8.0
5064,377223,0.36734399040528043,6.0
5064,393278,0.10347508465613489,9.0
5064,524888,0.013324905122835703,10.0
5064,176498,0.37040354538315295,5.0
4103,307380,1.0,1.0
4103,29073,0.9369471838323404,2.0
4103,577578,0.7171007072872476,3.0
4103,482415,0.6454462534671951,4.0
4103,175265,0.3134149135455099,6.0
4103,370879,0.3559069013915699,5.0
4103,163590,0.06590267351132464,9.0
4103,133093,0.1883282370471746,8.0
4103,169921,0.03701337833452399,10.0
4103,192193,0.2874101175201867,7.0
1198,56718,1.0,1.0
1198,232199,0.24713327134367952,3.0
1198,175272,0.24641496637164786,4.0
1198,103593,0.051877940014330395,10.0
1198,366761,0.27191109213713466,2.0
1198,105872,0.12726629129668887,6.0
1198,467390,0.10233680070538997,8.0
1198,352120,0.11887106214330338,7.0
1198,58937,0.18221582093561178,5.0
1198,434769,0.054095186225025176,9.0
4539,32744,0.9299424155462124,1.0
4539,61792,0.49778509443542635,3.0
4539,275925,0.6348005578374788,2.0
4539,61346,0.3636624520762153,6.0
4539,370879,0.45470317297424223,4.0
4539,426461,0.3060821297606,7.0
4539,235522,0.27398602716123593,8.0
4539,440270,0.24327026316138842,9.0
4539,83330,0.39045257679344564,5.0
4539,572272,0.0,10.0
9391,248158,0.9307733613921243,1.0
9391,136270,0.6344062718227605,4.0
9391,108859,0.6593084363214856,3.0
9391,136515,0.865422445883349,2.0
9391,142631,0.6079173232007633,5.0
9391,301580,0.4689607463377364,6.0
9391,127263,0.3012521590578798,7.0
9391,105973,0.03176319825229168,10.0
9391,429579,0.24428774616604065,8.0
9391,163590,0.13446044094177345,9.0
4600,577578,0.848648903113987,1.0
4600,61792,0.32397603637136363,5.0
4600,482415,0.6541615977975176,2.0
4600,257633,0.33277418588445634,4.0
4600,133093,0.2916782127755875,6.0
4600,76515,0.09322205428180642,9.0
4600,367137,0.35138515380006885,3.0
4600,214542,0.05175749985200746,10.0
4600,34925,0.22214459244687026,7.0
4600,275257,0.15526034402407485,8.0
3735,125659,0.766620911592492,1.0
3735,93231,0.607929627261405,4.0
3735,537418,0.6533418131308075,3.0
3735,330041,0.5876724293092166,5.0
3735,344065,0.34543916403643077,7.0
3735,511093,0.22089970947742493,8.0
3735,32290,0.667915302829031,2.0
3735,504996,0.20163164440073497,9.0
3735,266900,0.3778050475787085,6.0
3735,40447,0.0,10.0
5422,483299,0.7773960329067613,1.0
5422,108,0.4387795221976553,5.0
5422,55022,0.33912337029229284,7.0
5422,528034,0.637933231663338,3.0
5422,81304,0.3368173392461683,8.0
5422,259081,0.6379756692071712,2.0
5422,579235,0.4381582768289946,6.0
5422,136270,0.2764634714467909,9.0
5422,22221,0.13909226044458728,10.0
5422,124219,0.4909438097591537,4.0
744,573276,0.9118074704936152,1.0
744,138845,0.4263228952267894,4.0
744,409573,0.5579760219199539,3.0
744,171339,0.3527248397406052,5.0
744,289231,0.6401772947193108,2.0
744,273528,0.17952941730692468,9.0
744,172305,0.08872844767635961,10.0
744,350819,0.2239320392529742,7.0
744,120852,0.2043336246153397,8.0
744,118280,0.2281727274124271,6.0
515,372909,1.0,1.0
515,328341,0.7129100870485965,2.0
515,431685,0.6699785551235078,3.0
515,352838,0.5478425349853757,4.0
515,231614,0.3780242394435937,5.0
515,195081,0.20406292879712118,7.0
515,98112,0.05599693770662108,8.0
515,60443,0.023204788175224457,9.0
515,123733,0.010037201618271251,10.0
515,360011,0.20621122693185645,6.0
2443,331253,0.6236519691972733,2.0
2443,44609,0.5398742961962528,4.0
2443,305579,0.7068088948650613,1.0
2443,306800,0.6038038472027325,3.0
2443,446647,0.5352132754308268,5.0
2443,313437,0.18842424081698037,9.0
2443,426216,0.527359306861418,6.0
2443,208051,0.23642976351928036,8.0
2443,305907,0.3445962951934346,7.0
2443,510130,0.0,10.0
4265,157553,1.0,1.0
4265,392163,0.5895014956327869,2.0
4265,584273,0.4132018353712332,4.0
4265,149974,0.3259939862523562,6.0
4265,523158,0.060292853408017814,9.0
4265,140947,0.3878086833187814,5.0
4265,386229,0.03564088246863057,10.0
4265,575729,0.16917645849154833,8.0
4265,93881,0.45853443318334797,3.0
4265,577517,0.2688201289932014,7.0
4865,223032,0.581914266776892,2.0
4865,370569,0.9843295380721666,1.0
4865,251824,0.5118379935942098,4.0
4865,435963,0.5421015405225044,3.0
4865,508821,0.3504361772402766,6.0
4865,481166,0.44675507430666345,5.0
4865,305117,0.3094059940752661,7.0
4865,110515,0.15158455268560458,8.0
4865,565698,0.021126488005013867,10.0
4865,585738,0.09728632867258835,9.0
2968,187196,0.7262521960158207,3.0
2968,388646,0.9359408073197085,1.0
2968,242124,0.7869577350890364,2.0
2968,176498,0.2478342655554514,5.0
2968,198371,0.4137921554564734,4.0
2968,583640,0.04766139769571587,10.0
2968,280967,0.04932948706544595,8.0
2968,287991,0.14742228982974104,6.0
2968,455398,0.04883957315794788,9.0
2968,329757,0.0842154906494625,7.0
7221,305117,0.7481130377021007,2.0
7221,473809,0.8524456960077424,1.0
7221,481166,0.5328726046225307,3.0
7221,71873,0.4639172008699114,5.0
7221,537418,0.38643369702551844,6.0
7221,307315,0.05676840401748301,10.0
7221,81542,0.2300863057564451,8.0
7221,452175,0.27377542509482233,7.0
7221,570664,0.13878530514562987,9.0
7221,77652,0.5,4.0
2407,2064,0.8440953650905765,1.0
2407,78176,0.584054951286699,3.0
2407,173929,0.5213522685691684,4.0
2407,516444,0.6407467496535154,2.0
2407,255491,0.3073964944130568,6.0
2407,273528,0.4899613549431363,5.0
2407,514425,0.15882019398413644,8.0
2407,367641,0.09870559455859362,9.0
2407,566480,0.29104377459466624,7.0
2407,63678,0.0,10.0
3039,136804,1.0,1.0
3039,467390,0.6729172120023825,3.0
3039,147080,0.6733045855083764,2.0
3039,387010,0.3341855311107774,4.0
3039,442110,0.3219377996857167,5.0
3039,483274,0.047485827624378994,10.0
3039,510409,0.31178558534867373,7.0
3039,106501,0.14670575184650822,9.0
3039,4947,0.18509304495381312,8.0
3039,398622,0.31880524983867403,6.0
1748,18001,1.0,1.0
1748,528564,0.6116320125934127,2.0
1748,418135,0.4377175066543737,5.0
1748,462892,0.47240560874161236,4.0
1748,298427,0.5092406850077466,3.0
1748,429378,0.17835352037207441,7.0
1748,223206,0.17725911248765358,8.0
1748,517372,0.12601404614411665,9.0
1748,171780,0.021567897183524053,10.0
1748,124027,0.2425738667367977,6.0
10547,404339,1.0,1.0
10547,536120,0.3765388655217284,3.0
10547,272008,0.59882361606114,2.0
10547,4666,0.0869384537902975,9.0
10547,597351,0.30585236793517745,5.0
10547,112714,0.3443535323176544,4.0
10547,32290,0.23238758973967635,7.0
10547,23609,0.2436221004022341,6.0
10547,392037,0.038109703734999875,10.0
10547,491969,0.18908465519080164,8.0
10596,164008,0.8480799269162759,2.0
10596,284235,0.7023498139961484,3.0
10596,208070,0.8840976913611416,1.0
10596,413041,0.6318485444866939,5.0
10596,316838,0.6861017367184359,4.0
10596,494727,0.24252063988612776,6.0
10596,394244,0.23438602595324107,7.0
10596,127452,0.19888629960116305,9.0
10596,69197,0.23417315854921444,8.0
10596,169062,0.0,10.0
5061,352838,0.759824661098144,1.0
5061,242124,0.686387553329963,2.0
5061,329757,0.5246219060516703,4.0
5061,447353,0.484791367882913,5.0
5061,149974,0.4342236691163391,6.0
5061,380863,0.4158575439203008,7.0
5061,261189,0.6500817772405424,3.0
5061,46755,0.3753716463204441,8.0
5061,158845,0.06823169694098866,10.0
5061,287991,0.25924512869134825,9.0
853,510373,0.7905000069586623,2.0
853,510409,0.8801880047497443,1.0
853,314984,0.6574770608717351,3.0
853,106501,0.6546809020869296,4.0
853,263361,0.3091230613667063,7.0
853,131996,0.08506088873585896,9.0
853,72402,0.15054028774239614,8.0
853,150219,0.3432515034971766,6.0
853,582864,0.5091406921360132,5.0
853,303929,0.052914497069511124,10.0
6803,544053,1.0,1.0
6803,193012,0.7553956390841804,2.0
6803,42620,0.4653245682322235,3.0
6803,316045,0.07947872145857982,8.0
6803,271243,0.07253804019381181,9.0
6803,10703,0.26976471445986416,5.0
6803,142726,0.2946838737091084,4.0
6803,78675,0.08183436516393433,7.0
6803,60355,0.14240682824533932,6.0
6803,272784,0.0,10.0
6644,187497,1.0,1.0
6644,572842,0.4971862165597288,4.0
6644,308837,0.5718414592726481,2.0
6644,426216,0.41784653358227125,5.0
6644,578954,0.5200925016647083,3.0
6644,305907,0.3771869837804664,7.0
6644,293687,0.2482842588261194,8.0
6644,373271,0.38409717698701273,6.0
6644,31793,0.11737800160836148,9.0
6644,238421,0.01710350976352321,10.0
699,107092,1.0,1.0
699,169688,0.5087231561715065,2.0
699,68357,0.3227284953713179,4.0
699,446679,0.45522701161721624,3.0
699,385658,0.05738115764575727,8.0
699,472924,0.19421373735074127,6.0
699,521010,0.2652445855317183,5.0
699,586920,0.055733469250781965,9.0
699,414598,0.0061853982353663114,10.0
699,96538,0.18445581586935794,7.0
549,214024,1.0,1.0
549,67167,0.7010208420202007,2.0
549,446647,0.414413373594655,6.0
549,546020,0.6112641724615501,3.0
549,73427,0.45524239514968273,4.0
549,547301,0.3559220028119741,7.0
549,563025,0.2780810094568923,8.0
549,397449,0.02524287006940565,10.0
549,449630,0.2750536655292438,9.0
549,443795,0.44988762375190233,5.0
904,415514,1.0,1.0
904,85229,0.7766917826637815,2.0
904,433905,0.32751010829308846,4.0
904,120852,0.3478189920100934,3.0
904,101369,0.20569371444283224,6.0
904,359579,0.18286616658311958,8.0
904,169824,0.19644594999828777,7.0
904,320579,0.2095984887797159,5.0
904,75235,0.00660514058856642,10.0
904,29360,0.03190407336960696,9.0
2590,583635,0.7017532663809903,1.0
2590,296528,0.664855218659062,2.0
2590,55999,0.48593904681810474,3.0
2590,307095,0.2751299828197903,5.0
2590,209493,0.4423429676132511,4.0
2590,106424,0.0451535542789463,9.0
2590,471964,0.27356332176415005,6.0
2590,387010,0.03684002435692982,10.0
2590,26203,0.2271660185295765,7.0
2590,454222,0.19535055877344623,8.0
1451,538005,1.0,1.0
1451,559482,0.2589461558271181,9.0
1451,98112,0.5942189422146156,2.0
1451,377571,0.4294333831668462,3.0
1451,313437,0.3273111385808616,6.0
1451,94689,0.3667083359137482,4.0
1451,433809,0.26943594977418966,7.0
1451,522481,0.16109674636163002,10.0
1451,51729,0.26231776314141986,8.0
1451,440910,0.34968109931628455,5.0
5790,469776,0.9835979201701687,1.0
5790,97348,0.6933954578227927,3.0
5790,101369,0.4340182218246803,6.0
5790,363810,0.48379252817483764,5.0
5790,141738,0.7026631045929532,2.0
5790,241136,0.5109069467273487,4.0
5790,305287,0.19912017055929265,9.0
5790,277353,0.22561789696684603,8.0
5790,149305,0.00928181386512298,10.0
5790,75235,0.3052445140718878,7.0
7295,435125,0.7452204362056689,1.0
7295,403755,0.17367492831168554,9.0
7295,93971,0.3305764246459483,5.0
7295,193398,0.2297463850586311,7.0
7295,39478,0.4338238029612763,4.0
7295,513258,0.46371409495864335,3.0
7295,456470,0.27132076927783383,6.0
7295,115553,0.5186073673317193,2.0
7295,3118,0.1911967645056277,8.0
7295,102436,0.11610726779611379,10.0
5083,142876,1.0,1.0
5083,13975,0.6768787880590601,2.0
5083,368802,0.5679463263605883,3.0
5083,433197,0.22746409948508767,4.0
5083,333184,0.13434320208307787,7.0
5083,21103,0.04530921514152132,9.0
5083,579473,0.07239530842733212,8.0
5083,305360,0.0,10.0
5083,20958,0.1546115586059624,6.0
5083,19183,0.20166973556745335,5.0
7936,363043,0.985730063955683,1.0
7936,336541,0.9534376223793388,2.0
7936,293767,0.6333912293342624,3.0
7936,320101,0.6139138149006307,4.0
7936,43087,0.4299544409002115,7.0
7936,561884,0.4854872998708619,5.0
7936,416307,0.44215912506434146,6.0
7936,187404,0.14433129957550503,9.0
7936,127585,0.15827624776832075,8.0
7936,214003,0.1209316042725085,10.0
8296,78675,1.0,1.0
8296,79998,0.734715848340314,2.0
8296,146315,0.1490787782276087,5.0
8296,180571,0.04176212582514424,10.0
8296,26203,0.1959377692208873,4.0
8296,371720,0.20728674759704033,3.0
8296,61962,0.11287476192830019,7.0
8296,392037,0.08513543352747124,9.0
8296,99757,0.11450233742340346,6.0
8296,3118,0.09935719108872756,8.0
475,431685,0.8771098531186157,1.0
475,88124,0.7172953750154318,3.0
475,366761,0.7602253224800695,2.0
475,232199,0.38336353147639074,4.0
475,60637,0.03189016841959752,10.0
475,328341,0.27840613623752974,6.0
475,352640,0.30014662312010343,5.0
475,232563,0.24019857618905843,8.0
475,433,0.06420323662360168,9.0
475,372909,0.2412655008336653,7.0
3759,384631,0.5,2.0
3759,152250,0.3471658238910706,4.0
3759,105634,0.6333723890896885,1.0
3759,414188,0.3139890168012184,6.0
3759,101369,0.30238861335284184,7.0
3759,445794,0.14723763298399903,9.0
3759,405217,0.31848677926192737,5.0
3759,264800,0.10429614723736712,10.0
3759,130877,0.2351635480112346,8.0
3759,146181,0.37158830642484886,3.0
4615,596196,0.9220258016412508,2.0
4615,425595,0.9743404870388757,1.0
4615,69523,0.8565176768554361,3.0
4615,496427,0.7799820037476979,5.0
4615,261900,0.8016855886555462,4.0
4615,226060,0.6209036343028123,7.0
4615,421365,0.6702613020987116,6.0
4615,19179,0.5677946204258454,8.0
4615,341493,0.018991382009210307,9.0
4615,15891,0.0,10.0
8874,403025,1.0,1.0
8874,251704,0.49260880650119593,2.0
8874,527231,0.37763406544583705,4.0
8874,66631,0.14532318245761733,6.0
8874,357685,0.035090541253075355,10.0
8874,370569,0.1464202411332253,5.0
8874,556976,0.09567804144839173,9.0
8874,349160,0.10053757626190253,8.0
8874,319793,0.3863148349674669,3.0
8874,571362,0.14442857168912074,7.0
26,399013,0.909551589285627,1.0
26,528132,0.3736194460012926,5.0
26,409611,0.40607712610153035,4.0
26,565330,0.2531992565722847,7.0
26,563025,0.6710958922452936,2.0
26,2064,0.5209353291176303,3.0
26,401254,0.33528447297596004,6.0
26,452544,0.049343659368238486,10.0
26,367641,0.23789352745818354,8.0
26,71898,0.06717286781928304,9.0
3875,249859,1.0,1.0
3875,136315,0.7115466635857219,2.0
3875,442110,0.45806785874445816,3.0
3875,571258,0.3721725681537407,5.0
3875,158185,0.288247345577197,6.0
3875,426570,0.39570184197541747,4.0
3875,76515,0.19628859493144105,7.0
3875,143100,0.14924005112151334,8.0
3875,518406,0.11077732657112298,9.0
3875,414288,0.0,10.0
6835,159703,0.6315861733908257,2.0
6835,246221,0.4064307224482187,4.0
6835,149305,0.7699965329207835,1.0
6835,195767,0.5225850249963533,3.0
6835,403755,0.1568072999279081,6.0
6835,592636,0.19642040213999445,5.0
6835,108721,0.15521148486449782,7.0
6835,238629,0.14808201728687648,8.0
6835,196427,0.12288700206135791,9.0
6835,467575,0.0,10.0
4433,301580,0.6385982902410101,2.0
4433,172703,0.44412348231163973,5.0
4433,539263,0.5329114578766937,3.0
4433,297290,0.6539770973333144,1.0
4433,21311,0.23839327686691741,7.0
4433,379311,0.31558683335932386,6.0
4433,453542,0.13661742873481744,8.0
4433,451855,0.07730055483093659,9.0
4433,146181,0.5215932734277803,4.0
4433,536120,0.0,10.0
5374,115553,0.6045375417334298,2.0
5374,92267,0.8939017135385399,1.0
5374,251704,0.30862841742658637,9.0
5374,44601,0.463346353918048,4.0
5374,60175,0.5711427443909718,3.0
5374,294295,0.04217081681603041,10.0
5374,99857,0.45063955132163086,5.0
5374,537418,0.3933246782378407,7.0
5374,576564,0.360019662231416,8.0
5374,186453,0.4045362603841716,6.0
6221,529551,0.8656355771793516,2.0
6221,551423,0.8989763871307827,1.0
6221,240261,0.5167858772464977,5.0
6221,128698,0.6346497383604858,3.0
6221,270856,0.5667692102370127,4.0
6221,66901,0.08064060816599967,10.0
6221,578488,0.3089581356826189,8.0
6221,384626,0.43301749405056045,6.0
6221,405352,0.37835437077533607,7.0
6221,494753,0.3010681208304856,9.0
672,593283,0.9598310047320623,1.0
672,563025,0.8691408443943117,2.0
672,213370,0.6469159998259328,6.0
672,40966,0.6847726523847188,5.0
672,273947,0.7055577018564807,3.0
672,15824,0.6893331227668278,4.0
672,67167,0.35476640838611906,8.0
672,170141,0.15411758545843596,9.0
672,201800,0.024494572339609826,10.0
672,494689,0.3761482037388683,7.0
2593,231614,0.9896749263583866,1.0
2593,169688,0.21985851176069682,9.0
2593,147343,0.601953609389027,2.0
2593,73427,0.07044578195885245,10.0
2593,528132,0.43089805915886925,3.0
2593,399013,0.3847505939266703,4.0
2593,387573,0.298045219287507,7.0
2593,449630,0.3748977828349841,5.0
2593,394460,0.35668940650124814,6.0
2593,171339,0.2821458641089266,8.0
4019,287991,0.9402448995874171,2.0
4019,553288,0.9425365839259479,1.0
4019,332749,0.8647134916593046,3.0
4019,94423,0.20821385144127535,8.0
4019,561056,0.46420091224913135,5.0
4019,448699,0.2724306305842469,7.0
4019,377223,0.4793771840247047,4.0
4019,126134,0.03392443515125839,10.0
4019,1164,0.16222292375299752,9.0
4019,468879,0.34865525207053005,6.0
7205,370569,0.7655616465924671,2.0
7205,159966,0.8842193187716763,1.0
7205,186453,0.34001350606289443,4.0
7205,100103,0.2937072261165845,6.0
7205,62151,0.2982456564987309,5.0
7205,565926,0.3796449293519129,3.0
7205,336541,0.12593817641028135,9.0
7205,442048,0.16215305642849445,8.0
7205,558370,0.014779293614564752,10.0
7205,12432,0.17791701658125933,7.0
6611,329425,0.713461000667734,2.0
6611,293679,0.9963234489385763,1.0
6611,142631,0.2883856317971776,5.0
6611,39819,0.13519306139815462,8.0
6611,81304,0.37855137914156267,4.0
6611,198764,0.46534402225370425,3.0
6611,297290,0.255802147021103,6.0
6611,17208,0.19070685253968733,7.0
6611,112208,0.13381876731477022,9.0
6611,345533,0.013597558788491943,10.0
7911,131996,1.0,1.0
7911,57711,0.8477639501248551,2.0
7911,553304,0.24557602832895198,5.0
7911,69197,0.31814819081142687,4.0
7911,386173,0.07392991690620726,10.0
7911,506617,0.3226550222989535,3.0
7911,597401,0.2390564363653876,6.0
7911,543714,0.11328753839716785,9.0
7911,116647,0.11585499967584612,8.0
7911,385574,0.2048383550567312,7.0
7463,577951,1.0,1.0
7463,387277,0.5672914902040653,3.0
7463,176498,0.5520036840300457,4.0
7463,423403,0.6267207344022981,2.0
7463,565698,0.24389945053181822,7.0
7463,328086,0.07541993245106783,10.0
7463,350145,0.15659355852121154,8.0
7463,216384,0.3040054681301275,6.0
7463,188015,0.32773327642893296,5.0
7463,528034,0.08400465459334346,9.0
4999,9938,1.0,1.0
4999,305117,0.4359098759624569,3.0
4999,46211,0.5530438604363062,2.0
4999,350680,0.2696144986639392,4.0
4999,216327,0.11753562106923456,7.0
4999,411061,0.17631562677995455,5.0
4999,406185,0.1410644274733464,6.0
4999,13657,0.03306253511460931,10.0
4999,580920,0.10208778160688708,8.0
4999,222153,0.07740586828047563,9.0
7344,14368,1.0,1.0
7344,418150,0.618962287208114,2.0
7344,327978,0.2908935429403727,4.0
7344,392851,0.3771097933347582,3.0
7344,301224,0.05531156423058186,9.0
7344,39247,0.22797909656356835,6.0
7344,527231,0.20431938614793732,7.0
7344,72652,0.16668371596407677,8.0
7344,58753,0.006674457301323776,10.0
7344,266319,0.229753682899157,5.0
7705,377429,0.8808180708906268,1.0
7705,539263,0.8256155962369243,2.0
7705,480315,0.622487529138317,3.0
7705,467575,0.354465614292346,7.0
7705,172703,0.31454832788983267,8.0
7705,536120,0.486574463782797,4.0
7705,87722,0.36400040810333123,6.0
7705,345199,0.04788623402043278,10.0
7705,96926,0.3798798905422681,5.0
7705,387277,0.30094712899605536,9.0
1815,372909,0.8523298538539306,2.0
1815,446928,0.9752065883774095,1.0
1815,363591,0.7721767610720802,3.0
1815,432080,0.5546031480974014,6.0
1815,88124,0.5606335017569224,5.0
1815,457701,0.6091692889529272,4.0
1815,328341,0.4284359976093868,7.0
1815,528522,0.26634239598797416,9.0
1815,539133,0.3539569423782093,8.0
1815,459677,0.0,10.0
7467,193312,1.0,1.0
7467,371720,0.5051684069472375,2.0
7467,26203,0.408849201992879,4.0
7467,457532,0.4867288249877142,3.0
7467,55999,0.3552183562039135,6.0
7467,428017,0.2521815860247477,7.0
7467,435963,0.3872063914025065,5.0
7467,431814,0.0330516932102028,10.0
7467,253024,0.1874042583055277,8.0
7467,99757,0.17917779217486626,9.0
8013,198349,0.784156829323104,1.0
8013,383978,0.7670117393379112,2.0
8013,374151,0.7019832721646975,4.0
8013,244433,0.7233649943777551,3.0
8013,251824,0.5334166550850347,6.0
8013,241101,0.5790182970380223,5.0
8013,398123,0.4436512188202593,8.0
8013,31793,0.027528901387677635,10.0
8013,498378,0.5212235430255301,7.0
8013,588247,0.12310281082934241,9.0
1415,66246,0.9073230530064101,1.0
1415,306144,0.7826537301715547,4.0
1415,393953,0.8727310083895471,3.0
1415,591940,0.6345015116041545,5.0
1415,387165,0.8763856846597393,2.0
1415,583956,0.4816537715543074,6.0
1415,110515,0.13237031925648374,9.0
1415,318266,0.1626008816290001,8.0
1415,183612,0.02908826142050548,10.0
1415,232063,0.2566479145736155,7.0
7758,480315,0.7729241208722517,2.0
7758,574327,0.9009103322017484,1.0
7758,69696,0.38403844183047786,4.0
7758,112714,0.5524035199366882,3.0
7758,379311,0.2205881105968126,5.0
7758,122432,0.041259373666905845,10.0
7758,322826,0.10776631421050091,9.0
7758,112208,0.1172785823546705,8.0
7758,17923,0.149681444696807,7.0
7758,172703,0.1980197550594852,6.0
1915,306144,0.8507536745373281,1.0
1915,182168,0.6879155508252317,3.0
1915,78176,0.2704102452951511,9.0
1915,393953,0.6954260964039188,2.0
1915,140038,0.5117005968140353,6.0
1915,583956,0.6350271446864084,4.0
1915,318266,0.6327505802623828,5.0
1915,66246,0.4730786121896908,7.0
1915,505580,0.00526454756874607,10.0
1915,591940,0.31683895954433094,8.0
4415,108859,0.5,7.0
4415,32744,0.7001493864175061,1.0
4415,61792,0.5289908802436947,4.0
4415,370879,0.5236785117865834,6.0
4415,14926,0.6915054447418101,2.0
4415,244427,0.524133456500818,5.0
4415,399751,0.42018983741943494,9.0
4415,147646,0.6095069323621324,3.0
4415,309550,0.4597043989581571,8.0
4415,235522,0.2987190179919738,10.0
10482,201495,0.8723262989322408,2.0
10482,439757,0.9728729475451099,1.0
10482,387277,0.6402691437053617,4.0
10482,518379,0.6496581144198621,3.0
10482,175821,0.31191509676955675,7.0
10482,142696,0.18092499314010344,9.0
10482,535317,0.313590996388327,6.0
10482,364575,0.005726234521324454,10.0
10482,72402,0.28952420302568466,8.0
10482,34925,0.49906667986302133,5.0
2296,119298,0.9742904375715744,1.0
2296,279897,0.727268168712986,2.0
2296,460357,0.4706451143675543,4.0
2296,396853,0.6473380088669285,3.0
2296,577201,0.34903906995607903,6.0
2296,410119,0.14276728669110686,9.0
2296,275410,0.06656704904264545,10.0
2296,120090,0.2706819133371759,7.0
2296,169688,0.26199003357816336,8.0
2296,175982,0.4280443022587218,5.0
6787,58290,0.7559899673671702,3.0
6787,456436,0.9553212516529144,1.0
6787,124230,0.7997556431603732,2.0
6787,457294,0.2479796477596323,8.0
6787,261189,0.40448272332878776,5.0
6787,220022,0.16928603502648815,9.0
6787,382381,0.34179400785799585,7.0
6787,552707,0.392365045201214,6.0
6787,309555,0.10111854689644746,10.0
6787,223070,0.5,4.0
2857,117451,0.9251199432888806,1.0
2857,123659,0.5286026908382826,5.0
2857,590917,0.24747595353125543,7.0
2857,295864,0.6616461386796382,2.0
2857,19606,0.5397233933140899,4.0
2857,60175,0.6338844920060185,3.0
2857,348733,0.1165141061198369,9.0
2857,464502,0.18027484389921505,8.0
2857,581038,0.38337887386933034,6.0
2857,482335,0.033101846386107206,10.0
753,114418,0.8667822847086488,1.0
753,51729,0.5924954392450352,3.0
753,581509,0.44885785843556836,4.0
753,72046,0.17969148886078987,6.0
753,466718,0.6115851903501178,2.0
753,504255,0.28456829402322653,5.0
753,297290,0.11216381618502622,8.0
753,125355,0.1535286751143517,7.0
753,177648,0.10273916945910619,9.0
753,61792,0.0,10.0
2676,55666,1.0,1.0
2676,13975,0.6579889114742256,2.0
2676,264408,0.49902120998284294,4.0
2676,44110,0.27067128650937267,6.0
2676,182168,0.5232854667600582,3.0
2676,313171,0.4478702672465369,5.0
2676,244749,0.10950155200839662,9.0
2676,218845,0.22869498524236456,8.0
2676,279897,0.24282342777098054,7.0
2676,196427,0.10299615647958507,10.0
7456,164008,0.7505771102215486,2.0
7456,494727,0.8218293543217263,1.0
7456,284235,0.6623009850051924,4.0
7456,169062,0.5963593117675503,5.0
7456,413041,0.22797065977372205,9.0
7456,316838,0.39984532924708205,6.0
7456,112714,0.7082982624815876,3.0
7456,69197,0.3450604433540137,7.0
7456,127452,0.21153401320306509,10.0
7456,394244,0.259590215365245,8.0
2579,524471,0.9052303046325367,1.0
2579,280838,0.7149663587605866,2.0
2579,229809,0.3647166621570291,5.0
2579,570155,0.33455732718287234,6.0
2579,263481,0.4325759439916338,4.0
2579,197052,0.5844043738815903,3.0
2579,55064,0.1400361380536267,7.0
2579,579473,0.09157627219511326,8.0
2579,566480,0.02278046456863779,10.0
2579,410119,0.0696720077983786,9.0
687,506831,0.8051268393390654,1.0
687,342258,0.6081453791231926,2.0
687,449630,0.45490563651590743,5.0
687,214024,0.395152707431359,7.0
687,478186,0.573190424978838,3.0
687,579473,0.5262098393686456,4.0
687,406457,0.4169009703567657,6.0
687,508895,0.2336121905171779,8.0
687,494926,0.004501101804541929,10.0
687,16670,0.11086491496757266,9.0
2445,431685,1.0,1.0
2445,328341,0.4380712528956838,2.0
2445,352838,0.42509734236240715,3.0
2445,372909,0.3504096856480252,5.0
2445,366761,0.416854685646076,4.0
2445,195081,0.09090894970056712,9.0
2445,88124,0.262134667396065,6.0
2445,114418,0.20711553567562038,7.0
2445,360011,0.011900834116309192,10.0
2445,539133,0.17289530233533454,8.0
2885,17651,0.5786399571613491,2.0
2885,460398,0.39752069285616354,5.0
2885,429579,0.4233334826943739,4.0
2885,516444,0.2635794471023262,7.0
2885,102081,0.7131897718097424,1.0
2885,540539,0.2123532963632652,9.0
2885,118730,0.4313426033594907,3.0
2885,279865,0.26424141336408635,6.0
2885,101453,0.033543153749866605,10.0
2885,167356,0.24035698875766504,8.0
5264,431814,0.8544039685199254,1.0
5264,42438,0.2555412137248899,5.0
5264,52579,0.6920966092321709,2.0
5264,505694,0.30287994773051585,4.0
5264,114439,0.05392111343244572,8.0
5264,580920,0.308068594513539,3.0
5264,481166,0.09162488856394164,7.0
5264,400841,0.016360470494424968,10.0
5264,371720,0.2239479562351801,6.0
5264,186453,0.04580158382613624,9.0
7633,494727,1.0,1.0
7633,284235,0.7173561960956953,2.0
7633,164008,0.48353134669245934,4.0
7633,175831,0.45922507073519436,5.0
7633,228983,0.4905709982648533,3.0
7633,413041,0.15913335987950225,10.0
7633,112714,0.24054244804311342,8.0
7633,127452,0.2652715836666117,7.0
7633,31465,0.20073276320584996,9.0
7633,394244,0.377459584548704,6.0
9291,17208,0.9973627966128995,1.0
9291,480315,0.7406194350030264,2.0
9291,536120,0.725428033233033,3.0
9291,377429,0.64747064225927,4.0
9291,539263,0.38715553653509616,6.0
9291,423658,0.3324664733784775,7.0
9291,172703,0.42029757765097514,5.0
9291,345199,0.20754824309874104,8.0
9291,61022,0.12602505037217712,9.0
9291,328086,0.0,10.0
4640,331534,1.0,1.0
4640,367785,0.6265176234403604,2.0
4640,104788,0.5010112634785466,3.0
4640,183612,0.28259431921385064,5.0
4640,526110,0.14815527527478284,8.0
4640,298099,0.43959017981006054,4.0
4640,454810,0.13123428706811194,9.0
4640,153541,0.22305874892924232,6.0
4640,49797,0.10478983977874075,10.0
4640,468923,0.16736860616791402,7.0
939,366761,0.8020896690477568,1.0
939,466084,0.26426285801306554,4.0
939,31793,0.40433491999108173,3.0
939,392434,0.5956302754245133,2.0
939,55666,0.2114184136944921,7.0
939,19183,0.24265062257252462,5.0
939,565181,0.11082438930768032,9.0
939,467575,0.018881762859833985,10.0
939,115333,0.1365504584396196,8.0
939,250702,0.2321511744015779,6.0
1306,387022,0.8244562125596575,1.0
1306,266952,0.45476544240066397,4.0
1306,594206,0.6536166896939146,2.0
1306,472243,0.5346431156170113,3.0
1306,447353,0.2373366814659838,6.0
1306,410119,0.24316928618402833,5.0
1306,460457,0.22973474015021766,7.0
1306,18003,0.14468876609063314,9.0
1306,372204,0.011899300680353282,10.0
1306,583203,0.19971425390369713,8.0
8475,104793,0.9153284554721939,1.0
8475,494655,0.9130703398845323,2.0
8475,240562,0.7797992335144274,3.0
8475,21311,0.40565831181265866,6.0
8475,437427,0.5022896613249399,4.0
8475,361028,0.09558756284974494,10.0
8475,51615,0.12757731214240714,9.0
8475,444107,0.4987048540868285,5.0
8475,72402,0.13857110777413298,8.0
8475,174335,0.22149930955020425,7.0
6807,332567,1.0,1.0
6807,402466,0.40590860902368553,2.0
6807,187583,0.23729198258374481,4.0
6807,459351,0.3044103619862719,3.0
6807,535697,0.23363865819796534,5.0
6807,59714,0.04805330625258677,10.0
6807,211622,0.1382004932640136,7.0
6807,11184,0.16820185786339392,6.0
6807,565765,0.12107744705812894,9.0
6807,93971,0.1275928505834104,8.0
5228,259476,0.7646490996372877,2.0
5228,158732,0.8434551221334534,1.0
5228,131774,0.7155059514447519,4.0
5228,331534,0.7185732625007023,3.0
5228,341947,0.6030759432399073,5.0
5228,366594,0.38686285144993016,8.0
5228,140038,0.38997314288364715,7.0
5228,156194,0.1275655444766586,9.0
5228,352120,0.5206435884479036,6.0
5228,414534,0.0,10.0
2856,108739,0.689907743893736,1.0
2856,296769,0.6315039101153402,2.0
2856,346042,0.573546748804372,3.0
2856,219033,0.4698117773944174,6.0
2856,361028,0.49896720677529693,5.0
2856,23340,0.337236655612147,8.0
2856,386173,0.11200848572445148,10.0
2856,231727,0.43807492133800857,7.0
2856,110848,0.5323686832073823,4.0
2856,213331,0.3358056660013879,9.0
3791,212222,1.0,1.0
3791,301570,0.08876999478314355,10.0
3791,521641,0.2478145377521033,5.0
3791,10790,0.16631614949405563,7.0
3791,197494,0.11711991510018688,9.0
3791,482415,0.27158751901509876,4.0
3791,572272,0.15968866941956406,8.0
3791,34925,0.2229248093799689,6.0
3791,440270,0.300974952549248,3.0
3791,577201,0.34772024629254644,2.0
4514,1642,0.7956404527821446,3.0
4514,156211,0.9006748720220814,1.0
4514,426270,0.8127883119160602,2.0
4514,317429,0.5975272058963579,4.0
4514,352485,0.5871553879511465,5.0
4514,197222,0.2900047968294371,7.0
4514,117451,0.16595042274309785,9.0
4514,565782,0.30368333559096955,6.0
4514,514417,0.17820890191638236,8.0
4514,134722,0.0,10.0
6122,496166,1.0,1.0
6122,118280,0.3129533609830324,3.0
6122,117274,0.30493755987468585,4.0
6122,305509,0.34319127135284977,2.0
6122,42533,0.2069111767569638,8.0
6122,219504,0.25134220311428035,5.0
6122,283072,0.014900635744087216,10.0
6122,428829,0.22147138949672168,7.0
6122,39819,0.14207002990480025,9.0
6122,102081,0.2434255977986015,6.0
8832,108059,0.5,2.0
8832,94689,0.9956197253701098,1.0
8832,597351,0.39122008459885194,3.0
8832,268289,0.32141033476851555,4.0
8832,170594,0.2627690653546203,5.0
8832,133093,0.22061774842033363,7.0
8832,259317,0.22439581999352232,6.0
8832,234103,0.1243828587943126,8.0
8832,195767,0.02892000127158797,10.0
8832,387141,0.02924158774163987,9.0
7145,301580,0.9382639206164239,1.0
7145,379311,0.8740973116365713,2.0
7145,62966,0.3460948825810882,5.0
7145,297290,0.5037928898369557,3.0
7145,451855,0.10400678865122144,10.0
7145,471964,0.22949100538200118,7.0
7145,453542,0.16334808022077912,9.0
7145,387277,0.2027645513188996,8.0
7145,81458,0.49172722018288784,4.0
7145,172703,0.25192847944708,6.0
7674,164008,0.6543535446147901,2.0
7674,249279,0.9381832672495676,1.0
7674,367641,0.22258382591165057,7.0
7674,89460,0.6122397143409788,4.0
7674,65120,0.6215801274190831,3.0
7674,494295,0.49171759279576466,5.0
7674,223206,0.22411177449963596,6.0
7674,452870,0.16955165066237632,8.0
7674,172443,0.036881360653377264,9.0
7674,2064,0.008217111557653168,10.0
8202,115553,0.7525475528847108,2.0
8202,92267,0.9935590881514983,1.0
8202,251704,0.31559874232451457,8.0
8202,514500,0.374722524416339,6.0
8202,60175,0.47795605629458804,4.0
8202,99857,0.5735399304687205,3.0
8202,186453,0.3849253576032704,5.0
8202,31465,0.13337123373150744,9.0
8202,59714,0.330331005356449,7.0
8202,265213,0.0,10.0
3682,233497,0.523781588095018,5.0
3682,329662,0.9922156821599286,1.0
3682,426223,0.5591178412891799,4.0
3682,537418,0.7276300224595178,3.0
3682,388613,0.34233040633063355,7.0
3682,336018,0.779003485479357,2.0
3682,27401,0.3184023029836284,8.0
3682,281707,0.1377455499589802,10.0
3682,55022,0.17491751587926177,9.0
3682,330041,0.37291847917396553,6.0
3446,323498,1.0,1.0
3446,211839,0.8463561032568471,2.0
3446,31550,0.6750522807006034,3.0
3446,505027,0.4976713590298387,4.0
3446,367785,0.4281065183164317,6.0
3446,204176,0.35218313948375946,7.0
3446,366685,0.465402889363946,5.0
3446,157702,0.2408100671829943,9.0
3446,241099,0.09165633907412679,10.0
3446,511386,0.25742922715816724,8.0
7592,40966,0.8876615207518237,1.0
7592,273947,0.7065708167781795,2.0
7592,593283,0.5505894273950162,5.0
7592,170141,0.1991875236077652,9.0
7592,208219,0.6132679282105085,4.0
7592,563025,0.6319432263932147,3.0
7592,73427,0.4088497179513532,6.0
7592,213370,0.31422723713881073,8.0
7592,15824,0.36454520082693,7.0
7592,198349,0.020092483422189993,10.0
6715,13732,0.9806927854061115,1.0
6715,568526,0.8077849336372187,2.0
6715,275902,0.419551702406852,4.0
6715,193312,0.42954864403716186,3.0
6715,518563,0.1358663135729704,10.0
6715,51729,0.30846656944238027,6.0
6715,457294,0.3143649992377929,5.0
6715,149306,0.27851273064640336,7.0
6715,526110,0.25818023411221847,8.0
6715,113619,0.255740673043033,9.0
2264,534454,1.0,1.0
2264,556976,0.4473658952605227,4.0
2264,244104,0.5856118748988137,2.0
2264,350819,0.17413775907756388,9.0
2264,588247,0.22108123876039087,8.0
2264,488574,0.5337273396478158,3.0
2264,31793,0.27000802401242324,5.0
2264,352838,0.15507103785358545,10.0
2264,450808,0.2611475973114789,6.0
2264,498834,0.2228372313555525,7.0
6121,315275,0.690098939319916,2.0
6121,289231,0.9372462877945884,1.0
6121,523158,0.21881483003849816,7.0
6121,184175,0.3193412202231268,3.0
6121,333184,0.14788148800114959,8.0
6121,524801,0.31484294083399655,4.0
6121,235545,0.2337002308804143,6.0
6121,570964,0.11283180496690495,10.0
6121,171339,0.13000827719398592,9.0
6121,344573,0.24919145429438494,5.0
3453,418626,1.0,1.0
3453,156211,0.6337201560921686,2.0
3453,1642,0.5127998498929847,4.0
3453,296516,0.1040239243046755,10.0
3453,233635,0.5310375089365702,3.0
3453,317429,0.2214512274374204,7.0
3453,352485,0.23343288515248617,5.0
3453,565782,0.21785856346881216,8.0
3453,337764,0.13358265936054492,9.0
3453,209804,0.2273411013621668,6.0
6985,561884,0.6347357866098007,2.0
6985,149305,0.45162204750862356,3.0
6985,456436,0.762170694748237,1.0
6985,78029,0.25564504403193666,5.0
6985,403755,0.2815045667672956,4.0
6985,538023,0.1850866953997214,9.0
6985,464533,0.08034721260009836,10.0
6985,196427,0.23364631454477086,8.0
6985,54584,0.2336807422171385,7.0
6985,587120,0.24351585770167078,6.0
2181,77245,0.9688502867866714,1.0
2181,234436,0.9622460269838699,2.0
2181,470289,0.832834417494703,3.0
2181,136315,0.2962268525377396,6.0
2181,101604,0.27569846618297195,8.0
2181,288189,0.36092988724975616,5.0
2181,391988,0.2642436593158226,9.0
2181,56718,0.37048443981357,4.0
2181,555732,0.283602182130415,7.0
2181,499782,0.0,10.0
8532,40702,0.7319797376766449,2.0
8532,416307,0.9927560765081387,1.0
8532,427726,0.6053777800559886,4.0
8532,543714,0.3933881324374429,6.0
8532,42438,0.6074309111440761,3.0
8532,344372,0.3703535431438508,7.0
8532,125355,0.3964473549639913,5.0
8532,483299,0.3586974150368903,9.0
8532,100103,0.2025851884278631,10.0
8532,6574,0.3701996886862983,8.0
4312,222639,0.8632207539400502,2.0
4312,282435,0.9437908344828372,1.0
4312,167950,0.8259560385129987,3.0
4312,324779,0.22311440994883405,7.0
4312,507284,0.5268926524156516,4.0
4312,116647,0.5000508027186625,5.0
4312,218759,0.20315113438645196,8.0
4312,535998,0.00825255819513131,10.0
4312,228341,0.2380179177905371,6.0
4312,535651,0.08224216993673356,9.0
9108,415976,0.5,4.0
9108,123702,0.6370148041297615,1.0
9108,133468,0.2669270662895901,8.0
9108,258291,0.5019278460605977,3.0
9108,461592,0.3350460656141036,6.0
9108,579763,0.5928735196506574,2.0
9108,472051,0.3540771560822314,5.0
9108,298128,0.13083981755390078,10.0
9108,305579,0.25251282494854094,9.0
9108,22221,0.2817605120516451,7.0
8116,433032,1.0,1.0
8116,319793,0.5403052239654547,3.0
8116,236482,0.6666487711617931,2.0
8116,182297,0.27577337199739715,6.0
8116,533457,0.5176347528581117,4.0
8116,403186,0.09925940006474192,9.0
8116,433197,0.4201810732541143,5.0
8116,38711,0.20526316126864852,8.0
8116,374867,0.21891177349737312,7.0
8116,314478,0.08952292216383845,10.0
9403,243148,0.5,3.0
9403,228403,0.5643863240746205,1.0
9403,175982,0.2553784734216876,7.0
9403,562793,0.37386959677476933,5.0
9403,81924,0.16932646207045038,8.0
9403,472516,0.11922428133976486,9.0
9403,513258,0.06910797999075806,10.0
9403,150650,0.510311068413774,2.0
9403,269898,0.4724176848430488,4.0
9403,29790,0.31778737485254677,6.0
776,124027,1.0,1.0
776,597247,0.37136630235763957,4.0
776,597880,0.4121587232793073,2.0
776,592680,0.35158710705811896,5.0
776,10440,0.38272104335500823,3.0
776,276411,0.022497593442985117,10.0
776,496899,0.29035998867121593,6.0
776,418864,0.26391801460458275,7.0
776,454810,0.21836276895925621,9.0
776,136270,0.2477570720838306,8.0
6199,473322,0.99628482357553,1.0
6199,157553,0.8713118593436548,2.0
6199,332314,0.5125570724020827,4.0
6199,521641,0.6709586440205307,3.0
6199,433801,0.3377938366392061,7.0
6199,93231,0.14736473542028355,10.0
6199,525827,0.3195728521677568,8.0
6199,409120,0.2214956391460663,9.0
6199,279845,0.33861508034247223,6.0
6199,366448,0.4456964157890527,5.0
1393,234436,0.9856952432189314,1.0
1393,220022,0.7986097432253274,2.0
1393,532932,0.7215540741241455,3.0
1393,394871,0.4950963993120765,6.0
1393,77245,0.5845883340720256,5.0
1393,352640,0.6218609308056695,4.0
1393,499782,0.13867637371934827,10.0
1393,326665,0.18902011987774997,9.0
1393,196920,0.3415365617314618,7.0
1393,555732,0.2663134390145932,8.0
9668,111768,0.9471384554859094,1.0
9668,75437,0.37945404553337103,6.0
9668,55022,0.24609951045424006,7.0
9668,6574,0.4231505418955517,4.0
9668,62151,0.38504493838691134,5.0
9668,594655,0.1082223861209288,10.0
9668,13260,0.5509476235991102,2.0
9668,79998,0.16021442758952043,8.0
9668,42438,0.5500725808405826,3.0
9668,416307,0.13604453225971866,9.0
9088,557219,0.9450420371291256,1.0
9088,224654,0.5877261187406196,3.0
9088,536120,0.4416367278579033,5.0
9088,226303,0.7326108903490205,2.0
9088,539263,0.2122270184655117,9.0
9088,511093,0.27613406105642524,8.0
9088,433809,0.15779905057673135,10.0
9088,472516,0.43655166186678446,6.0
9088,461051,0.46664543926420876,4.0
9088,344041,0.3296576494141763,7.0
3091,159936,0.9133813767443794,1.0
3091,187739,0.8548904391899319,2.0
3091,95778,0.6460097558028424,3.0
3091,416796,0.3127007981711258,6.0
3091,437538,0.2844880616118428,7.0
3091,254454,0.21391230903290206,8.0
3091,274870,0.4776734374050683,5.0
3091,426223,0.0043214797592038365,10.0
3091,366448,0.49342420890394284,4.0
3091,216384,0.1924066230486939,9.0
1157,405777,1.0,1.0
1157,266952,0.25534881209317634,5.0
1157,251411,0.2890693863103517,3.0
1157,243503,0.46954967282678167,2.0
1157,452544,0.25651219365185673,4.0
1157,564618,0.1266384389126649,7.0
1157,295980,0.011836537226254096,10.0
1157,388455,0.19853300134962404,6.0
1157,350819,0.03377546577529904,9.0
1157,97348,0.101254638618228,8.0
4335,318583,1.0,1.0
4335,322246,0.7448637164440008,2.0
4335,416225,0.3680470215766986,3.0
4335,109860,0.2051280338183807,6.0
4335,382381,0.08615021452586073,10.0
4335,110515,0.2513975848446553,5.0
4335,126134,0.26027129072932853,4.0
4335,190169,0.08868506101022382,9.0
4335,158185,0.16755491020391633,7.0
4335,274359,0.10366136866922704,8.0
8947,545759,0.5,4.0
8947,61022,0.6522747739330055,2.0
8947,532657,0.6206678480078893,3.0
8947,461592,0.7311062050298728,1.0
8947,461084,0.45292557451707344,5.0
8947,127134,0.3859094576695794,6.0
8947,384564,0.3094944448559444,7.0
8947,388646,0.1409034075096931,10.0
8947,452870,0.3052721786300958,8.0
8947,214901,0.16314803833641695,9.0
6410,418150,1.0,1.0
6410,112208,0.6467908460970245,2.0
6410,273861,0.4264602589875382,4.0
6410,172703,0.5167981445139616,3.0
6410,59994,0.42449536669320453,5.0
6410,528034,0.2715021287184739,9.0
6410,107092,0.08153046998147509,10.0
6410,100485,0.34588558448751205,6.0
6410,133093,0.29179322507426375,8.0
6410,87722,0.3020903897698813,7.0
5196,565745,1.0,1.0
5196,219033,0.7374375437011342,2.0
5196,213370,0.5842068664684019,3.0
5196,171339,0.4971481267787815,4.0
5196,356928,0.32195610878304465,6.0
5196,581889,0.16366931642951246,7.0
5196,273528,0.1420719944765907,8.0
5196,114829,0.10207667282967296,9.0
5196,555101,0.0036817248115296394,10.0
5196,474050,0.3968436296673464,5.0
8789,87349,1.0,1.0
8789,41912,0.5631470621113883,2.0
8789,102436,0.23437590098168937,4.0
8789,58290,0.19211791436722314,6.0
8789,14870,0.29117126096784096,3.0
8789,328341,0.168954460379093,7.0
8789,152014,0.1400220562012694,8.0
8789,296528,0.007015697294206577,10.0
8789,213526,0.19661102330710828,5.0
8789,316838,0.09881879870396017,9.0
5808,251824,1.0,1.0
5808,51615,0.30663673720424045,6.0
5808,535697,0.5700927370285475,2.0
5808,43781,0.36291305035308985,5.0
5808,226053,0.21769657086135652,8.0
5808,226070,0.36810595425824577,4.0
5808,271243,0.3996793094389721,3.0
5808,88477,0.025852339565297876,10.0
5808,350145,0.06296011168252694,9.0
5808,72652,0.23977941463126068,7.0
9701,225682,1.0,1.0
9701,19711,0.34125647223191485,3.0
9701,494926,0.2954315853071177,4.0
9701,384230,0.08383892336454707,10.0
9701,457416,0.24043397834384203,6.0
9701,279865,0.3966187172129162,2.0
9701,473540,0.2896644805035875,5.0
9701,76054,0.14264505352548384,9.0
9701,533515,0.23429722971691302,7.0
9701,321969,0.18739323341812217,8.0
3179,56718,0.8195998746509976,2.0
3179,385073,0.952398023715843,1.0
3179,150219,0.7916251086822614,3.0
3179,243503,0.2924993135596792,6.0
3179,442142,0.31273167156733317,5.0
3179,352838,0.4215611449703822,4.0
3179,124630,0.028921062993742787,10.0
3179,431685,0.22907215111205806,7.0
3179,597247,0.053128391844076944,9.0
3179,174335,0.16332431859722835,8.0
6896,196427,0.8099196347753854,1.0
6896,330041,0.6689542430073329,2.0
6896,244749,0.36237745966011103,6.0
6896,223070,0.46224832375176794,4.0
6896,403755,0.22206667430719004,9.0
6896,38711,0.2286244845518015,8.0
6896,149305,0.22087362698868596,10.0
6896,106501,0.37171273923852843,5.0
6896,587120,0.5313150958737162,3.0
6896,102443,0.3028424426258048,7.0
2513,25762,0.7440445568156473,1.0
2513,518624,0.5196208480505935,3.0
2513,588247,0.3976292740747378,4.0
2513,82344,0.6555217304576069,2.0
2513,97348,0.3138961621216258,5.0
2513,102443,0.19694933299413325,8.0
2513,405777,0.2694518427984928,7.0
2513,352838,0.29532305022473077,6.0
2513,147646,0.0883610765764756,9.0
2513,120090,0.0,10.0
8937,294295,0.6888243185210695,1.0
8937,13260,0.38116426538338544,6.0
8937,336541,0.43822077160725614,5.0
8937,320101,0.46281620381676336,4.0
8937,416307,0.4869578002364144,3.0
8937,100103,0.37783932876098764,7.0
8937,363043,0.5252736981935835,2.0
8937,429378,0.019181186269547457,10.0
8937,88892,0.1883144367094995,9.0
8937,214003,0.24398626261814801,8.0
9643,112208,1.0,1.0
9643,100485,0.5858433101420871,2.0
9643,480315,0.3694394368589731,3.0
9643,428082,0.11076843036391146,10.0
9643,467575,0.19600338025967695,7.0
9643,87722,0.2565130890263954,5.0
9643,581038,0.2786881797681238,4.0
9643,214542,0.17749066335264635,8.0
9643,539263,0.24129081280043949,6.0
9643,156816,0.16782376538587873,9.0
5653,588247,1.0,1.0
5653,483456,0.20406409098713707,2.0
5653,14543,0.14090809868015405,5.0
5653,87722,0.11718521044713767,8.0
5653,290930,0.19750317299955233,3.0
5653,461592,0.12614379841706333,7.0
5653,446984,0.04337804619863567,9.0
5653,583635,0.1299112716390523,6.0
5653,31377,0.1420030768756251,4.0
5653,66631,0.023637633709754125,10.0
2551,143100,1.0,1.0
2551,479276,0.4957567041060751,2.0
2551,202990,0.2907677497345311,3.0
2551,9938,0.12214728171974226,7.0
2551,394460,0.19405649573181177,4.0
2551,242124,0.12859498240113218,6.0
2551,523158,0.162705395883786,5.0
2551,384642,0.06898554537360141,8.0
2551,572272,0.020156185953172107,9.0
2551,362805,0.0,10.0
1948,467509,1.0,1.0
1948,108739,0.5604603823581151,2.0
1948,356928,0.5111009337464893,3.0
1948,223206,0.18508599295499675,9.0
1948,219033,0.4734087139835699,4.0
1948,443795,0.3532874666659117,6.0
1948,362215,0.4408999234576221,5.0
1948,377571,0.2171423502392973,8.0
1948,399700,0.08199804623898269,10.0
1948,213331,0.23534923688414586,7.0
4920,228341,1.0,1.0
4920,82294,0.9355413003094446,2.0
4920,277217,0.4580172297533546,4.0
4920,306815,0.8053205191750422,3.0
4920,22221,0.08858348791094413,7.0
4920,371720,0.09344726670604074,6.0
4920,415340,0.032215852599175455,9.0
4920,323363,0.04904350324346283,8.0
4920,283202,0.03139321419647982,10.0
4920,115517,0.1430236515126119,5.0
2589,450577,1.0,1.0
2589,43961,0.8314508007631227,2.0
2589,468144,0.5982754782700573,3.0
2589,437969,0.18618094783803163,5.0
2589,581889,0.23140426205323084,4.0
2589,509650,0.13210425668602788,8.0
2589,75252,0.14607059695125696,7.0
2589,307610,0.11652557354140791,9.0
2589,557877,0.1737500439015578,6.0
2589,527698,0.0,10.0
7513,112208,0.9482071667889357,1.0
7513,172703,0.8284898918032312,2.0
7513,328086,0.7122795114265803,4.0
7513,115372,0.7455198348262735,3.0
7513,273861,0.583490307667257,5.0
7513,87722,0.19926897489933765,9.0
7513,377429,0.28897296457223504,7.0
7513,387277,0.26386180454829283,8.0
7513,62966,0.48457883663390666,6.0
7513,418150,0.1465297602156721,10.0
5410,13975,1.0,1.0
5410,371720,0.3846687895157083,4.0
5410,494323,0.6741023314269377,2.0
5410,249844,0.2917567636107014,7.0
5410,488258,0.4246260159081046,3.0
5410,75235,0.2542097732878773,8.0
5410,488732,0.33109247606360825,6.0
5410,457532,0.19845360882789262,9.0
5410,108739,0.3742265552415428,5.0
5410,193312,0.11585776069973101,10.0
2334,228403,1.0,1.0
2334,107092,0.28037504756728515,6.0
2334,150650,0.5401421390907255,2.0
2334,93936,0.35279039890306246,4.0
2334,2304,0.4613238612617946,3.0
2334,208219,0.30709104739982473,5.0
2334,274870,0.08449829290477076,9.0
2334,156194,0.010020961752701472,10.0
2334,204917,0.2764029579090593,7.0
2334,385506,0.15132602608884124,8.0
1783,445298,1.0,1.0
1783,306800,0.6482732708497493,2.0
1783,309555,0.5005779315295739,5.0
1783,167660,0.6161852057317058,3.0
1783,272425,0.5730653594343877,4.0
1783,43497,0.14981146603298573,8.0
1783,57320,0.39165748784814136,6.0
1783,384631,0.14130645411359988,9.0
1783,179066,0.3036975902544049,7.0
1783,102237,0.026373981059519623,10.0
4641,494753,0.7352438330559243,1.0
4641,213673,0.644659145953517,3.0
4641,237580,0.621676340503394,4.0
4641,44594,0.7316548310649877,2.0
4641,211867,0.15284784800850643,10.0
4641,406219,0.5491578001171122,5.0
4641,409120,0.2981132452579904,6.0
4641,461592,0.24331416683352994,7.0
4641,450228,0.18971121929498846,9.0
4641,192811,0.24009236284244193,8.0
1469,444589,1.0,1.0
1469,243503,0.4030942688935836,3.0
1469,426570,0.4992652968706027,2.0
1469,469776,0.10573513578916885,9.0
1469,18003,0.3099586177688868,5.0
1469,421371,0.35114174240051976,4.0
1469,335336,0.11931171797500327,8.0
1469,484649,0.23104569267173466,7.0
1469,56320,0.2599028840514696,6.0
1469,451737,0.003041564837559745,10.0
10267,569632,1.0,1.0
10267,487348,0.3707288268428192,4.0
10267,22036,0.4123798836010737,3.0
10267,522713,0.23892539415081887,5.0
10267,457108,0.5606757115301862,2.0
10267,379667,0.12765422320913491,10.0
10267,330379,0.15054479285208916,8.0
10267,108859,0.2221822585055857,6.0
10267,186578,0.14638508016428173,9.0
10267,17652,0.20945863167981832,7.0
3771,59994,0.993959913998619,1.0
3771,95966,0.3277229479585702,3.0
3771,13346,0.6229080967629071,2.0
3771,40062,0.28935531256443814,4.0
3771,95762,0.0457454060717139,10.0
3771,97764,0.22304574530568172,5.0
3771,478890,0.0871942038545935,8.0
3771,515072,0.2058002217375521,6.0
3771,303025,0.10857828428591779,7.0
3771,346450,0.058899452746319365,9.0
10497,147765,1.0,1.0
10497,159880,0.9357071951103304,2.0
10497,445230,0.685828961149896,3.0
10497,535705,0.22926448900084856,7.0
10497,575729,0.45676426858384533,6.0
10497,71898,0.5916913738401759,4.0
10497,569461,0.11965692437387644,9.0
10497,31483,0.4617467167572645,5.0
10497,456436,0.05266010518188265,10.0
10497,160301,0.2056988313626976,8.0
2472,337165,0.5291969886848806,2.0
2472,584273,0.6351476618952454,1.0
2472,138151,0.27976900730850096,6.0
2472,534099,0.43052020068402397,5.0
2472,416796,0.26238524516822703,7.0
2472,366597,0.5036938685056863,3.0
2472,216384,0.12047969458538096,10.0
2472,187739,0.2288542913143967,8.0
2472,169921,0.21045793198458324,9.0
2472,518563,0.5,4.0
503,171761,0.9723858579948355,1.0
503,257656,0.23939375095489004,5.0
503,405374,0.671976526635053,2.0
503,433032,0.3079439831835468,4.0
503,343489,0.047159256817530845,9.0
503,531990,0.18018889280843225,7.0
503,156816,0.4182253282021903,3.0
503,100485,0.012188645747329068,10.0
503,69965,0.16590318337837826,8.0
503,350680,0.20339059640876003,6.0
6832,552346,0.9039212274089425,1.0
6832,573874,0.6547533598559356,2.0
6832,244749,0.20242613033786316,5.0
6832,377853,0.6037605224511635,3.0
6832,116694,0.04316582426805108,9.0
6832,108040,0.18405258948233974,7.0
6832,349554,0.4596448545951081,4.0
6832,459351,0.18155732732762545,8.0
6832,42533,0.021846581411624794,10.0
6832,239214,0.18618217941101584,6.0
864,24890,0.8749085889146264,2.0
864,30142,0.9266922127703341,1.0
864,450808,0.38742727869848914,5.0
864,472924,0.8293655915319904,3.0
864,566337,0.641160932186891,4.0
864,291726,0.36313505829002,6.0
864,479625,0.3468561554009157,7.0
864,175339,0.22423203938084532,9.0
864,231947,0.11999115808999133,10.0
864,244104,0.2739885232046288,8.0
2580,11988,0.8775387624324605,1.0
2580,344118,0.8207361490879679,2.0
2580,371720,0.3820382339480425,3.0
2580,87722,0.11513355007677993,10.0
2580,360481,0.126480437164062,9.0
2580,75764,0.14047954486859254,8.0
2580,585447,0.3274472063133722,4.0
2580,114439,0.20114201329781897,6.0
2580,272738,0.16413914756645093,7.0
2580,503934,0.24769226307385825,5.0
6625,416307,0.7163581795243077,2.0
6625,88892,0.8603753790763653,1.0
6625,336541,0.4525096040870998,5.0
6625,27401,0.4631993609905853,3.0
6625,320101,0.4622857139167895,4.0
6625,557356,0.2756098505525192,7.0
6625,138703,0.2057663168148679,8.0
6625,13260,0.3152178761929261,6.0
6625,595133,0.013706657720570517,10.0
6625,75437,0.14878064089682486,9.0
2685,308837,0.536760212295644,2.0
2685,539133,0.21656931968279053,4.0
2685,302792,0.15971536441021972,6.0
2685,243499,0.13377359258090976,7.0
2685,575497,0.22138013330466857,3.0
2685,158845,0.09313280078488585,8.0
2685,284075,0.17573090198272756,5.0
2685,382005,0.5609304464150549,1.0
2685,136825,0.04532729484584864,10.0
2685,395357,0.08987315118105609,9.0
68,123634,0.8014778029853568,2.0
68,296098,0.7068501565436702,3.0
68,528564,0.8357364801080586,1.0
68,197839,0.26593505752876573,9.0
68,532932,0.5541489775111839,4.0
68,352640,0.3343629520564513,7.0
68,327002,0.538146507338615,5.0
68,55666,0.28704512218444184,8.0
68,232199,0.45257642570403656,6.0
68,259766,0.12304017121033682,10.0
813,548705,0.9627468534441059,1.0
813,284411,0.7947495823659281,2.0
813,196427,0.7935555673493386,3.0
813,2809,0.3737969259050142,4.0
813,127974,0.23066143037932285,7.0
813,171596,0.31275262495578415,5.0
813,318583,0.10238317954333803,9.0
813,459677,0.27375624613125854,6.0
813,418630,0.1768001884541251,8.0
813,123468,0.0,10.0
7345,69790,0.6073197482370324,1.0
7345,254288,0.45440571911565286,6.0
7345,67063,0.5618524106511846,4.0
7345,98130,0.6019365589714815,2.0
7345,416727,0.39973324406353966,7.0
7345,417840,0.215123787928945,8.0
7345,108,0.5778258758613943,3.0
7345,90447,0.46822906932817265,5.0
7345,348405,0.1557572543622567,9.0
7345,504996,0.0,10.0
8970,96121,1.0,1.0
8970,108040,0.8008239155916628,2.0
8970,187583,0.6930209025726678,3.0
8970,496899,0.5434382074975541,5.0
8970,537857,0.5850055167670867,4.0
8970,314478,0.11400441740825995,8.0
8970,167356,0.1558966013635584,7.0
8970,11988,0.23566553494266013,6.0
8970,128574,0.04256074857148155,9.0
8970,514500,0.017735545203292475,10.0
7105,72652,1.0,1.0
7105,307380,0.6380826139367286,2.0
7105,220060,0.2952890709890647,4.0
7105,455891,0.27425640437970206,5.0
7105,490294,0.20326972356726222,7.0
7105,314919,0.3219022709560061,3.0
7105,324037,0.13003653431370346,9.0
7105,228341,0.253191239663594,6.0
7105,479384,0.1563786181070153,8.0
7105,366488,0.0,10.0
1310,535651,0.8970140929160947,1.0
1310,471870,0.2516814014548586,5.0
1310,565698,0.3363896323199558,3.0
1310,344648,0.10876741984853569,9.0
1310,55022,0.3133799857387948,4.0
1310,346622,0.1788876599272877,8.0
1310,24567,0.5141303858990652,2.0
1310,489401,0.20233783832208532,6.0
1310,297831,0.08434843849207893,10.0
1310,44492,0.1854051963671055,7.0
9060,12432,0.6541960206610327,2.0
9060,511093,0.9208213904960948,1.0
9060,108,0.3206892237175204,5.0
9060,13260,0.40684681192453287,3.0
9060,511515,0.1588573833912533,9.0
9060,304304,0.17995073172876944,8.0
9060,37517,0.2961254070132851,6.0
9060,75437,0.3345076173878148,4.0
9060,43087,0.20723867973512203,7.0
9060,111768,0.10959081787381417,10.0
2549,418150,0.8206668400068545,1.0
2549,327978,0.6584560884433209,2.0
2549,14368,0.6270466363597118,3.0
2549,307380,0.46625882600952107,4.0
2549,301224,0.2975411669320233,6.0
2549,59714,0.28543101757658895,7.0
2549,44601,0.3931356294790067,5.0
2549,265874,0.24944117617104072,8.0
2549,17923,0.20143532069171713,9.0
2549,350145,0.0,10.0
559,401254,0.6723647825127539,1.0
559,213370,0.2805270945904518,6.0
559,151639,0.5613197895474081,2.0
559,198349,0.35533894472723154,4.0
559,485195,0.08414324562328973,8.0
559,494689,0.23114225613813344,7.0
559,21194,0.07430781286595287,9.0
559,281977,0.34670015760643463,5.0
559,61706,0.048622029339053,10.0
559,75252,0.5,3.0
7218,266900,0.895610857914836,1.0
7218,32290,0.8771731987170002,2.0
7218,117576,0.2633410550156176,5.0
7218,537418,0.2605800572646939,6.0
7218,482517,0.09133481035745965,8.0
7218,125659,0.3039465992042444,4.0
7218,40447,0.08302905222684184,9.0
7218,6701,0.05759374910487372,10.0
7218,158520,0.19582529019162517,7.0
7218,314478,0.36083353824219555,3.0
2400,158523,0.5,5.0
2400,456470,0.8247824741461618,1.0
2400,29306,0.604281989030675,2.0
2400,22469,0.3634429370175842,6.0
2400,3118,0.5743586449720323,3.0
2400,226967,0.3221219564353964,7.0
2400,571258,0.24306449810130937,8.0
2400,1198,0.5377686271618762,4.0
2400,307424,0.11032214216049939,10.0
2400,535697,0.12301691342518965,9.0
2348,447619,1.0,1.0
2348,112591,0.5234342510462286,4.0
2348,306430,0.735009554158033,2.0
2348,244433,0.39957363358705283,5.0
2348,268261,0.5876579801310353,3.0
2348,265874,0.382964766398547,6.0
2348,403025,0.15324031914279093,8.0
2348,117576,0.1568220490243971,7.0
2348,14870,0.14282416508157586,9.0
2348,12432,0.0,10.0
3615,335991,1.0,1.0
3615,518379,0.8916849704188765,2.0
3615,72402,0.5063060424302732,3.0
3615,72160,0.5010276474448309,4.0
3615,156358,0.28745334771497955,7.0
3615,482544,0.2972658548029807,6.0
3615,174335,0.27327900970931374,8.0
3615,341493,0.3264862072181818,5.0
3615,17166,0.1672393251097099,9.0
3615,489401,0.0,10.0
8102,314478,0.7913033139026617,1.0
8102,149305,0.3727114622791009,4.0
8102,416307,0.33021131782369917,5.0
8102,99857,0.4557851877017043,3.0
8102,552707,0.6417560447804799,2.0
8102,223309,0.1400959607880571,10.0
8102,481166,0.26843085385030646,6.0
8102,320101,0.14701335055262277,9.0
8102,344372,0.2479590646405059,7.0
8102,408123,0.20982834767254227,8.0
5155,462892,1.0,1.0
5155,367785,0.3533728176616949,3.0
5155,69495,0.4759491928359127,2.0
5155,280805,0.29651853585884536,4.0
5155,175265,0.06040301694242071,9.0
5155,305671,0.12599199729558908,6.0
5155,191495,0.10944325262596755,7.0
5155,537725,0.1034747642980546,8.0
5155,157702,0.27612132796715694,5.0
5155,409573,0.018740903397700355,10.0
2460,530037,0.975068986571058,1.0
2460,584337,0.9155810613230869,2.0
2460,279346,0.6605736131144697,3.0
2460,549180,0.6476874077942207,4.0
2460,196427,0.12884721103886312,8.0
2460,502281,0.2253751046361407,6.0
2460,512803,0.44674076709821553,5.0
2460,505028,0.08513920166294042,9.0
2460,295980,0.01959302150415167,10.0
2460,38711,0.1793050723073561,7.0
2399,343489,1.0,1.0
2399,583124,0.355098526584816,2.0
2399,468743,0.2617372980878392,4.0
2399,29790,0.17211147131582252,6.0
2399,19606,0.2317515819187943,5.0
2399,521712,0.2722660135064837,3.0
2399,510314,0.05777879134900783,8.0
2399,476834,0.04704673951220406,9.0
2399,457419,0.08002945065755915,7.0
2399,442489,0.0,10.0
4071,170594,0.7375035681644139,2.0
4071,328556,0.840817761838784,1.0
4071,337764,0.4379767467774218,8.0
4071,296516,0.6786096945065405,4.0
4071,135113,0.7125245991863981,3.0
4071,565782,0.5229701243354684,6.0
4071,352485,0.6188274222407825,5.0
4071,368150,0.11661412802034703,10.0
4071,317429,0.4387324070467112,7.0
4071,543589,0.1760598233285311,9.0
18,431685,0.7682657348771436,1.0
18,88124,0.6783937650930494,2.0
18,161162,0.1252254874778377,8.0
18,528564,0.14009095775398756,7.0
18,227098,0.22174605540851153,4.0
18,172594,0.16188531833595274,6.0
18,152218,0.08235081218001797,9.0
18,349554,0.04032459979223278,10.0
18,366761,0.4319152161279603,3.0
18,143622,0.17072931100915287,5.0
2306,581889,1.0,1.0
2306,509650,0.39894671277363003,4.0
2306,494689,0.4062905968505527,3.0
2306,75252,0.4908835910096153,2.0
2306,368806,0.28183043197645485,5.0
2306,246459,0.2627810117812318,7.0
2306,485195,0.27222668476269263,6.0
2306,401254,0.16465230190152572,9.0
2306,399013,0.00022938559965848555,10.0
2306,160125,0.19712201008755925,8.0
3051,232063,0.9133104665192393,1.0
3051,591940,0.8066816294295851,2.0
3051,306144,0.46216558255416873,3.0
3051,318266,0.2471512593588278,6.0
3051,583956,0.3398645906830747,4.0
3051,73434,0.0520132917919946,10.0
3051,66246,0.2965705963092049,5.0
3051,110515,0.14061404936689922,9.0
3051,393953,0.22489745522498977,7.0
3051,387165,0.20462635895071696,8.0
2395,594182,1.0,1.0
2395,149306,0.7199557147428703,2.0
2395,568526,0.474172710031477,3.0
2395,308837,0.2783112476674743,5.0
2395,13732,0.42520136030483824,4.0
2395,307999,0.13399038424889254,9.0
2395,387010,0.25109075390024904,6.0
2395,414192,0.0004478388745828782,10.0
2395,13153,0.15290383203317698,7.0
2395,204176,0.14246518540865968,8.0
5134,17208,0.7715013455821697,1.0
5134,579557,0.7349428254965165,2.0
5134,536120,0.5878186816776805,5.0
5134,100485,0.5992642381810953,4.0
5134,172703,0.52149084242843,6.0
5134,206727,0.6734812460326562,3.0
5134,122012,0.2744310592001156,8.0
5134,453542,0.3028291260603528,7.0
5134,328086,0.028804086447294992,9.0
5134,539263,0.02329180776022593,10.0
5343,204075,1.0,1.0
5343,296528,0.4339952423666521,6.0
5343,366597,0.5775405577974206,4.0
5343,581889,0.5581949187786817,5.0
5343,184175,0.7102714565400728,2.0
5343,367641,0.5817671528273067,3.0
5343,157553,0.24321555570842068,7.0
5343,405702,0.20420290129213975,9.0
5343,548433,0.21275014569954157,8.0
5343,17443,0.13190469723109,10.0
5254,471723,0.6048194645458057,2.0
5254,59714,0.38259289553350456,3.0
5254,402466,0.7405470305720114,1.0
5254,383978,0.2991115442637925,4.0
5254,78675,0.25769700418273506,6.0
5254,14368,0.2985726996646655,5.0
5254,467390,0.05029897996007393,9.0
5254,327978,0.2255816206423476,7.0
5254,44601,0.20576946686314693,8.0
5254,297290,0.016009895135064685,10.0
3049,582864,1.0,1.0
3049,352640,0.6527770975944939,3.0
3049,77245,0.7195937568406309,2.0
3049,536849,0.299490900908819,5.0
3049,220022,0.20474075032935402,7.0
3049,127974,0.3330256086945891,4.0
3049,132780,0.16997792341580586,8.0
3049,445052,0.13855280941758732,9.0
3049,263361,0.008035267636289633,10.0
3049,555732,0.2466772916226374,6.0
7509,61191,0.5,2.0
7509,423034,0.3119028124161508,6.0
7509,472051,0.37970262809553984,5.0
7509,298128,0.26026648518834605,7.0
7509,461592,0.2572228134579743,8.0
7509,22221,0.4117856814653356,4.0
7509,480944,0.1196812228436388,10.0
7509,301580,0.12016049013149122,9.0
7509,323363,0.519443328294262,1.0
7509,392826,0.41986322188695346,3.0
5067,328341,0.946035609704122,1.0
5067,366830,0.8803653837400146,3.0
5067,547301,0.8838473591568806,2.0
5067,539133,0.7339687420545009,4.0
5067,231227,0.40632932923722687,7.0
5067,88124,0.36946583010045825,8.0
5067,172594,0.5581489140687628,5.0
5067,460357,0.16331947294505317,9.0
5067,18001,0.43247196329586124,6.0
5067,574327,0.0,10.0
8456,257853,1.0,1.0
8456,115141,0.5917913122192635,4.0
8456,125659,0.35242379260648626,7.0
8456,486696,0.6232398485447529,3.0
8456,81924,0.49499103497015867,6.0
8456,159703,0.6655337174138347,2.0
8456,193398,0.5132248310370229,5.0
8456,431507,0.09345017708918532,8.0
8456,290156,0.011126361677051732,9.0
8456,367137,0.0,10.0
10734,62882,0.9848392267436781,1.0
10734,426278,0.8198742746163874,2.0
10734,461261,0.26496980007617554,5.0
10734,207354,0.22377673121956038,6.0
10734,467044,0.13819663090124118,7.0
10734,589970,0.5981626599077758,3.0
10734,549759,0.08920950113087325,8.0
10734,55064,0.021791578728885888,10.0
10734,58937,0.37699950828694895,4.0
10734,551934,0.0561854724077668,9.0
5178,507544,0.9215382130769845,1.0
5178,257016,0.8050799429646023,2.0
5178,572272,0.5145836560799186,3.0
5178,9656,0.35174686459401505,6.0
5178,76414,0.48748032345282727,4.0
5178,60355,0.12854321263232843,9.0
5178,437538,0.39898613985227926,5.0
5178,268553,0.3025766657151683,7.0
5178,579235,0.0028552820439435274,10.0
5178,216384,0.20712168285853624,8.0
9174,303025,0.7802279037029545,1.0
9174,404339,0.744402531785604,2.0
9174,149306,0.5074536508026027,4.0
9174,313437,0.2767438607842009,8.0
9174,272008,0.5562302092747419,3.0
9174,374750,0.49827986012555253,5.0
9174,21194,0.1577883364381384,9.0
9174,265098,0.3714474779757163,6.0
9174,479625,0.020033498804664724,10.0
9174,434812,0.31812108957223645,7.0
988,501384,1.0,1.0
988,280967,0.5725282894564844,2.0
988,301224,0.5157736664401652,3.0
988,187196,0.14845111285387605,8.0
988,45029,0.3403265708954575,6.0
988,287991,0.3302676914939624,7.0
988,236899,0.13475256746439931,9.0
988,201495,0.3948574433599104,5.0
988,345199,0.4170170221118385,4.0
988,455398,0.07067757634470417,10.0
2154,476632,1.0,1.0
2154,132371,0.5841221201571135,3.0
2154,153541,0.5907241813611576,2.0
2154,366761,0.33512163360693803,5.0
2154,62966,0.05914624073224501,10.0
2154,24890,0.4240258198966838,4.0
2154,147080,0.21286582742139973,8.0
2154,450808,0.3036604336796529,6.0
2154,150219,0.18321065345185836,9.0
2154,148757,0.2232449484546338,7.0
9646,272784,0.906849577231444,1.0
9646,236482,0.7042010006117725,3.0
9646,29306,0.6608827624560687,4.0
9646,556191,0.7812697333682317,2.0
9646,395437,0.1710211734259638,6.0
9646,96121,0.10982061990113894,8.0
9646,26203,0.3005633150028006,5.0
9646,257853,0.13665737702616126,7.0
9646,323768,0.011396478828830063,10.0
9646,535697,0.09614558308186646,9.0
3033,571430,1.0,1.0
3033,518624,0.7001899528187115,2.0
3033,318583,0.36243880285520774,4.0
3033,123468,0.37687828875172513,3.0
3033,295980,0.1882008238175471,7.0
3033,481102,0.3115830510429512,6.0
3033,398622,0.1720678656137533,8.0
3033,570453,0.15497792057576343,9.0
3033,387010,0.3217852291736538,5.0
3033,62966,0.0,10.0
15,583956,0.6318382908653929,3.0
15,119213,0.4154483352251297,4.0
15,170294,0.6553058573552563,2.0
15,325273,0.7535618809392401,1.0
15,570155,0.29630779784621364,6.0
15,509723,0.2497616658911449,7.0
15,18509,0.30191420153973586,5.0
15,298159,0.061500105910331185,10.0
15,338313,0.1074601674094354,9.0
15,387165,0.16455563179277455,8.0
6612,274870,0.7715300389915102,2.0
6612,254454,0.9311839561882465,1.0
6612,216384,0.6579853515472016,3.0
6612,187739,0.5424177713950249,4.0
6612,366448,0.37757558490776555,5.0
6612,95778,0.2310025161893944,9.0
6612,205522,0.2653544655439597,8.0
6612,416796,0.3335360443985446,6.0
6612,159936,0.28041564768484195,7.0
6612,108302,0.0,10.0
5940,304743,0.9222761763171552,1.0
5940,326665,0.6270762992783944,3.0
5940,226303,0.2474860100447664,8.0
5940,438243,0.6889026261439772,2.0
5940,428082,0.3145275760889149,7.0
5940,433490,0.42125985234369845,6.0
5940,167684,0.4346676096416582,5.0
5940,16670,0.191356580739034,9.0
5940,150650,0.18290614007228365,10.0
5940,546313,0.49153242199127034,4.0
9385,403755,1.0,1.0
9385,442127,0.627535680361868,2.0
9385,1198,0.34369632865761873,5.0
9385,379667,0.3531550057373827,4.0
9385,341579,0.3866766995622807,3.0
9385,70853,0.21716981506378558,6.0
9385,57138,0.18310306017690478,7.0
9385,407654,0.06003753018682373,9.0
9385,208070,0.10161616814178005,8.0
9385,62151,0.0480601231963132,10.0
9332,159577,0.8344497886745523,1.0
9332,293687,0.6329641357739064,3.0
9332,271243,0.7290034712960757,2.0
9332,212770,0.233730888955582,6.0
9332,178521,0.5859521013989146,4.0
9332,286074,0.17925885161961497,8.0
9332,271766,0.49398194153128383,5.0
9332,123418,0.18624614825731042,7.0
9332,236389,0.014300291852881293,10.0
9332,444107,0.1251975602389264,9.0
8275,435963,0.913463210486893,1.0
8275,26203,0.48125871238457163,4.0
8275,514500,0.23068955443721692,8.0
8275,294867,0.6892472921156946,2.0
8275,571306,0.4937105826545978,3.0
8275,114439,0.3517144129010482,6.0
8275,576564,0.2177801592328476,9.0
8275,99757,0.25144473068680917,7.0
8275,44601,0.07301246772459051,10.0
8275,554568,0.4513835765472694,5.0
4785,435021,0.5282654316622871,2.0
4785,37517,0.9725470056929504,1.0
4785,326991,0.25950656554241003,4.0
4785,85522,0.0679901063158491,9.0
4785,34789,0.11491572026174363,7.0
4785,564841,0.16862478260246827,6.0
4785,162456,0.2829603831329749,3.0
4785,69696,0.03287102602178484,10.0
4785,140170,0.10287684583389332,8.0
4785,385574,0.17917776585746675,5.0
4465,569461,0.8698787502255938,2.0
4465,561377,0.5581105716167083,4.0
4465,299242,0.8784455974011766,1.0
4465,349710,0.45740166314474023,6.0
4465,344041,0.5942000038316168,3.0
4465,109860,0.43704876332048337,7.0
4465,226303,0.45968761565239774,5.0
4465,170294,0.10871787497368197,10.0
4465,213591,0.3137574378940018,9.0
4465,461051,0.4123278478017068,8.0
7279,476834,1.0,1.0
7279,214542,0.5647523188769757,2.0
7279,412502,0.45392244803258264,4.0
7279,50744,0.5128247790998721,3.0
7279,27081,0.4297983881747321,5.0
7279,322456,0.3923278513243935,6.0
7279,442489,0.10705675104984327,8.0
7279,19606,0.14889452263291134,7.0
7279,343489,0.0005044310514420959,10.0
7279,29790,0.008555799843553882,9.0
7431,281707,0.9153372174206287,1.0
7431,372921,0.8982641396125013,2.0
7431,292991,0.5083711230641266,4.0
7431,501384,0.437542498343273,5.0
7431,423403,0.6292026167089309,3.0
7431,44594,0.13197970816306162,9.0
7431,305287,0.30681942334886375,6.0
7431,114768,0.2114667768621883,7.0
7431,178303,0.05331790538505732,10.0
7431,257248,0.19209397745548634,8.0
2118,76515,0.6667161463569675,2.0
2118,338313,0.5186593093577351,4.0
2118,384322,0.6056273550846811,3.0
2118,467509,0.3156562959552898,6.0
2118,411061,0.6813466477581347,1.0
2118,191977,0.4114399535731754,5.0
2118,328556,0.23097629223030985,7.0
2118,528661,0.10704451566851554,8.0
2118,361028,0.02142692150844502,10.0
2118,373271,0.05853752051477557,9.0
5380,549254,1.0,1.0
5380,216196,0.4538191353530569,2.0
5380,46099,0.12321702186163583,6.0
5380,360481,0.28221437927317883,4.0
5380,175771,0.06207143805944185,10.0
5380,242524,0.32297431170269775,3.0
5380,507284,0.23843340199220647,5.0
5380,416307,0.09653241712462357,9.0
5380,345895,0.09909375852079198,8.0
5380,336772,0.10501626668165122,7.0
3404,62966,0.5379863976546213,2.0
3404,322246,0.4079491185898485,4.0
3404,583635,0.3282747161642362,7.0
3404,272425,0.4391600132094515,3.0
3404,153541,0.33852924574950105,6.0
3404,251411,0.2532964604018148,9.0
3404,488574,0.5960786675885136,1.0
3404,241136,0.09130332848223006,10.0
3404,442110,0.37456333067555697,5.0
3404,298128,0.27150227358360807,8.0
6420,565568,1.0,1.0
6420,480315,0.4513782257916309,4.0
6420,294295,0.5428039707948185,2.0
6420,394244,0.517043902028718,3.0
6420,69696,0.27663254114342006,9.0
6420,122432,0.24550494219463004,10.0
6420,269898,0.36572213700612966,5.0
6420,279897,0.29738616703680876,8.0
6420,442048,0.36285744107650364,6.0
6420,112714,0.3024375714336369,7.0
9961,21311,1.0,1.0
9961,72402,0.5911687949812208,2.0
9961,335991,0.4607825247438758,4.0
9961,518379,0.46955893669873416,3.0
9961,174335,0.2656445385131037,7.0
9961,341493,0.3425810043031625,6.0
9961,17166,0.1314979797487485,8.0
9961,528522,0.34332159258013334,5.0
9961,565684,0.006062405634528222,10.0
9961,156358,0.045033288683327496,9.0
8079,125940,0.559150932288326,3.0
8079,95278,0.9813139637526127,1.0
8079,187583,0.5361173228184823,4.0
8079,57138,0.5704413051204789,2.0
8079,11184,0.5197208388945345,5.0
8079,108040,0.507975994305717,6.0
8079,39478,0.37025717491071264,7.0
8079,224231,0.09980093740594981,9.0
8079,93971,0.10777094550134775,8.0
8079,1198,0.0,10.0
