query_id,doc_id,score_hybrid,rank
3394,112208,0.9654292556664258,1.0
3394,172703,0.8378999053255655,2.0
3394,87722,0.7522440262143364,3.0
3394,445971,0.5756389116382127,4.0
3394,345199,0.45805190395402784,5.0
3394,377429,0.35072691035218484,6.0
3394,387277,0.33931375671341846,7.0
3394,133093,0.3006678396405423,8.0
3394,418150,0.05206275838922566,9.0
3394,539263,0.006718300692713383,10.0
5505,100387,1.0,1.0
5505,141738,0.4630805947528524,2.0
5505,278824,0.3060708623492154,3.0
5505,70488,0.2676982414276508,4.0
5505,349160,0.10051994263226931,6.0
5505,478457,0.08195037624180071,7.0
5505,200338,0.10227447807708034,5.0
5505,408327,0.03121676015616913,8.0
5505,442142,0.0091428503429021,9.0
5505,593085,0.0,10.0
6792,558617,1.0,1.0
6792,400841,0.2739660699709171,2.0
6792,29306,0.25811604513507896,3.0
6792,136825,0.24956215123406778,4.0
6792,259081,0.21873734883668203,5.0
6792,40447,0.17036684769748237,6.0
6792,480515,0.16383543936759398,7.0
6792,156467,0.15929320997106194,8.0
6792,545434,0.08644468241362417,9.0
6792,585447,0.031158533403649363,10.0
6909,452175,0.9375504043917869,1.0
6909,13260,0.6709828833864113,2.0
6909,435963,0.3541982181120036,3.0
6909,375019,0.3294421315572604,4.0
6909,266900,0.21829737434313,5.0
6909,464502,0.11379724297320139,7.0
6909,214003,0.06774802416609323,9.0
6909,79357,0.15549970338837607,6.0
6909,535697,0.08896863091346713,8.0
6909,330041,0.04720984420120217,10.0
4946,121690,1.0,1.0
4946,156816,0.29629446756465966,2.0
4946,79357,0.23447688292444002,3.0
4946,9938,0.17559564829956115,4.0
4946,350680,0.1245159634336076,5.0
4946,28119,0.11343771941862761,7.0
4946,343489,0.10524529083062026,8.0
4946,100485,0.12103312128555327,6.0
4946,88105,0.029422090320534704,9.0
4946,496935,0.010640449469115685,10.0
4125,283079,0.9091722289274492,1.0
4125,232199,0.7818681530241777,2.0
4125,363591,0.7204392242878979,3.0
4125,452987,0.6044288180942093,4.0
4125,571362,0.45280017990039534,5.0
4125,292769,0.29347656649695636,6.0
4125,340044,0.1672450494477672,7.0
4125,103593,0.037695053687717035,8.0
4125,276400,0.0309038055253683,9.0
4125,7632,0.023929270201526114,10.0
6009,62151,0.938897529509335,1.0
6009,175831,0.7660469102302072,2.0
6009,303325,0.6528761305235712,3.0
6009,228983,0.6084405897979844,4.0
6009,158717,0.3676069294807352,5.0
6009,472585,0.09899539922016182,7.0
6009,178684,0.09475464296496702,8.0
6009,442048,0.13803061978699724,6.0
6009,125298,0.08568903586944851,9.0
6009,99857,0.05017751886530555,10.0
9598,528034,0.9259550039770198,1.0
9598,379311,0.45646178744169724,2.0
9598,322826,0.32673209664123076,3.0
9598,136270,0.24526608689233825,5.0
9598,574327,0.2960357308060286,4.0
9598,112208,0.19338161325205977,7.0
9598,17923,0.15744763095839287,8.0
9598,172703,0.1435490524483942,9.0
9598,297290,0.21269404032532124,6.0
9598,383978,0.0017111108118084055,10.0
10645,22221,1.0,1.0
10645,340131,0.8076293370196358,2.0
10645,441176,0.5814993766337775,3.0
10645,183349,0.4360320705444259,4.0
10645,102684,0.4252487101610585,6.0
10645,248799,0.42658687901739656,5.0
10645,317354,0.3045672716666188,7.0
10645,293679,0.18714768395423415,8.0
10645,415340,0.10018531268136148,9.0
10645,487791,0.0,10.0
7441,125659,0.9414476302317127,1.0
7441,192900,0.8188184587474573,2.0
7441,537418,0.7917397325578728,3.0
7441,231781,0.7900969119004817,4.0
7441,117576,0.46242474140196366,5.0
7441,404339,0.28073718534403586,6.0
7441,329662,0.14291561886384563,7.0
7441,504996,0.07355088615021911,8.0
7441,336018,0.05456339624474929,9.0
7441,180733,0.00958708128532313,10.0
5080,305901,0.9348300872998645,1.0
5080,553304,0.8573342570158492,2.0
5080,392434,0.6439946555218777,3.0
5080,514512,0.5170405845977828,5.0
5080,67063,0.5261414107268381,4.0
5080,488334,0.2915622274596129,6.0
5080,356928,0.2568098233188597,7.0
5080,271026,0.16506830276465642,8.0
5080,88912,0.1129160688252093,9.0
5080,167950,0.04152288774196038,10.0
9329,326991,1.0,1.0
9329,385574,0.2495633124244836,5.0
9329,340210,0.27078298923657784,2.0
9329,394924,0.26115740290667544,3.0
9329,265098,0.2503529264663345,4.0
9329,586018,0.2185379280191509,6.0
9329,179103,0.07994913508982353,8.0
9329,192900,0.09435117591460568,7.0
9329,209493,0.04421446108615759,9.0
9329,209065,0.0,10.0
6479,404339,1.0,1.0
6479,272008,0.5859795945548542,2.0
6479,536120,0.33413209651895753,3.0
6479,9938,0.1258150865273549,4.0
6479,453839,0.11368307955020922,5.0
6479,104793,0.06023254845445843,8.0
6479,257656,0.09911414505175689,6.0
6479,491969,0.07230710076510727,7.0
6479,114439,0.023432059198837094,10.0
6479,340210,0.039823893515691385,9.0
8513,175821,1.0,1.0
8513,69790,0.9208044538156922,2.0
8513,167950,0.32310961296483354,3.0
8513,183612,0.23526636700084294,4.0
8513,449039,0.18843026395414827,5.0
8513,267113,0.16730249941691813,6.0
8513,167896,0.13244184068403625,7.0
8513,417840,0.1237479689225405,8.0
8513,232712,0.08700451427766152,9.0
8513,87667,0.04344771331309379,10.0
10109,93231,1.0,1.0
10109,28314,0.9171416146276524,2.0
10109,535317,0.5180274169724716,3.0
10109,395357,0.3525644990959588,4.0
10109,124630,0.16501832466392707,5.0
10109,244749,0.1543811882616178,6.0
10109,305467,0.15278747596936687,7.0
10109,116420,0.1104077403299617,9.0
10109,474384,0.11164461446398088,8.0
10109,105818,0.0,10.0
4844,275257,1.0,1.0
4844,367137,0.7717134744994346,2.0
4844,192193,0.6881339750156077,3.0
4844,111033,0.3794232151830101,4.0
4844,235522,0.22940801293685653,5.0
4844,549741,0.11343266416558645,7.0
4844,140088,0.13028408819555376,6.0
4844,386423,0.05973526549920859,8.0
4844,144177,0.053427778740968934,9.0
4844,409432,0.0,10.0
8544,214003,1.0,1.0
8544,37517,0.7998038418993502,2.0
8544,336541,0.38046636917009724,3.0
8544,75437,0.2758199865413221,4.0
8544,13260,0.274228765141872,5.0
8544,100103,0.22821751328979975,6.0
8544,416307,0.11032311837889258,7.0
8544,12432,0.07838355539017139,9.0
8544,561884,0.10609055546024167,8.0
8544,111768,0.008644033647377883,10.0
4823,561929,1.0,1.0
4823,362919,0.5401685381482935,2.0
4823,340131,0.3297593910433253,4.0
4823,104726,0.3662405731275117,3.0
4823,11572,0.31420119722575407,5.0
4823,7094,0.2104701981548564,6.0
4823,2860,0.12085885786278323,7.0
4823,459423,0.10096437472427086,8.0
4823,252716,0.07325363952727446,9.0
4823,271118,0.0,10.0
1085,366597,1.0,1.0
1085,405702,0.8781163365044844,2.0
1085,485195,0.6279272500873406,3.0
1085,374334,0.45032800015730856,4.0
1085,108302,0.1827075361609006,5.0
1085,581889,0.0919413716915597,8.0
1085,94586,0.04659412368570323,9.0
1085,184175,0.10019077008993588,7.0
1085,401125,0.1058563753576501,6.0
1085,315275,0.029290446464100155,10.0
2388,104988,1.0,1.0
2388,300287,0.3769314704941577,2.0
2388,13657,0.2613419083641948,3.0
2388,123733,0.21671860717961952,4.0
2388,459423,0.16069542290865796,5.0
2388,565698,0.12033253164632315,6.0
2388,423403,0.07804948938946094,8.0
2388,157702,0.07813146423634826,7.0
2388,141320,0.05453421417238758,9.0
2388,429978,0.0206901295962372,10.0
6891,474351,1.0,1.0
6891,492506,0.1743288781910387,2.0
6891,504497,0.056853164760262725,7.0
6891,558924,0.07934343247822292,3.0
6891,264095,0.069330547902161,5.0
6891,381757,0.07251003172538052,4.0
6891,323363,0.06693564538651325,6.0
6891,579543,0.020160815658073573,9.0
6891,143425,0.029141056083257618,8.0
6891,73434,0.0,10.0
2568,346042,1.0,1.0
2568,164702,0.7469858704965787,2.0
2568,170141,0.5085484792085208,3.0
2568,13975,0.39190853680807974,4.0
2568,544654,0.30591258852962777,6.0
2568,130209,0.33093297373707997,5.0
2568,428150,0.24004618889636495,8.0
2568,269898,0.28947270584523116,7.0
2568,368802,0.14051749251548729,9.0
2568,213370,0.016842970242561362,10.0
7702,558924,0.9767891274913015,1.0
7702,133093,0.8794160810252611,2.0
7702,387277,0.6728671632781731,3.0
7702,592636,0.3724965763955873,4.0
7702,214542,0.2839595189225331,5.0
7702,192193,0.26072472461596125,6.0
7702,108721,0.08466965930142198,8.0
7702,140088,0.11326700066761597,7.0
7702,367137,0.04972599301605462,9.0
7702,259317,0.0,10.0
2376,91545,0.9870709872527378,1.0
2376,402249,0.9226237346564544,2.0
2376,244961,0.7760103025475218,3.0
2376,114417,0.7323329380533601,4.0
2376,549833,0.6271097728189768,5.0
2376,324411,0.5318896829377616,6.0
2376,407455,0.43754749356984635,7.0
2376,64263,0.41171062744649856,8.0
2376,582521,0.23346505442408283,9.0
2376,44110,0.0,10.0
4339,386531,1.0,1.0
4339,488615,0.5082148205729866,2.0
4339,16392,0.25181742847791144,3.0
4339,242076,0.21505866231366297,5.0
4339,240645,0.2046419314507938,6.0
4339,473540,0.2211103582217323,4.0
4339,260328,0.19394501705189626,7.0
4339,455398,0.07615598304811674,8.0
4339,242294,0.04789990883147696,9.0
4339,103256,0.009791220526028821,10.0
5427,387854,0.9420048491970009,1.0
5427,580709,0.44278083981742916,2.0
5427,55666,0.38918118721121653,3.0
5427,200338,0.3263509890696287,6.0
5427,597467,0.3656801334386631,5.0
5427,142876,0.38144051053975847,4.0
5427,522358,0.2590816660023685,7.0
5427,273084,0.04820995773162078,9.0
5427,200603,0.10672803232344229,8.0
5427,549759,0.03707641761243921,10.0
7734,226070,1.0,1.0
7734,96013,0.5570357927511497,2.0
7734,87667,0.35483576851191023,3.0
7734,94591,0.25626334953320723,4.0
7734,10703,0.21627714610420706,5.0
7734,150544,0.14340141429327427,7.0
7734,421371,0.14892486149642725,6.0
7734,232712,0.08678328038324418,8.0
7734,247486,0.021066382736215857,10.0
7734,433905,0.058697522426766555,9.0
2486,487791,1.0,1.0
2486,58937,0.3422913324555746,2.0
2486,388575,0.20363057389871736,3.0
2486,101604,0.1585267942942828,4.0
2486,216327,0.1333726460799923,6.0
2486,250702,0.15213461964065433,5.0
2486,357914,0.09601632499181109,8.0
2486,234436,0.1264387137043266,7.0
2486,518563,0.009121968047098417,10.0
2486,130021,0.054884795035954205,9.0
7071,238629,0.9589463243567936,1.0
7071,99857,0.49753849200800965,3.0
7071,178684,0.543887894817335,2.0
7071,14543,0.3897385584327748,4.0
7071,588384,0.2574713275912376,5.0
7071,246221,0.15084953684942332,6.0
7071,403899,0.07539788386337376,8.0
7071,434812,0.13765126229720528,7.0
7071,319793,0.05841894417203894,9.0
7071,378173,0.04967645142668155,10.0
8537,511093,0.9914133399540164,1.0
8537,416307,0.74556886994397,2.0
8537,572842,0.6398142319000608,3.0
8537,281707,0.5269497273178437,5.0
8537,374020,0.5640141228249068,4.0
8537,96467,0.4770181811880173,6.0
8537,557356,0.3517374691737533,8.0
8537,472516,0.3684145286690982,7.0
8537,472014,0.2540919511066409,9.0
8537,501384,0.013174748906790976,10.0
7178,70096,0.9322075348437101,1.0
7178,401329,0.504623755086185,2.0
7178,420851,0.22989054741012024,3.0
7178,518563,0.14858549868515378,4.0
7178,58851,0.07318420333693465,6.0
7178,474384,0.10197103085966393,5.0
7178,88892,0.04152879138280528,8.0
7178,193312,0.04458036517520272,7.0
7178,484055,0.038615057886006846,9.0
7178,554568,0.024220875904325104,10.0
4777,2860,0.9869871484727963,1.0
4777,409535,0.8207613163233528,2.0
4777,228983,0.48906420216240803,3.0
4777,429378,0.2642316557356054,5.0
4777,407455,0.26368350074293306,6.0
4777,167896,0.31917114537601343,4.0
4777,525231,0.1809438559257644,7.0
4777,570155,0.08268796650337598,8.0
4777,413041,0.05296671815393002,9.0
4777,164008,0.00542642136348389,10.0
2398,168922,0.9,1.0
2398,96538,0.8974360400601309,2.0
2398,443246,0.7967903348212617,3.0
2398,490443,0.42980835614111457,5.0
2398,527698,0.4372428576138657,4.0
2398,548465,0.37007971885807217,6.0
2398,107092,0.19592472201661013,7.0
2398,505959,0.09731128915523059,8.0
2398,403515,0.026759777027721882,10.0
2398,342212,0.06296932214468394,9.0
849,557186,1.0,1.0
849,528564,0.8257711646105789,3.0
849,232199,0.8338700966284168,2.0
849,183612,0.7913790489896442,4.0
849,234436,0.34892376163069416,5.0
849,366830,0.2897545033854509,6.0
849,24890,0.24834906345416824,7.0
849,327263,0.2034866530430216,8.0
849,454810,0.023831439013412253,10.0
849,273947,0.07195364667676385,9.0
7534,175821,1.0,1.0
7534,301224,0.5802459970646767,2.0
7534,498378,0.5779428208291784,3.0
7534,46099,0.23027386797864133,4.0
7534,147765,0.1430241436152844,6.0
7534,89714,0.15886185305997796,5.0
7534,51046,0.05244503725774914,7.0
7534,211839,0.014941417723069905,10.0
7534,255491,0.02468908270650521,9.0
7534,169062,0.025885517665312035,8.0
5021,226070,0.9330626958083484,1.0
5021,423034,0.6789425593876541,2.0
5021,588607,0.41054856762429903,3.0
5021,79357,0.35521257694492914,4.0
5021,494939,0.2472705722741621,5.0
5021,3118,0.14024420335929788,7.0
5021,339640,0.17130244833898084,6.0
5021,289813,0.07370396872566624,8.0
5021,481308,0.04266517278335846,9.0
5021,136825,0.02720498264923051,10.0
6131,326094,0.9923849398899608,1.0
6131,334111,0.6336928802208226,2.0
6131,44223,0.42758361962557223,3.0
6131,258465,0.38753861383295063,4.0
6131,123733,0.2776870204512982,5.0
6131,368806,0.25587529683494026,6.0
6131,315275,0.15923899286874835,7.0
6131,470024,0.14977310448875564,8.0
6131,483441,0.06754431825895951,9.0
6131,169699,0.003525887578648771,10.0
10136,152316,0.9857798096753095,1.0
10136,32744,0.8154039243718213,3.0
10136,290930,0.835197490601326,2.0
10136,277179,0.5074227888716563,4.0
10136,18509,0.3465997491714974,5.0
10136,198349,0.22615604306189047,6.0
10136,302792,0.1370373507604927,7.0
10136,507284,0.10494998224409231,8.0
10136,280204,0.06649880867029788,9.0
10136,144177,0.007405182728161486,10.0
9548,423658,0.9909509580431964,1.0
9548,523810,0.658602919819882,2.0
9548,297290,0.6563030284768415,3.0
9548,231227,0.5969927909302788,4.0
9548,61022,0.40489978049155423,5.0
9548,72160,0.2837994369332374,6.0
9548,539263,0.20446523146407386,7.0
9548,32811,0.11209475231875497,8.0
9548,583203,0.04790727155927803,9.0
9548,482544,0.03677312231230623,10.0
4942,314898,1.0,1.0
4942,433490,0.6124464695823575,2.0
4942,295864,0.5249000267310023,4.0
4942,70853,0.5278950086217155,3.0
4942,420556,0.4560657814600328,5.0
4942,94689,0.3661117336753845,6.0
4942,486333,0.2507455076452831,7.0
4942,62966,0.14953587625406656,8.0
4942,55999,0.05815046886192918,9.0
4942,539263,0.001902761974598058,10.0
5090,572272,0.9504300932332734,1.0
5090,12988,0.8091429949133577,2.0
5090,270856,0.5494716899379207,3.0
5090,468777,0.42954294917179475,4.0
5090,507544,0.34061410220549315,5.0
5090,551423,0.3137860770853358,7.0
5090,149500,0.3197936831538105,6.0
5090,247721,0.21334237291542837,8.0
5090,169688,0.1766721971206258,9.0
5090,414534,0.04879437180957567,10.0
6005,149500,1.0,1.0
6005,507544,0.5437452382249172,2.0
6005,572272,0.41029863623701435,3.0
6005,551423,0.23018963763047234,4.0
6005,140947,0.08949474146934598,6.0
6005,30311,0.08067119863796761,8.0
6005,176498,0.10357751030529365,5.0
6005,414288,0.08819284101931288,7.0
6005,515060,0.03656209259021982,9.0
6005,377223,0.017131381166261745,10.0
7533,162668,1.0,1.0
7533,461084,0.8063499095073775,2.0
7533,438680,0.5625337788347606,3.0
7533,284411,0.4220518096490596,4.0
7533,167356,0.3468780250377155,5.0
7533,257016,0.3006306394929473,7.0
7533,201495,0.30753366895260004,6.0
7533,213435,0.1731247671706971,8.0
7533,167950,0.052396300216527636,9.0
7533,407654,0.001970186597184209,10.0
8034,284075,0.9,1.0
8034,327978,0.6686858098365309,2.0
8034,415340,0.5948127966401948,3.0
8034,307999,0.5658521442995481,4.0
8034,292991,0.3283020859780038,5.0
8034,198764,0.30934238110233436,6.0
8034,13153,0.28129238819407154,7.0
8034,22221,0.263873400031094,8.0
8034,213435,0.058670985300913275,9.0
8034,579557,0.04238117517349721,10.0
2330,478514,1.0,1.0
2330,260014,0.25100709479834554,2.0
2330,370334,0.15766015739963957,3.0
2330,345895,0.07686750763070725,4.0
2330,156873,0.06469751112824812,5.0
2330,572272,0.03931051511362299,7.0
2330,488334,0.047411018184572266,6.0
2330,94586,0.030589282153830773,9.0
2330,167684,0.03929764479818889,8.0
2330,9656,0.0,10.0
7803,62151,1.0,1.0
7803,572205,0.4691722072349497,2.0
7803,327127,0.43482726378218794,3.0
7803,216065,0.4313209485118503,4.0
7803,214003,0.3974102054512578,5.0
7803,100103,0.17689054882783747,7.0
7803,336541,0.18148075724985863,6.0
7803,324037,0.0835456093338484,8.0
7803,583651,0.02153554988725661,10.0
7803,12432,0.06247837754872257,9.0
1933,183612,1.0,1.0
1933,446984,0.16482009193844854,2.0
1933,141738,0.11940882617670152,4.0
1933,352640,0.14419420226808727,3.0
1933,445298,0.11754219052305148,5.0
1933,413041,0.04453105146659091,8.0
1933,466718,0.08352720912195771,6.0
1933,234436,0.0420745555777813,9.0
1933,264554,0.04979911466214408,7.0
1933,134794,0.03897726008867512,10.0
6849,44601,1.0,1.0
6849,59714,0.6500652163860866,2.0
6849,78675,0.4784919982721442,3.0
6849,578427,0.23425831588647977,4.0
6849,172703,0.1379855034555694,5.0
6849,79998,0.11467587163215194,6.0
6849,112208,0.05666930747303831,8.0
6849,418150,0.10259252347908612,7.0
6849,328086,0.021826051980755216,9.0
6849,61962,0.0004868494268408371,10.0
7448,418150,1.0,1.0
7448,100485,0.16249264114558742,2.0
7448,273861,0.11238772132216804,5.0
7448,112208,0.1464055649101223,3.0
7448,377429,0.12280838207727582,4.0
7448,387277,0.09285072667622957,6.0
7448,307095,0.04913725125646322,7.0
7448,133093,0.024578549183616426,9.0
7448,44601,0.043166912697770864,8.0
7448,172703,0.01729069375422165,10.0
42,283079,0.9967753932671519,1.0
42,278824,0.7681803282010071,3.0
42,528564,0.7741907108243786,2.0
42,327002,0.3009081649191392,4.0
42,141738,0.2231726678330753,5.0
42,124630,0.189949840817638,7.0
42,366830,0.2219356223868299,6.0
42,467509,0.14345527736121005,9.0
42,536849,0.186149285396963,8.0
42,583956,0.05342123355128042,10.0
4102,125940,0.9159221812254144,1.0
4102,293320,0.7758995124766528,2.0
4102,572340,0.7042950998971694,4.0
4102,554734,0.7263368577232736,3.0
4102,275925,0.6493527481829772,5.0
4102,327978,0.6123947912083403,6.0
4102,326142,0.4142571253522922,7.0
4102,460457,0.2558690810449813,8.0
4102,356987,0.06479473775697517,9.0
4102,324779,0.04257358119580403,10.0
7269,474351,0.9293581563535246,1.0
7269,588607,0.646635816815691,2.0
7269,72402,0.34403530107455566,3.0
7269,226070,0.1789673317893076,5.0
7269,301580,0.1527156201513642,7.0
7269,486696,0.18629622111375144,4.0
7269,386173,0.0791363480902934,9.0
7269,392894,0.15567958995446118,6.0
7269,129319,0.09687417341764906,8.0
7269,90294,0.0527587788086735,10.0
10975,363591,0.9078532395246501,1.0
10975,17166,0.7571612745230767,2.0
10975,72160,0.47355030968566036,3.0
10975,545759,0.2888241852824678,5.0
10975,384564,0.2629691548447334,6.0
10975,482544,0.30441064805641205,4.0
10975,528522,0.16758385365852124,7.0
10975,61022,0.155474461228382,9.0
10975,452870,0.16217972072842324,8.0
10975,341493,0.0360393173714159,10.0
715,93936,0.9059348626593717,1.0
715,232262,0.5169825572182954,2.0
715,377223,0.37183205065496033,3.0
715,590489,0.32579509792904876,4.0
715,560872,0.25583687365998,5.0
715,127316,0.1687873179105921,7.0
715,273925,0.1950261124660646,6.0
715,524752,0.06460181925848707,9.0
715,212028,0.019549612440380896,10.0
715,167896,0.07020526195960762,8.0
4037,557186,0.9735992816553692,1.0
4037,408327,0.3020124942649259,2.0
4037,81483,0.17062157057836466,3.0
4037,264554,0.1259363286974232,4.0
4037,70488,0.09191316422651202,7.0
4037,73427,0.09992525981781802,6.0
4037,141738,0.060887485301201735,9.0
4037,327002,0.06831626092487508,8.0
4037,298099,0.10436198893956018,5.0
4037,278824,0.025137964578715154,10.0
4047,159836,0.9219110574850893,1.0
4047,538352,0.7868335168792397,2.0
4047,124230,0.592697124019351,3.0
4047,457294,0.4108162374160303,5.0
4047,227423,0.42673973756041894,4.0
4047,488258,0.2684372228124446,6.0
4047,186453,0.2210644346683987,7.0
4047,560872,0.04619083588755024,8.0
4047,304477,0.017540260540911984,10.0
4047,472585,0.03483694368551993,9.0
8072,31465,1.0,1.0
8072,127452,0.8162264202198186,2.0
8072,164008,0.6692002029522351,3.0
8072,413041,0.599607355447759,4.0
8072,394244,0.523069619195602,5.0
8072,284235,0.5151520472028718,6.0
8072,494727,0.2815137540070045,7.0
8072,294867,0.2638335613945967,8.0
8072,316838,0.03717173932388221,9.0
8072,169062,0.0277538276651855,10.0
5906,258465,0.9414213993520815,1.0
5906,409907,0.5645282832436131,2.0
5906,318520,0.5093918422221708,3.0
5906,470024,0.37326532629512266,4.0
5906,289231,0.32820612427431345,5.0
5906,273528,0.300385166814852,6.0
5906,326094,0.07661217736441986,9.0
5906,2460,0.08730882278784971,7.0
5906,394467,0.02985221285044367,10.0
5906,15172,0.07789879875125916,8.0
8378,178684,1.0,1.0
8378,246221,0.6974496341114182,2.0
8378,238629,0.5812485561039666,3.0
8378,434812,0.5258832763654593,4.0
8378,102237,0.49773569150773694,5.0
8378,43497,0.33741895606855227,6.0
8378,403025,0.10152598168419792,7.0
8378,382381,0.09404694726183047,8.0
8378,554568,0.05894953034162842,9.0
8378,597401,0.0,10.0
885,315275,0.9359595737836756,1.0
885,273528,0.432022162916584,2.0
885,173929,0.3967624518459928,3.0
885,394467,0.38128356911648364,4.0
885,485195,0.32509204679249815,5.0
885,326094,0.2444538528659072,6.0
885,483441,0.1862933332914844,7.0
885,258465,0.18593282190945054,8.0
885,399013,0.0775600632822029,9.0
885,246459,0.05016527429994847,10.0
2423,529444,0.9880553395515534,1.0
2423,396127,0.9169935206074523,2.0
2423,89049,0.4492393783126005,3.0
2423,124027,0.33121964114470415,4.0
2423,461084,0.188375979537375,7.0
2423,388646,0.1934536724596135,6.0
2423,553288,0.21737746746462952,5.0
2423,428150,0.12172956215485065,8.0
2423,370334,0.01449849184017206,9.0
2423,175232,0.0,10.0
4414,235522,0.9928082316850485,1.0
4414,367137,0.7486600875304188,2.0
4414,133093,0.46956683443016417,3.0
4414,144177,0.3943647391434988,4.0
4414,111033,0.3523166078040766,5.0
4414,275257,0.23546663537573323,7.0
4414,29073,0.2686160538759635,6.0
4414,140088,0.09578450884842839,8.0
4414,76776,0.01670141031092778,10.0
4414,577578,0.07359741801183255,9.0
1297,313909,0.9263305143903003,2.0
1297,171761,0.986177696866262,1.0
1297,219758,0.7860328404029334,3.0
1297,289813,0.6987200890951684,4.0
1297,90712,0.6408820611563005,5.0
1297,146021,0.5667593940515151,6.0
1297,370663,0.3339619815433686,7.0
1297,66246,0.040682524142531803,8.0
1297,545434,0.028993334904345667,9.0
1297,521712,0.024046237047478172,10.0
8512,32811,1.0,1.0
8512,61022,0.5427980915910435,2.0
8512,149696,0.43591676975409394,3.0
8512,320101,0.3081376227359134,4.0
8512,528522,0.30673267500669316,5.0
8512,231227,0.16840896423925658,7.0
8512,461592,0.1811789444483956,6.0
8512,474384,0.061301724223242815,8.0
8512,214901,0.03241557398943255,10.0
8512,452870,0.05407023412138538,9.0
3822,290930,0.9553040665480773,1.0
3822,454157,0.553852071526704,3.0
3822,586151,0.5687140118417582,2.0
3822,318583,0.41716424799293184,5.0
3822,592636,0.4759005555110178,4.0
3822,476834,0.34478327357521005,6.0
3822,597880,0.2172251462641004,8.0
3822,309269,0.21767957951892092,7.0
3822,431814,0.12427600071714602,9.0
3822,369355,0.08252881323418564,10.0
859,32530,0.9876359525967899,1.0
859,326094,0.4529779204473965,2.0
859,171720,0.3057066648272807,3.0
859,377223,0.20739180462898735,4.0
859,310215,0.12958577520939624,6.0
859,308837,0.13195345673094377,5.0
859,513258,0.08118669782036413,10.0
859,388201,0.10771660538234806,7.0
859,506374,0.08332772854451834,9.0
859,217683,0.0890492559837293,8.0
6668,457294,1.0,1.0
6668,93971,0.5093550839506692,2.0
6668,301570,0.2906814174623047,4.0
6668,228403,0.3081596833582313,3.0
6668,159703,0.16206780753131503,5.0
6668,326991,0.07863381944999726,7.0
6668,526110,0.08492775964838774,6.0
6668,88892,0.06586641132471074,8.0
6668,241337,0.06168355440575539,9.0
6668,11988,0.01602367786512254,10.0
604,38711,0.9537219653326613,1.0
604,571430,0.8311277640087231,2.0
604,224869,0.3306169819997281,3.0
604,115553,0.23287624591791645,4.0
604,197222,0.20921399230472007,5.0
604,348353,0.20599202968491181,6.0
604,561377,0.16588714624068845,7.0
604,195191,0.06617432229069317,10.0
604,342307,0.08131363548051954,9.0
604,486333,0.08411514548694494,8.0
3177,539263,0.9796150895805831,1.0
3177,172703,0.8747443237805269,2.0
3177,536120,0.7880742409981681,3.0
3177,377429,0.6744848827460812,4.0
3177,480315,0.6349043086901225,5.0
3177,87722,0.4775727857218633,6.0
3177,17208,0.3905206093982326,7.0
3177,467575,0.24406993806317862,8.0
3177,328086,0.07578012469319352,9.0
3177,423658,0.015166947033873748,10.0
721,496225,1.0,1.0
721,51615,0.17922145072199336,2.0
721,298128,0.1693937891278782,4.0
721,568526,0.17654608137423794,3.0
721,251824,0.10450136770502175,5.0
721,196427,0.05294277432160672,9.0
721,597880,0.05302761351524579,8.0
721,150650,0.054086772769335247,7.0
721,447353,0.05520207759533975,6.0
721,358661,0.004730610677025558,10.0
7124,427726,0.9391311690969245,1.0
7124,242524,0.8552519485036285,2.0
7124,62151,0.7900321452937167,3.0
7124,265314,0.5304153059263673,4.0
7124,226070,0.5270404262997919,5.0
7124,558617,0.5099563277991292,6.0
7124,433905,0.457042239252225,7.0
7124,421371,0.24673715787766162,8.0
7124,96013,0.1337093433814826,9.0
7124,162668,0.0,10.0
4500,236482,0.9153534342362164,1.0
4500,533623,0.6864637260983193,2.0
4500,474234,0.49938561785646657,3.0
4500,166487,0.49130800470254105,4.0
4500,231781,0.45914377673011764,5.0
4500,80031,0.20166859071622142,7.0
4500,163048,0.21677929134797047,6.0
4500,62897,0.10840786509775263,9.0
4500,275929,0.16651263935676602,8.0
4500,81101,0.0021019903115625247,10.0
603,64103,0.9452078336340974,1.0
603,399013,0.5755520631232192,2.0
603,535651,0.4532021129874172,3.0
603,120090,0.3481411006174908,4.0
603,279897,0.2489609593241312,5.0
603,55022,0.2233976982180999,6.0
603,35736,0.18207610130353946,7.0
603,544486,0.07180599784415398,8.0
603,77503,0.048707174129109,9.0
603,139047,0.00814994072413676,10.0
6647,462265,1.0,1.0
6647,13260,0.7203960526697812,2.0
6647,96013,0.6603074164934672,3.0
6647,464533,0.28564071924571377,4.0
6647,562171,0.26122071196201924,7.0
6647,326233,0.2631332836162559,6.0
6647,209188,0.28283815582199456,5.0
6647,231068,0.20061283724737217,8.0
6647,391988,0.00804907350840892,10.0
6647,531990,0.009167914943249198,9.0
5369,258465,0.9813981812374046,1.0
5369,172128,0.7404781562521061,2.0
5369,184175,0.4836274605837345,3.0
5369,399013,0.3126152028185816,4.0
5369,173929,0.21581779836317386,7.0
5369,171339,0.2549277496225075,5.0
5369,414288,0.24801069527375197,6.0
5369,500946,0.13241398976100338,8.0
5369,70724,0.08106094492465406,9.0
5369,118280,0.006524240005185006,10.0
932,48722,0.9945635028480435,1.0
932,387010,0.8880525330837337,2.0
932,442110,0.2714345131545329,3.0
932,292769,0.19852349684081383,5.0
932,593085,0.15726910391061585,7.0
932,23747,0.16525825370837674,6.0
932,418630,0.20613772586824416,4.0
932,281045,0.11678753509392004,8.0
932,196427,0.044370557359505215,10.0
932,571430,0.05809922875264005,9.0
9633,259081,0.9691323729770376,1.0
9633,534418,0.8464854519472893,2.0
9633,481166,0.4739709742130471,3.0
9633,185909,0.2922431207448896,4.0
9633,552479,0.2449484429356759,5.0
9633,590578,0.21122055174252508,7.0
9633,484055,0.22221869476749698,6.0
9633,474351,0.15152643615331896,8.0
9633,363741,0.028824036395927972,9.0
9633,262441,0.010028961995865893,10.0
1676,394871,0.9378842644382248,1.0
1676,234436,0.8079253639878294,2.0
1676,77245,0.5430008112532286,4.0
1676,487791,0.5440941808038212,3.0
1676,58937,0.4194475244344766,6.0
1676,352640,0.42161527218148875,5.0
1676,279538,0.1434895168394321,7.0
1676,196920,0.04263529759454913,8.0
1676,555732,1.9959707475887136e-05,10.0
1676,136804,0.0009594226695501226,9.0
4804,222153,0.9591087399158461,1.0
4804,325892,0.38672341831507806,3.0
4804,255795,0.4064023230070544,2.0
4804,285255,0.3253779314630303,4.0
4804,45218,0.19865569370256447,5.0
4804,162456,0.19194364833972627,6.0
4804,143100,0.09941445874835374,8.0
4804,51583,0.050913156863770265,9.0
4804,116574,0.10150136027736055,7.0
4804,393132,0.023008551230987873,10.0
2747,445298,1.0,1.0
2747,431685,0.6055356979906897,2.0
2747,535705,0.5413631323733952,3.0
2747,583635,0.37062012997726235,4.0
2747,387010,0.16825350149727614,5.0
2747,571430,0.11064545214855083,7.0
2747,418630,0.16664193151473272,6.0
2747,279538,0.06114036265662616,9.0
2747,582864,0.07078451311334089,8.0
2747,123468,0.005205943290222757,10.0
8632,43497,1.0,1.0
8632,382381,0.5401924607002058,2.0
8632,344372,0.3157544903680081,3.0
8632,575741,0.1886056440450718,4.0
8632,458385,0.15416678531521832,5.0
8632,416307,0.15107705223053858,6.0
8632,102436,0.15037557970411808,7.0
8632,223070,0.10402516311841964,8.0
8632,363043,0.02901202892777245,9.0
8632,186453,0.02094323003584843,10.0
4981,102684,0.9886588207864202,1.0
4981,45218,0.6844549393127545,2.0
4981,578585,0.28162453535571397,3.0
4981,341625,0.1196170185039395,4.0
4981,590710,0.06067529887787203,6.0
4981,264800,0.05904653993982109,7.0
4981,475541,0.04114675020633395,8.0
4981,212481,0.022900510353213978,9.0
4981,567362,0.07827043235161657,5.0
4981,319692,0.014691711193445955,10.0
6146,289231,0.9,1.0
6146,2460,0.626689778172413,2.0
6146,470024,0.5697798286012221,3.0
6146,394467,0.48575241902024313,5.0
6146,160125,0.5234457625766639,4.0
6146,581889,0.43237135197881743,6.0
6146,326094,0.22965368550557327,7.0
6146,580709,0.08702218349282773,9.0
6146,273528,0.06302929625834407,10.0
6146,7403,0.09122181319432954,8.0
10674,328556,0.9372797675707046,1.0
10674,435963,0.7256867277803226,2.0
10674,89460,0.6981285297333297,3.0
10674,109860,0.24634937738731613,4.0
10674,88813,0.24176383405680274,5.0
10674,319793,0.22349864919048162,6.0
10674,99857,0.19397787524549176,7.0
10674,99757,0.037077010081109106,8.0
10674,431814,0.03106318307929433,9.0
10674,363043,0.0,10.0
3683,276975,0.9981822289678474,1.0
3683,105973,0.6407001316831884,2.0
3683,421538,0.4055204147942309,3.0
3683,522713,0.3185448573281774,4.0
3683,303977,0.1253684731760959,6.0
3683,178521,0.11442291303600072,7.0
3683,500460,0.14872640933866454,5.0
3683,116865,0.06833929756067458,8.0
3683,158717,0.02280482393615778,9.0
3683,349866,0.020175296021366647,10.0
928,394460,0.9424139583203454,1.0
928,349866,0.8884533280511894,2.0
928,400009,0.24233196742941054,3.0
928,573276,0.22103643995174355,4.0
928,490443,0.16494271275427655,6.0
928,305509,0.1310359874828056,7.0
928,11572,0.2104136561782252,5.0
928,253563,0.12519590760635246,8.0
928,422770,0.07462942772791546,9.0
928,409573,0.038573247733449924,10.0
5054,21311,0.9357733648718556,1.0
5054,485863,0.46231118974646934,2.0
5054,542521,0.427407057840141,3.0
5054,144660,0.30907696599951023,4.0
5054,307113,0.2876074779214858,6.0
5054,305901,0.24146892140309523,7.0
5054,406457,0.30548633749827814,5.0
5054,366219,0.04695235317816373,9.0
5054,340131,0.12286908148596495,8.0
5054,15172,0.021206506281135806,10.0
6554,583203,1.0,1.0
6554,226967,0.298804035398834,2.0
6554,377429,0.24753654655438417,3.0
6554,122012,0.20992543354488125,4.0
6554,403755,0.1853170926846902,5.0
6554,574327,0.1508939271210144,6.0
6554,275902,0.07870888980804937,7.0
6554,536120,0.06882888551373803,8.0
6554,480315,0.05881109860633359,9.0
6554,21103,0.0074331833405698496,10.0
7377,579557,1.0,1.0
7377,6666,0.6538933937329621,2.0
7377,328086,0.49492591053020646,3.0
7377,345895,0.42253106916317934,4.0
7377,293679,0.3558449776016146,5.0
7377,81304,0.2805481162334066,6.0
7377,172703,0.20700156261653865,7.0
7377,17208,0.11127773595063514,8.0
7377,505027,0.03585141452398524,10.0
7377,453542,0.06286302803541317,9.0
1309,15824,0.9657513745239102,1.0
1309,438869,0.8110130391018339,2.0
1309,279845,0.3837770290368681,3.0
1309,266319,0.29430759094272846,4.0
1309,110386,0.19394902968572453,5.0
1309,366594,0.17691676141929508,6.0
1309,443795,0.07573293052844789,9.0
1309,135415,0.10048472862623455,7.0
1309,16778,0.028005995349549367,10.0
1309,471630,0.09999999999999998,8.0
8351,273142,1.0,1.0
8351,469776,0.13042424294530774,2.0
8351,171720,0.10682858280876872,3.0
8351,213331,0.1030444029065443,5.0
8351,528132,0.10464908849572166,4.0
8351,191977,0.059462881973196685,7.0
8351,71873,0.08047605510561133,6.0
8351,405374,0.01657917650664127,9.0
8351,568526,0.0346226951228384,8.0
8351,304009,0.005811722945885271,10.0
6441,254279,1.0,1.0
6441,156029,0.41572735067091443,2.0
6441,28314,0.36089132522439155,3.0
6441,529993,0.2288244659101485,5.0
6441,87722,0.24461260392547787,4.0
6441,536120,0.2012915311248126,7.0
6441,593644,0.21619173282851317,6.0
6441,108721,0.052541654051618994,8.0
6441,174619,0.029606809865122194,9.0
6441,90712,0.02434067811718972,10.0
4837,426223,0.9246932937136473,1.0
4837,95778,0.7754530062310565,2.0
4837,565330,0.7334724342322756,3.0
4837,159936,0.7200894861315452,4.0
4837,187739,0.40497938546643086,5.0
4837,254454,0.32831477665277725,6.0
4837,167896,0.15743062757202886,7.0
4837,565698,0.13927719582729264,8.0
4837,275410,0.037395037484337285,10.0
4837,274870,0.09223927540976608,9.0
9871,553288,0.9525838889830884,1.0
9871,76562,0.6442758122310659,2.0
9871,322771,0.3869598478685965,3.0
9871,240645,0.3124941772666643,4.0
9871,547301,0.304439018719006,5.0
9871,213755,0.2072000178330039,6.0
9871,488366,0.1820880163764138,7.0
9871,305907,0.1474259207288607,8.0
9871,172718,0.05054577675613517,9.0
9871,271832,0.014088602185734789,10.0
3067,423403,0.9953858339809214,1.0
3067,372921,0.727507803050931,2.0
3067,578488,0.5165661748682844,3.0
3067,104726,0.49184293007071345,4.0
3067,104788,0.1841631200546746,6.0
3067,582005,0.19684587256658992,5.0
3067,467135,0.1567685125996653,7.0
3067,318473,0.06231687834571121,9.0
3067,187739,0.07471651375073116,8.0
3067,167896,0.005816793028555793,10.0
5741,124219,0.9776027193222453,1.0
5741,328086,0.662496203266353,2.0
5741,43781,0.4309808180712824,3.0
5741,259081,0.29205848478307816,4.0
5741,568200,0.21035027147319216,5.0
5741,107688,0.19444851714202951,6.0
5741,301224,0.1334080284678491,7.0
5741,329337,0.02948327304473558,9.0
5741,136825,0.09844080922782948,8.0
5741,437427,0.0021511347940353625,10.0
3566,45029,0.9585896946459992,1.0
3566,195191,0.6777667226939383,3.0
3566,149306,0.7096347179604503,2.0
3566,408123,0.6311312528369564,4.0
3566,152286,0.49866216418020304,5.0
3566,519390,0.3403230157230531,6.0
3566,65782,0.16437142667265792,7.0
3566,595211,0.11997993923794403,9.0
3566,317493,0.13831197635573278,8.0
3566,284075,0.039201521702676184,10.0
5862,562511,0.9873512842382322,1.0
5862,21194,0.5902372403090406,2.0
5862,273947,0.23217522739221985,3.0
5862,170141,0.21412007051481285,4.0
5862,29790,0.1365342181150618,6.0
5862,253563,0.14847527764587556,5.0
5862,269898,0.13435967562906448,7.0
5862,346042,0.101249665692521,8.0
5862,258465,0.051745525112417146,9.0
5862,78176,0.0,10.0
8779,209730,0.9935039116613438,1.0
8779,180571,0.5755361799652353,2.0
8779,17166,0.41763941324700365,3.0
8779,213591,0.28617932663134554,4.0
8779,279538,0.20467199539108127,5.0
8779,72160,0.1834216260364669,6.0
8779,319954,0.13171772820392477,7.0
8779,452870,0.020709547955135597,9.0
8779,491964,0.028599051880806612,8.0
8779,214901,0.013585722333967112,10.0
4714,505057,0.9979281657041305,1.0
4714,584450,0.6496302326827654,2.0
4714,324833,0.28658275889517937,3.0
4714,184506,0.20951767552424172,4.0
4714,295980,0.12958886014199653,5.0
4714,249450,0.10584743405417887,6.0
4714,118374,0.051237943383701925,7.0
4714,424585,0.023138277016870747,9.0
4714,473809,0.0018513598550286138,10.0
4714,46211,0.04221390048356468,8.0
7311,125355,0.9534448700831996,1.0
7311,279897,0.1755622661901078,2.0
7311,183349,0.13306888629985927,4.0
7311,523279,0.07516643255932827,8.0
7311,33576,0.07576378577575588,7.0
7311,215154,0.08424839894104097,6.0
7311,344267,0.13382220442157422,3.0
7311,238421,0.09745840299423071,5.0
7311,334696,0.053386833913901394,9.0
7311,100485,0.000740369571091195,10.0
109,73427,1.0,1.0
109,213331,0.20929341960854445,3.0
109,538023,0.24001604615208513,2.0
109,461084,0.2040974580893882,4.0
109,563025,0.17627702251896774,5.0
109,406457,0.10909980520579778,6.0
109,342212,0.07309022024331631,7.0
109,535705,0.06315256107316046,9.0
109,547301,0.06998449938990184,8.0
109,18509,0.009297103144079659,10.0
570,21311,0.9870074372053401,1.0
570,103593,0.8668309644988627,2.0
570,232199,0.6501545559918412,3.0
570,341493,0.3804430870060052,4.0
570,565684,0.2564222519881155,5.0
570,156358,0.2505589134350892,6.0
570,79888,0.1017847442599051,8.0
570,335991,0.14222401541667556,7.0
570,349384,0.08286628623663785,9.0
570,17166,0.08045799391539267,10.0
6959,301570,0.9374782383537732,1.0
6959,69790,0.7154771760140812,2.0
6959,293767,0.5839691098736269,3.0
6959,482415,0.465529007120298,4.0
6959,330041,0.2888559376614422,5.0
6959,88813,0.23137259139385993,6.0
6959,427726,0.18701576927566124,7.0
6959,266480,0.061553758109549744,9.0
6959,431814,0.10681985523949235,8.0
6959,231781,0.05893099642784886,10.0
90,56718,0.9812126782645353,1.0
90,150219,0.6215819501250222,3.0
90,31793,0.6358705271386348,2.0
90,385073,0.49725596479300305,4.0
90,234436,0.3206914537094372,5.0
90,153541,0.2606742856499293,6.0
90,172594,0.1285715183464337,7.0
90,366830,0.07156391221789941,8.0
90,34731,0.05676171810661099,9.0
90,314898,0.0,10.0
5064,2003,1.0,1.0
5064,455614,0.8434192840552922,2.0
5064,135514,0.6412172310486469,3.0
5064,192811,0.4647008206076575,4.0
5064,551423,0.32576513956832187,5.0
5064,414288,0.2252014534281614,6.0
5064,377223,0.20360237764853603,7.0
5064,393278,0.116901260300522,8.0
5064,524888,0.023984829221104266,10.0
5064,176498,0.07408070907663057,9.0
4103,307380,1.0,1.0
4103,29073,0.9406297042524073,2.0
4103,577578,0.6584228048031606,3.0
4103,482415,0.4929220344787143,4.0
4103,175265,0.34699587819079386,5.0
4103,370879,0.21846164878784335,6.0
4103,163590,0.11862481232038437,7.0
4103,133093,0.07091653538154691,8.0
4103,169921,0.0389905656051547,10.0
4103,192193,0.057482023504037326,9.0
1198,56718,1.0,1.0
1198,232199,0.14405091520552774,2.0
1198,175272,0.13654644579182185,3.0
1198,103593,0.09338029202579472,4.0
1198,366761,0.09070856332846133,5.0
1198,105872,0.06124469207002967,6.0
1198,467390,0.03692480471098908,8.0
1198,352120,0.03393561748953265,9.0
1198,58937,0.042382955652661265,7.0
1198,434769,0.010819037245005032,10.0
4539,32744,0.9859884831092425,1.0
4539,61792,0.8012072367457954,2.0
4539,275925,0.3426410041074618,3.0
4539,61346,0.284400566034002,5.0
4539,370879,0.29392574224981466,4.0
4539,426461,0.263201781507438,6.0
4539,235522,0.2523996594595467,7.0
4539,440270,0.24348351831349047,8.0
4539,83330,0.19216688668862242,9.0
4539,572272,0.0,10.0
9391,248158,0.9861546722784249,1.0
9391,136270,0.82217023619345,2.0
9391,108859,0.8016534168210485,3.0
9391,136515,0.7577604025900283,4.0
9391,142631,0.5822119174673334,5.0
9391,301580,0.4120888632189809,6.0
9391,127263,0.19430758817201566,7.0
9391,105973,0.05717375685412503,9.0
9391,429579,0.09882652168906106,8.0
9391,163590,0.026892088188354684,10.0
4600,577578,0.9697297806227974,1.0
4600,61792,0.3395698421636749,3.0
4600,482415,0.3774908760355316,2.0
4600,257633,0.2706930310561427,4.0
4600,133093,0.19035641433793793,5.0
4600,76515,0.11539518357322046,7.0
4600,367137,0.1537432945781759,6.0
4600,214542,0.09316349973361343,8.0
4600,34925,0.048575518614176486,9.0
4600,275257,0.031052068804814963,10.0
3735,125659,0.9533241823184984,1.0
3735,93231,0.9028659121754066,2.0
3735,537418,0.8563221785508369,3.0
3735,330041,0.4819022446017014,4.0
3735,344065,0.43090720095972235,5.0
3735,511093,0.34635746588764743,7.0
3735,32290,0.4022475450922559,6.0
3735,504996,0.2837828674571584,8.0
3735,266900,0.11333055868008882,9.0
3735,40447,0.0,10.0
5422,483299,0.9554792065813522,1.0
5422,108,0.7786512719041302,2.0
5422,55022,0.6104220665261271,3.0
5422,528034,0.5910264267152182,4.0
5422,81304,0.48575082074310005,5.0
5422,259081,0.3483562045729082,6.0
5422,579235,0.19843811285707502,7.0
5422,136270,0.12738128190320486,8.0
5422,22221,0.07216231573992066,10.0
5422,124219,0.09818876195183071,9.0
744,573276,0.9823614940987231,1.0
744,138845,0.5887153469373426,2.0
744,409573,0.5300713306046462,3.0
744,171339,0.3812524170018902,4.0
744,289231,0.35231913049475944,5.0
744,273528,0.25032929918455776,6.0
744,172305,0.1597112058174473,7.0
744,350819,0.1323122809917876,8.0
744,120852,0.10394198679013608,9.0
744,118280,0.04563454548248541,10.0
515,372909,1.0,1.0
515,328341,0.8068337869216932,2.0
515,431685,0.5326711573810001,3.0
515,352838,0.40853830427792553,4.0
515,231614,0.2610368822417596,5.0
515,195081,0.1606869631680588,6.0
515,98112,0.06995858593843288,7.0
515,60443,0.03768208795674299,9.0
515,123733,0.018066962912888253,10.0
515,360011,0.04124224538637128,8.0
2443,331253,0.9247303938394547,1.0
2443,44609,0.809332427963673,2.0
2443,305579,0.47225601075711027,3.0
2443,306800,0.4496060678480939,4.0
2443,446647,0.34653803712251646,5.0
2443,313437,0.21763406280842765,7.0
2443,426216,0.25079896290640535,6.0
2443,208051,0.11895385028346314,9.0
2443,305907,0.13371400164860586,8.0
2443,510130,0.0,10.0
4265,157553,1.0,1.0
4265,392163,0.40561852912153995,2.0
4265,584273,0.3050877544974654,3.0
4265,149974,0.2837322662249123,4.0
4265,523158,0.0754436020362056,7.0
4265,140947,0.14049308312317726,5.0
4265,386229,0.06415358844353503,8.0
4265,575729,0.04991197189738197,10.0
4265,93881,0.10101894674940108,6.0
4265,577517,0.053764025798640265,9.0
4865,223032,0.9163828533553784,2.0
4865,370569,0.9717931685298998,1.0
4865,251824,0.5020527265304409,3.0
4865,435963,0.46993892157081024,4.0
4865,508821,0.4098709559144771,5.0
4865,481166,0.4032892415936772,6.0
4865,305117,0.21773331177569138,7.0
4865,110515,0.12286221143649069,8.0
4865,565698,0.03802767840902496,9.0
4865,585738,0.019457265734517667,10.0
2968,187196,0.9452504392031642,1.0
2968,388646,0.8846934531754753,2.0
2968,242124,0.620226238164922,3.0
2968,176498,0.23145986207758953,4.0
2968,198371,0.22750151044897782,5.0
2968,583640,0.08579051585228857,6.0
2968,280967,0.05495359709084302,8.0
2968,287991,0.07296739506897736,7.0
2968,455398,0.025552889614922195,9.0
2968,329757,0.016843098129892497,10.0
7221,305117,0.9496226075404202,1.0
7221,473809,0.9099734891048126,2.0
7221,481166,0.6292924562464183,3.0
7221,71873,0.5219770021739649,4.0
7221,537418,0.2539361644941318,5.0
7221,307315,0.10218312723146943,6.0
7221,81542,0.09011405440336362,8.0
7221,452175,0.07763763270758303,9.0
7221,570664,0.030323106155887347,10.0
7221,77652,0.09999999999999998,7.0
2407,2064,0.9688190730181153,1.0
2407,78176,0.410446431219045,2.0
2407,173929,0.38394466334798766,3.0
2407,516444,0.3533441493763278,4.0
2407,255491,0.15556067061078696,6.0
2407,273528,0.18516992600602813,5.0
2407,514425,0.11846760551048631,7.0
2407,367641,0.0658660361189788,9.0
2407,566480,0.0882806695201081,8.0
2407,63678,0.0,10.0
3039,136804,1.0,1.0
3039,467390,0.7828120065790989,2.0
3039,147080,0.4541357517095943,3.0
3039,387010,0.27402791000073656,4.0
3039,442110,0.20842632119530458,5.0
3039,483274,0.08547448972388219,6.0
3039,510409,0.08076356189472722,7.0
3039,106501,0.04271163864603569,10.0
3039,4947,0.048390455356441764,9.0
3039,398622,0.0637610499677348,8.0
1748,18001,1.0,1.0
1748,528564,0.5496272084923474,2.0
1748,418135,0.39838923229917944,3.0
1748,462892,0.3571844119855635,4.0
1748,298427,0.2929382749431935,5.0
1748,429378,0.1960982223591616,6.0
1748,223206,0.1597807245691083,7.0
1748,517372,0.11273818459849133,8.0
1748,171780,0.038822214930343296,10.0
1748,124027,0.04851477334735953,9.0
10547,404339,1.0,1.0
10547,536120,0.4609633719543908,2.0
10547,272008,0.41740476055919934,3.0
10547,4666,0.15648921682253553,5.0
10547,597351,0.1569427953979893,4.0
10547,112714,0.13155694427905656,6.0
10547,32290,0.06287152849975154,7.0
10547,23609,0.05492103550460016,8.0
10547,392037,0.013645180458403443,10.0
10547,491969,0.03781693103816032,9.0
10596,164008,0.9696159853832552,1.0
10596,284235,0.7955565215000411,2.0
10596,208070,0.7913758444500547,3.0
10596,413041,0.7213718131867872,4.0
10596,316838,0.6509080023020225,5.0
10596,494727,0.24394577892512065,6.0
10596,394244,0.211593068102351,7.0
10596,127452,0.11509911648882688,8.0
10596,69197,0.1006754820432123,9.0
10596,169062,0.0,10.0
5061,352838,0.9519649322196289,1.0
5061,242124,0.7869591647612779,2.0
5061,329757,0.7230959850854779,3.0
5061,447353,0.5428572621363635,4.0
5061,149974,0.49527008458141525,5.0
5061,380863,0.42464178980085027,6.0
5061,261189,0.3701471990329762,7.0
5061,46755,0.27895319855708567,8.0
5061,158845,0.12281705449377958,9.0
5061,287991,0.05184902573826964,10.0
853,510373,0.9581000013917325,2.0
853,510409,0.9694253182166009,1.0
853,314984,0.8607487158885726,3.0
853,106501,0.6948576916348577,4.0
853,263361,0.3281103290769247,5.0
853,131996,0.15310959972454613,7.0
853,72402,0.16190813454301842,6.0
853,150219,0.09942131434367621,9.0
853,582864,0.11645324584482383,8.0
853,303929,0.010582899413902223,10.0
6803,544053,1.0,1.0
6803,193012,0.6363143949362031,2.0
6803,42620,0.3390851131810581,3.0
6803,316045,0.11244579681296164,6.0
6803,271243,0.09117076896565339,7.0
6803,10703,0.12080384125043805,4.0
6803,142726,0.11790042044523286,5.0
6803,78675,0.05176682656715641,9.0
6803,60355,0.05937408306115265,8.0
6803,272784,0.0,10.0
6644,187497,1.0,1.0
6644,572842,0.7823704453682108,3.0
6644,308837,0.7868469076544263,2.0
6644,426216,0.6977356592820892,4.0
6644,578954,0.6722923429684319,5.0
6644,305907,0.503990802920236,6.0
6644,293687,0.4469116658870149,7.0
6644,373271,0.3873359974638038,8.0
6644,31793,0.1713893220239064,9.0
6644,238421,0.0034207019527046413,10.0
699,107092,1.0,1.0
699,169688,0.83973839523503,2.0
699,68357,0.5551307394245126,3.0
699,446679,0.5053190403678289,4.0
699,385658,0.10006888815177928,7.0
699,472924,0.12445290666687897,5.0
699,521010,0.10574871506385244,6.0
699,586920,0.02743876690739038,9.0
699,414598,0.011133716823659361,10.0
699,96538,0.03689116317387158,8.0
549,214024,1.0,1.0
549,67167,0.697677517004121,2.0
549,446647,0.5000094270826404,3.0
549,546020,0.49737970602140846,4.0
549,73427,0.3506088727949347,5.0
549,547301,0.1995884629156608,6.0
549,563025,0.16567541865822605,7.0
549,397449,0.04543716612493017,10.0
549,449630,0.08898905745725398,9.0
549,443795,0.08997752475038044,8.0
904,415514,1.0,1.0
904,85229,0.8048847736419129,2.0
904,433905,0.4981269387642477,3.0
904,120852,0.4399528575969715,4.0
904,101369,0.16879186882027794,5.0
904,359579,0.08736808827575959,7.0
904,169824,0.08599613780927795,8.0
904,320579,0.08767343700171035,6.0
904,75235,0.011889253059419557,9.0
904,29360,0.006380814673921391,10.0
2590,583635,0.940350653276198,1.0
2590,296528,0.39673939358631166,2.0
2590,55999,0.3233787999467607,3.0
2590,307095,0.14889398187666797,5.0
2590,209493,0.1807126214006402,4.0
2590,106424,0.08127639770210335,6.0
2590,471964,0.07511888131293143,7.0
2590,387010,0.019116050778846396,10.0
2590,26203,0.05032218056488426,8.0
2590,454222,0.03907011175468924,9.0
1451,538005,1.0,1.0
1451,559482,0.4661030804888126,4.0
1451,98112,0.5319520856212369,2.0
1451,377571,0.48988256403969743,3.0
1451,313437,0.32194092327344664,5.0
1451,94689,0.3027371443502137,6.0
1451,433809,0.15367465598815042,7.0
1451,522481,0.08355691141249383,9.0
1451,51729,0.09713557656472235,8.0
1451,440910,0.06993621986325689,10.0
5790,469776,0.9967195840340337,1.0
5790,97348,0.7569474314818071,2.0
5790,101369,0.5696091443927664,3.0
5790,363810,0.42853343966997687,5.0
5790,141738,0.46479358826731576,4.0
5790,241136,0.13458210514145177,6.0
5790,305287,0.0675068082076738,7.0
5790,277353,0.06561395357402292,8.0
5790,149305,0.016707264957221364,10.0
5790,75235,0.06104890281437755,9.0
7295,435125,0.9490440872411338,1.0
7295,403755,0.31261487096103396,2.0
7295,93971,0.1941153967417213,3.0
7295,193398,0.1593369257296521,5.0
7295,39478,0.1896881908783163,4.0
7295,513258,0.138568996384078,6.0
7295,456470,0.09580101023667859,8.0
7295,115553,0.1334932611970947,7.0
7295,3118,0.040630828366456116,9.0
7295,102436,0.02322145355922275,10.0
5083,142876,1.0,1.0
5083,13975,0.5556369806358699,2.0
5083,368802,0.4743949124434548,3.0
5083,433197,0.04549281989701753,4.0
5083,333184,0.026868640416615568,7.0
5083,21103,0.009061843028304262,9.0
5083,579473,0.014479061685466421,8.0
5083,305360,0.0,10.0
5083,20958,0.030922311721192475,6.0
5083,19183,0.04033394711349066,5.0
7936,363043,0.9971460127911366,1.0
7936,336541,0.9161877202828098,2.0
7936,293767,0.644750657328547,3.0
7936,320101,0.5762886972796761,4.0
7936,43087,0.5149734011712028,6.0
7936,561884,0.5167594086922143,5.0
7936,416307,0.33669566899171643,7.0
7936,187404,0.25979633923590906,8.0
7936,127585,0.13486335271766667,9.0
7936,214003,0.024186320854501696,10.0
8296,78675,1.0,1.0
8296,79998,0.584013701791229,2.0
8296,146315,0.09784498387735358,3.0
8296,180571,0.07517182648525964,4.0
8296,26203,0.07465747530831045,5.0
8296,371720,0.07102092131947103,6.0
8296,61962,0.0421538445662893,7.0
8296,392037,0.026999047428903272,9.0
8296,99757,0.028726074757246776,8.0
8296,3118,0.019871438217745507,10.0
475,431685,0.9754219706237232,1.0
475,88124,0.7975449354800189,2.0
475,366761,0.5684055804641249,3.0
475,232199,0.3353084674507508,4.0
475,60637,0.05740230315527554,8.0
475,328341,0.10393162536397502,5.0
475,352640,0.10166751910245284,6.0
475,232563,0.07404003350171516,7.0
475,433,0.016346310626510943,10.0
475,372909,0.04825310016673305,9.0
3759,384631,0.9,1.0
3759,152250,0.38360039503355675,2.0
3759,105634,0.34007030036143926,3.0
3759,414188,0.2746688453717903,4.0
3759,101369,0.2523429696242633,5.0
3759,445794,0.20736897928371323,6.0
3759,405217,0.14237611778088735,7.0
3759,264800,0.08124004465472376,8.0
3759,130877,0.07248039152484284,10.0
3759,146181,0.07431766128496975,9.0
4615,596196,0.9844051603282502,1.0
4615,425595,0.9726780408158915,2.0
4615,69523,0.7606782330129348,3.0
4615,496427,0.6698982176119785,4.0
4615,261900,0.6430340595799832,5.0
4615,226060,0.5457335995110799,6.0
4615,421365,0.46107217760331365,7.0
4615,19179,0.2985618281745272,8.0
4615,341493,0.01930641876628732,9.0
4615,15891,0.0,10.0
8874,403025,1.0,1.0
8874,251704,0.38094479254672553,2.0
8874,527231,0.25780770211636156,3.0
8874,66631,0.16867909207607726,4.0
8874,357685,0.06316297425553564,6.0
8874,370569,0.05678383583627253,7.0
8874,556976,0.03213832351033418,8.0
8874,349160,0.026209471716641505,10.0
8874,319793,0.08260809512978906,5.0
8874,571362,0.02888571433782414,9.0
26,399013,0.9819103178571253,1.0
26,528132,0.464977671737752,2.0
26,409611,0.3994936167396567,4.0
26,565330,0.32959213983656344,6.0
26,563025,0.40797260604152863,3.0
26,2064,0.3401864583142268,5.0
26,401254,0.16192074419937388,7.0
26,452544,0.08881858686282927,9.0
26,367641,0.11548467744169465,8.0
26,71898,0.013434573563856606,10.0
3875,249859,1.0,1.0
3875,136315,0.645986727402796,2.0
3875,442110,0.4257296740809091,3.0
3875,571258,0.3821749709530354,4.0
3875,158185,0.3070919287280971,5.0
3875,426570,0.2733942119001783,6.0
3875,76515,0.13059261270716724,7.0
3875,143100,0.05171146058064295,8.0
3875,518406,0.039981428107908834,9.0
3875,414288,0.0,10.0
6835,159703,0.9263172346781652,1.0
6835,246221,0.6375073959618723,2.0
6835,149305,0.5859937592574103,3.0
6835,195767,0.5359572263659766,4.0
6835,403755,0.2459140995414417,5.0
6835,592636,0.22720471469301662,6.0
6835,108721,0.16829857248350596,7.0
6835,238629,0.08722542581799712,8.0
6835,196427,0.04603184127099853,9.0
6835,467575,0.0,10.0
4433,301580,0.927719658048202,1.0
4433,172703,0.7138834238756316,2.0
4433,539263,0.5746662706490865,3.0
4433,297290,0.5303282849109701,4.0
4433,21311,0.32853759443645647,5.0
4433,379311,0.2811806163904425,6.0
4433,453542,0.17251138747376868,7.0
4433,451855,0.09032453420940056,9.0
4433,146181,0.13886789217000448,8.0
4433,536120,0.0,10.0
5374,115553,0.920907508346686,2.0
5374,92267,0.9778420115887669,1.0
5374,251704,0.27603474408293577,3.0
5374,44601,0.2597635442188581,4.0
5374,60175,0.22805693990374912,5.0
5374,294295,0.07590747026885473,10.0
5374,99857,0.15481699588514952,6.0
5374,537418,0.13473967364178938,7.0
5374,576564,0.12177531794465425,8.0
5374,186453,0.0809072520768343,9.0
6221,529551,0.9731271154358703,1.0
6221,551423,0.8873372245043633,2.0
6221,240261,0.49466057439184574,3.0
6221,128698,0.3423695290488743,4.0
6221,270856,0.3142050518827406,5.0
6221,66901,0.14515309469879942,9.0
6221,578488,0.15720525832160548,7.0
6221,384626,0.17083938187569214,6.0
6221,405352,0.15486745446485556,8.0
6221,494753,0.06021362416609711,10.0
672,593283,0.9919662009464124,1.0
672,563025,0.7644535199097611,2.0
672,213370,0.6304101421423401,3.0
672,40966,0.6184525587745595,4.0
672,273947,0.5992410862386617,5.0
672,15824,0.5458778156708691,6.0
672,67167,0.30273086377808733,7.0
672,170141,0.10255913171012651,8.0
672,201800,0.04409023021129769,10.0
672,494689,0.07522964074777365,9.0
2593,231614,0.9979349852716773,1.0
2593,169688,0.25530001414636033,3.0
2593,147343,0.2835164969002485,2.0
2593,73427,0.1268024075259344,8.0
2593,528132,0.1878317721369614,4.0
2593,399013,0.16811852662510118,5.0
2593,387573,0.13315106664181375,7.0
2593,449630,0.14237221316444526,6.0
2593,394460,0.0967591845038721,9.0
2593,171339,0.05642917282178531,10.0
4019,287991,0.9880489799174834,1.0
4019,553288,0.9450809521558905,2.0
4019,332749,0.7564842849867482,3.0
4019,94423,0.17422369541329838,7.0
4019,561056,0.21441302100232823,4.0
4019,448699,0.17494277867990166,6.0
4019,377223,0.1956000158914586,5.0
4019,126134,0.0610639832722651,9.0
4019,1164,0.04531574550264261,10.0
4019,468879,0.06973105041410599,8.0
7205,370569,0.9531123293184934,1.0
7205,159966,0.7915947737890171,2.0
7205,186453,0.33714670035715616,3.0
7205,100103,0.3034657713216632,4.0
7205,62151,0.2421646448867105,5.0
7205,565926,0.2287305483689749,6.0
7205,336541,0.06518405982244545,7.0
7205,442048,0.06508344762802705,8.0
7205,558370,0.026602728506216554,10.0
7205,12432,0.03558340331625186,9.0
6611,329425,0.9426922001335468,2.0
6611,293679,0.9933822080894373,1.0
6611,142631,0.5190941372349197,3.0
6611,39819,0.21236171134848347,6.0
6611,81304,0.24901885729868356,5.0
6611,198764,0.26013847684816127,4.0
6611,297290,0.12155531228253505,7.0
6611,17208,0.07460564111456194,8.0
6611,112208,0.027764690786323373,9.0
6611,345533,0.002719511757698388,10.0
7911,131996,1.0,1.0
7911,57711,0.784717408529959,2.0
7911,553304,0.20909740218841913,3.0
7911,69197,0.20073416395747695,4.0
7911,386173,0.13307385043117306,6.0
7911,506617,0.14261543590357545,5.0
7911,597401,0.08963086435805843,7.0
7911,543714,0.05173401137546524,8.0
7911,116647,0.03637797108566811,10.0
7911,385574,0.040967671011346234,9.0
7463,577951,1.0,1.0
7463,387277,0.8752811329430908,2.0
7463,176498,0.7235452895764246,3.0
7463,423403,0.48535890826474715,4.0
7463,565698,0.35830283023286424,5.0
7463,328086,0.1357558784119221,6.0
7463,350145,0.08506429221002137,8.0
7463,216384,0.11438044379185003,7.0
7463,188015,0.07199924504778393,9.0
7463,528034,0.01680093091866869,10.0
4999,9938,1.0,1.0
4999,305117,0.39705608807882664,2.0
4999,46211,0.28441378933647427,3.0
4999,350680,0.20945374921167992,4.0
4999,216327,0.15529065527317376,5.0
4999,411061,0.15406748854333768,6.0
4999,406185,0.12283628401467958,7.0
4999,13657,0.05951256320629676,8.0
4999,580920,0.023050797463575787,9.0
4999,222153,0.015481173656095124,10.0
7344,14368,1.0,1.0
7344,418150,0.6113742691689719,2.0
7344,327978,0.27986680160574157,3.0
7344,392851,0.21138749834102474,4.0
7344,301224,0.08848334726411129,6.0
7344,39247,0.10963828331995454,5.0
7344,527231,0.08245538985361027,7.0
7344,72652,0.04892178005860144,8.0
7344,58753,0.012014023142382797,10.0
7344,266319,0.04595073657983139,9.0
7705,377429,0.9761636141781254,1.0
7705,539263,0.6861080732264637,2.0
7705,480315,0.48732746273043365,3.0
7705,467575,0.43207510745850053,4.0
7705,172703,0.35772938126841874,6.0
7705,536120,0.384820240532858,5.0
7705,87722,0.24638978046312685,7.0
7705,345199,0.086195221236779,9.0
7705,96926,0.13159660279770904,8.0
7705,387277,0.060189425799211056,10.0
1815,372909,0.9704659707707861,1.0
1815,446928,0.955371859079337,2.0
1815,363591,0.9136176429476147,3.0
1815,432080,0.8032922402521674,4.0
1815,88124,0.6257654972686101,5.0
1815,457701,0.510975633250747,6.0
1815,328341,0.40893434911825666,7.0
1815,528522,0.34817188129886373,8.0
1815,539133,0.2954719013959322,9.0
1815,459677,0.0,10.0
7467,193312,1.0,1.0
7467,371720,0.7995324959743325,2.0
7467,26203,0.4363685557963495,4.0
7467,457532,0.4483290075744708,3.0
7467,55999,0.29859291871756255,5.0
7467,428017,0.23505969362525014,7.0
7467,435963,0.23830319061585548,6.0
7467,431814,0.05949304777836504,9.0
7467,253024,0.07176629022959276,8.0
7467,99757,0.03583555843497324,10.0
8013,198349,0.9568313658646208,1.0
8013,383978,0.668451250336158,2.0
8013,374151,0.6344488100321002,3.0
8013,244433,0.513214240163395,4.0
8013,251824,0.4279416883485181,5.0
8013,241101,0.4190434800004909,6.0
8013,398123,0.23868098179104486,7.0
8013,31793,0.049552022497819745,9.0
8013,498378,0.1382023774459541,8.0
8013,588247,0.024620562165868477,10.0
1415,66246,0.981464610601282,1.0
1415,306144,0.8519100390299376,2.0
1415,393953,0.8377332774495764,3.0
1415,591940,0.7333294292218056,5.0
1415,387165,0.7774942323875307,4.0
1415,583956,0.514037767795793,6.0
1415,110515,0.1650170209735534,7.0
1415,318266,0.0948435768208259,8.0
1415,183612,0.05235887055690986,9.0
1415,232063,0.051329582914723094,10.0
7758,480315,0.9545848241744503,1.0
7758,574327,0.8216385979631473,2.0
7758,69696,0.42372063794411924,3.0
7758,112714,0.42261699139280157,4.0
7758,379311,0.11571663063020937,5.0
7758,122432,0.07426687260043052,7.0
7758,322826,0.07598278038138316,6.0
7758,112208,0.03259566995445943,9.0
7758,17923,0.032052627745921485,10.0
7758,172703,0.03960395101189703,8.0
1915,306144,0.9701507349074656,1.0
1915,182168,0.8593641201497849,2.0
1915,78176,0.47251711526267637,5.0
1915,393953,0.549128230294491,3.0
1915,140038,0.47288673115064533,4.0
1915,583956,0.41406309244804684,6.0
1915,318266,0.3389510444722891,7.0
1915,66246,0.1773258894884181,8.0
1915,505580,0.009476185623742925,10.0
1915,591940,0.06336779190886617,9.0
4415,108859,0.9,1.0
4415,32744,0.7710193257448601,2.0
4415,61792,0.6120309030861583,3.0
4415,370879,0.4439235561172253,5.0
4415,14926,0.44470980053525816,4.0
4415,244427,0.3458870827126133,6.0
4415,399751,0.2802395378414754,8.0
4415,147646,0.31166012966020773,7.0
4415,309550,0.12067800304102363,9.0
4415,235522,0.05974380359839475,10.0
10482,201495,0.9744652597864482,1.0
10482,439757,0.9511713055811979,2.0
10482,387277,0.49607659731335696,3.0
10482,518379,0.37369572664577005,4.0
10482,175821,0.17987432281289656,5.0
10482,142696,0.11271342120885926,6.0
10482,535317,0.10112719219305005,7.0
10482,364575,0.010307222138384017,10.0
10482,72402,0.06634180568229683,9.0
10482,34925,0.09981333597260425,8.0
2296,119298,0.9948580875143149,1.0
2296,279897,0.7117794275064808,2.0
2296,460357,0.4017317334432344,3.0
2296,396853,0.36520841596047116,4.0
2296,577201,0.2746448398144312,5.0
2296,410119,0.15123080091075292,6.0
2296,275410,0.1198206882767618,7.0
2296,120090,0.09797247538089932,8.0
2296,169688,0.06145085151807063,10.0
2296,175982,0.08560886045174435,9.0
6787,58290,0.951197993473434,2.0
6787,456436,0.9661255013887947,1.0
6787,124230,0.7676390217274144,3.0
6787,457294,0.44636336596733817,5.0
6787,261189,0.462967519557009,4.0
6787,220022,0.19076851656631882,6.0
6787,382381,0.1794763459624042,7.0
6787,552707,0.14887067931411735,8.0
6787,309555,0.039849553453221095,10.0
6787,223070,0.09999999999999998,9.0
2857,117451,0.9850239886577761,1.0
2857,123659,0.5481115564158695,2.0
2857,590917,0.4454567163562598,3.0
2857,295864,0.39096304962334866,4.0
2857,19606,0.3423801788511278,6.0
2857,60175,0.3608088152136228,5.0
2857,348733,0.1205831268777188,7.0
2857,464502,0.10282105434278528,8.0
2857,581038,0.09151461651580643,9.0
2857,482335,0.0066203692772214395,10.0
753,114418,0.9733564569417298,1.0
753,51729,0.819993912168624,2.0
753,581509,0.5433287970771972,3.0
753,72046,0.24018577387666418,5.0
753,466718,0.300853342630212,4.0
753,504255,0.15939833963223482,6.0
753,297290,0.09460934588705905,7.0
753,125355,0.08345247511929864,8.0
753,177648,0.06446447205703293,9.0
753,61792,0.0,10.0
2676,55666,1.0,1.0
2676,13975,0.7105556157512845,2.0
2676,264408,0.6366057959154212,3.0
2676,44110,0.4872083157168708,4.0
2676,182168,0.47160337522710716,5.0
2676,313171,0.24006885939152933,6.0
2676,244749,0.14028646689326282,7.0
2676,218845,0.12699933071128788,9.0
2676,279897,0.1298250192170111,8.0
2676,196427,0.02059923129591701,10.0
7456,164008,0.9501154220443098,1.0
7456,494727,0.9241087921059047,2.0
7456,284235,0.644771768555234,3.0
7456,169062,0.6120619750712651,4.0
7456,413041,0.4103471875926997,7.0
7456,316838,0.42293446841205207,6.0
7456,112714,0.4749368724668576,5.0
7456,69197,0.36641364646858776,8.0
7456,127452,0.169458688499385,9.0
7456,394244,0.051918043073048994,10.0
2579,524471,0.9810460609265074,1.0
2579,280838,0.732373155394445,2.0
2579,229809,0.6564899918826523,3.0
2579,570155,0.3956892352885385,4.0
2579,263481,0.3623535910347768,5.0
2579,197052,0.2519278729868624,6.0
2579,55064,0.15683530460197548,7.0
2579,579473,0.12277772897458673,8.0
2579,566480,0.016016520272971693,9.0
2579,410119,0.013934401559675716,10.0
687,506831,0.9610253678678131,1.0
687,342258,0.5398375394379848,2.0
687,449630,0.2836855926073909,3.0
687,214024,0.19807975872147032,6.0
687,478186,0.2317427649619083,4.0
687,579473,0.21630262606354098,5.0
687,406457,0.15249067691195778,7.0
687,508895,0.06136458576695989,8.0
687,494926,0.008101983248175473,10.0
687,16670,0.022172982993514525,9.0
2445,431685,1.0,1.0
2445,328341,0.3654788157690529,2.0
2445,352838,0.29101994713565754,3.0
2445,372909,0.2542337683119072,4.0
2445,366761,0.24341322172569171,5.0
2445,195081,0.07909743173481806,7.0
2445,88124,0.09226282147791659,6.0
2445,114418,0.07797708325484048,8.0
2445,360011,0.021421501409356548,10.0
2445,539133,0.0345790604670669,9.0
2885,17651,0.9157279914322698,1.0
2885,460398,0.5290484339600574,2.0
2885,429579,0.5196223301929097,3.0
2885,516444,0.44094461896366827,5.0
2885,102081,0.48374158925753635,4.0
2885,540539,0.35482864160713506,7.0
2885,118730,0.3687760472339725,6.0
2885,279865,0.2646258090745331,8.0
2885,101453,0.06037767674975989,9.0
2885,167356,0.048071397751533,10.0
5264,431814,0.9708807937039851,1.0
5264,42438,0.3679837889063417,3.0
5264,52579,0.4457738966179075,2.0
5264,505694,0.24050270348264013,4.0
5264,114439,0.07646432488311877,6.0
5264,580920,0.12656296457882046,5.0
5264,481166,0.060891921601452834,8.0
5264,400841,0.029448846889964943,9.0
5264,371720,0.06436194131670847,7.0
5264,186453,0.009160316765227246,10.0
7633,494727,1.0,1.0
7633,284235,0.8163746595777192,2.0
7633,164008,0.5368565400279502,3.0
7633,175831,0.42929904021118015,4.0
7633,228983,0.4282054093377178,5.0
7633,413041,0.28644004778310406,6.0
7633,112714,0.12422757131565927,7.0
7633,127452,0.1149109119294694,8.0
7633,31465,0.0637119922307702,10.0
7633,394244,0.07549191690974077,9.0
9291,17208,0.99947255932258,1.0
9291,480315,0.6142544202096711,2.0
9291,536120,0.5057704598194592,3.0
9291,377429,0.4887745578815167,4.0
9291,539263,0.268832396388165,5.0
9291,423658,0.13274325859520186,7.0
9291,172703,0.14514495186819998,6.0
9291,345199,0.07725764274292937,8.0
9291,61022,0.03803409734919598,9.0
9291,328086,0.0,10.0
4640,331534,1.0,1.0
4640,367785,0.4531574567916245,2.0
4640,104788,0.3482134383223292,3.0
4640,183612,0.2983057797201092,5.0
4640,526110,0.2666794954946091,6.0
4640,298099,0.3230468430181996,4.0
4640,454810,0.23172928940763005,8.0
4640,153541,0.23958671580900795,7.0
4640,49797,0.09568779692172294,9.0
4640,468923,0.0334737212335828,10.0
939,366761,0.9604179338095514,1.0
939,466084,0.30994610960617197,3.0
939,31793,0.32082850154649134,2.0
939,392434,0.27213449576412396,4.0
939,55666,0.12272692325444731,6.0
939,19183,0.1227647872471216,5.0
939,565181,0.09159984777006767,7.0
939,467575,0.03398717314770117,10.0
939,115333,0.056073379352390276,8.0
939,250702,0.04643023488031557,9.0
1306,387022,0.9648912425119315,1.0
1306,266952,0.6837482302673379,2.0
1306,594206,0.3765100414490462,3.0
1306,472243,0.30245370978863423,4.0
1306,447353,0.2014598115061268,5.0
1306,410119,0.16030739978855046,6.0
1306,460457,0.13610849880763448,7.0
1306,18003,0.05468194953707661,8.0
1306,372204,0.02141874122463591,10.0
1306,583203,0.03994285078073942,9.0
8475,104793,0.9830656910944388,1.0
8475,494655,0.9083372334854489,2.0
8475,240562,0.6036386203259693,3.0
8475,21311,0.3808841609073153,4.0
8475,437427,0.3711088724733428,5.0
8475,361028,0.1720576131295409,7.0
8475,51615,0.16265182248275428,8.0
8475,444107,0.19217658097995213,6.0
8475,72402,0.04547852354506073,9.0
8475,174335,0.04429986191004084,10.0
6807,332567,1.0,1.0
6807,402466,0.2839964282485626,2.0
6807,187583,0.18851732345794134,3.0
6807,459351,0.16822461924169446,4.0
6807,535697,0.12873807614717925,5.0
6807,59714,0.08649595125465619,6.0
6807,211622,0.05824312305838303,8.0
6807,11184,0.06161880114115009,7.0
6807,565765,0.03243009749771196,9.0
6807,93971,0.025518570116682078,10.0
5228,259476,0.9529298199274575,1.0
5228,158732,0.8745311393193848,2.0
5228,131774,0.7913388163367321,3.0
5228,331534,0.7533066785828952,4.0
5228,341947,0.6930787783921614,5.0
5228,366594,0.33829677066110164,6.0
5228,140038,0.31543082152582247,7.0
5228,156194,0.12397500855200864,9.0
5228,352120,0.13715845920622644,8.0
5228,414534,0.0,10.0
2856,108739,0.9379815487787472,1.0
2856,296769,0.854290749598751,2.0
2856,346042,0.8391031929808916,3.0
2856,219033,0.630019934474246,4.0
2856,361028,0.5370286304424967,5.0
2856,23340,0.2941365207524826,6.0
2856,386173,0.20161527430401266,7.0
2856,231727,0.19454509630222597,8.0
2856,110848,0.158263629773288,9.0
2856,213331,0.06716113320027757,10.0
3791,212222,1.0,1.0
3791,301570,0.1597859906096584,2.0
3791,521641,0.13450022767555944,3.0
3791,10790,0.11152791931339938,4.0
3791,197494,0.06479156925095034,8.0
3791,482415,0.08081722432601679,5.0
3791,572272,0.04746362098747242,10.0
3791,34925,0.059862957192178406,9.0
3791,440270,0.07522433996297571,6.0
3791,577201,0.06954404925850927,7.0
4514,1642,0.9591280905564289,2.0
4514,156211,0.9772975718336986,1.0
4514,426270,0.6630189614489082,3.0
4514,317429,0.5365240553537479,4.0
4514,352485,0.45849938826290176,5.0
4514,197222,0.1597404796809633,6.0
4514,117451,0.061159325709775746,8.0
4514,565782,0.08375098245131851,7.0
4514,514417,0.03617402116187313,9.0
4514,134722,0.0,10.0
6122,496166,1.0,1.0
6122,118280,0.1867978668055158,2.0
6122,117274,0.1846155177092584,3.0
6122,305509,0.17300332974195304,4.0
6122,42533,0.10632756361797852,5.0
6122,219504,0.0742478189243013,6.0
6122,283072,0.02682114433935699,10.0
6122,428829,0.06433687154195625,7.0
6122,39819,0.03655605928705763,9.0
6122,102081,0.04868511955972029,8.0
8832,108059,0.9,2.0
8832,94689,0.9921155056661976,1.0
8832,597351,0.45829443370376177,3.0
8832,268289,0.34466730936334367,4.0
8832,170594,0.30331785919723625,5.0
8832,133093,0.2862269801308651,6.0
8832,259317,0.2014894912811905,7.0
8832,234103,0.044306611949955124,8.0
8832,195767,0.01383621328654093,9.0
8832,387141,0.005848317548327973,10.0
7145,301580,0.9876527841232848,1.0
7145,379311,0.7733751609458285,2.0
7145,62966,0.3377289170186963,3.0
7145,297290,0.3309499891627759,4.0
7145,451855,0.1872122195721986,5.0
7145,471964,0.15984702968312897,6.0
7145,453542,0.04514207707297363,10.0
7145,387277,0.05278924120215993,8.0
7145,81458,0.10759511942946481,7.0
7145,172703,0.05038569588941599,9.0
7674,164008,0.9308707089229581,1.0
7674,249279,0.8887298810492217,2.0
7674,367641,0.40065088664097104,5.0
7674,89460,0.4581348286455487,4.0
7674,65120,0.4588269568293095,3.0
7674,494295,0.3261194094404998,6.0
7674,223206,0.22695415816913633,7.0
7674,452870,0.1225445626658805,8.0
7674,172443,0.02207094019030259,9.0
7674,2064,0.0016434223115306332,10.0
8202,115553,0.9505095105769422,2.0
8202,92267,0.9978410877196691,1.0
8202,251704,0.3196243777704224,3.0
8202,514500,0.2809254786921287,4.0
8202,60175,0.2588542090438584,5.0
8202,99857,0.23237187484369687,6.0
8202,186453,0.13462034073066553,7.0
8202,31465,0.07077369603580849,9.0
8202,59714,0.10312519573810858,8.0
8202,265213,0.0,10.0
3682,233497,0.9047563176190037,2.0
3682,329662,0.9859882278878715,1.0
3682,426223,0.8087275381281435,3.0
3682,537418,0.694651787326442,4.0
3682,388613,0.6161947313951404,6.0
3682,336018,0.6589254880465046,5.0
3682,27401,0.5134269925481643,7.0
3682,281707,0.14944655549095678,8.0
3682,55022,0.03780080138737751,10.0
3682,330041,0.07458369583479309,9.0
3446,323498,1.0,1.0
3446,211839,0.8987903360611857,2.0
3446,31550,0.8006269014523889,3.0
3446,505027,0.6811039191176043,4.0
3446,367785,0.5022042853972016,5.0
3446,204176,0.4501372384888413,6.0
3446,366685,0.3550355787613133,7.0
3446,157702,0.20464360316812807,8.0
3446,241099,0.16498141033342822,9.0
3446,511386,0.05148584543163344,10.0
7592,40966,0.9775323041503647,1.0
7592,273947,0.6837813749777922,2.0
7592,593283,0.4761477645048323,3.0
7592,170141,0.3585375424939774,5.0
7592,208219,0.40597791806234873,4.0
7592,563025,0.3374978075077863,6.0
7592,73427,0.2459855681271194,7.0
7592,213370,0.20765885803745726,8.0
7592,15824,0.14889813561326976,9.0
7592,198349,0.0040184966844379975,10.0
6715,13732,0.9961385570812223,1.0
6715,568526,0.6540128805469937,2.0
6715,275902,0.3861358043652856,3.0
6715,193312,0.3334065290415801,4.0
6715,518563,0.24455936443134674,5.0
6715,51729,0.13773768413137957,7.0
6715,457294,0.13789698315778273,6.0
6715,149306,0.12243486447059956,8.0
6715,526110,0.09680443230876706,9.0
6715,113619,0.05114813460860659,10.0
2264,534454,1.0,1.0
2264,556976,0.3870958612608484,3.0
2264,244104,0.39668435750205994,2.0
2264,350819,0.31344796633961497,4.0
2264,588247,0.22196135918174767,6.0
2264,488574,0.27250398786326974,5.0
2264,31793,0.18786397636084326,7.0
2264,352838,0.1327210587270583,8.0
2264,450808,0.06558602094533625,9.0
2264,498834,0.04456744627111049,10.0
6121,315275,0.9380197878639832,1.0
6121,289231,0.8870433180302592,2.0
6121,523158,0.3938666940692967,3.0
6121,184175,0.25712363549865097,4.0
6121,333184,0.20819539575267104,6.0
6121,524801,0.23704169612673726,5.0
6121,235545,0.20238095187755067,7.0
6121,570964,0.13246864389240726,8.0
6121,171339,0.027767309999011433,10.0
6121,344573,0.04983829085887698,9.0
3453,418626,1.0,1.0
3453,156211,0.7683582803850402,2.0
3453,1642,0.5405953132587156,3.0
3453,296516,0.1872430637484159,5.0
3453,233635,0.2391834634397162,4.0
3453,317429,0.11315792621087471,6.0
3453,352485,0.09367285358690898,7.0
3453,565782,0.06340486938862788,8.0
3453,337764,0.03210223118017148,10.0
3453,209804,0.04546822027243335,9.0
6985,561884,0.9269471573219601,1.0
6985,149305,0.5654050862485411,3.0
6985,456436,0.5719072505468266,2.0
6985,78029,0.35409676151926184,4.0
6985,403755,0.28539366931445914,5.0
6985,538023,0.2464659920889761,6.0
6985,464533,0.14462498268017707,8.0
6985,196427,0.1540321972642444,7.0
6985,54584,0.11175312029482345,9.0
6985,587120,0.04870317154033414,10.0
2181,77245,0.9937700573573343,1.0
2181,234436,0.9320428485709658,2.0
2181,470289,0.8827284150715782,3.0
2181,136315,0.2691678772790814,4.0
2181,101604,0.2590339338629089,5.0
2181,288189,0.20180254624882304,6.0
2181,391988,0.15126967061365498,8.0
2181,56718,0.1689064332116429,7.0
2181,555732,0.0706479693474783,9.0
2181,499782,0.0,10.0
8532,40702,0.946395947535329,2.0
8532,416307,0.9869609377146497,1.0
8532,427726,0.8222820064703804,3.0
8532,543714,0.7080986383873973,4.0
8532,42438,0.6253551753395928,5.0
8532,344372,0.46775947321912426,6.0
8532,125355,0.3106083295480879,7.0
8532,483299,0.25679941249566446,8.0
8532,100103,0.10241103886986141,9.0
8532,6574,0.07403993773725964,10.0
4312,222639,0.97264415078801,1.0
4312,282435,0.898823502069107,2.0
4312,167950,0.7913510668430718,3.0
4312,324779,0.2419426851442466,6.0
4312,507284,0.2890121400553133,4.0
4312,116647,0.2800702991669525,5.0
4312,218759,0.07119145725014318,7.0
4312,535998,0.01485460475123636,10.0
4312,228341,0.05433582314261824,8.0
4312,535651,0.016448433987346706,9.0
9108,415976,0.9,1.0
9108,123702,0.7487378311341601,2.0
9108,133468,0.4129572305580459,4.0
9108,258291,0.4569085577225749,3.0
9108,461592,0.28038619710953616,5.0
9108,579763,0.26717233537118323,6.0
9108,472051,0.10664602428894492,7.0
9108,298128,0.05932968027011154,9.0
9108,305579,0.06233275421118938,8.0
9108,22221,0.05635210241032901,10.0
8116,433032,1.0,1.0
8116,319793,0.8497480923285501,2.0
8116,236482,0.516880102555862,3.0
8116,182297,0.34281427576110846,4.0
8116,533457,0.33750612870663377,5.0
8116,403186,0.17866692011653545,7.0
8116,433197,0.1903460412370161,6.0
8116,38711,0.05958325505566088,8.0
8116,374867,0.05711854726341456,9.0
8116,314478,0.017904584432767684,10.0
9403,243148,0.9,1.0
9403,228403,0.21589538333431688,2.0
9403,175982,0.10195044060372989,6.0
9403,562793,0.12127454601330323,4.0
9403,81924,0.06766979814963725,7.0
9403,472516,0.04756348156793669,9.0
9403,513258,0.037254466610403394,10.0
9403,150650,0.12328856379680941,3.0
9403,269898,0.11358340493428092,5.0
9403,29790,0.06355747497050934,8.0
776,124027,1.0,1.0
776,597247,0.21319183202225764,2.0
776,597880,0.19653144936309588,3.0
776,592680,0.16771062652645058,4.0
776,10440,0.1473397390569106,5.0
776,276411,0.040495668197373214,10.0
776,496899,0.09267544703907893,6.0
776,418864,0.07814815029139609,7.0
776,454810,0.04867511440465863,9.0
776,136270,0.04955141441676611,8.0
6199,473322,0.999256964715106,1.0
6199,157553,0.7683613468185787,2.0
6199,332314,0.5656455853639707,3.0
6199,521641,0.46757213326085,4.0
6199,433801,0.3465112800257747,5.0
6199,93231,0.26525652375651043,6.0
6199,525827,0.2200703134323153,7.0
6199,409120,0.15421657568127875,8.0
6199,279845,0.1380267830381791,9.0
6199,366448,0.08913928315781053,10.0
1393,234436,0.9971390486437863,1.0
1393,220022,0.6650050026668858,2.0
1393,532932,0.498797333423462,3.0
1393,394871,0.43167022974672997,4.0
1393,77245,0.427790708484814,5.0
1393,352640,0.4017399278548319,6.0
1393,499782,0.2496174726948269,7.0
1393,326665,0.1789504700389982,8.0
1393,196920,0.07294644493781577,9.0
1393,555732,0.05326268780291863,10.0
9668,111768,0.9894276910971819,1.0
9668,75437,0.3741491926784418,3.0
9668,55022,0.3469227167692795,4.0
9668,6574,0.37553793226473564,2.0
9668,62151,0.26411259801064013,6.0
9668,594655,0.19480029501767185,7.0
9668,13260,0.2788126612990669,5.0
9668,79998,0.11744865800954973,9.0
9668,42438,0.19013064551304876,8.0
9668,416307,0.027208906451943727,10.0
9088,557219,0.9890084074258251,1.0
9088,224654,0.905952249874425,2.0
9088,536120,0.7220709007390834,3.0
9088,226303,0.5186996026282369,4.0
9088,539263,0.38200863323792106,5.0
9088,511093,0.37998896096697127,6.0
9088,433809,0.2726375048352713,8.0
9088,472516,0.28322950913474826,7.0
9088,461051,0.1285004880394186,9.0
9088,344041,0.06593152988283525,10.0
3091,159936,0.9826762753488759,1.0
3091,187739,0.7388027905418775,2.0
3091,95778,0.5855570135922823,3.0
3091,416796,0.35804689066704976,4.0
3091,437538,0.3459848381077617,5.0
3091,254454,0.2514496183133363,6.0
3091,274870,0.1557753110415073,7.0
3091,426223,0.007778663566566906,10.0
3091,366448,0.10304239639249707,8.0
3091,216384,0.03848132460973877,9.0
1157,405777,1.0,1.0
1157,266952,0.3037345652897531,2.0
1157,251411,0.250024102036987,3.0
1157,243503,0.231081432812483,4.0
1157,452544,0.17162057048197285,5.0
1157,564618,0.052219561000083375,6.0
1157,295980,0.021305767007257375,8.0
1157,388455,0.04427385666779611,7.0
1157,350819,0.007003158842478454,10.0
1157,97348,0.020250927723645597,9.0
4335,318583,1.0,1.0
4335,322246,0.7138432143283383,2.0
4335,416225,0.27094892671302234,3.0
4335,109860,0.20011058901703754,4.0
4335,382381,0.15507038614654933,5.0
4335,110515,0.11496053148521368,6.0
4335,126134,0.11093197250250486,7.0
4335,190169,0.027192235745445853,9.0
4335,158185,0.040750589581486925,8.0
4335,274359,0.020732273733845404,10.0
8947,545759,0.9,1.0
8947,61022,0.7835165515219561,2.0
8947,532657,0.6370990532324153,3.0
8947,461592,0.5159911690537711,4.0
8947,461084,0.32082952024771555,5.0
8947,127134,0.29746823712904913,6.0
8947,384564,0.20519293153702528,7.0
8947,388646,0.10876233302378674,8.0
8947,452870,0.09978864449287293,9.0
8947,214901,0.03262960766728338,10.0
6410,418150,1.0,1.0
6410,112208,0.5123978866456937,2.0
6410,273861,0.43778729397293376,3.0
6410,172703,0.4231131971882099,4.0
6410,59994,0.3081673420068473,5.0
6410,528034,0.2532604899133235,6.0
6410,107092,0.14675484596665517,8.0
6410,100485,0.17547453272275088,7.0
6410,133093,0.0633654949792388,9.0
6410,87722,0.060418077953976246,10.0
5196,565745,1.0,1.0
5196,219033,0.7640516962363325,2.0
5196,213370,0.5239716836136035,3.0
5196,171339,0.43475676472868735,4.0
5196,356928,0.392668071982437,5.0
5196,581889,0.2897714405568089,6.0
5196,273528,0.13762514179964827,7.0
5196,114829,0.08125141086510045,8.0
5196,555101,0.006627104660753351,10.0
5196,474050,0.07936872593346926,9.0
8789,87349,1.0,1.0
8789,41912,0.385327387352135,2.0
8789,102436,0.27819822722738907,3.0
8789,58290,0.20546483616228495,5.0
8789,14870,0.21450945186520368,4.0
8789,328341,0.18896707980194766,6.0
8789,152014,0.05815223921107287,7.0
8789,296528,0.012628255129571839,10.0
8789,213526,0.04001217890495977,8.0
8789,316838,0.01976375974079203,9.0
5808,251824,1.0,1.0
5808,51615,0.4415409414870431,3.0
5808,535697,0.4914666156082499,2.0
5808,43781,0.33094330779107495,4.0
5808,226053,0.2625260035009626,5.0
5808,226070,0.2616036385555629,6.0
5808,271243,0.1981784906894497,7.0
5808,88477,0.046534211217536176,9.0
5808,350145,0.012830681743581695,10.0
5808,72652,0.04795588292625212,8.0
9701,225682,1.0,1.0
9701,19711,0.21293126380918143,2.0
9701,494926,0.19735307874782773,3.0
9701,384230,0.15091006205618474,4.0
9701,457416,0.12127471167795828,6.0
9701,279865,0.12556024584838058,5.0
9701,473540,0.07131842689101903,7.0
9701,76054,0.03540958737493259,10.0
9701,533515,0.05088867411081395,8.0
9701,321969,0.037478646683624425,9.0
3179,56718,0.9639199749301995,1.0
3179,385073,0.9143164426885174,2.0
3179,150219,0.8024199570535984,3.0
3179,243503,0.21760964712956338,4.0
3179,442142,0.20554919582836698,5.0
3179,352838,0.1581131936557223,6.0
3179,124630,0.05205791338873702,8.0
3179,431685,0.07250138590856699,7.0
3179,597247,0.012985232245757993,10.0
3179,174335,0.032664863719445665,9.0
6896,196427,0.9619839269550771,1.0
6896,330041,0.8990582402083563,2.0
6896,244749,0.5727212133754948,4.0
6896,223070,0.5897419353044132,3.0
6896,403755,0.3997200137529421,5.0
6896,38711,0.28361558761586325,6.0
6896,149305,0.1454159615776959,9.0
6896,106501,0.1548978299403626,8.0
6896,587120,0.15636717257268906,7.0
6896,102443,0.060568488525160946,10.0
2513,25762,0.9488089113631295,1.0
2513,518624,0.535366156535556,2.0
2513,588247,0.5083015574812056,3.0
2513,82344,0.37993911482369236,4.0
2513,97348,0.17153275096403256,5.0
2513,102443,0.10383687809310133,7.0
2513,405777,0.1168782391238776,6.0
2513,352838,0.0800890136849246,8.0
2513,147646,0.03403358519973662,9.0
2513,120090,0.0,10.0
8937,294295,0.937764863704214,1.0
8937,13260,0.21970496369396442,3.0
8937,336541,0.2226474177488874,2.0
8937,320101,0.19743510561391073,4.0
8937,416307,0.17735998318802992,5.0
8937,100103,0.11639366511307817,7.0
8937,363043,0.14549265674845036,6.0
8937,429378,0.03452613528518542,10.0
8937,88892,0.04935642677478192,8.0
8937,214003,0.04879725252362959,9.0
9643,112208,1.0,1.0
9643,100485,0.7847666425623746,2.0
9643,480315,0.2862540207053793,3.0
9643,428082,0.19938317465504063,5.0
9643,467575,0.2065841878679073,4.0
9643,87722,0.16160604069330617,6.0
9643,581038,0.14016882626635122,7.0
9643,214542,0.07954523322317715,8.0
9643,539263,0.06279705688095662,9.0
9643,156816,0.03356475307717574,10.0
5653,588247,1.0,1.0
5653,483456,0.30221206247903815,2.0
5653,14543,0.17590201258337643,3.0
5653,87722,0.16707435233734605,4.0
5653,290930,0.15050517595206853,5.0
5653,461592,0.13426318408365373,6.0
5653,446984,0.0780804831575442,7.0
5653,583635,0.04520626486078794,8.0
5653,31377,0.03638590934224881,9.0
5653,66631,0.004727526741950824,10.0
2551,143100,1.0,1.0
2551,479276,0.6797728449411917,2.0
2551,202990,0.2993231814040975,3.0
2551,9938,0.17978394679245732,5.0
2551,394460,0.1888166753747244,4.0
2551,242124,0.14265977880248815,6.0
2551,523158,0.1309817850536507,7.0
2551,384642,0.0799752578960197,8.0
2551,572272,0.015835246583555476,9.0
2551,362805,0.0,10.0
1948,467509,1.0,1.0
1948,108739,0.6813008812614613,2.0
1948,356928,0.5430583642563216,3.0
1948,223206,0.33315478731899417,7.0
1948,219033,0.3640836304092054,4.0
1948,443795,0.3354805144302494,6.0
1948,362215,0.3370045201714124,5.0
1948,377571,0.2793988863870461,8.0
1948,399700,0.10740992467646221,9.0
1948,213331,0.04706984737682916,10.0
4920,228341,1.0,1.0
4920,82294,0.91294333767664,2.0
4920,277217,0.72775987556006,3.0
4920,306815,0.7159248277654296,4.0
4920,22221,0.15684296995901334,5.0
4920,371720,0.10693131637249634,6.0
4920,415340,0.05798853467851582,7.0
4920,323363,0.025758379279454794,9.0
4920,283202,0.009623883450174555,10.0
4920,115517,0.028604730302522374,8.0
2589,450577,1.0,1.0
2589,43961,0.779711630694996,2.0
2589,468144,0.38061745595366553,3.0
2589,437969,0.21387773029644108,5.0
2589,581889,0.22068135147598553,4.0
2589,509650,0.15382324520845408,6.0
2589,75252,0.13423761337823487,7.0
2589,307610,0.06393539621634664,8.0
2589,557877,0.05206886200967793,9.0
2589,527698,0.0,10.0
7513,112208,0.9896414333577871,1.0
7513,172703,0.8982643296005981,2.0
7513,328086,0.569954576561112,3.0
7513,115372,0.5419357026872923,4.0
7513,273861,0.4865578028810914,5.0
7513,87722,0.3586841548188078,6.0
7513,377429,0.3353111693504364,7.0
7513,387277,0.3101188559349273,8.0
7513,62966,0.1689045095961066,9.0
7513,418150,0.029305952043134412,10.0
5410,13975,1.0,1.0
5410,371720,0.5784842188065501,3.0
5410,494323,0.6069563436591674,2.0
5410,249844,0.5251621744992625,4.0
5410,488258,0.35749874890648786,5.0
5410,75235,0.14729319162470125,6.0
5410,488732,0.1433211557906944,7.0
5410,457532,0.11411205325039045,8.0
5410,108739,0.11219931286209076,9.0
5410,193312,0.0231715521399462,10.0
2334,228403,1.0,1.0
2334,107092,0.2947275120804938,2.0
2334,150650,0.2843437740221703,3.0
2334,93936,0.23906406725375545,5.0
2334,2304,0.2517361886299854,4.0
2334,208219,0.20164698055054558,6.0
2334,274870,0.03408208802426992,8.0
2334,156194,0.018037731154862652,10.0
2334,204917,0.05841447891570643,7.0
2334,385506,0.03026520521776824,9.0
1783,445298,1.0,1.0
1783,306800,0.8554078339124223,2.0
1783,309555,0.7301558220895672,3.0
1783,167660,0.7296684570065042,4.0
1783,272425,0.43096599195707064,5.0
1783,43497,0.2696606388593743,6.0
1783,57320,0.22864630882673584,7.0
1783,384631,0.11181467952536422,8.0
1783,179066,0.08043709363948989,9.0
1783,102237,0.005274796211903923,10.0
4641,494753,0.9470487666111849,1.0
4641,213673,0.6466332643305517,2.0
4641,237580,0.6161870098010294,3.0
4641,44594,0.5169786959169778,4.0
4641,211867,0.2751261264153116,5.0
4641,406219,0.2235151873600755,6.0
4641,409120,0.16027856748944985,7.0
4641,461592,0.14339335626711944,8.0
4641,450228,0.04629154878915308,10.0
4641,192811,0.048018472568488374,9.0
1469,444589,1.0,1.0
1469,243503,0.3946245519126431,2.0
1469,426570,0.36190893268589913,3.0
1469,469776,0.19032324442050394,4.0
1469,18003,0.09737771043052824,5.0
1469,421371,0.09232356312083476,6.0
1469,335336,0.03879265713710577,9.0
1469,484649,0.05891125961074759,8.0
1469,56320,0.06148096867655808,7.0
1469,451737,0.0006083129675119489,10.0
10267,569632,1.0,1.0
10267,487348,0.5649984888949525,2.0
10267,22036,0.5277123127695152,3.0
10267,522713,0.430065709471474,4.0
10267,457108,0.37038515392068927,5.0
10267,379667,0.2075974800716484,6.0
10267,330379,0.17368005939962647,7.0
10267,108859,0.11746395698542017,8.0
10267,186578,0.058156156578559354,9.0
10267,17652,0.04189172633596366,10.0
3771,59994,0.9987919827997238,1.0
3771,95966,0.36612375730968777,2.0
3771,13346,0.32123457417323287,3.0
3771,40062,0.24713069499358645,4.0
3771,95762,0.08234173092908502,8.0
3771,97764,0.1153741784102703,5.0
3771,478890,0.08744818271582175,7.0
3771,515072,0.10703146006417362,6.0
3771,303025,0.0734156138272472,9.0
3771,346450,0.01177989054926387,10.0
10497,147765,1.0,1.0
10497,159880,0.9348208069777003,2.0
10497,445230,0.7252115965362841,3.0
10497,535705,0.2639706576386817,6.0
10497,575729,0.2991796511392817,5.0
10497,71898,0.3261650721905478,4.0
10497,569461,0.2153824638729776,8.0
10497,31483,0.2451301838395091,7.0
10497,456436,0.04702819323726715,9.0
10497,160301,0.041139766272539506,10.0
2472,337165,0.9058393977369762,1.0
2472,584273,0.8484918316746429,2.0
2472,138151,0.5035842131553018,3.0
2472,534099,0.5003312759231525,4.0
2472,416796,0.26049107290865015,6.0
2472,366597,0.2620242432330572,5.0
2472,216384,0.08503316359159382,8.0
2472,187739,0.07995331366463615,9.0
2472,169921,0.06461013151779908,10.0
2472,518563,0.09999999999999998,7.0
503,171761,0.9944771715989671,1.0
503,257656,0.4199413823485542,2.0
503,405374,0.4095577479430955,3.0
503,433032,0.1802860054369292,4.0
503,343489,0.081259132838898,7.0
503,531990,0.08961481579000945,6.0
503,156816,0.11035754876512546,5.0
503,100485,0.021939562345192322,10.0
503,69965,0.03647719072607987,9.0
503,350680,0.040678119281751995,8.0
6832,552346,0.9807842454817886,1.0
6832,573874,0.4516447029306818,2.0
6832,244749,0.22764462836438745,4.0
6832,377853,0.28676894041209433,3.0
6832,116694,0.07769848368249195,7.0
6832,108040,0.09349638047065836,6.0
6832,349554,0.1466058482279301,5.0
6832,459351,0.05231959439357815,8.0
6832,42533,0.0074132325791993504,10.0
6832,239214,0.037236435882203156,9.0
864,24890,0.9749817177829253,1.0
864,30142,0.8857942210048106,2.0
864,450808,0.6973691016572805,4.0
864,472924,0.7853871685562063,3.0
864,566337,0.3540896779364038,5.0
864,291726,0.25809225736545804,6.0
864,479625,0.19641458222798702,7.0
864,175339,0.12946905096612316,8.0
864,231947,0.08151563407306645,9.0
864,244104,0.054797704640925746,10.0
2580,11988,0.9755077524864921,1.0
2580,344118,0.677325068358342,2.0
2580,371720,0.49965317800499215,3.0
2580,87722,0.2072403901382039,4.0
2580,360481,0.09186488622713479,6.0
2580,75764,0.08642785057133553,8.0
2580,585447,0.12037383045326705,5.0
2580,114439,0.0901331710951912,7.0
2580,272738,0.07513724887993095,9.0
2580,503934,0.04953845261477164,10.0
6625,416307,0.9432716359048615,1.0
6625,88892,0.7486756823374576,2.0
6625,336541,0.5626066357266785,3.0
6625,27401,0.4683711061900663,4.0
6625,320101,0.3617508610433148,5.0
6625,557356,0.2261976330286425,6.0
6625,138703,0.11084095619405114,7.0
6625,13260,0.10609293407742437,8.0
6625,595133,0.02467198389702693,10.0
6625,75437,0.029756128179364964,9.0
2685,308837,0.9073520424591288,1.0
2685,539133,0.28131429799518687,2.0
2685,302792,0.23677917839979676,3.0
2685,243499,0.20789345334430706,5.0
2685,575497,0.20243186943576746,6.0
2685,158845,0.16763904141279454,7.0
2685,284075,0.14995924804702943,8.0
2685,382005,0.20967480354709872,4.0
2685,136825,0.05876393271749589,9.0
2685,395357,0.017974630236211212,10.0
68,123634,0.9602955605970713,1.0
68,296098,0.8928735042949146,2.0
68,528564,0.8761159184331999,3.0
68,197839,0.47868310355177834,4.0
68,532932,0.3644231962293963,5.0
68,352640,0.1438723005003136,7.0
68,327002,0.1686637132095071,6.0
68,55666,0.09775518847419346,9.0
68,232199,0.12860680588150797,8.0
68,259766,0.02460803424206736,10.0
813,548705,0.9925493706888212,1.0
813,284411,0.8967927416504312,2.0
813,196427,0.6284000212288094,3.0
813,2809,0.40335682155795727,4.0
813,127974,0.18544309616317245,6.0
813,171596,0.18751728819447697,5.0
813,318583,0.1431251946505216,7.0
813,459677,0.116184000095433,8.0
813,418630,0.06719806717073148,9.0
813,123468,0.0,10.0
7345,69790,0.9214639496474065,1.0
7345,254288,0.6293891734519343,2.0
7345,67063,0.5881555406891448,3.0
7345,98130,0.5833766277693628,4.0
7345,416727,0.3887361130541145,5.0
7345,417840,0.24673775957276445,6.0
7345,108,0.24008657655050988,7.0
7345,90447,0.18089284082735835,8.0
7345,348405,0.052064820707676984,9.0
7345,504996,0.0,10.0
8970,96121,1.0,1.0
8970,108040,0.8430843866224985,2.0
8970,187583,0.5355453376594291,3.0
8970,496899,0.4987019829039344,5.0
8970,537857,0.5058065896822731,4.0
8970,314478,0.2052079513348679,6.0
8970,167356,0.16368050295050263,8.0
8970,11988,0.16419301847645315,7.0
8970,128574,0.06302970476514873,9.0
8970,514500,0.003547109040658494,10.0
7105,72652,1.0,1.0
7105,307380,0.7235937141246819,2.0
7105,220060,0.514135946232841,3.0
7105,455891,0.40206028362175145,4.0
7105,490294,0.33327737182895767,5.0
7105,314919,0.29696996066221776,6.0
7105,324037,0.22959478327815477,7.0
7105,228341,0.0660407933046478,8.0
7105,479384,0.03348157967731724,9.0
7105,366488,0.0,10.0
1310,535651,0.979402818583219,1.0
1310,471870,0.45302652261874554,2.0
1310,565698,0.21277314322658122,3.0
1310,344648,0.1658012852704389,5.0
1310,55022,0.1815943175816642,4.0
1310,346622,0.07114471594651389,7.0
1310,24567,0.12543469461831733,6.0
1310,489401,0.05923590007568149,8.0
1310,297831,0.027219641756707273,10.0
1310,44492,0.037081039273421094,9.0
9060,12432,0.9308392041322066,1.0
9060,511093,0.8574785028929707,2.0
9060,108,0.4961513243372875,3.0
9060,13260,0.4038846901268764,4.0
9060,511515,0.28594329010425595,5.0
9060,304304,0.2741034106721041,6.0
9060,37517,0.2504452650621367,7.0
9060,75437,0.2177336760235674,8.0
9060,43087,0.12001350688434881,9.0
9060,111768,0.02191816357476283,10.0
2549,418150,0.964133368001371,1.0
2549,327978,0.6261273419656475,2.0
2549,14368,0.32868394544748125,3.0
2549,307380,0.18397647857974597,4.0
2549,301224,0.12688984360610164,6.0
2549,59714,0.10719270764420416,7.0
2549,44601,0.1280947551005282,5.0
2549,265874,0.09643026053919529,8.0
2549,17923,0.04126908089826852,9.0
2549,350145,0.0,10.0
559,401254,0.9344729565025508,1.0
559,213370,0.5049487702628133,3.0
559,151639,0.5433798869237371,2.0
559,198349,0.439805570617454,4.0
559,485195,0.11997343420435246,5.0
559,494689,0.11685214244027753,6.0
559,21194,0.053104396590503616,9.0
559,281977,0.1036696745746643,7.0
559,61706,0.01346362383339626,10.0
559,75252,0.09999999999999998,8.0
7218,266900,0.9791221715829672,1.0
7218,32290,0.7789117576906004,2.0
7218,117576,0.30486076773549065,3.0
7218,537418,0.2962194214910391,4.0
7218,482517,0.16440265864342737,6.0
7218,125659,0.18823111657725566,5.0
7218,40447,0.09767256378054663,7.0
7218,6701,0.088904615620693,8.0
7218,158520,0.08078593110221524,9.0
7218,314478,0.07216670764843909,10.0
2400,158523,0.9,2.0
2400,456470,0.9185176158063159,1.0
2400,29306,0.7301447380505781,3.0
2400,22469,0.46894060932995923,5.0
2400,3118,0.5059932163067177,4.0
2400,226967,0.3186687755613995,6.0
2400,571258,0.22876982156635983,7.0
2400,1198,0.16798352889137716,8.0
2400,307424,0.028055897863743733,9.0
2400,535697,0.024603382685037926,10.0
2348,447619,1.0,1.0
2348,112591,0.5974416661251876,2.0
2348,306430,0.5625875164553753,3.0
2348,244433,0.3549489774341425,5.0
2348,268261,0.36189924635158194,4.0
2348,265874,0.28564490981599805,6.0
2348,403025,0.07907137222824091,7.0
2348,117576,0.06041614759496654,8.0
2348,14870,0.05328096963315516,9.0
2348,12432,0.0,10.0
3615,335991,1.0,1.0
3615,518379,0.8243426980412397,2.0
3615,72402,0.3432560831025657,3.0
3615,72160,0.29110263707278583,4.0
3615,156358,0.1050596275641382,5.0
3615,482544,0.10268120400665925,6.0
3615,174335,0.07899105541889863,8.0
3615,341493,0.0819435345411424,7.0
3615,17166,0.04750562177578187,9.0
3615,489401,0.0,10.0
8102,314478,0.9582606627805323,1.0
8102,149305,0.49129651035711747,2.0
8102,416307,0.4209713163556534,3.0
8102,99857,0.37631856967241706,4.0
8102,552707,0.3551608806048637,5.0
8102,223309,0.25217272941850283,6.0
8102,481166,0.1963948779524679,7.0
8102,320101,0.11428745978031732,8.0
8102,344372,0.053076260029327305,9.0
8102,408123,0.04196566953450844,10.0
5155,462892,1.0,1.0
5155,367785,0.1868248941912563,3.0
5155,69495,0.2069740981618597,2.0
5155,280805,0.16633808841497538,4.0
5155,175265,0.10872543049635727,5.0
5155,305671,0.08090498771527654,6.0
5155,191495,0.07395079954180064,7.0
5155,537725,0.034122253582726726,9.0
5155,157702,0.06308129497733019,8.0
5155,409573,0.0037481806795400703,10.0
2460,530037,0.9950137973142116,1.0
2460,584337,0.8769120886307668,2.0
2460,279346,0.7447830520758785,3.0
2460,549180,0.3658373340295974,4.0
2460,196427,0.1698135764813764,6.0
2460,502281,0.14742629709182983,7.0
2460,512803,0.18900058708482254,5.0
2460,505028,0.07789348324638767,8.0
2460,295980,0.03526743870747301,10.0
2460,38711,0.03586101446147121,9.0
2399,343489,1.0,1.0
2399,583124,0.38885551291736936,2.0
2399,468743,0.35633486740021564,3.0
2399,29790,0.18727802107708358,4.0
2399,19606,0.15923714838684103,6.0
2399,521712,0.16176691195021875,5.0
2399,510314,0.04520530066951651,7.0
2399,476834,0.039411174944730835,9.0
2399,457419,0.04007101085664511,8.0
2399,442489,0.0,10.0
4071,170594,0.9475007136328828,1.0
4071,328556,0.8881743672535517,2.0
4071,337764,0.535136751180023,4.0
4071,296516,0.536166999732516,3.0
4071,135113,0.4825442785355166,5.0
4071,565782,0.43466523952279146,6.0
4071,352485,0.39231195009589187,7.0
4071,368150,0.20990543043662466,8.0
4071,317429,0.1652758003285495,9.0
4071,543589,0.03521196466570621,10.0
18,431685,0.9536531469754287,1.0
18,88124,0.42110877716748896,2.0
18,161162,0.22540587746010787,3.0
18,528564,0.14835115272844968,5.0
18,227098,0.15650360658862997,4.0
18,172594,0.05312320425721208,7.0
18,152218,0.03511292410431004,8.0
18,349554,0.025132373568133255,10.0
18,366761,0.08990097560328764,6.0
18,143622,0.034145862201830565,9.0
2306,581889,1.0,1.0
2306,509650,0.3096963358378606,2.0
2306,494689,0.2702231592414025,3.0
2306,75252,0.2426643929151883,4.0
2306,368806,0.17876493696109852,5.0
2306,246459,0.17026592719836756,6.0
2306,485195,0.13783723421952512,7.0
2306,401254,0.045477200574528996,8.0
2306,399013,0.000412894079385274,10.0
2306,160125,0.03942440201751184,9.0
3051,232063,0.9826620933038479,1.0
3051,591940,0.6520269329732531,2.0
3051,306144,0.37685794214213514,3.0
3051,318266,0.18967440254084528,4.0
3051,583956,0.1842793512797649,5.0
3051,73434,0.09362392522559028,7.0
3051,66246,0.12199456476971682,6.0
3051,110515,0.047110124184587265,9.0
3051,393953,0.06270133283771619,8.0
3051,387165,0.04092527179014338,10.0
2395,594182,1.0,1.0
2395,149306,0.7325159027279093,2.0
2395,568526,0.40394932708399944,3.0
2395,308837,0.281506089471391,4.0
2395,13732,0.2547623944138738,5.0
2395,307999,0.15436889042476087,6.0
2395,387010,0.07489139891598151,7.0
2395,414192,0.0008061099742491808,10.0
2395,13153,0.03097106060470335,8.0
2395,204176,0.02849303708173193,9.0
5134,17208,0.954300269116434,1.0
5134,579557,0.7442062120313617,2.0
5134,536120,0.6551067611752397,3.0
5134,100485,0.45283925116215007,4.0
5134,172703,0.4191120472837109,5.0
5134,206727,0.4122662428587813,6.0
5134,122012,0.23628329396183465,7.0
5134,453542,0.2293141944601953,8.0
5134,328086,0.051847355605130985,9.0
5134,539263,0.0046583615520451845,10.0
5343,204075,1.0,1.0
5343,296528,0.7811914362599738,2.0
5343,366597,0.7727085369556782,3.0
5343,581889,0.7604274650957106,4.0
5343,184175,0.7399416161271463,5.0
5343,367641,0.5362184915508865,6.0
5343,157553,0.29656413624253586,7.0
5343,405702,0.17235558562772524,8.0
5343,548433,0.047862853844263815,9.0
5343,17443,0.026380939446217992,10.0
5254,471723,0.9209638929091611,1.0
5254,59714,0.4660415803716963,3.0
5254,402466,0.5329846550296207,2.0
5254,383978,0.2591350382521569,4.0
5254,78675,0.20212526081384202,5.0
5254,14368,0.17461587462955502,6.0
5254,467390,0.09053816392813308,7.0
5254,327978,0.08204008017042294,8.0
5254,44601,0.04913392723735347,9.0
5254,297290,0.0032019790270129364,10.0
3049,582864,1.0,1.0
3049,352640,0.9057510969013101,2.0
3049,77245,0.8991782322413656,3.0
3049,536849,0.21175047794934,4.0
3049,220022,0.13499006296841715,5.0
3049,127974,0.10791521497805903,6.0
3049,132780,0.07380063824339647,7.0
3049,445052,0.04528034062972287,9.0
3049,263361,0.01446348174532134,10.0
3049,555732,0.04933545832452747,8.0
7509,61191,0.9,1.0
7509,423034,0.25293068918854794,3.0
7509,472051,0.2605511539744098,2.0
7509,298128,0.2354475570307978,5.0
7509,461592,0.2326879958949728,6.0
7509,22221,0.25063759618148795,4.0
7509,480944,0.14284881658616957,7.0
7509,301580,0.11836644676912784,9.0
7509,323363,0.1349979909296715,8.0
7509,392826,0.08397264437739067,10.0
5067,328341,0.9892071219408244,1.0
5067,366830,0.8050991011584829,2.0
5067,547301,0.7909252464823852,3.0
5067,539133,0.7341524470691779,4.0
5067,231227,0.5691465558584824,5.0
5067,88124,0.4042676241826986,6.0
5067,172594,0.38240420945467485,7.0
5067,460357,0.22766118107884736,8.0
5067,18001,0.17676020398431871,9.0
5067,574327,0.0,10.0
8456,257853,1.0,1.0
8456,115141,0.5739714450097322,2.0
8456,125659,0.4314781205797791,5.0
8456,486696,0.4526633560211981,3.0
8456,81924,0.41996864668087225,6.0
8456,159703,0.43900943091591765,4.0
8456,193398,0.3962886877202334,7.0
8456,431507,0.0330593313898994,8.0
8456,290156,0.009067712060199422,9.0
8456,367137,0.0,10.0
10734,62882,0.9969678453487356,1.0
10734,426278,0.8093035762976383,2.0
10734,461261,0.3099030821534051,3.0
10734,207354,0.2890758145601826,4.0
10734,467044,0.24875393562223413,6.0
10734,589970,0.2766927878339964,5.0
10734,549759,0.0600491230833341,8.0
10734,55064,0.028259994639655908,9.0
10734,58937,0.08082151549033584,7.0
10734,551934,0.011237094481553358,10.0
5178,507544,0.9843076426153969,1.0
5178,257016,0.649143897336284,2.0
5178,572272,0.4128476616194906,3.0
5178,9656,0.31630593035779225,4.0
5178,76414,0.15083350473091253,5.0
5178,60355,0.04950997656229156,8.0
5178,437538,0.09499688757527482,6.0
5178,268553,0.06985108875068893,7.0
5178,579235,0.005139507679098349,10.0
5178,216384,0.041424336571707236,9.0
9174,303025,0.9560455807405909,1.0
9174,404339,0.6576018964552489,2.0
9174,149306,0.41338505587187574,3.0
9174,313437,0.18003355231343263,6.0
9174,272008,0.20121437669453535,4.0
9174,374750,0.18333096932092777,5.0
9174,21194,0.08834064913235547,8.0
9174,265098,0.11071521449616506,7.0
9174,479625,0.036060297848396504,10.0
9174,434812,0.06362421791444728,9.0
988,501384,1.0,1.0
988,280967,0.5501011927026925,2.0
988,301224,0.39347988066354517,3.0
988,187196,0.2672120031369769,4.0
988,45029,0.17978804006309934,5.0
988,287991,0.15464364980885,6.0
988,236899,0.10191483675170633,9.0
988,201495,0.11086645269138105,7.0
988,345199,0.1092741344258742,8.0
988,455398,0.014135515268940831,10.0
2154,476632,1.0,1.0
2154,132371,0.8659589656979675,2.0
2154,153541,0.8570599006163991,3.0
2154,366761,0.33063096664586206,4.0
2154,62966,0.10646323331804101,6.0
2154,24890,0.16086570682843615,5.0
2154,147080,0.09228745565636215,7.0
2154,450808,0.09124999466383023,8.0
2154,150219,0.0530294813670031,9.0
2154,148757,0.04464898969092675,10.0
9646,272784,0.9813699154462888,1.0
9646,236482,0.6848397359530268,2.0
9646,29306,0.6428533321363779,3.0
9646,556191,0.6062855200628169,4.0
9646,395437,0.21733787537890278,5.0
9646,96121,0.13982098454226047,7.0
9646,26203,0.1736061236269788,6.0
9646,257853,0.11011991567567206,8.0
9646,323768,0.020513661891894113,9.0
9646,535697,0.01922911661637329,10.0
3033,571430,1.0,1.0
3033,518624,0.7700281873801863,2.0
3033,318583,0.506042307962866,3.0
3033,123468,0.4186562938648895,4.0
3033,295980,0.2767352930011856,6.0
3033,481102,0.296138043395442,5.0
3033,398622,0.1247054528513977,7.0
3033,570453,0.09960532397053493,8.0
3033,387010,0.08754643821283245,9.0
3033,62966,0.0,10.0
15,583956,0.9263676581730786,1.0
15,119213,0.7269317567193524,2.0
15,170294,0.5937300649018722,3.0
15,325273,0.5564113856906323,4.0
15,570155,0.43838950428589013,5.0
15,509723,0.3550135810248347,6.0
15,18509,0.23842382675712262,7.0
15,298159,0.11070019063859614,8.0
15,338313,0.09108008295954621,9.0
15,387165,0.0329111263585549,10.0
6612,274870,0.9543060077983021,1.0
6612,254454,0.8761311211388435,2.0
6612,216384,0.768013976112119,3.0
6612,187739,0.6811017982178322,4.0
6612,366448,0.46194361248055743,5.0
6612,95778,0.25959347051103826,6.0
6612,205522,0.1759418851438008,7.0
6612,416796,0.16094330756321906,8.0
6612,159936,0.12843167467929884,9.0
6612,108302,0.0,10.0
5940,304743,0.984455235263431,1.0
5940,326665,0.7423421155936664,2.0
5940,226303,0.44547481808057954,3.0
5940,438243,0.440024727059159,4.0
5940,428082,0.3459307354704028,5.0
5940,433490,0.21106463774411677,6.0
5940,167684,0.20834810390850794,7.0
5940,16670,0.07178125933490496,9.0
5940,150650,0.05549905238536841,10.0
5940,546313,0.09830648439825404,8.0
9385,403755,1.0,1.0
9385,442127,0.7697648886006526,2.0
9385,1198,0.5380414287203967,3.0
9385,379667,0.39854526872422263,4.0
9385,341579,0.33046704540775024,5.0
9385,70853,0.22601737379068929,6.0
9385,57138,0.17886263882981535,7.0
9385,407654,0.10806755433628272,8.0
9385,208070,0.0672048857415858,9.0
9385,62151,0.009612024639262638,10.0
9332,159577,0.9668899577349105,1.0
9332,293687,0.6743045575212587,2.0
9332,271243,0.5122062483329363,3.0
9332,212770,0.3629567705621403,5.0
9332,178521,0.39828611207517217,4.0
9332,286074,0.1999866086528755,7.0
9332,271766,0.2136773184729519,6.0
9332,123418,0.08974816138465043,8.0
9332,236389,0.025740525335186327,9.0
9332,444107,0.025039512047785272,10.0
8275,435963,0.9826926420973786,1.0
8275,26203,0.46725051536259343,2.0
8275,514500,0.36557318592095756,4.0
8275,294867,0.4406451258082502,3.0
8275,571306,0.3576716419182679,5.0
8275,114439,0.3092554338041393,6.0
8275,576564,0.2546627920255615,7.0
8275,99757,0.17380532586263964,8.0
8275,44601,0.13142244190426292,9.0
8275,554568,0.09027671530945386,10.0
4785,435021,0.9056530863324574,2.0
4785,37517,0.9505846102473108,1.0
4785,326991,0.18580147600923935,3.0
4785,85522,0.12238219136852839,6.0
4785,34789,0.12903516929464265,4.0
4785,564841,0.1079936206838256,7.0
4785,162456,0.12456100440651216,5.0
4785,69696,0.03720432920250384,8.0
4785,140170,0.02480963765481628,10.0
4785,385574,0.03583555317149334,9.0
4465,569461,0.9739757500451187,1.0
4465,561377,0.8931354598574746,2.0
4465,299242,0.7812020753221178,3.0
4465,349710,0.5610893663404133,5.0
4465,344041,0.5622427804363991,4.0
4465,109860,0.41625887067030165,6.0
4465,226303,0.26721616181594704,7.0
4465,170294,0.19569217495262756,9.0
4465,213591,0.20092079907931376,8.0
4465,461051,0.08246556956034133,10.0
7279,476834,1.0,1.0
7279,214542,0.538366977224476,2.0
7279,412502,0.4700963365113874,3.0
7279,50744,0.44910698174981517,4.0
7279,27081,0.23503726995578417,5.0
7279,322456,0.13966684377180844,6.0
7279,442489,0.06256175436121963,7.0
7279,19606,0.03181660682784367,8.0
7279,343489,0.0009079758925957726,10.0
7279,29790,0.0017111599687107762,9.0
7431,281707,0.9830674434841258,1.0
7431,372921,0.8168754513025022,2.0
7431,292991,0.4020888823758462,3.0
7431,501384,0.34835702680930436,5.0
7431,423403,0.3655727594912476,4.0
7431,44594,0.2375634746935109,6.0
7431,305287,0.12511060890890777,7.0
7431,114768,0.1055369639986129,8.0
7431,178303,0.06676306153170292,9.0
7431,257248,0.03841879549109726,10.0
2118,76515,0.9333432292713936,1.0
2118,338313,0.7243626308476395,2.0
2118,384322,0.6630604012571897,3.0
2118,467509,0.38661115047737765,5.0
2118,411061,0.4264239659646423,4.0
2118,191977,0.3556060377340067,6.0
2118,328556,0.10394793955644215,7.0
2118,528661,0.05686188398553532,8.0
2118,361028,0.03856845871520104,9.0
2118,373271,0.011707504102955112,10.0
5380,549254,1.0,1.0
5380,216196,0.6739039564379752,2.0
5380,46099,0.19438728900084207,3.0
5380,360481,0.1666523089717568,4.0
5380,175771,0.11172858850699532,5.0
5380,242524,0.11088222005147519,6.0
5380,507284,0.08166551893296708,7.0
5380,416307,0.0387291427694581,8.0
5380,345895,0.032206394917129885,9.0
5380,336772,0.021003253336330237,10.0
3404,62966,0.9075972795309243,1.0
3404,322246,0.6213396888968798,2.0
3404,583635,0.5908944890956251,3.0
3404,272425,0.4642316289529289,4.0
3404,153541,0.38739852910356964,5.0
3404,251411,0.21775376377319822,7.0
3404,488574,0.27294160165932446,6.0
3404,241136,0.04703798352653096,10.0
3404,442110,0.08207369153823803,8.0
3404,298128,0.054300454716721604,9.0
6420,565568,1.0,1.0
6420,480315,0.8124808064249356,2.0
6420,294295,0.6200065639676562,3.0
6420,394244,0.27613483515838794,4.0
6420,69696,0.21387326673534243,5.0
6420,122432,0.17326945913372224,6.0
6420,269898,0.1489312313153734,7.0
6420,279897,0.08282733862623631,8.0
6420,442048,0.07874715036661593,9.0
6420,112714,0.06048751428672737,10.0
9961,21311,1.0,1.0
9961,72402,0.46857195761194664,2.0
9961,335991,0.41783970063489156,3.0
9961,518379,0.365167607372951,4.0
9961,174335,0.24733096610444666,6.0
9961,341493,0.2572026537972264,5.0
9961,17166,0.14685132187044925,7.0
9961,528522,0.12715952912601086,8.0
9961,565684,0.010912330142150801,9.0
9961,156358,0.009006657736665497,10.0
8079,125940,0.9118301864576652,2.0
8079,95278,0.9663651347547028,1.0
8079,187583,0.7126261343389717,3.0
8079,57138,0.43864164887326873,4.0
8079,11184,0.39825711004225645,5.0
8079,108040,0.23089411712870228,6.0
8079,39478,0.16513720572995239,7.0
8079,224231,0.10044591509079154,8.0
8079,93971,0.02731392946405265,9.0
8079,1198,0.0,10.0
