query_id,doc_id,score_hybrid,rank
3394,112208,0.7574103474314846,2.0
3394,172703,0.39720546976105486,4.0
3394,87722,0.4262219984799248,3.0
3394,445971,0.8113950718392057,1.0
3394,345199,0.28735161982094026,7.0
3394,377429,0.23360676916063083,8.0
3394,387277,0.38341900712283694,5.0
3394,133093,0.3253593232097167,6.0
3394,418150,0.021933382489405268,10.0
3394,539263,0.11878574579743013,9.0
5505,100387,1.0,1.0
5505,141738,0.32356933070998506,3.0
5505,278824,0.232306108291705,4.0
5505,70488,0.335293162644783,2.0
5505,349160,0.22012518242661291,5.0
5505,478457,0.09144706996734582,8.0
5505,200338,0.13636908477355317,7.0
5505,408327,0.015478720316656005,9.0
5505,442142,0.2135098752802946,6.0
5505,593085,0.0,10.0
6792,558617,0.9820662182942894,1.0
6792,400841,0.5801399454058915,4.0
6792,29306,0.42115103524883857,7.0
6792,136825,0.6277934948735242,3.0
6792,259081,0.48321512825068724,6.0
6792,40447,0.23627143455075114,9.0
6792,480515,0.5409888052136204,5.0
6792,156467,0.6399473188375633,2.0
6792,545434,0.03841985885049964,10.0
6792,585447,0.253801603069126,8.0
6909,452175,0.7593908408756036,1.0
6909,13260,0.47545379187685294,6.0
6909,435963,0.5733745397360452,3.0
6909,375019,0.5493602267171216,4.0
6909,266900,0.31712684912974287,7.0
6909,464502,0.14895817956374544,9.0
6909,214003,0.0301102329627081,10.0
6909,79357,0.6246665348392783,2.0
6909,535697,0.48584188276945517,5.0
6909,330041,0.2589729927968058,8.0
4946,121690,1.0,1.0
4946,156816,0.5059122499941704,2.0
4946,79357,0.37329203331504207,6.0
4946,9938,0.45097529232169103,3.0
4946,350680,0.3967553699441951,5.0
4946,28119,0.18592929772091626,8.0
4946,343489,0.3639395220639061,7.0
4946,100485,0.4203890307902186,4.0
4946,88105,0.14552361908406852,9.0
4946,496935,0.0,10.0
4125,283079,0.7968393335224591,1.0
4125,232199,0.7604046796911659,2.0
4125,363591,0.673265236373576,3.0
4125,452987,0.2857292913495545,8.0
4125,571362,0.5327762091401735,7.0
4125,292769,0.11917288637062917,9.0
4125,340044,0.5698165054153634,5.0
4125,103593,0.5349074350970777,6.0
4125,276400,0.6012922541829306,4.0
4125,7632,0.07603659440527402,10.0
6009,62151,0.5888940040485299,5.0
6009,175831,0.604965058880771,3.0
6009,303325,0.6474285310791339,2.0
6009,228983,0.8259735954657709,1.0
6009,158717,0.5401671132183307,6.0
6009,472585,0.04960820431158485,8.0
6009,178684,0.042180432387001365,9.0
6009,442048,0.5915157119386165,4.0
6009,125298,0.028077027620409513,10.0
6009,99857,0.20428096037360172,7.0
9598,528034,1.0,1.0
9598,379311,0.6158321038347296,3.0
9598,322826,0.43216739174252305,5.0
9598,136270,0.10609896979284816,10.0
9598,574327,0.6841560926557027,2.0
9598,112208,0.39685186063128447,6.0
9598,17923,0.32560839551579923,8.0
9598,172703,0.21616034907966547,9.0
9598,297290,0.5595690665861398,4.0
9598,383978,0.3515621291955559,7.0
10645,22221,1.0,1.0
10645,340131,0.7601913484828583,3.0
10645,441176,0.798738479753484,2.0
10645,183349,0.3808953367718756,7.0
10645,102684,0.6085899303435873,6.0
10645,248799,0.6128555211590783,4.0
10645,317354,0.3313411308259448,8.0
10645,293679,0.6104609393145133,5.0
10645,415340,0.3188826632642343,9.0
10645,487791,0.0,10.0
7441,125659,0.7557033469664467,4.0
7441,192900,0.8171941796553343,2.0
7441,537418,0.6266727958300903,5.0
7441,231781,0.8618463790096702,1.0
7441,117576,0.7612615144393324,3.0
7441,404339,0.18217927890801264,9.0
7441,329662,0.4122090722422827,6.0
7441,504996,0.1914963980422968,8.0
7441,336018,0.24546165008603477,7.0
7441,180733,0.0,10.0
5080,305901,0.7372736722241948,2.0
5080,553304,0.6509713197797098,4.0
5080,392434,0.8739963440864602,1.0
5080,514512,0.6444524088642096,5.0
5080,67063,0.6894548672932411,3.0
5080,488334,0.6296779040675233,6.0
5080,356928,0.6146675994281914,7.0
5080,271026,0.07336369011762509,10.0
5080,88912,0.16605634410105052,9.0
5080,167950,0.35487040491727156,8.0
9329,326991,1.0,1.0
9329,385574,0.3960255537963192,4.0
9329,340210,0.36162381786734965,5.0
9329,394924,0.526300047420323,3.0
9329,265098,0.24222655766098844,7.0
9329,586018,0.5609990670416244,2.0
9329,179103,0.26437597413150893,6.0
9329,192900,0.2227431524708912,8.0
9329,209493,0.1501259759978141,9.0
9329,209065,0.0,10.0
6479,404339,1.0,1.0
6479,272008,0.6669821106397886,2.0
6479,536120,0.32677497030583263,5.0
6479,9938,0.1183551494948839,7.0
6479,453839,0.1076527367143576,8.0
6479,104793,0.02677002153531486,10.0
6479,257656,0.3765024033494006,3.0
6479,491969,0.2887102999527903,6.0
6479,114439,0.08791196841522912,9.0
6479,340210,0.34317093597268306,4.0
8513,175821,1.0,1.0
8513,69790,0.7332142443170653,2.0
8513,167950,0.47363029632817094,3.0
8513,183612,0.10456282977815241,10.0
8513,449039,0.2040681182927989,9.0
8513,267113,0.32256496803152745,5.0
8513,167896,0.30219751284806584,6.0
8513,417840,0.2454282371293343,7.0
8513,232712,0.34898906565499016,4.0
8513,87667,0.22939408805506264,8.0
10109,93231,0.9682285447716804,2.0
10109,28314,0.9723484430577309,1.0
10109,535317,0.5170658289747654,3.0
10109,395357,0.3662471132045309,5.0
10109,124630,0.13181776453152327,7.0
10109,244749,0.07976359066332833,9.0
10109,305467,0.06153625840684196,10.0
10109,116420,0.3620070023243203,6.0
10109,474384,0.4167524781664568,4.0
10109,105818,0.12379631323225426,8.0
4844,275257,1.0,1.0
4844,367137,0.6761277483512977,3.0
4844,192193,0.6910092980918745,2.0
4844,111033,0.46392191539312877,5.0
4844,235522,0.5102983350702242,4.0
4844,549741,0.1769683652099131,8.0
4844,140088,0.3516450437738566,6.0
4844,386423,0.020417980452309303,9.0
4844,144177,0.29643454323031726,7.0
4844,409432,0.012476937474446528,10.0
8544,214003,1.0,1.0
8544,37517,0.355468374177489,7.0
8544,336541,0.5329070794668028,2.0
8544,75437,0.3968497319537249,5.0
8544,13260,0.3607001308994174,6.0
8544,100103,0.5304675654044648,3.0
8544,416307,0.19739109780226516,8.0
8544,12432,0.053990895083163036,9.0
8544,561884,0.46298344093731475,4.0
8544,111768,0.047056303087823464,10.0
4823,561929,1.0,1.0
4823,362919,0.6977239394047614,2.0
4823,340131,0.3300322958214557,8.0
4823,104726,0.5839700190541357,3.0
4823,11572,0.45182253174264525,5.0
4823,7094,0.48586876471162765,4.0
4823,2860,0.28644484770950673,9.0
4823,459423,0.3944466635737963,7.0
4823,252716,0.41913276411078004,6.0
4823,271118,0.0,10.0
1085,366597,0.7823609894869603,2.0
1085,405702,0.9581077821547395,1.0
1085,485195,0.4161012727037705,3.0
1085,374334,0.3723958100527711,5.0
1085,108302,0.23314483602861197,7.0
1085,581889,0.026843027505117224,10.0
1085,94586,0.10121080742069051,9.0
1085,184175,0.34667567047165937,6.0
1085,401125,0.3820290462948247,4.0
1085,315275,0.16364513000142336,8.0
2388,104988,1.0,1.0
2388,300287,0.40500898093700555,2.0
2388,13657,0.30168463114920957,5.0
2388,123733,0.09631938096871978,10.0
2388,459423,0.4000770560037169,3.0
2388,565698,0.2675397810930502,7.0
2388,423403,0.33571014151320056,4.0
2388,157702,0.1988246833488974,8.0
2388,141320,0.27975784020757716,6.0
2388,429978,0.10407114766559933,9.0
6891,474351,1.0,1.0
6891,492506,0.4014235830194328,3.0
6891,504497,0.13145413860014965,8.0
6891,558924,0.4530209372306897,2.0
6891,264095,0.29560250135231325,6.0
6891,381757,0.2529922071056122,7.0
6891,323363,0.36260974496374543,4.0
6891,579543,0.08815089841195202,9.0
6891,143425,0.3454290333153289,5.0
6891,73434,0.0,10.0
2568,346042,1.0,1.0
2568,164702,0.45975167658076965,5.0
2568,170141,0.5065550811420609,3.0
2568,13975,0.30583274665765026,7.0
2568,544654,0.3867520734764486,6.0
2568,130209,0.46277858313661147,4.0
2568,428150,0.1029786583590861,9.0
2568,269898,0.5796994266140973,2.0
2568,368802,0.24567706173014459,8.0
2568,213370,0.000698576719606395,10.0
7702,558924,0.9368630812470419,1.0
7702,133093,0.8950630536882119,2.0
7702,387277,0.8546076281236324,3.0
7702,592636,0.1596362300395422,9.0
7702,214542,0.40183095802158125,4.0
7702,192193,0.2758278748404229,6.0
7702,108721,0.23505519557880827,7.0
7702,140088,0.32490519856585287,5.0
7702,367137,0.18433438983395126,8.0
7702,259317,0.03166405654610793,10.0
2376,91545,0.998098214331983,1.0
2376,402249,0.859777165329472,2.0
2376,244961,0.7447040325864025,6.0
2376,114417,0.8085158686013643,3.0
2376,549833,0.7981994424473436,5.0
2376,324411,0.8032238475280724,4.0
2376,407455,0.6827371743333855,8.0
2376,64263,0.7117334697614567,7.0
2376,582521,0.3937400021794987,9.0
2376,44110,0.0,10.0
4339,386531,1.0,1.0
4339,488615,0.6670283497256916,2.0
4339,16392,0.37650436107827323,4.0
4339,242076,0.242928484697775,7.0
4339,240645,0.2447008047545239,6.0
4339,473540,0.39426711868900577,3.0
4339,260328,0.31821804548251703,5.0
4339,455398,0.033847103576940776,9.0
4339,242294,0.21697156740606513,8.0
4339,103256,0.016499242794494048,10.0
5427,387854,0.7726573238721284,1.0
5427,580709,0.6913855108114654,2.0
5427,55666,0.6089917454896212,5.0
5427,200338,0.14504488403094612,10.0
5427,597467,0.6887199486216279,3.0
5427,142876,0.6315830303596183,4.0
5427,522358,0.20026958371734088,9.0
5427,273084,0.3379314043396331,8.0
5427,200603,0.6029902365881966,6.0
5427,549759,0.40280440365803893,7.0
7734,226070,1.0,1.0
7734,96013,0.6176177097991264,2.0
7734,87667,0.44761991363272924,3.0
7734,94591,0.3157768066686228,7.0
7734,10703,0.32399170689334833,6.0
7734,150544,0.062144730644151686,10.0
7734,421371,0.3246756595438793,5.0
7734,232712,0.258039799314393,8.0
7734,247486,0.0662978192745203,9.0
7734,433905,0.34075599095955095,4.0
2486,487791,1.0,1.0
2486,58937,0.5808625418817763,2.0
2486,388575,0.3142472874087739,7.0
2486,101604,0.42381713875461924,5.0
2486,216327,0.15047246565114986,9.0
2486,250702,0.4355288719056542,3.0
2486,357914,0.3338370158427826,6.0
2486,234436,0.4245018515633763,4.0
2486,518563,0.00405420802093263,10.0
2486,130021,0.2455177866787344,8.0
7071,238629,0.7749846444124785,1.0
7071,99857,0.3345840780955025,6.0
7071,178684,0.6511131790547665,2.0
7071,14543,0.3840752253816039,5.0
7071,588384,0.1108083070384265,9.0
7071,246221,0.3889984731143207,4.0
7071,403899,0.07713417152583638,10.0
7071,434812,0.6167338943543135,3.0
7071,319793,0.3257365473696447,7.0
7071,378173,0.23894149983126503,8.0
8537,511093,0.9730647135268738,1.0
8537,416307,0.8869194977528756,2.0
8537,572842,0.2814915172492265,8.0
8537,281707,0.3656600180062617,7.0
8537,374020,0.5698540662398686,4.0
8537,96467,0.47287263407328683,6.0
8537,557356,0.5202350588390123,5.0
8537,472516,0.7098580461339282,3.0
8537,472014,0.18268224580030035,9.0
8537,501384,0.137552134230083,10.0
7178,70096,0.6061235404749601,2.0
7178,401329,0.7798327800383045,1.0
7178,420851,0.38469937323988185,3.0
7178,518563,0.1188572276443638,7.0
7178,58851,0.032526312594193175,9.0
7178,474384,0.2565079875345331,4.0
7178,88892,0.13748079187808657,6.0
7178,193312,0.10415997640982434,8.0
7178,484055,0.009584379509685118,10.0
7178,554568,0.1621222255371195,5.0
4777,2860,1.0,1.0
4777,409535,0.8960651548766049,2.0
4777,228983,0.32064219758077683,4.0
4777,429378,0.2956779534489748,5.0
4777,407455,0.20818351308803043,7.0
4777,167896,0.6406927114031075,3.0
4777,525231,0.24171723307725237,6.0
4777,570155,0.18312724403160036,8.0
4777,413041,0.023540763623968897,10.0
4777,164008,0.10085426492847956,9.0
2398,168922,0.4,6.0
2398,96538,0.9157663843747044,1.0
2398,443246,0.538096647172444,4.0
2398,490443,0.7616806260640112,2.0
2398,527698,0.5958130356476056,3.0
2398,548465,0.5230714476741662,5.0
2398,107092,0.3309668208346711,7.0
2398,505959,0.27460963082903095,8.0
2398,403515,0.19665525456413968,10.0
2398,342212,0.27273546206604593,9.0
849,557186,1.0,1.0
849,528564,0.6518579193373999,4.0
849,232199,0.7480585133625339,2.0
849,183612,0.7394158132592308,3.0
849,234436,0.29440104523751376,8.0
849,366830,0.5020190202466762,6.0
849,24890,0.2439827770646741,9.0
849,327263,0.34638312468562904,7.0
849,454810,0.010591750672627668,10.0
849,273947,0.5025876110482984,5.0
7534,175821,1.0,1.0
7534,301224,0.5552628632269023,2.0
7534,498378,0.31854224943077236,4.0
7534,46099,0.14186462334611696,7.0
7534,147765,0.07004329437611681,9.0
7534,89714,0.3800541931136699,3.0
7534,51046,0.25832640546176416,5.0
7534,211839,0.0066406300991421795,10.0
7534,255491,0.1559890786807695,6.0
7534,169062,0.11473481892602036,8.0
5021,226070,0.7574627887869878,2.0
5021,423034,0.8573078041722907,1.0
5021,588607,0.28905542135044493,6.0
5021,79357,0.6931745090166616,3.0
5021,494939,0.39105076878373674,5.0
5021,3118,0.12752590222054402,8.0
5021,339640,0.3945037315454473,4.0
5021,289813,0.025071814910724362,10.0
5021,481308,0.12503367786484276,9.0
5021,136825,0.19798809110079896,7.0
6131,326094,0.8665071183429099,1.0
6131,334111,0.7454044164774528,2.0
6131,44223,0.35247792041670967,6.0
6131,258465,0.5610050627806707,4.0
6131,123733,0.12341645353391031,7.0
6131,368806,0.6692779097044179,3.0
6131,315275,0.1015370265300791,9.0
6131,470024,0.41205329601661883,5.0
6131,483441,0.11257202495147259,8.0
6131,169699,0.04851298514285216,10.0
10136,152316,0.8785426366068875,2.0
10136,32744,0.6760938736734536,3.0
10136,290930,0.926754440267256,1.0
10136,277179,0.4813231204092973,4.0
10136,18509,0.2762196119141289,7.0
10136,198349,0.4116861863468432,6.0
10136,302792,0.2454450928034568,8.0
10136,507284,0.20211341440339575,9.0
10136,280204,0.4188403111796732,5.0
10136,144177,0.0,10.0
9548,423658,0.9960869911727881,1.0
9548,523810,0.7998863707800037,3.0
9548,297290,0.8472457904341518,2.0
9548,231227,0.7928228365372807,4.0
9548,61022,0.17995545799624635,9.0
9548,72160,0.361660317860954,5.0
9548,539263,0.3370187500797932,7.0
9548,32811,0.1554162411855182,10.0
9548,583203,0.2691258510411733,8.0
9548,482544,0.3449739275103679,6.0
4942,314898,1.0,1.0
4942,433490,0.7134994855151974,2.0
4942,295864,0.39864919035893054,4.0
4942,70853,0.22072239893827292,8.0
4942,420556,0.2895865044742197,7.0
4942,94689,0.43482142985641115,3.0
4942,486333,0.29083294951117794,6.0
4942,62966,0.35418781676655914,5.0
4942,55999,0.2041590894836093,9.0
4942,539263,0.04603180115701247,10.0
5090,572272,0.6174973965031141,2.0
5090,12988,0.9151746644059368,1.0
5090,270856,0.41364822602285334,3.0
5090,468777,0.19090797740968657,9.0
5090,507544,0.31836197333557903,5.0
5090,551423,0.18347268862908794,10.0
5090,149500,0.3169654572592629,6.0
5090,247721,0.247647034642122,8.0
5090,169688,0.2978428978863476,7.0
5090,414534,0.3324175956100911,4.0
6005,149500,1.0,1.0
6005,507544,0.6211795822418793,2.0
6005,572272,0.5779617050705833,3.0
6005,551423,0.2453961262688143,6.0
6005,140947,0.039775440653042664,10.0
6005,30311,0.1631834536486398,7.0
6005,176498,0.4299364986346138,4.0
6005,414288,0.34530081527370216,5.0
6005,515060,0.10565687090753524,9.0
6005,377223,0.15466246957249302,8.0
7533,162668,1.0,1.0
7533,461084,0.6876764637199655,2.0
7533,438680,0.6853584779741528,4.0
7533,284411,0.6867444341631873,3.0
7533,167356,0.5871435039754078,5.0
7533,257016,0.3442230491016162,8.0
7533,201495,0.5720364684157642,6.0
7533,213435,0.5711469038723432,7.0
7533,167950,0.023287244540678948,10.0
7533,407654,0.25212410156222204,9.0
8034,284075,0.4904233521038893,3.0
8034,327978,0.7366108458601256,1.0
8034,415340,0.3125993521556756,6.0
8034,307999,0.3950366634118616,4.0
8034,292991,0.14187849682767942,10.0
8034,198764,0.3472929212446722,5.0
8034,13153,0.25735535044264674,9.0
8034,22221,0.2783380535834051,7.0
8034,213435,0.27332979387351714,8.0
8034,579557,0.6,2.0
2330,478514,1.0,1.0
2330,260014,0.10872527105873538,8.0
2330,370334,0.4724898480864507,2.0
2330,345895,0.31275520810327645,3.0
2330,156873,0.09394467326317762,9.0
2330,572272,0.12874519035240942,7.0
2330,488334,0.2327474846476603,6.0
2330,94586,0.2831012213293072,4.0
2330,167684,0.26996188066910143,5.0
2330,9656,0.050676869490616915,10.0
7803,62151,1.0,1.0
7803,572205,0.6556710072096562,2.0
7803,327127,0.4852734732358448,5.0
7803,216065,0.5617126418803713,4.0
7803,214003,0.47654039162492046,6.0
7803,100103,0.44060304833889036,8.0
7803,336541,0.575280498565485,3.0
7803,324037,0.07946393109871241,9.0
7803,583651,0.009571355505447382,10.0
7803,12432,0.44326161997662633,7.0
1933,183612,1.0,1.0
1933,446984,0.4503737576292765,2.0
1933,141738,0.19108702723050533,9.0
1933,352640,0.2660131058973664,6.0
1933,445298,0.34203966263252195,4.0
1933,413041,0.01979157842959596,10.0
1933,466718,0.2303465268496105,7.0
1933,234436,0.2698512741739277,5.0
1933,264554,0.3608860491239948,3.0
1933,134794,0.22436896280883545,8.0
6849,44601,1.0,1.0
6849,59714,0.5743875781001571,3.0
6849,78675,0.6425732284344386,2.0
6849,578427,0.4846093212371557,5.0
6849,172703,0.14066936142380548,8.0
6849,79998,0.2923809062268651,6.0
6849,112208,0.10836131086191148,9.0
6849,418150,0.5356451219738588,4.0
6849,328086,0.009700467547002318,10.0
6849,61962,0.23060247876841095,7.0
7448,418150,1.0,1.0
7448,100485,0.28646324152379266,5.0
7448,273861,0.04995009836540802,10.0
7448,112208,0.29708354796908054,4.0
7448,377429,0.19036398103836147,7.0
7448,387277,0.15959481822797655,8.0
7448,307095,0.21844005841251937,6.0
7448,133093,0.29963705376353306,3.0
7448,44601,0.41936270011964133,2.0
7448,172703,0.07945284972140744,9.0
42,283079,0.9908353194889731,1.0
42,278824,0.6318973606149907,5.0
42,528564,0.7542463465122199,2.0
42,327002,0.6329658476939353,4.0
42,141738,0.12932204625335322,9.0
42,124630,0.07863990199717757,10.0
42,366830,0.5154750319547,6.0
42,467509,0.17407315874791857,8.0
42,536849,0.6382885712875391,3.0
42,583956,0.250373613737353,7.0
4102,125940,0.4,7.0
4102,293320,0.5277886391386123,5.0
4102,572340,0.670945906839286,3.0
4102,554734,0.8783719367658993,1.0
4102,275925,0.45264855782583246,6.0
4102,327978,0.7156147174839971,2.0
4102,326142,0.552865336181252,4.0
4102,460457,0.24373105300294354,8.0
4102,356987,0.13087854978724353,9.0
4102,324779,0.12483537094491029,10.0
7269,474351,0.5612693751708169,2.0
7269,588607,0.5270467147098409,3.0
7269,72402,0.24395238031122907,7.0
7269,226070,0.2633622805441751,6.0
7269,301580,0.06787360895616187,9.0
7269,486696,0.6426301657306449,1.0
7269,386173,0.03489833685080156,10.0
7269,392894,0.29046075382301056,5.0
7269,129319,0.39739972504752497,4.0
7269,90294,0.06884119914337382,8.0
10975,363591,0.8048966768382171,2.0
10975,17166,0.8846988914589748,1.0
10975,72160,0.7938816530182802,3.0
10975,545759,0.26596288172593496,8.0
10975,384564,0.10571812040478679,9.0
10975,482544,0.5726963178142235,5.0
10975,528522,0.4768990455748084,6.0
10975,61022,0.05527900760225381,10.0
10975,452870,0.6211550644156724,4.0
10975,341493,0.28553079454376645,7.0
715,93936,0.43962720529908683,5.0
715,232262,0.4299665427488023,6.0
715,377223,0.543182420292019,4.0
715,590489,0.6464337593407059,2.0
715,560872,0.6692608327377689,1.0
715,127316,0.4128590332093069,7.0
715,273925,0.5435269275546094,3.0
715,524752,0.14911019557161911,9.0
715,212028,0.008688716640169286,10.0
715,167896,0.31909216695424086,8.0
4037,557186,0.8886795219400254,1.0
4037,408327,0.4164588265443333,3.0
4037,81483,0.09979400803759893,9.0
4037,264554,0.3018464774785952,4.0
4037,70488,0.18567942746398694,6.0
4037,73427,0.18232979380193912,7.0
4037,141738,0.023920993865169812,10.0
4037,327002,0.19431157139795346,5.0
4037,298099,0.6019386617509156,2.0
4037,278824,0.1619401442420487,8.0
4047,159836,0.5953284481856915,4.0
4047,538352,0.9052593408352176,1.0
4047,124230,0.5972608347769219,3.0
4047,457294,0.4291147275195287,6.0
4047,227423,0.6430617094299481,2.0
4047,488258,0.27928052377222484,8.0
4047,186453,0.44580088604483464,5.0
4047,560872,0.2255074168849319,9.0
4047,304477,0.007795671351516437,10.0
4047,472585,0.3357411264686911,7.0
8072,31465,0.7329238004088241,3.0
8072,127452,0.843348509908333,1.0
8072,164008,0.6274039155410953,4.0
8072,413041,0.40282723609839705,8.0
8072,394244,0.8075521102692447,2.0
8072,284235,0.6230129602927629,5.0
8072,494727,0.42793509193513657,7.0
8072,294867,0.5026788996326917,6.0
8072,316838,0.3445624211777053,9.0
8072,169062,0.0,10.0
5906,258465,0.7864458495300891,2.0
5906,409907,0.8064570147749391,1.0
5906,318520,0.7547031696739654,3.0
5906,470024,0.2859206307144042,7.0
5906,289231,0.48311050700360014,4.0
5906,273528,0.4654194627417873,5.0
5906,326094,0.02755588965001489,10.0
5906,2460,0.17984991747350534,9.0
5906,394467,0.2282684556003099,8.0
5906,15172,0.34907180288343254,6.0
8378,178684,1.0,1.0
8378,246221,0.6880071026418173,4.0
8378,238629,0.7496903087494055,3.0
8378,434812,0.777741611664024,2.0
8378,102237,0.4758054706112104,5.0
8378,43497,0.27295013791290873,6.0
8378,403025,0.1507947485585097,8.0
8378,382381,0.2105979595337347,7.0
8378,554568,0.08298151202650136,9.0
8378,597401,0.0,10.0
885,315275,0.5362620868616131,3.0
885,273528,0.6984575608035903,1.0
885,173929,0.16732927633882388,8.0
885,394467,0.18640961551742025,7.0
885,485195,0.19760724455382167,6.0
885,326094,0.6642017123848476,2.0
885,483441,0.32002522240662323,4.0
885,258465,0.31370854730716624,5.0
885,399013,0.12084951912170712,9.0
885,246459,0.0941346353607605,10.0
2423,529444,0.8702158664450894,2.0
2423,396127,0.9631082313810899,1.0
2423,89049,0.5490733551449458,3.0
2423,124027,0.5071904566685148,4.0
2423,461084,0.24532362711063035,8.0
2423,388646,0.3516707871713025,7.0
2423,553288,0.4809299649888027,5.0
2423,428150,0.42158740047939774,6.0
2423,370334,0.011457472328729214,9.0
2423,175232,0.0,10.0
4414,235522,1.0,1.0
4414,367137,0.7424870978751716,2.0
4414,133093,0.38010347732491845,7.0
4414,144177,0.7241412337701838,3.0
4414,111033,0.39517297791788,6.0
4414,275257,0.32157661394189496,8.0
4414,29073,0.6187326153380479,4.0
4414,140088,0.22563733935800195,9.0
4414,76776,0.007422849027079014,10.0
4414,577578,0.49503161198089946,5.0
1297,313909,0.8171955848456178,2.0
1297,171761,0.9938567541627831,1.0
1297,219758,0.46147826569981065,6.0
1297,289813,0.5813646381220855,4.0
1297,90712,0.5278625012481346,5.0
1297,146021,0.6519020301130799,3.0
1297,370663,0.4050805187259352,7.0
1297,66246,0.1873471555100723,8.0
1297,545434,0.01288592662415363,10.0
1297,521712,0.17455425399421748,9.0
8512,32811,1.0,1.0
8512,61022,0.5468398067275699,2.0
8512,149696,0.3780775022167452,4.0
8512,320101,0.13695005454929485,10.0
8512,528522,0.3186227811492706,5.0
8512,231227,0.3021208207339866,6.0
8512,461592,0.4621751966901687,3.0
8512,474384,0.2936663121371258,8.0
8512,214901,0.2987643502782723,7.0
8512,452870,0.2852813945106469,9.0
3822,290930,0.9691976705667354,1.0
3822,454157,0.7751930809033759,3.0
3822,586151,0.793318255190922,2.0
3822,318583,0.18540633244130303,9.0
3822,592636,0.660931359770136,4.0
3822,476834,0.6207962310387305,5.0
3822,597880,0.41328732757139963,7.0
3822,309269,0.3753725543119548,8.0
3822,431814,0.11758263895584839,10.0
3822,369355,0.6,6.0
859,32530,0.9948157279903878,1.0
859,326094,0.6946768524869713,2.0
859,171720,0.5502323882939534,4.0
859,377223,0.4387715897836588,7.0
859,310215,0.2889205566537625,9.0
859,308837,0.4405756039301486,6.0
859,513258,0.036082976809050725,10.0
859,388201,0.45886233817471955,5.0
859,506374,0.43791554609736016,8.0
859,217683,0.6,3.0
6668,457294,1.0,1.0
6668,93971,0.31533010747758466,3.0
6668,301570,0.18551548912382404,8.0
6668,228403,0.2735726765217309,6.0
6668,159703,0.31123885873080626,4.0
6668,326991,0.027748299900494544,10.0
6668,526110,0.2872416686974051,5.0
6668,88892,0.14886227971729354,9.0
6668,241337,0.3360662195846412,2.0
6668,11988,0.22099959020154888,7.0
604,38711,0.7786896202801845,1.0
604,571430,0.7328633916206942,2.0
604,224869,0.3304060064327792,7.0
604,115553,0.19420599191659,8.0
604,197222,0.3420799062451143,6.0
604,348353,0.41718632927945737,5.0
604,561377,0.6533176549089389,3.0
604,195191,0.09149862431692679,9.0
604,342307,0.021279196314956127,10.0
604,486333,0.5830348767323043,4.0
3177,539263,0.935443223903935,1.0
3177,172703,0.7358415325951171,3.0
3177,536120,0.7083062427556087,4.0
3177,377429,0.6827323129540983,5.0
3177,480315,0.8377352483067211,2.0
3177,87722,0.3955089273236764,7.0
3177,17208,0.521206261836684,6.0
3177,467575,0.3423777851803229,8.0
3177,328086,0.04695131965303649,9.0
3177,423658,0.0,10.0
721,496225,1.0,1.0
721,51615,0.2386520631168878,3.0
721,298128,0.27476086354272,2.0
721,568526,0.20247503924923982,5.0
721,251824,0.1244116523769777,6.0
721,196427,0.1146702764976695,7.0
721,597880,0.019173656330155553,10.0
721,150650,0.22221984368250963,4.0
721,447353,0.09446090014307892,8.0
721,358661,0.049050206056507575,9.0
7124,427726,0.6987300096868165,2.0
7124,242524,0.6346041360176051,3.0
7124,62151,0.4599853555359628,4.0
7124,265314,0.38057989095728867,7.0
7124,226070,0.4445880970301841,5.0
7124,558617,0.7822028123551685,1.0
7124,433905,0.4165204513189351,6.0
7124,421371,0.35245636299335315,8.0
7124,96013,0.3088038379850205,9.0
7124,162668,0.0,10.0
4500,236482,0.7818286611118539,2.0
4500,533623,0.8671152814421748,1.0
4500,474234,0.2653296935892952,7.0
4500,166487,0.20513982336153816,9.0
4500,231781,0.44582095261560206,5.0
4500,80031,0.22714886300121956,8.0
4500,163048,0.5337831078437919,4.0
4500,62897,0.048181273376778945,10.0
4500,275929,0.5464390693220713,3.0
4500,81101,0.310327684004035,6.0
603,64103,0.7161219615002634,2.0
603,399013,0.7077488872469423,3.0
603,535651,0.44042295815676635,5.0
603,120090,0.7273577979780559,1.0
603,279897,0.543150879944751,4.0
603,55022,0.4056217341715683,7.0
603,35736,0.05726054072149356,9.0
603,544486,0.2722648651401448,8.0
603,77503,0.030685063420609414,10.0
603,139047,0.41544710459347034,6.0
6647,462265,1.0,1.0
6647,13260,0.4056730150663738,3.0
6647,96013,0.4253833057425716,2.0
6647,464533,0.19528887651784982,6.0
6647,562171,0.14132689197990134,7.0
6647,326233,0.22100958495808976,5.0
6647,209188,0.33296974025156545,4.0
6647,231068,0.09253665525746692,8.0
6647,391988,0.043589779924833136,9.0
6647,531990,0.0,10.0
5369,258465,0.8387589226640689,1.0
5369,172128,0.6322155109121069,3.0
5369,184175,0.7705010935927709,2.0
5369,399013,0.4710266280422029,4.0
5369,173929,0.09591902149474395,8.0
5369,171339,0.3986520513542612,5.0
5369,414288,0.27060042328521816,6.0
5369,500946,0.2654067298902552,7.0
5369,70724,0.02498164502182746,10.0
5369,118280,0.04722949218263913,9.0
932,48722,0.884695584183345,2.0
932,387010,0.9502455702594372,1.0
932,442110,0.4783813162293127,4.0
932,292769,0.26800030535461394,7.0
932,593085,0.08748498775176956,9.0
932,23747,0.5290282025210364,3.0
932,418630,0.4459876253781134,5.0
932,281045,0.2302870481978455,8.0
932,196427,0.01972024771533565,10.0
932,571430,0.4094937402173134,6.0
9633,259081,0.9261326522130574,2.0
9633,534418,0.931771311976573,1.0
9633,481166,0.32311581424957003,4.0
9633,185909,0.3208002363866951,5.0
9633,552479,0.2340681911984283,7.0
9633,590578,0.09387580077445559,9.0
9633,484055,0.3548734673927966,3.0
9633,474351,0.27367292490210804,6.0
9633,363741,0.10502609311505572,8.0
9633,262441,0.04470662843941027,10.0
1676,394871,1.0,1.0
1676,234436,0.6646806630024429,3.0
1676,77245,0.7110270536197194,2.0
1676,487791,0.6514753153664274,4.0
1676,58937,0.5207353003893523,5.0
1676,352640,0.3285614642361372,7.0
1676,279538,0.4289677803859762,6.0
1676,196920,0.29934037533185065,8.0
1676,555732,8.870981100394284e-06,10.0
1676,136804,0.1404226178747477,9.0
4804,222153,0.8401087257771731,1.0
4804,325892,0.2538469657915635,6.0
4804,255795,0.4889570858715876,5.0
4804,285255,0.5313570354740962,3.0
4804,45218,0.21836819058889093,7.0
4804,162456,0.640863843706545,2.0
4804,143100,0.10804447637606142,9.0
4804,51583,0.11856261805760615,8.0
4804,116574,0.5008955527575412,4.0
4804,393132,0.0,10.0
2747,445298,0.9662604634788416,1.0
2747,431685,0.4257519305805795,6.0
2747,535705,0.5583256096378794,3.0
2747,583635,0.16472005776767218,9.0
2747,387010,0.6466299169607572,2.0
2747,571430,0.145813847784595,10.0
2747,418630,0.484055167301555,4.0
2747,279538,0.4353793556731382,5.0
2747,582864,0.32628004150529805,8.0
2747,123468,0.3503729230847301,7.0
8632,43497,1.0,1.0
8632,382381,0.7025941067463695,2.0
8632,344372,0.571644562229152,3.0
8632,575741,0.24873084887833363,5.0
8632,458385,0.22378953281319833,7.0
8632,416307,0.22360157645548606,8.0
8632,102436,0.5509009791259919,4.0
8632,223070,0.19652203321441855,9.0
8632,363043,0.2333034512616526,6.0
8632,186453,0.0,10.0
4981,102684,0.8811032674983096,1.0
4981,45218,0.8597577508056686,2.0
4981,578585,0.18890873742154018,6.0
4981,341625,0.3709753092071082,4.0
4981,590710,0.19265948940399932,5.0
4981,264800,0.03911112562776596,9.0
4981,475541,0.017775669751824485,10.0
4981,212481,0.176571331509929,7.0
4981,567362,0.37494242076795836,3.0
4981,319692,0.054910154778868105,8.0
6146,289231,0.5839103165743812,3.0
6146,2460,0.5125543060782918,6.0
6146,470024,0.5453913763612883,5.0
6146,394467,0.43458209470149545,7.0
6146,160125,0.7881981167007395,1.0
6146,581889,0.5633205238079996,4.0
6146,326094,0.19806008293043392,8.0
6146,580709,0.03775326717822908,10.0
6146,273528,0.18358288957436877,9.0
6146,7403,0.5968907347260437,2.0
10674,328556,0.5034127316173629,3.0
10674,435963,0.39763508660034436,5.0
10674,89460,0.35270708500191605,6.0
10674,109860,0.2198443793244797,7.0
10674,88813,0.4712168030544135,4.0
10674,319793,0.5262966766991617,2.0
10674,99857,0.6417679445535519,1.0
10674,99757,0.004972840200129535,9.0
10674,431814,0.01648742491195516,8.0
10674,363043,0.0,10.0
3683,276975,1.0,1.0
3683,105973,0.7082331667470222,2.0
3683,421538,0.28364776478776227,5.0
3683,522713,0.4971734195262587,3.0
3683,303977,0.20168893303941074,7.0
3683,178521,0.2541816426808796,6.0
3683,500460,0.30982574210834535,4.0
3683,116865,0.037258322783652806,9.0
3683,158717,0.0065575856550151345,10.0
3683,349866,0.10506577083371942,8.0
928,394460,0.7227285910666075,2.0
928,349866,0.9504237013560841,1.0
928,400009,0.22331107848919304,5.0
928,573276,0.1501299172134659,8.0
928,490443,0.1653448139088058,7.0
928,305509,0.05741853301223957,10.0
928,11572,0.3636614138269745,3.0
928,253563,0.14076064552058887,9.0
928,422770,0.2957753174753945,4.0
928,409573,0.2073329842709556,6.0
5054,21311,0.8216970494748048,1.0
5054,485863,0.554427110316856,5.0
5054,542521,0.47289344519239573,6.0
5054,144660,0.12591649286430798,9.0
5054,307113,0.35084041877343974,8.0
5054,305901,0.5583130794040425,4.0
5054,406457,0.6352023585655213,2.0
5054,366219,0.04366943220524057,10.0
5054,340131,0.6111088515196093,3.0
5054,15172,0.40299287243080506,7.0
6554,583203,1.0,1.0
6554,226967,0.2915938492433062,3.0
6554,377429,0.09866823301837112,9.0
6554,122012,0.2989326567545921,2.0
6554,403755,0.09923346584859957,8.0
6554,574327,0.15272439906071933,4.0
6554,275902,0.11637365199607005,7.0
6554,536120,0.1314755389558423,6.0
6554,480315,0.13632238812295955,5.0
6554,21103,0.03684978856201191,10.0
7377,579557,1.0,1.0
7377,6666,0.40495589160512224,4.0
7377,328086,0.2055675073901762,9.0
7377,345895,0.3073056942288564,7.0
7377,293679,0.5876007830952504,2.0
7377,81304,0.3741906833748919,6.0
7377,172703,0.5471036074674218,3.0
7377,17208,0.3910573512945226,5.0
7377,505027,0.04613677772720899,10.0
7377,453542,0.2505785092403673,8.0
1309,15824,0.7971914740088208,1.0
1309,438869,0.758733606930863,2.0
1309,279845,0.2590267854641046,5.0
1309,266319,0.2252263362030646,8.0
1309,110386,0.1394447543889709,9.0
1309,366594,0.36929058282162947,4.0
1309,443795,0.03365908023486573,10.0
1309,135415,0.23892693401451123,6.0
1309,16778,0.23560030558344805,7.0
1309,471630,0.6,3.0
8351,273142,1.0,1.0
8351,469776,0.4254283460275752,2.0
8351,171720,0.29148412681395525,7.0
8351,213331,0.05995982038174931,9.0
8351,528132,0.2966521379562088,6.0
8351,191977,0.02642794754364297,10.0
8351,71873,0.3808452639290806,4.0
8351,405374,0.3903056282327162,3.0
8351,568526,0.2364050094410562,8.0
8351,304009,0.3400746495917091,5.0
6441,254279,1.0,1.0
6441,156029,0.7312498588391383,2.0
6441,28314,0.5812885109325623,3.0
6441,529993,0.13829191424222273,7.0
6441,87722,0.26808502669486967,5.0
6441,536120,0.27344526780869155,4.0
6441,593644,0.08174220355232296,9.0
6441,108721,0.012904463965484685,10.0
6441,174619,0.22898289631904742,6.0
6441,90712,0.12190437933219604,8.0
4837,426223,0.6382552565291328,4.0
4837,95778,0.8735006490460966,1.0
4837,565330,0.459497771091728,6.0
4837,159936,0.7060239711146161,3.0
4837,187739,0.7355463935406359,2.0
4837,254454,0.22802035885335206,7.0
4837,167896,0.06996916780979061,10.0
4837,565698,0.20681701335128908,8.0
4837,275410,0.07023314878611862,9.0
4837,274870,0.5850220547106985,5.0
9871,553288,0.700125925362594,2.0
9871,76562,0.8419003609915848,1.0
9871,322771,0.45508487706041273,4.0
9871,240645,0.3549476215420681,7.0
9871,547301,0.42268613097533064,5.0
9871,213755,0.1413777484533578,8.0
9871,488366,0.3866211223228851,6.0
9871,305907,0.5114348892082945,3.0
9871,172718,0.11093925976233181,9.0
9871,271832,0.0,10.0
3067,423403,1.0,1.0
3067,372921,0.6346591607906906,2.0
3067,578488,0.585400027645404,4.0
3067,104726,0.6093427715913916,3.0
3067,104788,0.3173489438654535,7.0
3067,582005,0.40167014601847334,6.0
3067,467135,0.4341666295364536,5.0
3067,318473,0.02769639037587165,10.0
3067,187739,0.28545066372751154,8.0
3067,167896,0.27650484865220226,9.0
5741,124219,0.8575710201388949,1.0
5741,328086,0.41862574179012757,4.0
5741,43781,0.27843240305095207,7.0
5741,259081,0.6853593265702569,2.0
5741,568200,0.26172709932720173,8.0
5741,107688,0.3957658116969465,5.0
5741,301224,0.36662390148505264,6.0
5741,329337,0.025051156542918035,9.0
5741,136825,0.5394366378752857,3.0
5741,437427,0.0,10.0
3566,45029,0.7218437755910287,2.0
3566,195191,0.5339574841709536,5.0
3566,149306,0.5863586034001846,4.0
3566,408123,0.6521379979018436,3.0
3566,152286,0.7875078902487292,1.0
3566,519390,0.14018040191687275,9.0
3566,65782,0.06248791735884138,10.0
3566,595211,0.14946826819951445,8.0
3566,317493,0.4428258841427186,6.0
3566,284075,0.3312684677290552,7.0
5862,562511,1.0,1.0
5862,21194,0.7722388144762502,2.0
5862,273947,0.19789083338626398,7.0
5862,170141,0.5577055562998954,4.0
5862,29790,0.19708551118684223,8.0
5862,253563,0.5049308147476664,5.0
5862,269898,0.5646271698572124,3.0
5862,346042,0.39399719301346997,6.0
5862,258465,0.05339719023591398,9.0
5862,78176,0.0,10.0
8779,209730,1.0,1.0
8779,180571,0.60064936248586,2.0
8779,17166,0.41269214891077893,3.0
8779,213591,0.25254971361374423,5.0
8779,279538,0.1702883992300859,7.0
8779,72160,0.2728963137540218,4.0
8779,319954,0.15068979345104966,9.0
8779,452870,0.17674977698872374,6.0
8779,491964,0.1577518788825007,8.0
8779,214901,0.0,10.0
4714,505057,0.9788629553315586,1.0
4714,584450,0.8442801034145624,2.0
4714,324833,0.5563402793791887,3.0
4714,184506,0.28345617704181575,4.0
4714,295980,0.2080628917679858,6.0
4714,249450,0.2297459024962667,5.0
4714,118374,0.16348024484115356,8.0
4714,424585,0.005574560118633297,9.0
4714,473809,0.0008228266022349395,10.0
4714,46211,0.19578558945610583,7.0
7311,125355,0.6983872033814984,1.0
7311,279897,0.34703862405136887,5.0
7311,183349,0.07195947598007923,8.0
7311,523279,0.025805600339435686,9.0
7311,33576,0.12922493667661486,7.0
7311,215154,0.2651496519038506,6.0
7311,344267,0.615032090854033,2.0
7311,238421,0.5279589413954234,3.0
7311,334696,0.4440944833768696,4.0
7311,100485,0.01698815054475933,10.0
109,73427,1.0,1.0
109,213331,0.14660564921034414,7.0
109,538023,0.3097679046040135,4.0
109,461084,0.13386618619943133,8.0
109,563025,0.46040628173981574,2.0
109,406457,0.07997299362379189,9.0
109,342212,0.18195652181137217,6.0
109,535705,0.19813943588472532,5.0
109,547301,0.37079823851487936,3.0
109,18509,0.0,10.0
570,21311,0.790851521485529,1.0
570,103593,0.46471453830298015,7.0
570,232199,0.25413158608423586,9.0
570,341493,0.7149512623878995,2.0
570,565684,0.13909326852002277,10.0
570,156358,0.4884716816090663,6.0
570,79888,0.5142624443947649,5.0
570,335991,0.618766229074078,3.0
570,349384,0.2786662517793148,8.0
570,17166,0.5856482257804166,4.0
6959,301570,0.7690948166306626,2.0
6959,69790,0.8845864230001154,1.0
6959,293767,0.5618671937710753,4.0
6959,482415,0.20690178094235467,10.0
6959,330041,0.5394720116084638,5.0
6959,88813,0.6017974550793176,3.0
6959,427726,0.4252783618509014,8.0
6959,266480,0.3006347971116293,9.0
6959,431814,0.4617112178325471,7.0
6959,231781,0.4638485874256544,6.0
90,56718,0.8302034607059378,2.0
90,150219,0.5756140508884848,4.0
90,31793,0.8381646787282822,1.0
90,385073,0.5462536026479837,5.0
90,234436,0.5824339212515282,3.0
90,153541,0.3553817686548527,6.0
90,172594,0.17433658275214298,7.0
90,366830,0.015180448342090716,10.0
90,34731,0.162139264798096,8.0
90,314898,0.07368736074196702,9.0
5064,2003,1.0,1.0
5064,455614,0.7134412477886676,2.0
5064,135514,0.28460651835662193,8.0
5064,192811,0.5165473577712849,4.0
5064,551423,0.5340821798168143,3.0
5064,414288,0.4299093074504599,6.0
5064,377223,0.4878433360091327,5.0
5064,393278,0.09711542713927528,10.0
5064,524888,0.13390109258955368,9.0
5064,176498,0.42798791177116857,7.0
4103,307380,0.9148998978054876,2.0
4103,29073,0.9766201337429696,1.0
4103,577578,0.7460218953693415,3.0
4103,482415,0.6588901553452476,4.0
4103,175265,0.3829524101263117,5.0
4103,370879,0.3689859503021591,6.0
4103,163590,0.06564478389608641,9.0
4103,133093,0.12443602900307388,8.0
4103,169921,0.01579394496912495,10.0
4103,192193,0.30675303323991376,7.0
1198,56718,1.0,1.0
1198,232199,0.2205380006271253,2.0
1198,175272,0.20384638596815535,4.0
1198,103593,0.09097564910411136,9.0
1198,366761,0.1307163955563612,7.0
1198,105872,0.2106343050648357,3.0
1198,467390,0.14395192644438332,6.0
1198,352120,0.13006616571773397,8.0
1198,58937,0.1519815025057903,5.0
1198,434769,0.0,10.0
4539,32744,0.8564874674365482,1.0
4539,61792,0.6121855174632429,3.0
4539,275925,0.707840446269983,2.0
4539,61346,0.5176675250672715,5.0
4539,370879,0.14792766104434601,9.0
4539,426461,0.2614897894285839,6.0
4539,235522,0.16564530790294568,7.0
4539,440270,0.09741473284060641,10.0
4539,83330,0.5792467831923431,4.0
4539,572272,0.15350712580163653,8.0
9391,248158,0.811346510372474,2.0
9391,136270,0.49634301160697614,4.0
9391,108859,0.43479801702520793,6.0
9391,136515,0.8923379567066791,1.0
9391,142631,0.5637747587871571,3.0
9391,301580,0.49468217292738814,5.0
9391,127263,0.21948057671374083,7.0
9391,105973,0.025410558601833347,10.0
9391,429579,0.16520220496740573,9.0
9391,163590,0.1948392701206199,8.0
4600,577578,0.9536009441120151,1.0
4600,61792,0.36686621577126627,5.0
4600,482415,0.7233292782380141,2.0
4600,257633,0.4641465186512071,4.0
4600,133093,0.30225766607216875,7.0
4600,76515,0.048375386358429584,10.0
4600,367137,0.4673146725727553,3.0
4600,214542,0.09430036788955141,9.0
4600,34925,0.32941684742510396,6.0
4600,275257,0.20892715111539015,8.0
3735,125659,0.839264411697878,1.0
3735,93231,0.7625440989641201,2.0
3735,537418,0.6810947690747122,4.0
3735,330041,0.676587610610713,5.0
3735,344065,0.38665734264041696,6.0
3735,511093,0.2535769348526972,9.0
3735,32290,0.7343322422632248,3.0
3735,504996,0.3470351935367312,8.0
3735,266900,0.3707651370354604,7.0
3735,40447,0.0,10.0
5422,483299,0.5504937868987863,3.0
5422,108,0.34544768373229956,9.0
5422,55022,0.38054824794133674,7.0
5422,528034,0.45752832795012194,5.0
5422,81304,0.3724492737939963,8.0
5422,259081,0.710380535365737,1.0
5422,579235,0.5992866380692611,2.0
5422,136270,0.4524795790727628,6.0
5422,22221,0.15600901628682087,10.0
5422,124219,0.4984657988918577,4.0
744,573276,0.9885778770146448,1.0
744,138845,0.3424640656034912,6.0
744,409573,0.35019519159581025,5.0
744,171339,0.4840567775613702,3.0
744,289231,0.7121418357754487,2.0
744,273528,0.31661749391781585,7.0
744,172305,0.07098275814108769,10.0
744,350819,0.2817094447248715,8.0
744,120852,0.26761367047813334,9.0
744,118280,0.4262876168048342,4.0
515,372909,1.0,1.0
515,328341,0.8301685982813984,2.0
515,431685,0.7183495323100897,4.0
515,352838,0.7311441810601577,3.0
515,231614,0.47158506583195464,5.0
515,195081,0.26607326549063115,6.0
515,98112,0.10896732281634,8.0
515,60443,0.11214858480714254,7.0
515,123733,0.008029761294617,10.0
515,360011,0.0965544563330179,9.0
2443,331253,0.731517868528936,3.0
2443,44609,0.7417655638991554,2.0
2443,305579,0.7520310594010493,1.0
2443,306800,0.6551883027849486,6.0
2443,446647,0.6557890710387768,5.0
2443,313437,0.0899746073225158,10.0
2443,426216,0.6726635507670609,4.0
2443,208051,0.38058195905160713,8.0
2443,305907,0.45191931358206133,7.0
2443,510130,0.17217883295200195,9.0
4265,157553,1.0,1.0
4265,392163,0.5571734600776452,2.0
4265,584273,0.4908183786127087,4.0
4265,149974,0.3535970455553781,6.0
4265,523158,0.031692515677301025,10.0
4265,140947,0.4911116913861893,3.0
4265,386229,0.04724705540927607,9.0
4265,575729,0.1547551094951628,8.0
4265,93881,0.47176665219729524,5.0
4265,577517,0.29811491350952807,7.0
4865,223032,0.5703669212060363,3.0
4865,370569,0.9874636304577332,1.0
4865,251824,0.5421175452676867,4.0
4865,435963,0.5869488121748374,2.0
4865,508821,0.3709708714796659,7.0
4865,481166,0.4476420434640342,5.0
4865,305117,0.3834643341869092,6.0
4865,110515,0.15843573731015717,8.0
4865,565698,0.016901190404011095,9.0
4865,585738,0.00502547646665988,10.0
2968,187196,0.7636801670793265,3.0
2968,388646,0.9487526458557668,1.0
2968,242124,0.7778596857085527,2.0
2968,176498,0.09094650448324963,9.0
2968,198371,0.39950605385891863,4.0
2968,583640,0.269288481852255,5.0
2968,280967,0.12495717714880036,8.0
2968,287991,0.15425668115804433,6.0
2968,455398,0.0551185261115306,10.0
2968,329757,0.13470075985773516,7.0
7221,305117,0.74765327086982,2.0
7221,473809,0.9657146718604601,1.0
7221,481166,0.6732906417487781,3.0
7221,71873,0.47191745185038914,5.0
7221,537418,0.46049425254318654,6.0
7221,307315,0.04541472321398641,10.0
7221,81542,0.3486407056043252,7.0
7221,452175,0.3085690947524203,8.0
7221,570664,0.29043350973392357,9.0
7221,77652,0.6,4.0
2407,2064,1.0,1.0
2407,78176,0.6408351435764305,3.0
2407,173929,0.6535409076165439,2.0
2407,516444,0.3603396004268935,7.0
2407,255491,0.37923730070643535,6.0
2407,273528,0.5089015097844751,4.0
2407,514425,0.21702388853455729,8.0
2407,367641,0.05345895943857651,9.0
2407,566480,0.4693639759078284,5.0
2407,63678,0.0,10.0
3039,136804,1.0,1.0
3039,467390,0.760478961697745,2.0
3039,147080,0.7232821886374969,3.0
3039,387010,0.47521018040915397,4.0
3039,442110,0.38482713447491296,7.0
3039,483274,0.0379886620995032,10.0
3039,510409,0.4686729367851747,5.0
3039,106501,0.38421976273745884,8.0
3039,4947,0.2906172993327097,9.0
3039,398622,0.41561745494851154,6.0
1748,18001,1.0,1.0
1748,528564,0.7156586346458614,2.0
1748,418135,0.5196520210905378,3.0
1748,462892,0.47165515471570446,4.0
1748,298427,0.46475098694806394,5.0
1748,429378,0.19919329904155977,7.0
1748,223206,0.1136224068286121,9.0
1748,517372,0.1653445227911956,8.0
1748,171780,0.017254317746819244,10.0
1748,124027,0.37171520115863,6.0
10547,404339,1.0,1.0
10547,536120,0.287658826028713,6.0
10547,272008,0.5059397011460143,2.0
10547,4666,0.10426041350150245,9.0
10547,597351,0.29544691872567724,5.0
10547,112714,0.4882924012633045,3.0
10547,32290,0.19843257644997653,7.0
10547,23609,0.3456076481812561,4.0
10547,392037,0.0030116198557017353,10.0
10547,491969,0.18827200973890218,8.0
10596,164008,0.7283340189301755,2.0
10596,284235,0.7191554019474333,3.0
10596,208070,0.9072781530889132,1.0
10596,413041,0.44300055843622155,6.0
10596,316838,0.5160464019582822,4.0
10596,494727,0.3683660934275522,7.0
10596,394244,0.4473910920425107,5.0
10596,127452,0.2427710994030251,8.0
10596,69197,0.026920425166684716,10.0
10596,169062,0.133895408955866,9.0
5061,352838,0.6495667409814817,4.0
5061,242124,0.6003724992326716,6.0
5061,329757,0.4259991098291095,8.0
5061,447353,0.4389722326766117,7.0
5061,149974,0.6816877624820565,3.0
5061,380863,0.6025216328040874,5.0
5061,261189,0.7200654217924338,1.0
5061,46755,0.6951386535854047,2.0
5061,158845,0.054585357552790925,10.0
5061,287991,0.23024213733708032,9.0
853,510373,0.7524728541478747,2.0
853,510409,0.996693858633326,1.0
853,314984,0.6560233582697999,3.0
853,106501,0.6102604243989351,4.0
853,263361,0.13637078216189752,8.0
853,131996,0.06804871098868717,9.0
853,72402,0.16831218583101853,7.0
853,150219,0.3414777192696654,6.0
853,582864,0.5261592286693035,5.0
853,303929,0.013362939925094791,10.0
6803,544053,1.0,1.0
6803,193012,0.7527589787256463,2.0
6803,42620,0.4866326663666168,3.0
6803,316045,0.04827502626062285,10.0
6803,271243,0.22431351722134266,5.0
6803,10703,0.1623628549454156,7.0
6803,142726,0.35159661872847114,4.0
6803,78675,0.12850048794626204,8.0
6803,60355,0.18960539647962624,6.0
6803,272784,0.08911907596376081,9.0
6644,187497,1.0,1.0
6644,572842,0.47533458439358744,5.0
6644,308837,0.551008396733893,3.0
6644,426216,0.45023639070894717,6.0
6644,578954,0.6155557090849729,2.0
6644,305907,0.41240617700006954,7.0
6644,293687,0.2593730499631922,8.0
6644,373271,0.4785972515828938,4.0
6644,31793,0.07395686085111704,10.0
6644,238421,0.08448436139395439,9.0
699,107092,1.0,1.0
699,169688,0.3689968820003644,3.0
699,68357,0.3260322767510767,6.0
699,446679,0.5565229735732442,2.0
699,385658,0.11445934609590068,8.0
699,472924,0.3344739205402038,5.0
699,521010,0.36890198407766117,4.0
699,586920,0.07108878401781214,10.0
699,414598,0.10773593254637419,9.0
699,96538,0.2216349455775097,7.0
549,214024,1.0,1.0
549,67167,0.6923480900642225,2.0
549,446647,0.20856337618185472,9.0
549,546020,0.46517726751034055,3.0
549,73427,0.35475310113924585,5.0
549,547301,0.21366309709593673,8.0
549,563025,0.09063259289109174,10.0
549,397449,0.21830890937308126,7.0
549,449630,0.3640524220747773,4.0
549,443795,0.31926711958462906,6.0
904,415514,1.0,1.0
904,85229,0.5967899349046284,2.0
904,433905,0.3044607752929939,3.0
904,120852,0.27851792628551186,4.0
904,101369,0.24745777896073823,5.0
904,359579,0.1554279290716924,8.0
904,169824,0.1995694436756784,7.0
904,320579,0.2061614569363921,6.0
904,75235,0.0052841124708531365,10.0
904,29360,0.04624450680703673,9.0
2590,583635,0.7160270615548818,2.0
2590,296528,0.7318841749272497,1.0
2590,55999,0.5393915014586247,3.0
2590,307095,0.3005326360982143,5.0
2590,209493,0.4985304656577568,4.0
2590,106424,0.11005444826343627,9.0
2590,471964,0.2761976084145985,6.0
2590,387010,0.0058740229537302185,10.0
2590,26203,0.26653302105967375,7.0
2590,454222,0.22568824408626947,8.0
1451,538005,1.0,1.0
1451,559482,0.2071569246616945,8.0
1451,98112,0.6596341949353195,2.0
1451,377571,0.31546828730324905,5.0
1451,313437,0.2851439196890174,7.0
1451,94689,0.31957143928747034,4.0
1451,433809,0.4864209757276282,3.0
1451,522481,0.16005092547471522,10.0
1451,51729,0.19128321587841196,9.0
1451,440910,0.30031888207599594,6.0
5790,469776,0.6189562863792494,3.0
5790,97348,0.6569300521028008,2.0
5790,101369,0.2414027500139152,6.0
5790,363810,0.1843807038292404,7.0
5790,141738,0.6578859573948623,1.0
5790,241136,0.616200357897991,4.0
5790,305287,0.318658452533566,5.0
5790,277353,0.13928734999945724,8.0
5790,149305,0.11019561784871078,9.0
5790,75235,0.021737147998832147,10.0
7295,435125,0.6424280457559517,2.0
7295,403755,0.218673273521442,9.0
7295,93971,0.39100584289619245,6.0
7295,193398,0.3652477767370285,8.0
7295,39478,0.6514617151430305,1.0
7295,513258,0.5938139973916395,3.0
7295,456470,0.3831356498955562,7.0
7295,115553,0.4790485811035795,4.0
7295,3118,0.3944425695560435,5.0
7295,102436,0.0,10.0
5083,142876,0.9795370971035878,1.0
5083,13975,0.7152775478268107,3.0
5083,368802,0.7804028235856686,2.0
5083,433197,0.3452181408130092,4.0
5083,333184,0.23745433994605925,8.0
5083,21103,0.0,10.0
5083,579473,0.28459789320676965,7.0
5083,305360,0.09064508776509386,9.0
5083,20958,0.30684243617740786,6.0
5083,19183,0.3442806829618521,5.0
7936,363043,0.8725468400069902,2.0
7936,336541,0.962750097903471,1.0
7936,293767,0.6322045694522207,4.0
7936,320101,0.6807034170805606,3.0
7936,43087,0.6172347019144,5.0
7936,561884,0.5909694270284833,6.0
7936,416307,0.4726560928929028,7.0
7936,187404,0.220945675057439,8.0
7936,127585,0.051604051582001265,10.0
7936,214003,0.1506290530378455,9.0
8296,78675,1.0,1.0
8296,79998,0.7268262941030652,2.0
8296,146315,0.0445007099631724,8.0
8296,180571,0.03340970066011539,9.0
8296,26203,0.14635909780912845,5.0
8296,371720,0.1847501230808696,4.0
8296,61962,0.19570591137217247,3.0
8296,392037,0.10712582015795277,7.0
8296,99757,0.0030427815233464227,10.0
8296,3118,0.12600757596293308,6.0
475,431685,0.9517613086557896,1.0
475,88124,0.8165707524037842,2.0
475,366761,0.8081802579840556,3.0
475,232199,0.30025659809361793,8.0
475,60637,0.025512134735678017,10.0
475,328341,0.3610223091832704,6.0
475,352640,0.40817810212516265,5.0
475,232563,0.30063558219447156,7.0
475,433,0.07517754063613535,9.0
475,372909,0.4209774806779498,4.0
3759,384631,0.5136675739263146,5.0
3759,152250,0.3088269731841844,9.0
3759,105634,0.6161733313525655,2.0
3759,414188,0.7059355210057733,1.0
3759,101369,0.3379079377363145,8.0
3759,445794,0.08896072634345673,10.0
3759,405217,0.5230377625232813,4.0
3759,264800,0.43486274789107254,7.0
3759,130877,0.5703750896023095,3.0
3759,146181,0.4797444409965612,6.0
4615,596196,0.9135847671573578,1.0
4615,425595,0.823827311776274,4.0
4615,69523,0.8926879659097928,2.0
4615,496427,0.8569509084312195,3.0
4615,261900,0.7735720503010897,5.0
4615,226060,0.5500891210443304,7.0
4615,421365,0.7097165682642717,6.0
4615,19179,0.5478312119181085,8.0
4615,341493,0.037144725102567624,9.0
4615,15891,0.0,10.0
8874,403025,1.0,1.0
8874,251704,0.5276895374684385,2.0
8874,527231,0.40616008244449175,3.0
8874,66631,0.0698072277922769,8.0
8874,357685,0.04935555291121738,10.0
8874,370569,0.18616779482109666,6.0
8874,556976,0.0611843634252886,9.0
8874,349160,0.1425636653643083,7.0
8874,319793,0.24976872997527347,5.0
8874,571362,0.25558572499154497,4.0
26,399013,0.7404306893608643,1.0
26,528132,0.5810582163076141,3.0
26,409611,0.3871331802698591,7.0
26,565330,0.39212427036258635,6.0
26,563025,0.736876713796235,2.0
26,2064,0.5035913856135573,4.0
26,401254,0.40835378945103334,5.0
26,452544,0.03947492749459079,10.0
26,367641,0.29195567085308705,8.0
26,71898,0.20857560928980326,9.0
3875,249859,1.0,1.0
3875,136315,0.6974643365443229,2.0
3875,442110,0.44110654751384465,3.0
3875,571258,0.41184828397151585,5.0
3875,158185,0.2898464892387492,6.0
3875,426570,0.4150719030215882,4.0
3875,76515,0.21275485689240442,7.0
3875,143100,0.05178351563876861,9.0
3875,518406,0.18641396746884942,8.0
3875,414288,0.0,10.0
6835,159703,0.6624578947911379,2.0
6835,246221,0.45073844254746276,3.0
6835,149305,0.8159972263366269,1.0
6835,195767,0.4360621602558889,4.0
6835,403755,0.2977562115503348,7.0
6835,592636,0.09396031713250887,10.0
6835,108721,0.12477554271554493,9.0
6835,238629,0.33316924144906923,5.0
6835,196427,0.31629853684389403,6.0
6835,467575,0.12633501392508945,8.0
4433,301580,0.9061705559598877,1.0
4433,172703,0.5543848659524743,4.0
4433,539263,0.7440536229386662,3.0
4433,297290,0.7997664327221535,2.0
4433,21311,0.4191754149262681,7.0
4433,379311,0.4335676717418213,6.0
4433,453542,0.07259395086340259,10.0
4433,451855,0.29387398172316503,8.0
4433,146181,0.5058047173090044,5.0
4433,536120,0.2443921274965548,9.0
5374,115553,0.565974572052559,2.0
5374,92267,0.9995308344405295,1.0
5374,251704,0.4789434046185736,5.0
5374,44601,0.2903490491094062,9.0
5374,60175,0.509576186408369,3.0
5374,294295,0.03373665345282433,10.0
5374,99857,0.4937152032295365,4.0
5374,537418,0.47360671226380957,7.0
5374,576564,0.4382924106925805,8.0
5374,186453,0.47650100936495793,6.0
6221,529551,0.8859711939115267,2.0
6221,551423,0.9360169288268789,1.0
6221,240261,0.6367030709632661,4.0
6221,128698,0.5424646265850113,6.0
6221,270856,0.700425604917669,3.0
6221,66901,0.06451248653279974,10.0
6221,578488,0.3658532814241565,8.0
6221,384626,0.6096047339856202,5.0
6221,405352,0.4460522555901249,7.0
6221,494753,0.12404748374821618,9.0
672,593283,1.0,1.0
672,563025,0.8717261209084716,2.0
672,213370,0.7356332357565942,4.0
672,40966,0.6993160391727393,5.0
672,273947,0.7399649697502934,3.0
672,15824,0.6450397666607204,6.0
672,67167,0.3911671260891896,7.0
672,170141,0.19809228110543925,9.0
672,201800,0.019595657871687863,10.0
672,494689,0.38737114613555,8.0
2593,231614,0.8041603021808681,1.0
2593,169688,0.10566415589711049,10.0
2593,147343,0.591713048282276,3.0
2593,73427,0.335463563075545,6.0
2593,528132,0.6508260801525938,2.0
2593,399013,0.275069615285619,8.0
2593,387573,0.45125948458249654,5.0
2593,449630,0.5779587317198839,4.0
2593,394460,0.17623067876413645,9.0
2593,171339,0.27847769718453613,7.0
4019,287991,0.9520590078026532,1.0
4019,553288,0.9037678261527716,2.0
4019,332749,0.8917707933274437,3.0
4019,94423,0.15273761312549505,9.0
4019,561056,0.4762293422330129,6.0
4019,448699,0.35055970226446775,7.0
4019,377223,0.6084422918260133,4.0
4019,126134,0.027139548121006715,10.0
4019,1164,0.22570268770071872,8.0
4019,468879,0.5373958071227002,5.0
7205,370569,0.797029646944165,2.0
7205,159966,0.907375455017341,1.0
7205,186453,0.39388517034146886,4.0
7205,100103,0.27148030668957157,6.0
7205,62151,0.25953848582875205,7.0
7205,565926,0.4123046771070539,3.0
7205,336541,0.23255306659029995,8.0
7205,442048,0.32238476074076644,5.0
7205,558370,0.011823434891651802,10.0
7205,12432,0.19609156209968692,9.0
6611,329425,0.569502693742113,3.0
6611,293679,0.9970587591508611,1.0
6611,142631,0.2585666278451449,8.0
6611,39819,0.1748361347927337,9.0
6611,81304,0.3276138971661559,5.0
6611,198764,0.5970180704989448,2.0
6611,297290,0.3170440750148538,6.0
6611,17208,0.25933925246537326,7.0
6611,112208,0.34706487795292496,4.0
6611,345533,0.0,10.0
7911,131996,0.9323588937041085,1.0
7911,57711,0.907582309252494,2.0
7911,553304,0.31108117442885064,4.0
7911,69197,0.2526510382739465,7.0
7911,386173,0.05914393352496581,10.0
7911,506617,0.37536116736523334,3.0
7911,597401,0.260679349761016,6.0
7911,543714,0.18934201194593284,8.0
7911,116647,0.10787918177079514,9.0
7911,385574,0.29235432351510476,5.0
7463,577951,1.0,1.0
7463,387277,0.6154959538316422,3.0
7463,176498,0.609499175394747,4.0
7463,423403,0.7046509982591702,2.0
7463,565698,0.1547614700632503,9.0
7463,328086,0.11923324850293818,10.0
7463,350145,0.38268600825164983,6.0
7463,216384,0.3676179021857472,7.0
7463,188015,0.33130385102114224,8.0
7463,528034,0.45433783037116626,5.0
4999,9938,1.0,1.0
4999,305117,0.4235856380811569,3.0
4999,46211,0.5087576330313246,2.0
4999,350680,0.3506960834697226,4.0
4999,216327,0.1445285040822772,6.0
4999,411061,0.06041727825367886,9.0
4999,406185,0.16206229168103192,5.0
4999,13657,0.02645002809168745,10.0
4999,580920,0.06131008839508818,8.0
4999,222153,0.10442304172221298,7.0
7344,14368,1.0,1.0
7344,418150,0.6661389186908971,2.0
7344,327978,0.34557354921285965,3.0
7344,392851,0.3319070901369457,4.0
7344,301224,0.10668254915433595,9.0
7344,39247,0.3032967390502094,5.0
7344,527231,0.15605577251688604,8.0
7344,72652,0.2048870592650377,6.0
7344,58753,0.005339565841059021,10.0
7344,266319,0.18787792170048667,7.0
7705,377429,0.779881926013493,2.0
7705,539263,0.8604924769895395,1.0
7705,480315,0.6475275640386065,3.0
7705,467575,0.3946376243776619,6.0
7705,172703,0.3775406419445787,8.0
7705,536120,0.5132362080464166,4.0
7705,87722,0.40885014034373723,5.0
7705,345199,0.03830898721634623,10.0
7705,96926,0.36242440524563696,9.0
7705,387277,0.38754405077863924,7.0
1815,372909,0.8546319462794856,2.0
1815,446928,0.9801652707019275,1.0
1815,363591,0.7909664130075584,3.0
1815,432080,0.6671542724514193,4.0
1815,88124,0.6054153367451236,6.0
1815,457701,0.6209520780413937,5.0
1815,328341,0.503188068783071,7.0
1815,528522,0.3070540766097504,9.0
1815,539133,0.3644643212595978,8.0
1815,459677,0.0,10.0
7467,193312,1.0,1.0
7467,371720,0.8513316947520213,2.0
7467,26203,0.37062533569629624,6.0
7467,457532,0.5168995168778819,3.0
7467,55999,0.22248918031188003,7.0
7467,428017,0.40375345681524744,5.0
7467,435963,0.43208839813756267,4.0
7467,431814,0.02644135456816224,10.0
7467,253024,0.08594529567381225,8.0
7467,99757,0.028476927491579082,9.0
8013,198349,0.6549163489974232,3.0
8013,383978,0.8575244512342879,1.0
8013,374151,0.5186835584034266,5.0
8013,244433,0.7090240690259051,2.0
8013,251824,0.5178765135191444,6.0
8013,241101,0.5383746642997222,4.0
8013,398123,0.4820144126011793,7.0
8013,31793,0.02202312111014211,10.0
8013,498378,0.4448906062596245,8.0
8013,588247,0.19817847782507947,9.0
1415,66246,0.7878495368812047,3.0
1415,306144,0.7353965363661353,4.0
1415,393953,0.8095968669027966,2.0
1415,591940,0.5352324906864308,5.0
1415,387165,0.9011085477277914,1.0
1415,583956,0.4173501647455923,6.0
1415,110515,0.06927147856112834,10.0
1415,318266,0.26724431935578874,7.0
1415,183612,0.14997802832106355,9.0
1415,232063,0.2215885034075563,8.0
7758,480315,0.6314738259281245,2.0
7758,574327,0.9207282657613988,1.0
7758,69696,0.2616545408056317,4.0
7758,112714,0.5286570701394373,3.0
7758,379311,0.05766670384046915,8.0
7758,122432,0.08101971022258786,7.0
7758,322826,0.09383076699072837,6.0
7758,112208,0.004569976741762668,10.0
7758,17923,0.116602185451002,5.0
7758,172703,0.04594252649108182,9.0
1915,306144,0.8069859339185722,1.0
1915,182168,0.6249494785817262,3.0
1915,78176,0.2092175331018231,9.0
1915,393953,0.8050215055068536,2.0
1915,140038,0.4949287310513636,6.0
1915,583956,0.6170798962340358,4.0
1915,318266,0.4929957871470816,7.0
1915,66246,0.50369761132671,5.0
1915,505580,0.07716109734337046,10.0
1915,591940,0.3621852992722283,8.0
4415,108859,0.4,9.0
4415,32744,0.6611786196020752,3.0
4415,61792,0.6597839540649064,4.0
4415,370879,0.5635798065747128,7.0
4415,14926,0.753204355793448,1.0
4415,244427,0.6331319031775111,5.0
4415,399751,0.542946005075203,8.0
4415,147646,0.6820229765538981,2.0
4415,309550,0.5697669921977835,6.0
4415,235522,0.2078454014828159,10.0
10482,201495,0.9489499831045387,2.0
10482,439757,0.978298358036088,1.0
10482,387277,0.6996093630798805,3.0
10482,518379,0.5809280461885628,4.0
10482,175821,0.5386996481289883,6.0
10482,142696,0.32220840522472644,7.0
10482,535317,0.14340940978444705,9.0
10482,364575,0.004580987617059564,10.0
10482,72402,0.25416809244803396,8.0
10482,34925,0.5528089361031026,5.0
2296,119298,0.9524318963208369,1.0
2296,279897,0.7339769146735615,2.0
2296,460357,0.24671675265489706,7.0
2296,396853,0.6386708932533501,3.0
2296,577201,0.39164788780123305,5.0
2296,410119,0.15624834466822984,9.0
2296,275410,0.05325363923411636,10.0
2296,120090,0.3402728196148634,6.0
2296,169688,0.22633078513167867,8.0
2296,175982,0.6,4.0
6787,58290,0.6196961841946269,1.0
6787,456436,0.5601416415502005,4.0
6787,124230,0.5960197392731066,3.0
6787,457294,0.446505181838845,5.0
6787,261189,0.2752969068479559,8.0
6787,220022,0.16882156608162258,9.0
6787,382381,0.31186062900717637,7.0
6787,552707,0.35963240766979543,6.0
6787,309555,0.009812922036965807,10.0
6787,223070,0.6,2.0
2857,117451,1.0,1.0
2857,123659,0.5580939893245358,5.0
2857,590917,0.6995623861825226,2.0
2857,295864,0.4761523974495947,7.0
2857,19606,0.5041012462851862,6.0
2857,60175,0.6693155971133646,3.0
2857,348733,0.04880705097051033,8.0
2857,464502,0.03338304278147114,9.0
2857,581038,0.5729214125084896,4.0
2857,482335,0.00405622661038357,10.0
753,114418,1.0,1.0
753,51729,0.6768419985317351,3.0
753,581509,0.7715023082736315,2.0
753,72046,0.38517647017495554,6.0
753,466718,0.6148530038007873,4.0
753,504255,0.449434660716776,5.0
753,297290,0.03608829132502691,10.0
753,125355,0.25013643629411464,8.0
753,177648,0.38112476017469615,7.0
753,61792,0.07555142132256042,9.0
2676,55666,1.0,1.0
2676,13975,0.5857382937744088,2.0
2676,264408,0.2684007769594263,6.0
2676,44110,0.43124135241235517,4.0
2676,182168,0.5791400354163211,3.0
2676,313171,0.410274793170659,5.0
2676,244749,0.1360645740675389,9.0
2676,218845,0.18194517117335005,7.0
2676,279897,0.11534732791936403,10.0
2676,196427,0.1704010066046582,8.0
7456,164008,0.8670421595439035,2.0
7456,494727,0.9470544134121788,1.0
7456,284235,0.8350164034467418,3.0
7456,169062,0.30692023457235384,8.0
7456,413041,0.18237652781897765,10.0
7456,316838,0.6129311986603683,5.0
7456,112714,0.7064277832481833,4.0
7456,69197,0.18251122187447677,9.0
7456,127452,0.4763751451617823,7.0
7456,394244,0.6,6.0
2579,524471,1.0,1.0
2579,280838,0.6369991688841643,2.0
2579,229809,0.4011440054652304,5.0
2579,570155,0.16921427296237698,8.0
2579,263481,0.4642467457167203,4.0
2579,197052,0.48765646751117586,3.0
2579,55064,0.2003451608815458,6.0
2579,579473,0.1718528962965931,7.0
2579,566480,0.16854648835063898,9.0
2579,410119,0.0,10.0
687,506831,0.829275650224582,1.0
687,342258,0.5963344925786448,4.0
687,449630,0.46064032447628345,6.0
687,214024,0.42332800637854895,7.0
687,478186,0.6526832690501325,3.0
687,579473,0.6555303290949059,2.0
687,406457,0.5006383740584834,5.0
687,508895,0.33786220833213515,8.0
687,494926,0.0036008814436335433,10.0
687,16670,0.29780278352142786,9.0
2445,431685,1.0,1.0
2445,328341,0.4575357101556586,4.0
2445,352838,0.48668845889942197,2.0
2445,372909,0.4040017955034492,5.0
2445,366761,0.4851173807066517,3.0
2445,195081,0.042070114213640514,9.0
2445,88124,0.19681657709274375,6.0
2445,114418,0.18167587221324882,7.0
2445,360011,0.009520667293047354,10.0
2445,539133,0.15611413937393956,8.0
2885,17651,0.7274502341746103,3.0
2885,460398,0.7771448541748027,1.0
2885,429579,0.5879417684466259,7.0
2885,516444,0.7012326024202,5.0
2885,102081,0.7705518174477939,2.0
2885,540539,0.30212092876129604,8.0
2885,118730,0.7268166372847089,4.0
2885,279865,0.6651427826165561,6.0
2885,101453,0.026834522999893286,10.0
2885,167356,0.24848089356383918,9.0
5264,431814,0.7124870271845765,2.0
5264,42438,0.15843777308068185,7.0
5264,52579,0.7536772873857367,1.0
5264,505694,0.5412073376531036,3.0
5264,114439,0.1355841017833342,9.0
5264,580920,0.4630165102933174,4.0
5264,481166,0.1183947417221945,10.0
5264,400841,0.1919768064434589,6.0
5264,371720,0.21165583716483252,5.0
5264,186453,0.15454103657196006,8.0
7633,494727,1.0,1.0
7633,284235,0.6697206678007813,2.0
7633,164008,0.48282868123694955,6.0
7633,175831,0.6257943720417624,3.0
7633,228983,0.519656304390726,5.0
7633,413041,0.1273066879036018,10.0
7633,112714,0.32971345299011784,8.0
7633,127452,0.4741301493920278,7.0
7633,31465,0.14869955096612433,9.0
7633,394244,0.562692977090137,4.0
9291,17208,1.0,1.0
9291,480315,0.5199589562500764,3.0
9291,536120,0.7014874654031565,2.0
9291,377429,0.49386465429581206,4.0
9291,539263,0.4224461201478987,5.0
9291,423658,0.3233853379664998,7.0
9291,172703,0.35375914113834184,6.0
9291,345199,0.14345142153262325,8.0
9291,61022,0.006414543637380282,10.0
9291,328086,0.09354882530384633,9.0
4640,331534,1.0,1.0
4640,367785,0.6500685292611227,2.0
4640,104788,0.5815501166676326,3.0
4640,183612,0.2881388106004983,6.0
4640,526110,0.28591679826643024,7.0
4640,298099,0.4777939576145614,4.0
4640,454810,0.2049740072953829,9.0
4640,153541,0.3226200942603028,5.0
4640,49797,0.0373649144829874,10.0
4640,468923,0.26988884554119263,8.0
939,366761,0.799236223789454,1.0
939,466084,0.1908909032971411,6.0
939,31793,0.3485994452424615,3.0
939,392434,0.6765042203396107,2.0
939,55666,0.0632044720465188,9.0
939,19183,0.29476036843901393,4.0
939,565181,0.1331528825188223,8.0
939,467575,0.015105410287867188,10.0
939,115333,0.16035267026423944,7.0
939,250702,0.25308032670023395,5.0
1306,387022,0.975064529307556,1.0
1306,266952,0.4627188783629673,4.0
1306,594206,0.7056065846265469,2.0
1306,472243,0.697762543332616,3.0
1306,447353,0.321073997919451,6.0
1306,410119,0.19557792878859792,8.0
1306,460457,0.35446436524801844,5.0
1306,18003,0.1727099403971256,9.0
1306,372204,0.009519440544282626,10.0
1306,583203,0.2216643267894937,7.0
8475,104793,0.8453741264596124,2.0
8475,494655,0.8679996608569218,1.0
8475,240562,0.8238393868115419,3.0
8475,21311,0.456709082333976,4.0
8475,437427,0.43216755556001507,5.0
8475,361028,0.07647005027979596,10.0
8475,51615,0.11751788671378459,8.0
8475,444107,0.42493564501677605,6.0
8475,72402,0.0865356637588039,9.0
8475,174335,0.14943086055532964,7.0
6807,332567,1.0,1.0
6807,402466,0.22188888320022981,4.0
6807,187583,0.16264006411567272,5.0
6807,459351,0.30374509691058516,2.0
6807,535697,0.22637476849196658,3.0
6807,59714,0.13582544220254825,7.0
6807,211622,0.13815768418714275,6.0
6807,11184,0.013989214784235655,10.0
6807,565765,0.07730133324416004,8.0
6807,93971,0.04620176327396577,9.0
5228,259476,1.0,1.0
5228,158732,0.7312228140834697,3.0
5228,131774,0.7785990203644948,2.0
5228,331534,0.48988312312592364,5.0
5228,341947,0.5977467561818681,4.0
5228,366594,0.4208649434997841,6.0
5228,140038,0.3775062206129926,8.0
5228,156194,0.11143951295272836,9.0
5228,352120,0.3823299679281311,7.0
5228,414534,0.0,10.0
2856,108739,0.6510194417393075,1.0
2856,296769,0.6027387868768392,3.0
2856,346042,0.5925651734345847,4.0
2856,219033,0.5299893596191727,5.0
2856,361028,0.38860825272719557,7.0
2856,23340,0.37005215590576923,8.0
2856,386173,0.08960678857956118,10.0
2856,231727,0.5107868469179294,6.0
2856,110848,0.6258949465659058,2.0
2856,213331,0.3251987318168214,9.0
3791,212222,1.0,1.0
3791,301570,0.07101599582651484,10.0
3791,521641,0.12999676422754058,9.0
3791,10790,0.19393681415504885,7.0
3791,197494,0.23754591672370579,5.0
3791,482415,0.41476062260626617,2.0
3791,572272,0.1461708495446009,8.0
3791,34925,0.2093710552188085,6.0
3791,440270,0.26252266900425913,4.0
3791,577201,0.400270876589581,3.0
4514,1642,0.7975966638712171,2.0
4514,156211,0.9985812987146412,1.0
4514,426270,0.7567706655829691,3.0
4514,317429,0.7233582921756709,4.0
4514,352485,0.5932885427035101,5.0
4514,197222,0.3014884544655849,8.0
4514,117451,0.3199506084784007,7.0
4514,565782,0.2803515365731496,9.0
4514,514417,0.3860720698222609,6.0
4514,134722,0.0,10.0
6122,496166,1.0,1.0
6122,118280,0.23631662158565664,6.0
6122,117274,0.2420825883177582,5.0
6122,305509,0.27949731229501606,3.0
6122,42533,0.28590423721627417,2.0
6122,219504,0.2570560747236602,4.0
6122,283072,0.011920508595269774,10.0
6122,428829,0.16466765017562718,7.0
6122,39819,0.09216204317252102,9.0
6122,102081,0.14748557250575592,8.0
8832,108059,0.43833958730001465,2.0
8832,94689,0.9964957802960878,1.0
8832,597351,0.3441907994530097,4.0
8832,268289,0.2563893356282328,5.0
8832,170594,0.37035918917042077,3.0
8832,133093,0.17641701179845895,7.0
8832,259317,0.1902268211834363,6.0
8832,234103,0.03812427355745836,8.0
8832,195767,0.010586846812567018,9.0
8832,387141,0.0,10.0
7145,301580,1.0,1.0
7145,379311,0.7997101564555478,2.0
7145,62966,0.1342549702512393,7.0
7145,297290,0.5302505197058375,4.0
7145,451855,0.12988721350666027,8.0
7145,471964,0.303679694152668,5.0
7145,453542,0.036293917059495376,10.0
7145,387277,0.1279093762610603,9.0
7145,81458,0.5427434425322479,3.0
7145,172703,0.16114688225587678,6.0
7674,164008,0.6590276193943615,3.0
7674,249279,0.9505466137996541,1.0
7674,367641,0.36683058697579496,6.0
7674,89460,0.6648088915499001,2.0
7674,65120,0.49076271128621507,5.0
7674,494295,0.4910051163145853,4.0
7674,223206,0.2400176507303688,7.0
7674,452870,0.1438037782079194,8.0
7674,172443,0.0839042105416253,9.0
7674,2064,0.0,10.0
8202,115553,0.6967563860552453,2.0
8202,92267,0.9320408043199451,1.0
8202,251704,0.5438446053671375,6.0
8202,514500,0.5548940279968954,5.0
8202,60175,0.3617210219585356,8.0
8202,99857,0.5805791215733478,4.0
8202,186453,0.6288176346050057,3.0
8202,31465,0.34501604468572167,9.0
8202,59714,0.3868430676446538,7.0
8202,265213,0.0,10.0
3682,233497,0.4,8.0
3682,329662,0.9937725457279429,1.0
3682,426223,0.4704806806603762,4.0
3682,537418,0.8375219705096104,2.0
3682,388613,0.42039569643215957,6.0
3682,336018,0.8336136421718021,3.0
3682,27401,0.4138574026071742,7.0
3682,281707,0.2748440959858913,9.0
3682,55022,0.2227071625311103,10.0
3682,330041,0.4405483543883372,5.0
3446,323498,1.0,1.0
3446,211839,0.9296998851174976,2.0
3446,31550,0.6644967271653921,3.0
3446,505027,0.5921492855551659,4.0
3446,367785,0.4059155793482676,5.0
3446,204176,0.2714604137689918,8.0
3446,366685,0.395627362611117,6.0
3446,157702,0.2047837848034581,9.0
3446,241099,0.07332507125930143,10.0
3446,511386,0.279587781174567,7.0
7592,40966,0.9202895955795481,1.0
7592,273947,0.8070574894158333,2.0
7592,593283,0.6938279074682129,5.0
7592,170141,0.2346405695183445,9.0
7592,208219,0.7297321747326241,3.0
7592,563025,0.7055545811145717,4.0
7592,73427,0.3448392541159026,8.0
7592,213370,0.49105734806627155,6.0
7592,15824,0.474351530788649,7.0
7592,198349,0.0,10.0
6715,13732,0.9507612942579354,1.0
6715,568526,0.846227946909775,2.0
6715,275902,0.32021391173808467,6.0
6715,193312,0.4382116301509533,3.0
6715,518563,0.10869305085837633,10.0
6715,51729,0.2677769345103884,7.0
6715,457294,0.21626107988646665,8.0
6715,149306,0.3326190943706574,4.0
6715,526110,0.19783892535862274,9.0
6715,113619,0.32503306127518633,5.0
2264,534454,0.9289773618698507,1.0
2264,556976,0.5083159665942043,3.0
2264,244104,0.7397809912611486,2.0
2264,350819,0.1393102072620511,7.0
2264,588247,0.130207502095098,8.0
2264,488574,0.5016389475715328,5.0
2264,31793,0.12062917088883296,9.0
2264,352838,0.10117592270361649,10.0
2264,450808,0.32071749253279747,6.0
2264,498834,0.5032423196136179,4.0
6121,315275,0.8123918050572396,2.0
6121,289231,0.9497970302356707,1.0
6121,523158,0.17505186403079853,10.0
6121,184175,0.5351458466619878,3.0
6121,333184,0.23418069583310275,8.0
6121,524801,0.4034957407584868,5.0
6121,235545,0.368793985260408,6.0
6121,570964,0.22766785429312503,9.0
6121,171339,0.44042663895441697,4.0
6121,344573,0.3251597175766669,7.0
3453,418626,0.9856933664945509,1.0
3453,156211,0.5778787196777898,3.0
3453,1642,0.3773165327837271,4.0
3453,296516,0.0832191394437404,10.0
3453,233635,0.6664879808262011,2.0
3453,317429,0.346217919865132,6.0
3453,352485,0.18936112770190552,7.0
3453,565782,0.18727559062088583,8.0
3453,337764,0.15193145319792828,9.0
3453,209804,0.35197563248125024,5.0
6985,561884,0.41528583287367793,3.0
6985,149305,0.46183868746402007,2.0
6985,456436,0.8097365557985896,1.0
6985,78029,0.30543620881209943,4.0
6985,403755,0.11454637798050003,10.0
6985,538023,0.20348055292720016,7.0
6985,464533,0.1403916097644622,9.0
6985,196427,0.2642092735069437,5.0
6985,54584,0.21463804954727414,6.0
6985,587120,0.18266182561476213,8.0
2181,77245,0.5558538997478882,3.0
2181,234436,0.7349911150085247,2.0
2181,470289,0.9580807657863188,1.0
2181,136315,0.19246420300598183,9.0
2181,101604,0.48023372850042123,6.0
2181,288189,0.38188230126129735,7.0
2181,391988,0.5021600875010214,4.0
2181,56718,0.4949586886733528,5.0
2181,555732,0.3320612601056686,8.0
2181,499782,0.0,10.0
8532,40702,0.6509378728748574,3.0
8532,416307,0.994204861206511,1.0
8532,427726,0.35060322522959136,6.0
8532,543714,0.32846972937109875,7.0
8532,42438,0.7533966032584576,2.0
8532,344372,0.35904681560460827,5.0
8532,125355,0.27033617265934806,9.0
8532,483299,0.28310487562239783,8.0
8532,100103,0.18442671588124598,10.0
8532,6574,0.49164142605839123,4.0
4312,222639,0.8249997844500226,2.0
4312,282435,0.9550326675862698,1.0
4312,167950,0.7305771344721645,3.0
4312,324779,0.09865990157723992,9.0
4312,507284,0.28562610140960665,7.0
4312,116647,0.30654133361335095,5.0
4312,218759,0.27907114165789404,8.0
4312,535998,0.08087364716942322,10.0
4312,228341,0.29157837268521114,6.0
4312,535651,0.34093145236654565,4.0
9108,415976,0.4,7.0
9108,123702,0.8421730573063684,1.0
9108,133468,0.2529513729346724,9.0
9108,258291,0.7609979156642499,2.0
9108,461592,0.6022592358583216,4.0
9108,579763,0.6742988157205259,3.0
9108,472051,0.38859167862621286,8.0
9108,298128,0.430769134815401,6.0
9108,305579,0.16994784472180594,10.0
9108,22221,0.5348021766379665,5.0
8116,433032,1.0,1.0
8116,319793,0.5107749534173622,4.0
8116,236482,0.6231060814345387,2.0
8116,182297,0.22949181282219505,7.0
8116,533457,0.5272696347214405,3.0
8116,403186,0.07940752005179354,10.0
8116,433197,0.40998149200733486,5.0
8116,38711,0.21194780754839124,8.0
8116,374867,0.28077199941475683,6.0
8116,314478,0.12830906786781837,9.0
9403,243148,0.4614124007700199,4.0
9403,228403,0.6515090592596964,1.0
9403,175982,0.423164541716785,5.0
9403,562793,0.3576291574474667,6.0
9403,81924,0.08922392810803668,8.0
9403,472516,0.011859312649991863,10.0
9403,513258,0.024020179872369166,9.0
9403,150650,0.4949023184808606,3.0
9403,269898,0.5943242151915418,2.0
9403,29790,0.30482783135070557,7.0
776,124027,1.0,1.0
776,597247,0.49876256152367976,2.0
776,597880,0.3547199422447622,4.0
776,592680,0.33752481513500365,8.0
776,10440,0.4643415319648094,3.0
776,276411,0.017998074754388093,10.0
776,496899,0.35266381342096204,5.0
776,418864,0.3446634536844883,6.0
776,454810,0.33497391558603273,9.0
776,136270,0.3403868096909668,7.0
6199,473322,1.0,1.0
6199,157553,0.766920344778578,2.0
6199,332314,0.6192462903686586,3.0
6199,521641,0.611475912605107,4.0
6199,433801,0.4745062342801346,6.0
6199,93231,0.2731845111885367,9.0
6199,525827,0.5452236252270085,5.0
6199,409120,0.05495872392603275,10.0
6199,279845,0.29488447816866786,7.0
6199,366448,0.2757652590376898,8.0
1393,234436,0.9199910610609261,1.0
1393,220022,0.8526415270109101,2.0
1393,532932,0.688634464014886,3.0
1393,394871,0.4840264460552497,6.0
1393,77245,0.5854064611973452,5.0
1393,352640,0.6099594046894565,4.0
1393,499782,0.1344919259525112,9.0
1393,326665,0.0705732230317241,10.0
1393,196920,0.3900774100126041,7.0
1393,555732,0.1482054107348147,8.0
9668,111768,1.0,1.0
9668,75437,0.5140857505005769,6.0
9668,55022,0.14885140733921573,10.0
9668,6574,0.6958701304591183,2.0
9668,62151,0.5253014882313408,5.0
9668,594655,0.18492906572653967,9.0
9668,13260,0.609783190406401,4.0
9668,79998,0.26011937196355117,8.0
9668,42438,0.6209787760799611,3.0
9668,416307,0.27569392840341006,7.0
9088,557219,0.8267543599170764,1.0
9088,224654,0.7869655758288174,2.0
9088,536120,0.5747070213938544,4.0
9088,226303,0.7860887122792164,3.0
9088,539263,0.16978161477240938,10.0
9088,511093,0.3878806001807221,8.0
9088,433809,0.3494196955810062,9.0
9088,472516,0.5470273807908245,5.0
9088,461051,0.5209414328581655,6.0
9088,344041,0.3995714608332322,7.0
3091,159936,0.8338197378668059,2.0
3091,187739,0.8691212995888652,1.0
3091,95778,0.6117521838703188,3.0
3091,416796,0.23538361934413848,7.0
3091,437538,0.28867955698471237,6.0
3091,254454,0.1591544130491901,9.0
3091,274870,0.5720358395378081,5.0
3091,426223,0.0034571838073630696,10.0
3091,366448,0.6021787773058542,4.0
3091,216384,0.1924024183413498,8.0
1157,405777,1.0,1.0
1157,266952,0.3140848892392013,5.0
1157,251411,0.4300756470723115,3.0
1157,243503,0.4822198955330912,2.0
1157,452544,0.37983501653124024,4.0
1157,564618,0.19143916307674053,8.0
1157,295980,0.18329200641394208,9.0
1157,388455,0.2985037895280941,6.0
1157,350819,0.00012403284370932421,10.0
1157,97348,0.20515474503228165,7.0
4335,318583,1.0,1.0
4335,322246,0.6626681389523006,2.0
4335,416225,0.32883186693440036,4.0
4335,109860,0.12181451040414851,7.0
4335,382381,0.09606125036647825,8.0
4335,110515,0.19822548651777588,5.0
4335,126134,0.14001426735497383,6.0
4335,190169,0.004727611771700547,10.0
4335,158185,0.3301356034530397,3.0
4335,274359,0.059279631924403026,9.0
8947,545759,0.5229617364692162,2.0
8947,61022,0.5066746310137821,3.0
8947,532657,0.4273918565369253,4.0
8947,461592,0.7848849640238982,1.0
8947,461084,0.15132042906687668,7.0
8947,127134,0.39308231068900007,5.0
8947,384564,0.12362935562563501,9.0
8947,388646,0.040290825760924055,10.0
8947,452870,0.27728900766694914,6.0
8947,214901,0.1452416618631319,8.0
6410,418150,1.0,1.0
6410,112208,0.5798850401005345,2.0
6410,273861,0.33797828884833625,9.0
6410,172703,0.4779173654490189,4.0
6410,59994,0.5042950026993327,3.0
6410,528034,0.46331385846660983,5.0
6410,107092,0.06522437598518008,10.0
6410,100485,0.40177745570421386,8.0
6410,133093,0.43638504704558284,6.0
6410,87722,0.42318764801259384,7.0
5196,565745,1.0,1.0
5196,219033,0.8969811899876947,2.0
5196,213370,0.6544414051199217,3.0
5196,171339,0.6373217965201392,4.0
5196,356928,0.6181055410023957,5.0
5196,581889,0.3064190413928456,8.0
5196,273528,0.4900339933477612,6.0
5196,114829,0.33181542596019276,7.0
5196,555101,0.16585158205681297,9.0
5196,474050,0.0,10.0
8789,87349,1.0,1.0
8789,41912,0.5026179481168851,2.0
8789,102436,0.1304781331290072,6.0
8789,58290,0.15439126279658133,5.0
8789,14870,0.2400244506212894,3.0
8789,328341,0.16056027431123499,4.0
8789,152014,0.03957000141787759,9.0
8789,296528,0.005612557835365262,10.0
8789,213526,0.11582236393905,8.0
8789,316838,0.12130312945005008,7.0
5808,251824,1.0,1.0
5808,51615,0.3218980978979987,7.0
5808,535697,0.7365456183009312,2.0
5808,43781,0.3428268451135126,5.0
5808,226053,0.3261494750164475,6.0
5808,226070,0.3602193213775718,4.0
5808,271243,0.48823067823723343,3.0
5808,88477,0.07127006590835284,9.0
5808,350145,0.00011932970353815453,10.0
5808,72652,0.16550085409066537,8.0
9701,225682,1.0,1.0
9701,19711,0.3752831812856123,3.0
9701,494926,0.2983095305074654,7.0
9701,384230,0.34490119129601204,6.0
9701,457416,0.3663793438163811,5.0
9701,279865,0.49824395650086994,2.0
9701,473540,0.3745455601211723,4.0
9701,76054,0.290128739300071,8.0
9701,533515,0.13847667250358792,9.0
9701,321969,0.0,10.0
3179,56718,0.8045854019089687,2.0
3179,385073,0.9619184189726744,1.0
3179,150219,0.7909417906858157,3.0
3179,243503,0.3703255289933992,5.0
3179,442142,0.3325696830883153,6.0
3179,352838,0.39503400865708704,4.0
3179,124630,0.023136850394994232,10.0
3179,431685,0.14587555348994197,7.0
3179,597247,0.1105386530190059,9.0
3179,174335,0.12858940822872295,8.0
6896,196427,0.9346059474665742,1.0
6896,330041,0.8110046625101412,2.0
6896,244749,0.5439881068026315,6.0
6896,223070,0.7832246387935472,3.0
6896,403755,0.17765333944575204,10.0
6896,38711,0.41849200463611147,8.0
6896,149305,0.6090473814804831,5.0
6896,106501,0.2855782483905093,9.0
6896,587120,0.6250520766989729,4.0
6896,102443,0.4854241893244179,7.0
2513,25762,0.7941271118727513,1.0
2513,518624,0.3798760109775812,4.0
2513,588247,0.3278840784192675,5.0
2513,82344,0.7244173843660855,2.0
2513,97348,0.38210950398740945,3.0
2513,102443,0.21779763125354418,6.0
2513,405777,0.2159377025974737,7.0
2513,352838,0.17481278525403143,8.0
2513,147646,0.008180684942220752,10.0
2513,120090,0.10702953134851297,9.0
8937,294295,0.7516478233641142,1.0
8937,13260,0.2797932782991615,8.0
8937,336541,0.5799121264757147,4.0
8937,320101,0.5801972316700018,3.0
8937,416307,0.35587887591023626,6.0
8937,100103,0.6204128996804403,2.0
8937,363043,0.5472214236878405,5.0
8937,429378,0.015344949015637967,10.0
8937,88892,0.18036024818398416,9.0
8937,214003,0.2901149137850193,7.0
9643,112208,1.0,1.0
9643,100485,0.6546866941695333,2.0
9643,480315,0.35024401892861745,9.0
9643,428082,0.08861474429112917,10.0
9643,467575,0.4194338676799242,4.0
9643,87722,0.35676984938675577,8.0
9643,581038,0.4511936083870445,3.0
9643,214542,0.4057343300344659,5.0
9643,539263,0.3720721781500133,7.0
9643,156816,0.3781380934136709,6.0
5653,588247,1.0,1.0
5653,483456,0.20715131690326535,5.0
5653,14543,0.201032964916314,6.0
5653,87722,0.24011581478516947,3.0
5653,290930,0.32559337910733693,2.0
5653,461592,0.12539630303468957,9.0
5653,446984,0.12659954912199342,8.0
5653,583635,0.14142882131199344,7.0
5653,31377,0.23126514517121605,4.0
5653,66631,0.0,10.0
2551,143100,1.0,1.0
2551,479276,0.5468422070996397,2.0
2551,202990,0.30430230385156937,3.0
2551,9938,0.15486743881065712,8.0
2551,394460,0.27790670672504675,4.0
2551,242124,0.21824585803873015,6.0
2551,523158,0.26595190322327383,5.0
2551,384642,0.033089074410649705,10.0
2551,572272,0.13449451039154095,9.0
2551,362805,0.1996509735407929,7.0
1948,467509,1.0,1.0
1948,108739,0.521086207975309,4.0
1948,356928,0.6512761250938026,2.0
1948,223206,0.23579546020945302,8.0
1948,219033,0.553362441615705,3.0
1948,443795,0.41728599567675484,6.0
1948,362215,0.49527227020467446,5.0
1948,377571,0.12535116431862248,9.0
1948,399700,0.04550515771433283,10.0
1948,213331,0.35730058429140604,7.0
4920,228341,1.0,1.0
4920,82294,0.7346215398073057,3.0
4920,277217,0.5729828267855501,4.0
4920,306815,0.7885251968734011,2.0
4920,22221,0.09860298478167,6.0
4920,371720,0.04412093151564409,10.0
4920,415340,0.09269087185151179,7.0
4920,323363,0.05235553318421506,8.0
4920,283202,0.04561503771524628,9.0
4920,115517,0.20908656973774467,5.0
2589,450577,0.8447446426736804,2.0
2589,43961,0.8894917872368481,1.0
2589,468144,0.730481180149827,3.0
2589,437969,0.23771733993573851,7.0
2589,581889,0.3841816301845613,4.0
2589,509650,0.2828402153106926,5.0
2589,75252,0.23576876525616972,8.0
2589,307610,0.26411420062844865,6.0
2589,557877,0.008659426614683193,10.0
2589,527698,0.23023320877855985,9.0
7513,112208,1.0,1.0
7513,172703,0.7321529774159423,2.0
7513,328086,0.6753309360713972,3.0
7513,115372,0.5630027071279682,5.0
7513,273861,0.3805961368559627,6.0
7513,87722,0.1729908660658858,9.0
7513,377429,0.2685533896785659,7.0
7513,387277,0.22604816039512268,8.0
7513,62966,0.5965868556856699,4.0
7513,418150,0.0,10.0
5410,13975,1.0,1.0
5410,371720,0.4561224387732897,5.0
5410,494323,0.7463860214714956,2.0
5410,249844,0.23340541088856115,8.0
5410,488258,0.4162634892268584,6.0
5410,75235,0.2835836230405401,7.0
5410,488732,0.4811483639113018,3.0
5410,457532,0.2194338992109507,9.0
5410,108739,0.4626229341778446,4.0
5410,193312,0.08617054555195365,10.0
2334,228403,1.0,1.0
2334,107092,0.321653050140038,6.0
2334,150650,0.5708795992383564,2.0
2334,93936,0.4500409659871231,4.0
2334,2304,0.5115130909929233,3.0
2334,208219,0.42411849642030003,5.0
2334,274870,0.04256583814715374,9.0
2334,156194,0.008016769402161178,10.0
2334,204917,0.27911649342252,7.0
2334,385506,0.20324667402012409,8.0
1783,445298,1.0,1.0
1783,306800,0.7783797729634898,2.0
1783,309555,0.46708750244339925,5.0
1783,167660,0.5345965280359533,3.0
1783,272425,0.44765185279283326,6.0
1783,43497,0.18942064189513658,8.0
1783,57320,0.35514437572005647,7.0
1783,384631,0.14183693841396577,9.0
1783,179066,0.4886165615299985,4.0
1783,102237,0.0,10.0
4641,494753,0.6301880589003122,4.0
4641,213673,0.6996989372334029,2.0
4641,237580,0.6379833686726304,3.0
4641,44594,0.7853238648519901,1.0
4641,211867,0.12227827840680515,9.0
4641,406219,0.616879868372809,5.0
4641,409120,0.26554006012934894,7.0
4641,461592,0.0889471724619473,10.0
4641,450228,0.16214014879042576,8.0
4641,192811,0.35663887573541997,6.0
1469,444589,1.0,1.0
1469,243503,0.6029432876946412,2.0
1469,426570,0.5260889019079029,4.0
1469,469776,0.2501035561156043,8.0
1469,18003,0.3716274839881721,6.0
1469,421371,0.5611139431129339,3.0
1469,335336,0.007465156771052562,10.0
1469,484649,0.2889666981796124,7.0
1469,56320,0.37506825974112495,5.0
1469,451737,0.1500943974629387,9.0
10267,569632,1.0,1.0
10267,487348,0.7423125387870804,2.0
10267,22036,0.3479508481700325,5.0
10267,522713,0.45980516401946164,4.0
10267,457108,0.6822205597830652,3.0
10267,379667,0.0910333177149107,10.0
10267,330379,0.13805136014375974,9.0
10267,108859,0.16953270930028946,8.0
10267,186578,0.3405798031796764,6.0
10267,17652,0.17674273224995016,7.0
3771,59994,0.9677417015695746,1.0
3771,95966,0.2802947976390141,5.0
3771,13346,0.6983264774103257,2.0
3771,40062,0.45349480678874077,3.0
3771,95762,0.036596324857371125,10.0
3771,97764,0.27190882632524865,6.0
3771,478890,0.17673373488241892,8.0
3771,515072,0.21391193930512586,7.0
3771,303025,0.337805860495032,4.0
3771,346450,0.13367623285557656,9.0
10497,147765,0.8955005352109604,1.0
10497,159880,0.8850412520602348,2.0
10497,445230,0.8461329733120594,3.0
10497,535705,0.415080603095994,7.0
10497,575729,0.6852110866310697,5.0
10497,71898,0.7039133987112562,4.0
10497,569461,0.19164634385807114,8.0
10497,31483,0.5523373229540497,6.0
10497,456436,0.018248086100445312,10.0
10497,160301,0.11569363184653231,9.0
2472,337165,0.4382544763306355,5.0
2472,584273,0.6498644303786527,2.0
2472,138151,0.22381520584680079,9.0
2472,534099,0.6521814149147755,1.0
2472,416796,0.4063629500374953,6.0
2472,366597,0.4549505022578978,4.0
2472,216384,0.13328516657200074,10.0
2472,187739,0.3291575927434098,7.0
2472,169921,0.2309734137261104,8.0
2472,518563,0.6,3.0
503,171761,1.0,1.0
503,257656,0.23770136645835946,4.0
503,405374,0.6676280560703108,2.0
503,433032,0.1164073628096674,8.0
503,343489,0.20463491459661753,5.0
503,531990,0.03838252571231131,9.0
503,156816,0.3893922866624698,3.0
503,100485,0.12596143663810366,7.0
503,69965,0.0016482770252021135,10.0
503,350680,0.20393204329473927,6.0
6832,552346,0.8896484673288408,1.0
6832,573874,0.7603470154797474,2.0
6832,244749,0.3855108260487851,5.0
6832,377853,0.672930561733198,3.0
6832,116694,0.18428788422584735,9.0
6832,108040,0.2610349739498575,7.0
6832,349554,0.5812761299702293,4.0
6832,459351,0.3786903271783094,6.0
6832,42533,0.001521958148437197,10.0
6832,239214,0.2177195317881556,8.0
864,24890,0.8450762357528129,2.0
864,30142,0.9502278892253719,1.0
864,450808,0.30994182295879136,7.0
864,472924,0.7992598338951341,3.0
864,566337,0.6195663999232548,4.0
864,291726,0.4455812148037407,5.0
864,479625,0.43698154233975595,6.0
864,175339,0.23753325843589312,10.0
864,231947,0.24337036310522128,9.0
864,244104,0.2523916628678454,8.0
2580,11988,0.7889476590214721,2.0
2580,344118,0.8565889192703742,1.0
2580,371720,0.569847180264663,3.0
2580,87722,0.21395639179155246,7.0
2580,360481,0.14589250741845072,8.0
2580,75764,0.1209363364477529,9.0
2580,585447,0.27517019145782273,4.0
2580,114439,0.2474946039343294,6.0
2580,272738,0.021154709683320384,10.0
2580,503934,0.2587467151613267,5.0
6625,416307,0.7040758104495133,2.0
6625,88892,0.8883003032610923,1.0
6625,336541,0.5400064728701411,3.0
6625,27401,0.5264799901800437,4.0
6625,320101,0.4881268679412055,5.0
6625,557356,0.3065176219095157,7.0
6625,138703,0.19447877367149694,9.0
6625,13260,0.4246984336496494,6.0
6625,595133,0.010965326176456415,10.0
6625,75437,0.2604340857846491,8.0
2685,308837,0.49842469643087006,2.0
2685,539133,0.11900021702931439,10.0
2685,302792,0.42397881832602247,5.0
2685,243499,0.22591137282903562,8.0
2685,575497,0.27527479160654333,7.0
2685,158845,0.11936778887464075,9.0
2685,284075,0.47725509630457696,3.0
2685,382005,0.6487443571320439,1.0
2685,136825,0.31930603950167613,6.0
2685,395357,0.4487172484812078,4.0
68,123634,0.6354771675552375,4.0
68,296098,0.7578163367483455,2.0
68,528564,0.9190436792613439,1.0
68,197839,0.2127480460230126,9.0
68,532932,0.7267967003635798,3.0
68,352640,0.4993185225626624,6.0
68,327002,0.5934970421789405,5.0
68,55666,0.3091883985346679,8.0
68,232199,0.3203346097817488,7.0
68,259766,0.17937714891371478,10.0
813,548705,1.0,1.0
813,284411,0.5566492717163695,3.0
813,196427,0.6719166277490206,2.0
813,2809,0.41578727985664377,4.0
813,127974,0.21354427965320577,6.0
813,171596,0.3387437309366652,5.0
813,318583,0.06132427937092699,9.0
813,459677,0.037838512118341196,10.0
813,418630,0.19516826185034433,7.0
813,123468,0.18316853652271664,8.0
7345,69790,0.6347613505428737,2.0
7345,254288,0.4798883162584153,5.0
7345,67063,0.5742206261910416,4.0
7345,98130,0.585067044625278,3.0
7345,416727,0.3452992646039269,7.0
7345,417840,0.240585911573102,8.0
7345,108,0.6622607006891155,1.0
7345,90447,0.4757072254942629,6.0
7345,348405,0.04868743624677747,9.0
7345,504996,0.0,10.0
8970,96121,1.0,1.0
8970,108040,0.8054162479847334,2.0
8970,187583,0.7674098331731396,3.0
8970,496899,0.5630660769870093,5.0
8970,537857,0.7183022204706448,4.0
8970,314478,0.20724200194583625,8.0
8970,167356,0.2445359583052259,7.0
8970,11988,0.248727845966331,6.0
8970,128574,0.10394965978180973,9.0
8970,514500,0.0,10.0
7105,72652,1.0,1.0
7105,307380,0.6396260571093118,2.0
7105,220060,0.3419185173688061,5.0
7105,455891,0.27188024744200834,7.0
7105,490294,0.3299567806429475,6.0
7105,314919,0.4317228992165394,3.0
7105,324037,0.1925978804342991,9.0
7105,228341,0.35427188828283074,4.0
7105,479384,0.23288468361272985,8.0
7105,366488,0.0,10.0
1310,535651,0.9383683820558882,1.0
1310,471870,0.20134512116388692,7.0
1310,565698,0.5770981425959606,3.0
1310,344648,0.13171547097502057,9.0
1310,55022,0.42023847583768165,4.0
1310,346622,0.1481485813649994,8.0
1310,24567,0.6113043087192521,2.0
1310,489401,0.03594608611211236,10.0
1310,297831,0.21499153037754998,6.0
1310,44492,0.24463073603864563,5.0
9060,12432,0.51562365794601,2.0
9060,511093,0.9366571123968759,1.0
9060,108,0.3077103509998753,4.0
9060,13260,0.259910132297864,5.0
9060,511515,0.21917231929094355,6.0
9060,304304,0.11905663216317508,8.0
9060,37517,0.18616651717400245,7.0
9060,75437,0.3304828987251453,3.0
9060,43087,0.06139807090889024,9.0
9060,111768,0.05911043977672948,10.0
2549,418150,0.8382225945711872,1.0
2549,327978,0.6487805504411459,3.0
2549,14368,0.6623149185231536,2.0
2549,307380,0.6453623566889208,4.0
2549,301224,0.29675150841577,5.0
2549,59714,0.18597191067870159,7.0
2549,44601,0.130366352128907,9.0
2549,265874,0.20336505420807693,6.0
2549,17923,0.17426295600346542,8.0
2549,350145,0.0,10.0
559,401254,0.7861274875769706,1.0
559,213370,0.4447938357394208,5.0
559,151639,0.5766706334036729,3.0
559,198349,0.3533929518200112,7.0
559,485195,0.05157239253984726,10.0
559,494689,0.5763490536085573,4.0
559,21194,0.13005655425833834,8.0
559,281977,0.3904256090303485,6.0
559,61706,0.1017032015966264,9.0
559,75252,0.6,2.0
7218,266900,0.7024250630019699,2.0
7218,32290,0.9017385589736002,1.0
7218,117576,0.4808071108458425,4.0
7218,537418,0.4943066332024441,3.0
7218,482517,0.19143342237933725,8.0
7218,125659,0.3783266457066745,6.0
7218,40447,0.04053337666758913,10.0
7218,6701,0.058711927546592324,9.0
7218,158520,0.4011420220642415,5.0
7218,314478,0.36617898700593154,7.0
2400,158523,0.45592113642720977,6.0
2400,456470,0.6501550422539031,1.0
2400,29306,0.5402172111959593,3.0
2400,22469,0.37715242967266066,7.0
2400,3118,0.510531490941169,4.0
2400,226967,0.4851519615830987,5.0
2400,571258,0.23684308374109653,9.0
2400,1198,0.6302149017295009,2.0
2400,307424,0.0029957347158219294,10.0
2400,535697,0.25729280920120784,8.0
2348,447619,1.0,1.0
2348,112591,0.6918737877083964,2.0
2348,306430,0.6618842643029188,3.0
2348,244433,0.5675463953090024,4.0
2348,268261,0.3570110362451387,8.0
2348,265874,0.3750082541959668,7.0
2348,403025,0.24867617602603034,9.0
2348,117576,0.4314562543164906,5.0
2348,14870,0.39730087669035347,6.0
2348,12432,0.0,10.0
3615,335991,0.9815051767348418,1.0
3615,518379,0.9230028519787322,2.0
3615,72402,0.6543567834250834,3.0
3615,72160,0.5992094441063325,4.0
3615,156358,0.4287687638039981,7.0
3615,482544,0.3852621782866432,8.0
3615,174335,0.4351521512381443,6.0
3615,341493,0.49260739340211307,5.0
3615,17166,0.3293104718402596,9.0
3615,489401,0.0,10.0
8102,314478,0.7780294449683017,1.0
8102,149305,0.4144281427227987,8.0
8102,416307,0.4543829466877305,6.0
8102,99857,0.633741228348501,3.0
8102,552707,0.6739794671055414,2.0
8102,223309,0.11207676863044569,10.0
8102,481166,0.35090496529248005,9.0
8102,320101,0.5423091378963573,5.0
8102,344372,0.4412111346286825,7.0
8102,408123,0.6,4.0
5155,462892,1.0,1.0
5155,367785,0.5509447644393475,4.0
5155,69495,0.5972735495011239,2.0
5155,280805,0.5611752588764455,3.0
5155,175265,0.1393411694896442,8.0
5155,305671,0.1663405181042764,7.0
5155,191495,0.3333288942953467,6.0
5155,537725,0.006713650361557905,10.0
5155,157702,0.38867781138223334,5.0
5155,409573,0.046013193885042804,9.0
2460,530037,0.8768494977864134,2.0
2460,584337,0.9468979381830747,1.0
2460,279346,0.5514239018389622,4.0
2460,549180,0.7096874529105,3.0
2460,196427,0.0720220671368019,9.0
2460,502281,0.24620918897041064,6.0
2460,512803,0.4454697738633429,5.0
2460,505028,0.1534334943032328,7.0
2460,295980,0.06353243866938815,10.0
2460,38711,0.1355688345163735,8.0
2399,343489,1.0,1.0
2399,583124,0.4468024368530584,2.0
2399,468743,0.1519937038913239,10.0
2399,29790,0.24475873777317447,6.0
2399,19606,0.30232897710350587,4.0
2399,521712,0.36493845365343897,3.0
2399,510314,0.15338149894339098,9.0
2399,476834,0.17685350613710998,7.0
2399,457419,0.2589752961698802,5.0
2399,442489,0.15417129712634844,8.0
4071,170594,0.8046967911641918,2.0
4071,328556,0.8072923207781907,1.0
4071,337764,0.5863642998180332,6.0
4071,296516,0.5245166331415027,7.0
4071,135113,0.7700196793491185,3.0
4071,565782,0.4862015583558803,8.0
4071,352485,0.6705591997326426,4.0
4071,368150,0.2275992782165273,9.0
4071,317429,0.6340714546858987,5.0
4071,543589,0.0,10.0
18,431685,0.7604371794573739,1.0
18,88124,0.7427150120744396,2.0
18,161162,0.16625740596042404,4.0
18,528564,0.06016648058882609,7.0
18,227098,0.056292569258284034,8.0
18,172594,0.12970186270690767,5.0
18,152218,0.12366335013388521,6.0
18,349554,0.022467161863788575,9.0
18,366761,0.34444583911795884,3.0
18,143622,0.014750805957796813,10.0
2306,581889,1.0,1.0
2306,509650,0.5454682822713954,4.0
2306,494689,0.628962385320279,2.0
2306,75252,0.5635389749026344,3.0
2306,368806,0.34901645767126505,7.0
2306,246459,0.3548698451187769,6.0
2306,485195,0.3826102882529999,5.0
2306,401254,0.2056766836067387,9.0
2306,399013,0.00018350847972678844,10.0
2306,160125,0.21251280479756465,8.0
3051,232063,0.9898823995073947,1.0
3051,591940,0.845345303543668,2.0
3051,306144,0.6055089061701864,3.0
3051,318266,0.4588814182852032,5.0
3051,583956,0.46671393940851436,4.0
3051,73434,0.04161063343359568,10.0
3051,66246,0.4217904520845564,6.0
3051,110515,0.21144182752167018,9.0
3051,393953,0.25176360279968696,8.0
3051,387165,0.26877072064613416,7.0
2395,594182,0.9213331239690818,1.0
2395,149306,0.8942623798896676,2.0
2395,568526,0.6502461772229089,3.0
2395,308837,0.34838255953803693,6.0
2395,13732,0.608682255301522,4.0
2395,307999,0.3263593216077809,7.0
2395,387010,0.19481025302478333,9.0
2395,414192,0.0003582710996663026,10.0
2395,13153,0.4254659975871264,5.0
2395,204176,0.2937621595013106,8.0
5134,17208,0.6428694799147778,2.0
5134,579557,0.6381704617703365,3.0
5134,536120,0.5616652446907158,5.0
5134,100485,0.6101862389291559,4.0
5134,172703,0.3940553874343087,6.0
5134,206727,0.738784996826125,1.0
5134,122012,0.3839494101122235,7.0
5134,453542,0.30693727141501226,8.0
5134,328086,0.023043269157835996,10.0
5134,539263,0.05709385256360165,9.0
5343,204075,1.0,1.0
5343,296528,0.44037767976065323,6.0
5343,366597,0.4802499638551757,5.0
5343,581889,0.5924989385333327,3.0
5343,184175,0.6528187357615487,2.0
5343,367641,0.584904739289797,4.0
5343,157553,0.2181696920598004,9.0
5343,405702,0.3240590736187667,7.0
5343,548433,0.3001419308445731,8.0
5343,17443,0.0,10.0
5254,471723,0.4459279675790422,3.0
5254,59714,0.4124518094394015,4.0
5254,402466,0.7924376244576091,1.0
5254,383978,0.4530575103955582,2.0
5254,78675,0.23736665157555328,7.0
5254,14368,0.3361296923127157,5.0
5254,467390,0.09986041341378345,9.0
5254,327978,0.3247392537492385,6.0
5254,44601,0.13845714844079188,8.0
5254,297290,0.0,10.0
3049,582864,1.0,1.0
3049,352640,0.8545829440249739,3.0
3049,77245,0.8740472448780694,2.0
3049,536849,0.4388167971904521,6.0
3049,220022,0.42427625808165426,7.0
3049,127974,0.5256373607235322,4.0
3049,132780,0.41917895428458357,8.0
3049,445052,0.4732997386993354,5.0
3049,263361,0.006428214109031706,10.0
3049,555732,0.35101356790334526,9.0
7509,61191,0.5737566689939465,2.0
7509,423034,0.535916365146221,3.0
7509,472051,0.4277535497507275,8.0
7509,298128,0.4839476491766684,5.0
7509,461592,0.4352899539876237,7.0
7509,22221,0.4740810742988657,6.0
7509,480944,0.05945628600872091,10.0
7509,301580,0.07513991696485925,9.0
7509,323363,0.5342300491361537,4.0
7509,392826,0.6,1.0
5067,328341,0.9492416115633475,1.0
5067,366830,0.8465179174700839,4.0
5067,547301,0.8471962576682053,3.0
5067,539133,0.8936793493291388,2.0
5067,231227,0.3569336705759533,8.0
5067,88124,0.48797747941417835,7.0
5067,172594,0.5725853118972856,5.0
5067,460357,0.09749864324491836,10.0
5067,18001,0.5674930275884762,6.0
5067,574327,0.1757178002843399,9.0
8456,257853,1.0,1.0
8456,115141,0.5080577881116244,6.0
8456,125659,0.5332126494586755,5.0
8456,486696,0.5605543672848821,4.0
8456,81924,0.3634300512952312,7.0
8456,159703,0.6451894390844211,2.0
8456,193398,0.6042289463551369,3.0
8456,431507,0.33168343892407115,8.0
8456,290156,0.1989824313108849,9.0
8456,367137,0.0,10.0
10734,62882,0.7105123323618876,2.0
10734,426278,0.8308751341149064,1.0
10734,461261,0.2566056991412218,5.0
10734,207354,0.3065268703858056,4.0
10734,467044,0.14471186758762775,9.0
10734,589970,0.6785301279262206,3.0
10734,549759,0.20406930756760577,7.0
10734,55064,0.19496114548855686,8.0
10734,58937,0.23419944588458808,6.0
10734,551934,0.0,10.0
5178,507544,0.6559870671806907,2.0
5178,257016,0.8440639543716818,1.0
5178,572272,0.4070884896526036,6.0
5178,9656,0.13110622956049084,7.0
5178,76414,0.42155171255324525,4.0
5178,60355,0.09992450311453355,8.0
5178,437538,0.40814380786815324,5.0
5178,268553,0.5366344146849573,3.0
5178,579235,0.06684366014546417,9.0
5178,216384,0.0,10.0
9174,303025,0.8105295581898098,2.0
9174,404339,0.8543606950490641,1.0
9174,149306,0.6889953787176873,3.0
9174,313437,0.06234239007829623,10.0
9174,272008,0.4934345918752162,5.0
9174,374750,0.5433060321974212,4.0
9174,21194,0.19331205535653226,9.0
9174,265098,0.31207410935837276,6.0
9174,479625,0.25345489251161374,8.0
9174,434812,0.27459562043942887,7.0
988,501384,1.0,1.0
988,280967,0.6362310801850205,2.0
988,301224,0.5022178292252166,3.0
988,187196,0.11876089028310084,8.0
988,45029,0.3112223236385228,6.0
988,287991,0.31577996182723006,5.0
988,236899,0.11365951298261281,9.0
988,201495,0.4508370694445221,4.0
988,345199,0.2766516978795972,7.0
988,455398,0.05052935754664532,10.0
2154,476632,1.0,1.0
2154,132371,0.46217535861626724,4.0
2154,153541,0.6080751500875965,2.0
2154,366761,0.41582315057548536,7.0
2154,62966,0.04731699258579601,10.0
2154,24890,0.4423726079943284,5.0
2154,147080,0.42119044199225203,6.0
2154,450808,0.5036980483953902,3.0
2154,150219,0.1204543296862872,9.0
2154,148757,0.2049026962377279,8.0
9646,272784,1.0,1.0
9646,236482,0.8060042227231512,2.0
9646,29306,0.7044045089573143,4.0
9646,556191,0.7972177154190704,3.0
9646,395437,0.15762785502144888,6.0
9646,96121,0.09658608133235241,8.0
9646,26203,0.2363133349077675,5.0
9646,257853,0.08081001841520437,9.0
9646,323768,0.009117183063064051,10.0
9646,535697,0.13997998932481953,7.0
3033,571430,1.0,1.0
3033,518624,0.5905461560358046,2.0
3033,318583,0.3944035922244935,4.0
3033,123468,0.4507953063364484,3.0
3033,295980,0.14531183155853877,9.0
3033,481102,0.3919452856315725,5.0
3033,398622,0.17348731486743782,8.0
3033,570453,0.20321060495160886,7.0
3033,387010,0.25822223768480196,6.0
3033,62966,0.0,10.0
15,583956,0.5030496550565283,2.0
15,119213,0.4750025191277426,3.0
15,170294,0.3035350781918965,6.0
15,325273,0.8028495047513922,1.0
15,570155,0.3532700864174974,4.0
15,509723,0.30759659827122887,5.0
15,18509,0.23446557651941397,7.0
15,298159,0.04920008472826495,10.0
15,338313,0.055154708863538904,9.0
15,387165,0.21863765640608615,8.0
6612,274870,0.7014026315548627,3.0
6612,254454,0.9449471649505972,1.0
6612,216384,0.8010549312976347,2.0
6612,187739,0.700691853649051,4.0
6612,366448,0.44589522434739537,5.0
6612,95778,0.1864228946728802,9.0
6612,205522,0.3670063018053387,6.0
6612,416796,0.3622621503085296,7.0
6612,159936,0.26122194013982947,8.0
6612,108302,0.0,10.0
5940,304743,0.9046176158072832,1.0
5940,326665,0.3084634278689938,7.0
5940,226303,0.32062759663464147,6.0
5940,438243,0.7511221009151818,2.0
5940,428082,0.18778989106952715,9.0
5940,433490,0.5163163195465469,3.0
5940,167684,0.46037896179906607,4.0
5940,16670,0.32293402615060807,5.0
5940,150650,0.1552831321800389,10.0
5940,546313,0.2768267541642042,8.0
9385,403755,1.0,1.0
9385,442127,0.8812054949744865,2.0
9385,1198,0.594875445317012,4.0
9385,379667,0.4134083817481219,6.0
9385,341579,0.6179823388584376,3.0
9385,70853,0.3871023153071485,7.0
9385,57138,0.5326305381353766,5.0
9385,407654,0.048030024149458984,10.0
9385,208070,0.1294611105328855,8.0
9385,62151,0.06142894276080601,9.0
9332,159577,0.8646421697398381,1.0
9332,293687,0.7013631657551127,3.0
9332,271243,0.7832027770368606,2.0
9332,212770,0.3768741693425192,6.0
9332,178521,0.6871377940282916,4.0
9332,286074,0.18771628241553173,8.0
9332,271766,0.39900637626974417,5.0
9332,123418,0.3154811224703619,7.0
9332,236389,0.011440233482305035,10.0
9332,444107,0.13649396962683238,9.0
8275,435963,1.0,1.0
8275,26203,0.45721456061253785,5.0
8275,514500,0.396043285566428,6.0
8275,294867,0.6515654002669079,2.0
8275,571306,0.591500294013513,3.0
8275,114439,0.284497150611794,8.0
8275,576564,0.3927002652757009,7.0
8275,99757,0.25100056557844536,9.0
8275,44601,0.05840997417967241,10.0
8275,554568,0.5086116102539022,4.0
4785,435021,0.5394969276360784,2.0
4785,37517,0.9780376045543604,1.0
4785,326991,0.2870089403958389,4.0
4785,85522,0.09818519833189211,9.0
4785,34789,0.18941229304651025,6.0
4785,564841,0.21275241640875148,5.0
4785,162456,0.39820203216828787,3.0
4785,69696,0.015315061999073435,10.0
4785,140170,0.18003626051497043,8.0
4785,385574,0.1830683430324944,7.0
4465,569461,0.8141983563660258,2.0
4465,561377,0.6239580833362994,3.0
4465,299242,0.9027564779209413,1.0
4465,349710,0.3314516270716798,8.0
4465,344041,0.574060902277667,5.0
4465,109860,0.5457977152118074,6.0
4465,226303,0.6079972285538522,4.0
4465,170294,0.28851967276029494,9.0
4465,213591,0.06908465575025671,10.0
4465,461051,0.5200372414639074,7.0
7279,476834,1.0,1.0
7279,214542,0.5474069621702177,2.0
7279,412502,0.4796042610054255,3.0
7279,50744,0.4372925386238876,6.0
7279,27081,0.47659743252088616,4.0
7279,322456,0.45293321943585874,5.0
7279,442489,0.26928188588216867,8.0
7279,19606,0.2904812650315265,7.0
7279,343489,0.0004035448411536767,10.0
7279,29790,0.14794979013107584,9.0
7431,281707,1.0,1.0
7431,372921,0.48774590120256756,3.0
7431,292991,0.23182469665223215,6.0
7431,501384,0.3528945810459845,4.0
7431,423403,0.7001727525924042,2.0
7431,44594,0.1055837665304493,10.0
7431,305287,0.1916264975606975,7.0
7431,114768,0.18733372774066476,8.0
7431,178303,0.14406500664514504,9.0
7431,257248,0.2874670128865912,5.0
2118,76515,0.8780036793715595,1.0
2118,338313,0.5244371731394525,4.0
2118,384322,0.7767958358554115,2.0
2118,467509,0.2615890532314147,6.0
2118,411061,0.7450773182065077,3.0
2118,191977,0.4326770281159108,5.0
2118,328556,0.14484757904363968,8.0
2118,528661,0.18452660671617577,7.0
2118,361028,0.017141537206756017,10.0
2118,373271,0.13659907637874652,9.0
5380,549254,1.0,1.0
5380,216196,0.4935067507434594,2.0
5380,46099,0.10438598813232955,7.0
5380,360481,0.17479860289645568,5.0
5380,175771,0.04965715044755348,10.0
5380,242524,0.22810467531065937,4.0
5380,507284,0.3684535669259461,3.0
5380,416307,0.07252530930007525,8.0
5380,345895,0.051594501892313245,9.0
5380,336772,0.16561226412649882,6.0
3404,62966,0.9583691721050177,1.0
3404,322246,0.7518106609070113,2.0
3404,583635,0.262619772931389,9.0
3404,272425,0.6913674337073747,3.0
3404,153541,0.6076808474727405,5.0
3404,251411,0.28674315963422986,8.0
3404,488574,0.6768629340708109,4.0
3404,241136,0.1947553335022091,10.0
3404,442110,0.4195760918964195,7.0
3404,298128,0.545622679315925,6.0
6420,565568,1.0,1.0
6420,480315,0.36110258063330475,5.0
6420,294295,0.6731274802175532,2.0
6420,394244,0.6292954949274864,3.0
6420,69696,0.18445017872612435,10.0
6420,122432,0.29132814336722457,8.0
6420,269898,0.332379487475281,6.0
6420,279897,0.29961746363072544,7.0
6420,442048,0.20749622846894772,9.0
6420,112714,0.4234888983240434,4.0
9961,21311,0.9323973003650706,1.0
9961,72402,0.7751690993078513,2.0
9961,335991,0.378590595948858,7.0
9961,518379,0.6863196050859572,3.0
9961,174335,0.5250361756649264,5.0
9961,341493,0.3180118481888372,8.0
9961,17166,0.4637754661220601,6.0
9961,528522,0.5744800019555636,4.0
9961,565684,0.004849924507622578,10.0
9961,156358,0.23240743920947957,9.0
8079,125940,0.406411283182512,4.0
8079,95278,0.7384919147182472,1.0
8079,187583,0.36463253935750023,7.0
8079,57138,0.6847448500053819,2.0
8079,11184,0.3686903526384513,6.0
8079,108040,0.6646494591337794,3.0
8079,39478,0.3743042424363267,5.0
8079,224231,0.14759818458844198,8.0
8079,93971,0.002879870181891553,10.0
8079,1198,0.11949664940514979,9.0
