query_id,doc_id,score_hybrid,rank
3394,112208,0.636115521147227,2.0
3394,172703,0.13564322259956527,9.0
3394,87722,0.22141964982303364,5.0
3394,445971,0.9528487679598014,1.0
3394,345199,0.18260103817111717,6.0
3394,377429,0.15905631101001,8.0
3394,387277,0.3956897217874825,3.0
3394,133093,0.32570161630249383,4.0
3394,418150,0.005483345622351317,10.0
3394,539263,0.1781786186961452,7.0
5505,100387,1.0,1.0
5505,141738,0.23456014816352364,5.0
5505,278824,0.19114853696281064,6.0
5505,70488,0.37857015930025534,2.0
5505,349160,0.27730648642655736,4.0
5505,478457,0.09238292730635908,8.0
5505,200338,0.16045742900564802,7.0
5505,408327,0.019048382481657845,9.0
5505,442142,0.31974939113865686,3.0
5505,593085,0.0,10.0
6792,558617,0.9730993274414342,1.0
6792,400841,0.7546287807474295,5.0
6792,29306,0.5277215279427605,7.0
6792,136825,0.8405864406797093,3.0
6792,259081,0.6370737486011722,6.0
6792,40447,0.2780162589624493,9.0
6792,480515,0.758193401165371,4.0
6792,156467,0.9099868297093908,2.0
6792,545434,0.00960496471262491,10.0
6792,585447,0.38070240460368904,8.0
6909,452175,0.6390862613134055,5.0
6909,13260,0.36263662451208445,8.0
6909,435963,0.7010187373341624,3.0
6909,375019,0.6875347514272134,4.0
6909,266900,0.3824019229830387,7.0
6909,464502,0.1643131314659655,9.0
6909,214003,0.007527558240677025,10.0
6909,79357,0.9061666337098195,1.0
6909,535697,0.7136501960170902,2.0
6909,330041,0.38845948919520873,6.0
4946,121690,1.0,1.0
4946,156816,0.6348306005931806,2.0
4946,79357,0.46255051489592985,7.0
4946,9938,0.6092823551240337,3.0
4946,350680,0.5439896048001116,5.0
4946,28119,0.23115162820073645,8.0
4946,343489,0.5131493767571159,6.0
4946,100485,0.6080678848634005,4.0
4946,88105,0.20193982289247245,9.0
4946,496935,0.0,10.0
4125,283079,0.6952590002836887,5.0
4125,232199,0.7190837863852091,4.0
4125,363591,0.6349787384522322,6.0
4125,452987,0.10205297769991636,9.0
4125,571362,0.6031642137655963,7.0
4125,292769,0.029793221592657293,10.0
4125,340044,0.805856726272974,2.0
4125,103593,0.7814194561524407,3.0
4125,276400,0.9003230635457327,1.0
4125,7632,0.11405489160791105,8.0
6009,62151,0.38334100607279475,6.0
6009,175831,0.5142369794505945,5.0
6009,303325,0.6571725907614011,3.0
6009,228983,0.9564933988664427,1.0
6009,158717,0.6549759234494383,4.0
6009,472585,0.01941486245617627,9.0
6009,178684,0.025153563518089436,8.0
6009,442048,0.8498034718559062,2.0
6009,125298,0.007019256905102378,10.0
6009,99857,0.3064214405604026,7.0
9598,528034,1.0,1.0
9598,379311,0.7069442952024126,4.0
9598,322826,0.46673325614643413,7.0
9598,136270,0.02652474244821204,10.0
9598,574327,0.9173253996468714,2.0
9598,112208,0.5068372019583622,6.0
9598,17923,0.4144066472320308,8.0
9598,172703,0.2545839897298867,9.0
9598,297290,0.7714754705372404,3.0
9598,383978,0.5273431937933339,5.0
10645,22221,1.0,1.0
10645,340131,0.7281499708048733,4.0
10645,441176,0.9287882702493903,2.0
10645,183349,0.33852665648439534,9.0
10645,102684,0.7034385414100345,6.0
10645,248799,0.7238780930806734,5.0
10645,317354,0.3510619023325604,8.0
10645,293679,0.8559132494042117,3.0
10645,415340,0.4435768824764806,7.0
10645,487791,0.0,10.0
7441,125659,0.63355502044967,4.0
7441,192900,0.8075074805059684,3.0
7441,537418,0.5523355195842099,6.0
7441,231781,0.9093823952364599,2.0
7441,117576,0.9403153786098332,1.0
7441,404339,0.11730381539311016,9.0
7441,329662,0.5697374199136666,5.0
7441,504996,0.2734018498941175,8.0
7441,336018,0.36709147090739347,7.0
7441,180733,0.0,10.0
5080,305901,0.6059105083362921,6.0
5080,553304,0.5245877547075645,8.0
5080,392434,0.968499086021615,1.0
5080,514512,0.6983001575023947,5.0
5080,67063,0.797437072758285,4.0
5080,488334,0.8308472914561226,2.0
5080,356928,0.8278394225900091,3.0
5080,271026,0.01834092252940627,10.0
5080,88912,0.1976671066115561,9.0
5080,167950,0.5323056073759074,7.0
9329,326991,1.0,1.0
9329,385574,0.4722620754586104,4.0
9329,340210,0.4228591852904928,5.0
9329,394924,0.6752384497481833,3.0
9329,265098,0.260943913846636,8.0
9329,586018,0.7597925501176289,2.0
9329,179103,0.3565801004568125,6.0
9329,192900,0.30474217833069517,7.0
9329,209493,0.22014381296299831,9.0
9329,209065,0.0,10.0
6479,404339,1.0,1.0
6479,272008,0.7297546003146487,2.0
6479,536120,0.3214158296750343,6.0
6479,9938,0.11060529272342964,9.0
6479,453839,0.11193151231182523,8.0
6479,104793,0.006692505383828715,10.0
6479,257656,0.544072616678182,3.0
6479,491969,0.4220594675368772,5.0
6479,114439,0.12937854777212476,7.0
6479,340210,0.5147564039590247,4.0
8513,175821,1.0,1.0
8513,69790,0.6195230200724279,2.0
8513,167950,0.5568733764253593,3.0
8513,183612,0.026140707444538103,10.0
8513,449039,0.21835173903522512,9.0
8513,267113,0.4215424237079607,5.0
8513,167896,0.3962553685084457,6.0
8513,417840,0.3300596811182473,8.0
8513,232712,0.5099942120840684,4.0
8513,87667,0.344091132082594,7.0
10109,93231,0.9523428171575207,2.0
10109,28314,0.9930871107644328,1.0
10109,535317,0.5018395041252459,4.0
10109,395357,0.3696325431276657,6.0
10109,124630,0.11491551663395659,8.0
10109,244749,0.037752077898841115,9.0
10109,305467,0.01538406460171049,10.0
10109,116420,0.488212981545902,5.0
10109,474384,0.581875930975214,3.0
10109,105818,0.1856944698483814,7.0
4844,275257,1.0,1.0
4844,367137,0.6122778051042642,4.0
4844,192193,0.692618466978765,2.0
4844,111033,0.5199109093139556,5.0
4844,235522,0.6658350503877004,3.0
4844,549741,0.21243264772173875,8.0
4844,140088,0.47875507387537813,6.0
4844,386423,0.005104495113077326,10.0
4844,144177,0.43169583032345205,7.0
4844,409432,0.018715406211669793,9.0
8544,214003,1.0,1.0
8544,37517,0.08886709354437225,8.0
8544,336541,0.606462656123356,4.0
8544,75437,0.4561068931403188,5.0
8544,13260,0.4093787569192273,6.0
8544,100103,0.7019405903403771,2.0
8544,416307,0.23924113698274707,7.0
8544,12432,0.03916660951172547,10.0
8544,561884,0.6550715209143045,3.0
8544,111768,0.0705844546317352,9.0
4823,561929,1.0,1.0
4823,362919,0.7860412687955439,2.0
4823,340131,0.32560861618530285,9.0
4823,104726,0.7142023605029769,3.0
4823,11572,0.5365111214271838,7.0
4823,7094,0.6532869320576739,4.0
4823,2860,0.3750242637403315,8.0
4823,459423,0.5723156945820439,6.0
4823,252716,0.615887682451426,5.0
4823,271118,0.0,10.0
1085,366597,0.6735414842304405,2.0
1085,405702,0.9895269455386849,1.0
1085,485195,0.27681222928594357,6.0
1085,374334,0.316040606462346,5.0
1085,108302,0.26613990591526554,7.0
1085,581889,0.006710756876279306,10.0
1085,94586,0.12593058686120062,9.0
1085,184175,0.501349356511166,4.0
1085,401125,0.5581074841616127,3.0
1085,315275,0.24546769500213503,8.0
2388,104988,1.0,1.0
2388,300287,0.42800980278941675,4.0
2388,13657,0.32155199103139936,7.0
2388,123733,0.024079845242179945,10.0
2388,459423,0.5398592267928067,2.0
2388,565698,0.355772557533008,6.0
2388,423403,0.4779475430166276,3.0
2388,157702,0.2833527920262758,8.0
2388,141320,0.4069841626511776,5.0
2388,429978,0.156106721498399,9.0
6891,474351,1.0,1.0
6891,492506,0.5311628294810762,3.0
6891,504497,0.1668918566307091,8.0
6891,558924,0.6538360328840795,2.0
6891,264095,0.41846759727492994,6.0
6891,381757,0.36139306053558523,7.0
6891,323363,0.5297357266192805,4.0
6891,579543,0.12581180452143031,9.0
6891,143425,0.5180803062310166,5.0
6891,73434,0.0,10.0
2568,346042,1.0,1.0
2568,164702,0.2847325350138214,7.0
2568,170141,0.5166961495807665,4.0
2568,13975,0.25025004744324836,8.0
2568,544654,0.4101766721426574,5.0
2568,130209,0.5363920467588272,3.0
2568,428150,0.025744664589771524,9.0
2568,269898,0.7600223107478173,2.0
2568,368802,0.30262991105446313,6.0
2568,213370,0.0010478650794095924,10.0
7702,558924,0.9052946218705628,2.0
7702,133093,0.8915945511394429,3.0
7702,387277,0.9636519070309082,1.0
7702,592636,0.03990905750988555,10.0
7702,214542,0.45543795838674717,4.0
7702,192193,0.28341278051128665,7.0
7702,108721,0.3088118951654416,6.0
7702,140088,0.44485258406459177,5.0
7702,367137,0.2566517588158112,8.0
7702,259317,0.047496084819161906,9.0
2376,91545,0.9971473214979746,1.0
2376,402249,0.8280159417865387,6.0
2376,244961,0.7254539138049152,8.0
2376,114417,0.8434711146894758,5.0
2376,549833,0.9044604009938062,3.0
2376,324411,0.9508059618820182,2.0
2376,407455,0.8255256808234616,7.0
2376,64263,0.8920765507745311,4.0
2376,582521,0.4925366577218321,9.0
2376,44110,0.0,10.0
4339,386531,1.0,1.0
4339,488615,0.7727433407882853,2.0
4339,16392,0.4471393859329112,4.0
4339,242076,0.25605505166768316,8.0
4339,240645,0.2623058539521829,7.0
4339,473540,0.49433641997466216,3.0
4339,260328,0.3937264403348357,5.0
4339,455398,0.008461775894235194,10.0
4339,242294,0.3129049024587905,6.0
4339,103256,0.02474886419174107,9.0
5427,387854,0.6589859858081927,6.0
5427,580709,0.8201372231491388,3.0
5427,55666,0.7318078336028846,5.0
5427,200338,0.03626122100773653,10.0
5427,597467,0.8547396273760203,2.0
5427,142876,0.7721430306657383,4.0
5427,522358,0.16112861806772832,9.0
5427,273084,0.4990225253289372,8.0
5427,200603,0.9007475591470492,1.0
5427,549759,0.6042066054870584,7.0
7734,226070,1.0,1.0
7734,96013,0.6556236281105944,2.0
7734,87667,0.4983933887395197,4.0
7734,94591,0.35840259431601446,8.0
7734,10703,0.40036486213060557,6.0
7734,150544,0.015536182661037921,10.0
7734,421371,0.4294549031243718,5.0
7734,232712,0.3687074731638977,7.0
7734,247486,0.08774318294721609,9.0
7734,433905,0.5111339864393265,3.0
2486,487791,1.0,1.0
2486,58937,0.7194028360943662,2.0
2486,388575,0.37715229841455183,7.0
2486,101604,0.5702386678708135,5.0
2486,216327,0.1615540483825335,9.0
2486,250702,0.5995374282765558,4.0
2486,357914,0.46590902738552664,6.0
2486,234436,0.6115269318569246,3.0
2486,518563,0.0010135520052331575,10.0
2486,130021,0.3682766800181016,8.0
7071,238629,0.6624769666187177,3.0
7071,99857,0.23279167177612978,8.0
7071,178684,0.7160268372183842,2.0
7071,14543,0.37961491335326447,6.0
7071,588384,0.027702076759606627,10.0
7071,246221,0.5322651095416576,4.0
7071,403899,0.07381354403132472,9.0
7071,434812,0.9041834735885784,1.0
7071,319793,0.4885033182995041,5.0
7071,378173,0.35841224974689756,7.0
8537,511093,0.9595970702903107,2.0
8537,416307,0.9717298744382189,1.0
8537,572842,0.07037287931230662,10.0
8537,281707,0.2557401784994794,7.0
8537,374020,0.5721121121796219,5.0
8537,96467,0.4852656228433651,6.0
8537,557356,0.6280497994220653,4.0
8537,472516,0.9139889499197752,3.0
8537,472014,0.13609467983846185,9.0
8537,501384,0.20632820134512453,8.0
7178,70096,0.40918531071244,3.0
7178,401329,0.9449581950095761,1.0
7178,420851,0.4748685107476403,2.0
7178,518563,0.10494768353213682,8.0
7178,58851,0.008131578148548294,10.0
7178,474384,0.34520362612133604,4.0
7178,88892,0.19365702365862897,6.0
7178,193312,0.14968996479906435,7.0
7178,484055,0.013973998093827935,9.0
7178,554568,0.24318333830567923,5.0
4777,2860,1.0,1.0
4777,409535,0.9436747788019335,2.0
4777,228983,0.2111268527105153,7.0
4777,429378,0.3025873211256189,4.0
4777,407455,0.1726064648643435,8.0
4777,167896,0.8311857508874309,3.0
4777,525231,0.2670554636602659,5.0
4777,570155,0.23570666369396498,6.0
4777,413041,0.005885190905992224,10.0
4777,164008,0.15128139739271934,9.0
2398,168922,0.1,10.0
2398,96538,0.9244198367642125,2.0
2398,443246,0.4049064673565822,7.0
2398,490443,0.9404201565160029,1.0
2398,527698,0.7063624103525941,3.0
2398,548465,0.6170367611626236,4.0
2398,107092,0.41724307908353275,5.0
2398,505959,0.39490291707089775,8.0
2398,403515,0.2949828818462095,9.0
2398,342212,0.4091031930990689,6.0
849,557186,1.0,1.0
849,528564,0.5562717605754237,6.0
849,232199,0.7027312423084744,4.0
849,183612,0.707795403011856,3.0
849,234436,0.26661418382822477,8.0
849,366830,0.6296409789094586,5.0
849,24890,0.24865245887200377,9.0
849,327263,0.4419310818377304,7.0
849,454810,0.002647937668156917,10.0
849,273947,0.7538814165724477,2.0
7534,175821,1.0,1.0
7534,301224,0.52819226003279,2.0
7534,498378,0.17577505955376693,6.0
7534,46099,0.08491730751649759,8.0
7534,147765,0.033057843963738426,9.0
7534,89714,0.5195870799853383,3.0
7534,51046,0.37590345531327923,4.0
7534,211839,0.0016601575247855449,10.0
7534,255491,0.22723419554947927,5.0
7534,169062,0.17210222838903055,7.0
5021,226070,0.6361941831804817,3.0
5021,423034,0.9643269510430728,1.0
5021,588607,0.20833238065389986,7.0
5021,79357,0.8860885011999285,2.0
5021,494939,0.4923787202224499,5.0
5021,3118,0.11337540702009499,9.0
5021,339640,0.5149436319701378,4.0
5021,289813,0.0062679537276810905,10.0
5021,481308,0.18337125661209874,8.0
5021,136825,0.29698213665119844,6.0
6131,326094,0.799760677514365,3.0
6131,334111,0.8183142694959149,2.0
6131,44223,0.3139067173530972,6.0
6131,258465,0.6730856482828518,4.0
6131,123733,0.03085411338347758,10.0
6131,368806,0.9173194774261045,1.0
6131,315275,0.06986208379871324,9.0
6131,470024,0.5693235111530485,5.0
6131,483441,0.15473069483023905,7.0
6131,169699,0.07276947771427825,8.0
10136,152316,0.8178139549103312,2.0
10136,32744,0.5872313986110791,4.0
10136,290930,0.9816886100668141,1.0
10136,277179,0.46181440203254015,6.0
10136,18509,0.221774001664806,9.0
10136,198349,0.5080577875270186,5.0
10136,302792,0.29639929768427364,7.0
10136,507284,0.27181162873731896,8.0
10136,280204,0.6066495441266383,3.0
10136,144177,0.0,10.0
9548,423658,0.994130486759182,1.0
9548,523810,0.8579646713735714,4.0
9548,297290,0.961811447608538,2.0
9548,231227,0.9073313134563625,3.0
9548,61022,0.04498886449906159,10.0
9548,72160,0.39520373272791576,7.0
9548,539263,0.4066563630433341,6.0
9548,32811,0.17231861905472634,9.0
9548,583203,0.3907693949555137,8.0
9548,482544,0.5174608912655518,5.0
4942,314898,1.0,1.0
4942,433490,0.768957847470023,2.0
4942,295864,0.30638820026780383,6.0
4942,70853,0.05518059973456823,10.0
4942,420556,0.18757491259116327,8.0
4942,94689,0.4590773413262369,4.0
4942,486333,0.3141086788905655,5.0
4942,62966,0.46361095635665667,3.0
4942,55999,0.27393281819100884,7.0
4942,539263,0.0690477017355187,9.0
5090,572272,0.426246094754671,3.0
5090,12988,0.9787936661014842,1.0
5090,270856,0.341425618903364,5.0
5090,468777,0.04772699435242164,10.0
5090,507544,0.3165195642202273,7.0
5090,551423,0.11723466109296976,9.0
5090,149500,0.3199588779844461,6.0
5090,247721,0.26054542767438005,8.0
5090,169688,0.37070780507560636,4.0
5090,414534,0.4986263934151367,2.0
6005,149500,1.0,1.0
6005,507544,0.6767704685606849,3.0
6005,572272,0.6853923636661116,2.0
6005,551423,0.2546063360315788,6.0
6005,140947,0.009943860163260666,10.0
6005,30311,0.20736323220996394,8.0
6005,176498,0.6255003408882945,4.0
6005,414288,0.5006646485469505,5.0
6005,515060,0.14657154942803427,9.0
6005,377223,0.23199370435873953,7.0
7533,162668,1.0,1.0
7533,461084,0.6127634647857214,7.0
7533,438680,0.7381969161473118,4.0
7533,284411,0.8323302575738774,2.0
7533,167356,0.7039954241044092,6.0
7533,257016,0.377994115898093,9.0
7533,201495,0.7216559002284959,5.0
7533,213435,0.7890867028185298,3.0
7533,167950,0.005821811135169737,10.0
7533,407654,0.3781861523433331,8.0
8034,284075,0.235635028155834,8.0
8034,327978,0.7500005550400834,2.0
8034,415340,0.14380852037872616,9.0
8034,307999,0.33374824828471017,5.0
8034,292991,0.035469624206919854,10.0
8034,198764,0.3747924476939069,4.0
8034,13153,0.2714774332666188,7.0
8034,22221,0.3116696540108469,6.0
8034,213435,0.397531558645523,3.0
8034,579557,0.9,1.0
2330,478514,1.0,1.0
2330,260014,0.027181317764683844,10.0
2330,370334,0.6533888251097127,2.0
2330,345895,0.43966445438599683,3.0
2330,156873,0.11840925847716019,8.0
2330,572272,0.17267731646029597,7.0
2330,488334,0.3375604724993916,6.0
2330,94586,0.4154695229293381,4.0
2330,167684,0.4013798030616242,5.0
2330,9656,0.07601530423592538,9.0
7803,62151,1.0,1.0
7803,572205,0.7445904852713989,3.0
7803,327127,0.5045253698479768,8.0
7803,216065,0.6330329541115738,5.0
7803,214003,0.5195412913536264,7.0
7803,100103,0.5815122104772731,6.0
7803,336541,0.7838484855194606,2.0
7803,324037,0.07926499068367635,9.0
7803,583651,0.0023928388763618455,10.0
7803,12432,0.6648924299649395,4.0
1933,183612,1.0,1.0
1933,446984,0.610326083497737,2.0
1933,141738,0.22198513602049572,9.0
1933,352640,0.3350617561504027,7.0
1933,445298,0.47130252073256984,4.0
1933,413041,0.00494789460739899,10.0
1933,466718,0.3319756694429404,8.0
1933,234436,0.39650552942563283,5.0
1933,264554,0.5346133453036347,3.0
1933,134794,0.3365534442132532,6.0
6849,44601,1.0,1.0
6849,59714,0.5164814847897614,5.0
6849,78675,0.7201423993812526,3.0
6849,578427,0.6337569648170466,4.0
6849,172703,0.1476027903522106,8.0
6849,79998,0.38752060255916826,6.0
6849,112208,0.1373788339534261,9.0
6849,418150,0.7807424778971654,2.0
6849,328086,0.0024251168867505794,10.0
6849,61962,0.34590371815261645,7.0
7448,418150,1.0,1.0
7448,100485,0.3454873469301389,5.0
7448,273861,0.012487524591352005,10.0
7448,112208,0.38572229030268085,4.0
7448,377429,0.22885942583148267,7.0
7448,387277,0.19654669455626025,8.0
7448,307095,0.31556761496185315,6.0
7448,133093,0.44319372411830327,3.0
7448,44601,0.6273520321445156,2.0
7448,172703,0.11917927458211117,9.0
42,283079,0.9862529792334597,1.0
42,278824,0.5534573884801052,6.0
42,528564,0.7399619531622113,4.0
42,327002,0.8373065776401716,3.0
42,141738,0.08408083072976336,9.0
42,124630,0.019659975499294394,10.0
42,366830,0.6918434270041616,5.0
42,467509,0.18141236181009449,8.0
42,536849,0.9095721428218848,2.0
42,583956,0.37556042060602957,7.0
4102,125940,0.1,10.0
4102,293320,0.37306319832827695,5.0
4102,572340,0.654740696865959,3.0
4102,554734,0.9695929841914749,1.0
4102,275925,0.3359700807753251,6.0
4102,327978,0.7653426727106619,2.0
4102,326142,0.6351364835163914,4.0
4102,460457,0.233363717271855,7.0
4102,356987,0.16032074814921243,9.0
4102,324779,0.18725305641736545,8.0
7269,474351,0.3419040627562253,5.0
7269,588607,0.45014827699253795,3.0
7269,72402,0.1907229238850263,7.0
7269,226070,0.3023868847194839,6.0
7269,301580,0.01696840223904047,10.0
7269,486696,0.9106575414326612,1.0
7269,386173,0.01748498014770758,9.0
7269,392894,0.40475802520425963,4.0
7269,129319,0.568032828892962,2.0
7269,90294,0.10326179871506075,8.0
10975,363591,0.7073450152573255,5.0
10975,17166,0.9619587402311975,1.0
10975,72160,0.94847041325457,2.0
10975,545759,0.25408460306459296,8.0
10975,384564,0.02680927306586278,9.0
10975,482544,0.7405151454256531,4.0
10975,528522,0.6222464274408119,6.0
10975,61022,0.013819751900563452,10.0
10975,452870,0.886548006152021,3.0
10975,341493,0.42829619181564965,7.0
715,93936,0.15944080794863025,9.0
715,232262,0.4056439829881518,7.0
715,377223,0.6611168395085294,4.0
715,590489,0.8361261844590815,2.0
715,560872,0.9173152081844422,1.0
715,127316,0.554162651959432,5.0
715,273925,0.751970472559376,3.0
715,524752,0.18891580176695877,8.0
715,212028,0.0021721791600423216,10.0
715,167896,0.4786382504313613,6.0
4037,557186,0.8330192829100382,2.0
4037,408327,0.485000221984731,3.0
4037,81483,0.05490125062397359,9.0
4037,264554,0.40219225013550003,4.0
4037,70488,0.23525011946008303,8.0
4037,73427,0.24279837568327278,7.0
4037,141738,0.005980248466292453,10.0
4037,327002,0.27462697067027697,5.0
4037,298099,0.900484665437729,1.0
4037,278824,0.24291021636307303,6.0
4047,159836,0.3929926722785372,7.0
4047,538352,0.9763148352088045,1.0
4047,124230,0.5986736557028356,3.0
4047,457294,0.426810320429406,6.0
4047,227423,0.7727462392986046,2.0
4047,488258,0.27575969132922096,9.0
4047,186453,0.5811313405298121,4.0
4047,560872,0.3182568181312042,8.0
4047,304477,0.0019489178378791093,10.0
4047,472585,0.5036116897030367,5.0
8072,31465,0.599385700613236,5.0
8072,127452,0.8392206251145953,2.0
8072,164008,0.5924041909892996,6.0
8072,413041,0.27112565667661837,9.0
8072,394244,0.9518880275673112,1.0
8072,284235,0.6825686929369937,3.0
8072,494727,0.50637693719475,8.0
8072,294867,0.6380218478652019,4.0
8072,316838,0.5104816818642435,7.0
8072,169062,0.0,10.0
5906,258465,0.6796687742951336,3.0
5906,409907,0.9516142536937349,1.0
5906,318520,0.8943204130453674,2.0
5906,470024,0.22678111749014468,9.0
5906,289231,0.5423290247974484,5.0
5906,273528,0.5601223105139663,4.0
5906,326094,0.006888972412503722,10.0
5906,2460,0.23979207514655868,8.0
5906,394467,0.33498590510954457,7.0
5906,15172,0.5236077043251488,6.0
8378,178684,1.0,1.0
8378,246221,0.683678428731353,4.0
8378,238629,0.8454410347023669,3.0
8378,434812,0.9221328429475139,2.0
8378,102237,0.48070845734378065,5.0
8378,43497,0.2329427070651949,7.0
8378,403025,0.17367013237493853,8.0
8378,382381,0.280922151257631,6.0
8378,554568,0.10319500371202536,9.0
8378,597401,0.0,10.0
885,315275,0.30439313029241977,5.0
885,273528,0.8249774498197012,2.0
885,173929,0.04183231908470597,10.0
885,394467,0.08814067988752611,9.0
885,485195,0.11580417416823358,8.0
885,326094,0.916050428096212,1.0
885,483441,0.4013508860910006,4.0
885,258465,0.41543134228763595,3.0
885,399013,0.14472702795533038,6.0
885,246459,0.14120195304114075,7.0
2423,529444,0.8053237996676341,2.0
2423,396127,0.9907770578452725,1.0
2423,89049,0.6055710333116548,6.0
2423,124027,0.6129210971366834,4.0
2423,461084,0.29027907626761695,8.0
2423,388646,0.45025886224282313,7.0
2423,553288,0.6493685815445539,3.0
2423,428150,0.6092873601177854,5.0
2423,370334,0.013524363180423743,9.0
2423,175232,0.0,10.0
4414,235522,1.0,1.0
4414,367137,0.7533639315180803,4.0
4414,133093,0.3176918703649475,8.0
4414,144177,0.9049474226741889,2.0
4414,111033,0.42759381963712423,6.0
4414,275257,0.3580513259479494,7.0
4414,29073,0.830687418141109,3.0
4414,140088,0.3040120598904766,9.0
4414,76776,0.0018557122567697535,10.0
4414,577578,0.7425474179713493,5.0
1297,313909,0.7257933772684266,2.0
1297,171761,0.9984641885406957,1.0
1297,219758,0.268000825445483,7.0
1297,289813,0.49939097677362626,4.0
1297,90712,0.4540715275607389,6.0
1297,146021,0.6955341638492815,3.0
1297,370663,0.4565859646505762,5.0
1297,66246,0.2618507153261569,8.0
1297,545434,0.0032214816560384076,10.0
1297,521712,0.26183138099132625,9.0
8512,32811,1.0,1.0
8512,61022,0.5561116210363031,3.0
8512,149696,0.34585838687207515,8.0
8512,320101,0.03423751363732371,10.0
8512,528522,0.3225933282330903,9.0
8512,231227,0.3663422506839359,7.0
8512,461592,0.6210065744064945,2.0
8512,474384,0.42443407076148393,6.0
8512,214901,0.4397240577692,4.0
8512,452870,0.42792209176597035,5.0
3822,290930,0.9537965058501031,1.0
3822,454157,0.8821663499837606,4.0
3822,586151,0.9295807095409618,2.0
3822,318583,0.04635158311032576,10.0
3822,592636,0.7600602049393513,6.0
3822,476834,0.7702402716105361,5.0
3822,597880,0.5222122103160829,7.0
3822,309269,0.47865928760302495,8.0
3822,431814,0.10871956161515638,9.0
3822,369355,0.9,3.0
859,32530,0.9922235919855816,1.0
859,326094,0.845916434037459,3.0
859,171720,0.6970641228878451,4.0
859,377223,0.5817955222915487,8.0
859,310215,0.3807592713726965,9.0
859,308837,0.6136773756240592,7.0
859,513258,0.009020744202262681,10.0
859,388201,0.6637708065186028,5.0
859,506374,0.6515905365550205,6.0
859,217683,0.9,2.0
6668,457294,1.0,1.0
6668,93971,0.1989678858921733,8.0
6668,301570,0.11678355731778906,9.0
6668,228403,0.2562435237916041,6.0
6668,159703,0.3840078883596928,4.0
6668,326991,0.006937074975123636,10.0
6668,526110,0.4051693361768086,3.0
6668,88892,0.20070732611793554,7.0
6668,241337,0.4982545194727247,2.0
6668,11988,0.33149938530232337,5.0
604,38711,0.6680344304202767,4.0
604,571430,0.6931129963150842,3.0
604,224869,0.3342925136621888,7.0
604,115553,0.1644674354378863,8.0
604,197222,0.4219798224391494,6.0
604,348353,0.5565008917270209,5.0
604,561377,0.9133294137272348,1.0
604,195191,0.10048442409167176,9.0
604,342307,0.005319799078739032,10.0
604,486333,0.8745523150984565,2.0
3177,539263,0.9031648358559023,2.0
3177,172703,0.6708778453422596,4.0
3177,536120,0.6571438236153351,5.0
3177,377429,0.7014098385787116,3.0
3177,480315,0.9594338120766803,1.0
3177,87722,0.3576288553844666,8.0
3177,17208,0.6129807846999845,6.0
3177,467575,0.39585175169712844,7.0
3177,328086,0.028326910205558335,9.0
3177,423658,0.0,10.0
721,496225,1.0,1.0
721,51615,0.2633213245907239,4.0
721,298128,0.33755640925122216,2.0
721,568526,0.23115702673289656,5.0
721,251824,0.13708044014122917,7.0
721,196427,0.14259276234561163,6.0
721,597880,0.004793414082538888,10.0
721,150650,0.31469796676313905,3.0
721,447353,0.12385816876762183,8.0
721,358661,0.07357530908476137,9.0
7124,427726,0.5480950145302248,2.0
7124,242524,0.49736110536807704,3.0
7124,62151,0.2680726345042043,9.0
7124,265314,0.2997211533124314,8.0
7124,226070,0.4019918646069536,6.0
7124,558617,0.9455507030887922,1.0
7124,433905,0.40164977164261184,7.0
7124,421371,0.42922292712341603,4.0
7124,96013,0.4135024121195945,5.0
7124,162668,0.0,10.0
4500,236482,0.672742991667781,4.0
4500,533623,0.9667788203605437,1.0
4500,474234,0.13449112673530292,8.0
4500,166487,0.05444038956159444,9.0
4500,231781,0.4183906029166729,6.0
4500,80031,0.23734589023659372,7.0
4500,163048,0.7357972776834821,3.0
4500,62897,0.012045318344194736,10.0
4500,275929,0.765715958936373,2.0
4500,81101,0.4654915260060525,5.0
603,64103,0.5741829422503951,5.0
603,399013,0.7974277402464028,2.0
603,535651,0.4146616732486126,7.0
603,120090,0.931839449494514,1.0
603,279897,0.6917488974894789,3.0
603,55022,0.501118538487009,6.0
603,35736,0.01431513518037339,10.0
603,544486,0.37036049913138375,8.0
603,77503,0.018968053948075783,9.0
603,139047,0.6231706568902056,4.0
6647,462265,1.0,1.0
6647,13260,0.21664174106512374,4.0
6647,96013,0.27123750500637556,3.0
6647,464533,0.14230417467938064,6.0
6647,562171,0.06706588880425635,7.0
6647,326233,0.19443075493402429,5.0
6647,209188,0.3688502138845168,2.0
6647,231068,0.04105811268756521,9.0
6647,391988,0.0638636001996592,8.0
6647,531990,0.0,10.0
5369,258465,0.7581383839961033,2.0
5369,172128,0.570336676842936,4.0
5369,184175,0.9426252733981928,1.0
5369,399013,0.581751434252962,3.0
5369,173929,0.023979755373685987,9.0
5369,171339,0.4978363265953909,5.0
5369,414288,0.3104751165273031,7.0
5369,500946,0.36239823785092007,6.0
5369,70724,0.014587518007950915,10.0
5369,118280,0.0708442382739587,8.0
932,48722,0.8270433762750175,2.0
932,387010,0.9875613925648593,1.0
932,442110,0.6116790325300798,5.0
932,292769,0.30175934680677774,7.0
932,593085,0.04688776499079062,9.0
932,23747,0.7138265271080972,3.0
932,418630,0.5958471073049135,6.0
932,281045,0.29298271213758176,8.0
932,196427,0.004930061928833913,10.0
932,571430,0.6142406103259701,4.0
9633,259081,0.889198978319586,2.0
9633,534418,0.9829428279941432,1.0
9633,481166,0.23071513469236082,6.0
9633,185909,0.3392838056976438,5.0
9633,552479,0.2264121837882053,7.0
9633,590578,0.023468950193613898,10.0
9633,484055,0.42597800279919523,3.0
9633,474351,0.34858726664546613,4.0
9633,363741,0.1420958218188595,8.0
9633,262441,0.06705994265911541,9.0
1676,394871,1.0,1.0
1676,234436,0.6037291256215369,4.0
1676,77245,0.7924325791796347,2.0
1676,487791,0.7205862219816155,3.0
1676,58937,0.5587535607394133,6.0
1676,352640,0.2717737691187594,8.0
1676,279538,0.56999095190097,5.0
1676,196920,0.42938678865608265,7.0
1676,555732,2.217745275098571e-06,10.0
1676,136804,0.21063392681212154,9.0
4804,222153,0.7601630886657595,2.0
4804,325892,0.17990461801102917,7.0
4804,255795,0.535369736223313,5.0
4804,285255,0.64486202320908,4.0
4804,45218,0.21718801160413392,6.0
4804,162456,0.9102159609266363,1.0
4804,143100,0.11703356044467063,9.0
4804,51583,0.1557181561843023,8.0
4804,116574,0.7350772312390976,3.0
4804,393132,0.0,10.0
2747,445298,0.9493906952182625,1.0
2747,431685,0.30236165322735165,8.0
2747,535705,0.559421089782196,5.0
2747,583635,0.041180014441918045,10.0
2747,387010,0.9116574792401894,2.0
2747,571430,0.16500961580275086,9.0
2747,418630,0.6874622561131296,3.0
2747,279538,0.6515464626669367,4.0
2747,582864,0.4889883080737128,7.0
2747,123468,0.5255593846270952,6.0
8632,43497,1.0,1.0
8632,382381,0.8053530885945333,2.0
8632,344372,0.7145219530343474,4.0
8632,575741,0.2803205537503226,6.0
8632,458385,0.2500360851557873,9.0
8632,416307,0.2571406479007331,7.0
8632,102436,0.7728327145386125,3.0
8632,223070,0.25519020803388676,8.0
8632,363043,0.3411724971351617,5.0
8632,186453,0.0,10.0
4981,102684,0.8216549012474643,2.0
4981,45218,0.9649394377014172,1.0
4981,578585,0.14038628932740166,7.0
4981,341625,0.5225946098342278,4.0
4981,590710,0.26470379880706435,5.0
4981,264800,0.03454797458901381,9.0
4981,475541,0.004443917437956121,10.0
4981,212481,0.25213449151310796,6.0
4981,567362,0.5504378488435459,3.0
4981,319692,0.08236523216830216,8.0
6146,289231,0.37586547486157174,7.0
6146,2460,0.44311201815325496,5.0
6146,470024,0.5157929520893181,4.0
6146,394467,0.4027760875585888,6.0
6146,160125,0.9470495291751849,1.0
6146,581889,0.6361831695499347,3.0
6146,326094,0.18508881766408417,9.0
6146,580709,0.00943831679455727,10.0
6146,273528,0.2536325415230155,8.0
6146,7403,0.8953361020890657,2.0
10674,328556,0.2551190974260444,4.0
10674,435963,0.21029962461262297,5.0
10674,89460,0.15441937856144045,7.0
10674,109860,0.20668538385867352,6.0
10674,88813,0.6014173453942707,3.0
10674,319793,0.70138106980568,2.0
10674,99857,0.910441986138388,1.0
10674,99757,0.003560843214246992,9.0
10674,431814,0.022137143979966113,8.0
10674,363043,0.0,10.0
3683,276975,1.0,1.0
3683,105973,0.7619607880743176,2.0
3683,421538,0.21659231136768706,7.0
3683,522713,0.6131484054438895,3.0
3683,303977,0.2328842477946184,6.0
3683,178521,0.32179690596826227,5.0
3683,500460,0.4056410575349309,4.0
3683,116865,0.018427942843189396,9.0
3683,158717,0.0016393964137537836,10.0
3683,349866,0.15759865625057914,8.0
928,394460,0.5840928865999113,2.0
928,349866,0.987605925339021,1.0
928,400009,0.20920909728463524,6.0
928,573276,0.1023968536247858,9.0
928,490443,0.16291217160747423,7.0
928,305509,0.014354633253059893,10.0
928,11572,0.4754168659001532,3.0
928,253563,0.14314761029175688,8.0
928,422770,0.4276707432055887,4.0
928,409573,0.3109994764064334,5.0
5054,21311,0.7325455742122072,3.0
5054,485863,0.5865765449698052,6.0
5054,542521,0.4944710824858509,7.0
5054,144660,0.031479123216076994,10.0
5054,307113,0.3698570997218285,8.0
5054,305901,0.7123305575766898,4.0
5054,406457,0.8386444614603499,2.0
5054,366219,0.03941950765332545,9.0
5054,340131,0.9027772128799023,1.0
5054,15172,0.6044893086462076,5.0
6554,583203,1.0,1.0
6554,226967,0.2961269740841835,3.0
6554,377429,0.02466705825459278,10.0
6554,122012,0.35867580242543784,2.0
6554,403755,0.06737404108225052,8.0
6554,574327,0.17097131118209688,6.0
6554,275902,0.13083331698963324,7.0
6554,536120,0.17829027287616608,5.0
6554,480315,0.19212509753128781,4.0
6554,21103,0.05527468284301787,9.0
7377,579557,1.0,1.0
7377,6666,0.2694941253797401,7.0
7377,328086,0.05139187684754405,10.0
7377,345895,0.22621905847485163,8.0
7377,293679,0.738016649871762,3.0
7377,81304,0.4589110108932889,5.0
7377,172703,0.7546884619467253,2.0
7377,17208,0.5551419650512395,4.0
7377,505027,0.06397732238739325,9.0
7377,453542,0.375867763860551,6.0
1309,15824,0.6957872110132313,3.0
1309,438869,0.733898709216463,2.0
1309,279845,0.20104603926076386,8.0
1309,266319,0.20252396181473492,7.0
1309,110386,0.11142602457189534,9.0
1309,366594,0.4815369672056248,4.0
1309,443795,0.008414770058716433,10.0
1309,135415,0.3304349829506681,6.0
1309,16778,0.3472190766277484,5.0
1309,471630,0.9,1.0
8351,273142,1.0,1.0
8351,469776,0.5703211531583485,3.0
8351,171720,0.38779939778149797,7.0
8351,213331,0.04548561314466701,9.0
8351,528132,0.4055297434993115,6.0
8351,191977,0.006606986885910743,10.0
8351,71873,0.5577818153257039,4.0
8351,405374,0.5791921082100544,2.0
8351,568526,0.3503737323202652,8.0
8351,304009,0.5101119743875636,5.0
6441,254279,1.0,1.0
6441,156029,0.9051095433829462,2.0
6441,28314,0.7055525691040623,3.0
6441,529993,0.08031316807991828,8.0
6441,87722,0.2826989379489696,6.0
6441,536120,0.3032240460625618,5.0
6441,593644,0.02043555088808074,9.0
6441,108721,0.010302175320001187,10.0
6441,174619,0.334448860436417,4.0
6441,90712,0.18285656899829408,7.0
4837,426223,0.4573828847936994,5.0
4837,95778,0.9175345962344128,2.0
4837,565330,0.3095608764042072,6.0
4837,159936,0.7076068888568573,4.0
4837,187739,0.933886598385159,1.0
4837,254454,0.19990065737343649,8.0
4837,167896,0.017492291952447652,10.0
4837,565698,0.2654603864243931,7.0
4837,275410,0.10322300679199932,9.0
4837,274870,0.8775330820660477,3.0
9871,553288,0.5501888880438909,3.0
9871,76562,0.9604750902478962,1.0
9871,322771,0.5044616951444154,5.0
9871,240645,0.37693344639433934,7.0
9871,547301,0.48451800631057684,6.0
9871,213755,0.0969555016617012,9.0
9871,488366,0.5105145138247529,4.0
9871,305907,0.7373088999208064,2.0
9871,172718,0.14837707534732994,8.0
9871,271832,0.0,10.0
3067,423403,1.0,1.0
3067,372921,0.5935291200402972,4.0
3067,578488,0.6401778896520516,3.0
3067,104726,0.6963236406811355,2.0
3067,104788,0.38083994979904745,9.0
3067,582005,0.5135799298371893,6.0
3067,467135,0.5865870716676252,5.0
3067,318473,0.006924097593967913,10.0
3067,187739,0.405600367799841,8.0
3067,167896,0.41475727297830345,7.0
5741,124219,0.7863565302083423,3.0
5741,328086,0.2770878992781552,7.0
5741,43781,0.19879987628695941,8.0
5741,259081,0.9213398316425643,1.0
5741,568200,0.3056293553233353,6.0
5741,107688,0.5142968421960743,4.0
5741,301224,0.4956091355279685,5.0
5741,329337,0.021197138678412844,9.0
5741,136825,0.7989203159016905,2.0
5741,437427,0.0,10.0
3566,45029,0.5827656633865431,4.0
3566,195191,0.43526498862014856,7.0
3566,149306,0.5408519506778047,5.0
3566,408123,0.6782112195844685,2.0
3566,152286,0.9468769725621824,1.0
3566,519390,0.038647173476994444,9.0
3566,65782,0.015621979339710344,10.0
3566,595211,0.15754688050041388,8.0
3566,317493,0.6249379038197902,3.0
3566,284075,0.49690270159358285,6.0
5862,562511,1.0,1.0
5862,21194,0.8860041993204637,2.0
5862,273947,0.17048078894975485,8.0
5862,170141,0.7671365036450528,4.0
5862,29790,0.23125510654455,7.0
5862,253563,0.7149526099168706,5.0
5862,269898,0.8248608921181763,3.0
5862,346042,0.5697137017629655,6.0
5862,258465,0.059831911791416954,9.0
5862,78176,0.0,10.0
8779,209730,1.0,1.0
8779,180571,0.6367872770814371,2.0
8779,17166,0.4031953433551957,3.0
8779,213591,0.21983605562542435,7.0
8779,279538,0.1609075925838574,9.0
8779,72160,0.3348231603464582,4.0
8779,319954,0.16742739598144418,8.0
8779,452870,0.2645267356675017,5.0
8779,491964,0.2364401536217472,6.0
8779,214901,0.0,10.0
4714,505057,0.9682944329973379,1.0
4714,584450,0.9610700258536407,2.0
4714,324833,0.7162918955083335,3.0
4714,184506,0.32739346836882993,4.0
4714,295980,0.26007165721332376,7.0
4714,249450,0.3070448088886843,5.0
4714,118374,0.24232743081999833,8.0
4714,424585,0.007163364880879103,9.0
4714,473809,0.00020570665055873487,10.0
4714,46211,0.29367838418415876,6.0
7311,125355,0.5475808050722477,4.0
7311,279897,0.44319401885469545,5.0
7311,183349,0.03401205491464146,8.0
7311,523279,0.0064514000848589215,10.0
7311,33576,0.17216567370363586,7.0
7311,215154,0.3760527465444895,6.0
7311,344267,0.9037580227135082,1.0
7311,238421,0.7859709978090844,2.0
7311,334696,0.6646697842298801,3.0
7311,100485,0.025482225817138993,9.0
109,73427,1.0,1.0
109,213331,0.1051566483851476,7.0
109,538023,0.35603185442801355,4.0
109,461084,0.0982277904127645,8.0
109,563025,0.627685981350565,2.0
109,406457,0.059348487543577945,9.0
109,342212,0.23973072788171,6.0
109,535705,0.2813928849797368,5.0
109,547301,0.5494443713255533,3.0
109,18509,0.0,10.0
570,21311,0.6862772822282934,5.0
570,103593,0.21549904939954656,8.0
570,232199,0.06353289652105897,10.0
570,341493,0.9100226569423133,1.0
570,565684,0.09848291298335879,9.0
570,156358,0.6336012263927449,6.0
570,79888,0.741380294531356,4.0
570,335991,0.9046915572685196,2.0
570,349384,0.40967593092163385,7.0
570,17166,0.878472338670625,3.0
6959,301570,0.6536422249459939,6.0
6959,69790,0.9711466057500289,1.0
6959,293767,0.5270483368988137,8.0
6959,482415,0.05172544523558867,10.0
6959,330041,0.6731729079485174,5.0
6959,88813,0.806510925247711,2.0
6959,427726,0.5576707285017959,7.0
6959,266480,0.4310164252963704,9.0
6959,431814,0.688778018282436,4.0
6959,231781,0.6957728811384816,3.0
90,56718,0.7453051910589066,2.0
90,150219,0.5533480328811795,5.0
90,31793,0.9595411696820706,1.0
90,385073,0.5786806872321756,4.0
90,234436,0.7365591205152572,3.0
90,153541,0.4091661879142375,6.0
90,172594,0.21583020247518273,8.0
90,366830,0.003795112085522679,10.0
90,34731,0.24003228587645678,7.0
90,314898,0.11053104111295053,9.0
5064,2003,1.0,1.0
5064,455614,0.6266598332379677,5.0
5064,135514,0.07115162958915548,10.0
5064,192811,0.5638786956717742,6.0
5064,551423,0.652079001410606,2.0
5064,414288,0.5444312035170787,7.0
5064,377223,0.6504315167840241,3.0
5064,393278,0.08554423860310353,9.0
5064,524888,0.1875267337614948,8.0
5064,176498,0.6419818676567529,4.0
4103,307380,0.8723498467082315,2.0
4103,29073,0.9941550334357424,1.0
4103,577578,0.7971561784629428,3.0
4103,482415,0.7609397431520745,4.0
4103,175265,0.3967330555134101,7.0
4103,370879,0.46142875763478286,5.0
4103,163590,0.032564502332804966,9.0
4103,133093,0.16587223852204083,8.0
4103,169921,0.003948486242281238,10.0
4103,192193,0.46012954985987065,6.0
1198,56718,1.0,1.0
1198,232199,0.2716668378551931,3.0
1198,175272,0.2512299211288003,4.0
1198,103593,0.08458553364183666,9.0
1198,366761,0.1733706277713953,8.0
1198,105872,0.2935818114655711,2.0
1198,467390,0.2056419868103805,6.0
1198,352120,0.188748370413556,7.0
1198,58937,0.22425988409272365,5.0
1198,434769,0.0,10.0
4539,32744,0.7847312011548224,3.0
4539,61792,0.47974689003317067,5.0
4539,275925,0.9269601115674958,1.0
4539,61346,0.6442087403391831,4.0
4539,370879,0.0950257992821651,9.0
4539,426461,0.26599383692080214,6.0
4539,235522,0.12496642808735633,8.0
4539,440270,0.024353683210151602,10.0
4539,83330,0.7975724427073065,2.0
4539,572272,0.2302606887024548,7.0
9391,248158,0.7170197655587108,2.0
9391,136270,0.30995890376740304,5.0
9391,108859,0.23357719456484222,8.0
9391,136515,0.9730844891766698,1.0
9391,142631,0.5577693551637477,3.0
9391,301580,0.5430878131714363,4.0
9391,127263,0.24543514234533645,7.0
9391,105973,0.006352639650458337,10.0
9391,429579,0.21657269966620052,9.0
9391,163590,0.2922589051809299,6.0
4600,577578,0.9304014161680226,2.0
4600,61792,0.3785651768510231,6.0
4600,482415,0.9308323195595035,1.0
4600,257633,0.5686334068022786,4.0
4600,133093,0.37087351674399044,7.0
4600,76515,0.012093846589607396,10.0
4600,367137,0.6488055939727816,3.0
4600,214542,0.08969305198231965,9.0
4600,34925,0.49153364605965433,5.0
4600,275257,0.31339072667308526,8.0
3735,125659,0.758896617546817,3.0
3735,93231,0.6555161567442269,4.0
3735,537418,0.5681085186591461,5.0
3735,330041,0.7871515667036583,2.0
3735,344065,0.3538489088653528,8.0
3735,511093,0.1915044497839443,9.0
3735,32290,0.9335830605658062,1.0
3735,504996,0.3683924536944647,7.0
3735,266900,0.5325417373254736,6.0
3735,40447,0.0,10.0
5422,483299,0.3257406803481794,6.0
5422,108,0.08636192093307489,10.0
5422,55022,0.23169900161971224,8.0
5422,528034,0.3966426291860888,5.0
5422,81304,0.29718181513232794,7.0
5422,259081,0.9275951338414343,1.0
5422,579235,0.8296759211718442,2.0
5422,136270,0.6336640013504901,4.0
5422,22221,0.20629860964835436,9.0
5422,124219,0.7476986983377867,3.0
744,573276,0.9828668155219673,1.0
744,138845,0.19903936847274628,9.0
744,409573,0.26374520850580574,8.0
744,171339,0.5318930106834495,4.0
744,289231,0.9280354589438622,2.0
744,273528,0.3409116060497408,7.0
744,172305,0.017745689535271923,10.0
744,350819,0.3678604963740618,5.0
744,120852,0.3619984670502824,6.0
744,118280,0.6394314252072513,3.0
515,372909,1.0,1.0
515,328341,0.8300955414771141,3.0
515,431685,0.8283521444924478,4.0
515,352838,0.9098601482897051,2.0
515,231614,0.5914825772772815,5.0
515,195081,0.3241884123555501,6.0
515,98112,0.12672648522631708,9.0
515,60443,0.1475721707596525,7.0
515,123733,0.00200744032365425,10.0
515,360011,0.14483168449952685,8.0
2443,331253,0.5972768027934039,7.0
2443,44609,0.6742998653959691,5.0
2443,305579,0.9212376942365128,1.0
2443,306800,0.7772541426727058,4.0
2443,446647,0.8339989927854458,3.0
2443,313437,0.02249365183062895,10.0
2443,426216,0.9181658876917652,2.0
2443,208051,0.5260805025901563,8.0
2443,305907,0.6373822562418928,6.0
2443,510130,0.2582682494280029,9.0
4265,157553,1.0,1.0
4265,392163,0.6559362963696038,4.0
4265,584273,0.5971979507795514,5.0
4265,149974,0.3938121502240414,7.0
4265,523158,0.007923128919325256,10.0
4265,140947,0.6973354455421459,3.0
4265,386229,0.03522970064528353,9.0
4265,575729,0.22208473911832402,8.0
4265,93881,0.7018299407254857,2.0
4265,577517,0.44717237026429213,6.0
4865,223032,0.3555503818090543,6.0
4865,370569,0.9968659076144333,1.0
4865,251824,0.563373113019281,3.0
4865,435963,0.6544740848458127,2.0
4865,508821,0.3440914819279852,7.0
4865,481166,0.4752516734883361,5.0
4865,305117,0.4777889306799649,4.0
4865,110515,0.17981279290312963,8.0
4865,565698,0.004225297601002774,10.0
4865,585738,0.00753821469998982,9.0
2968,187196,0.6455202506189898,3.0
2968,388646,0.9871881614639417,1.0
2968,242124,0.8775178465958823,2.0
2968,176498,0.022736626120812408,10.0
2968,198371,0.508794656189826,4.0
2968,583640,0.3562713250826666,5.0
2968,280967,0.1592559534246044,8.0
2968,287991,0.2042081860476733,6.0
2968,455398,0.07281217980271303,9.0
2968,329757,0.20205113978660275,7.0
7221,305117,0.6214799063047299,4.0
7221,473809,0.9863942891011501,1.0
7221,481166,0.683237253046972,3.0
7221,71873,0.43963020152559457,8.0
7221,537418,0.5803354881341373,5.0
7221,307315,0.011353680803496602,10.0
7221,81542,0.4954005626239412,6.0
7221,452175,0.4485520498232439,7.0
7221,570664,0.43404648639665955,9.0
7221,77652,0.9,2.0
2407,2064,1.0,1.0
2407,78176,0.77773056476358,3.0
2407,173929,0.8055149804034698,2.0
2407,516444,0.39976265098682484,7.0
2407,255491,0.5100550937295433,6.0
2407,273528,0.7088662302908372,4.0
2407,514425,0.271346103605799,8.0
2407,367641,0.05136036590332722,9.0
2407,566480,0.6852510172360083,5.0
2407,63678,0.0,10.0
3039,136804,1.0,1.0
3039,467390,0.7355755899349784,3.0
3039,147080,0.8852515113262961,2.0
3039,387010,0.5833210182521178,6.0
3039,442110,0.48721647592601863,8.0
3039,483274,0.0094971655248758,10.0
3039,510409,0.6915053771621418,4.0
3039,106501,0.5679730889332295,7.0
3039,4947,0.4288185450205151,9.0
3039,398622,0.6234261824227674,5.0
1748,18001,1.0,1.0
1748,528564,0.8064249482352516,2.0
1748,418135,0.5851994497806163,3.0
1748,462892,0.543293175675281,6.0
1748,298427,0.5776951442085683,4.0
1748,429378,0.19852274963437297,7.0
1748,223206,0.09272804644818217,9.0
1748,517372,0.1933071745807509,8.0
1748,171780,0.004313579436704811,10.0
1748,124027,0.557572801737945,5.0
10547,404339,1.0,1.0
10547,536120,0.19045348976179133,8.0
10547,272008,0.5728845283771644,3.0
10547,4666,0.06945216646195618,9.0
10547,597351,0.3833126769566697,5.0
10547,112714,0.6932597032602532,2.0
10547,32290,0.28740260808007967,6.0
10547,23609,0.5145385876317884,4.0
10547,392037,0.0007529049639254338,10.0
10547,491969,0.2824080146083533,7.0
10596,164008,0.5925010283952631,3.0
10596,284235,0.669304003733143,2.0
10596,208070,0.9768195382722283,1.0
10596,413041,0.2926245224734271,8.0
10596,316838,0.45301481858846365,5.0
10596,494727,0.4303981082988939,6.0
10596,394244,0.5681392237439519,4.0
10596,127452,0.3170804887491662,7.0
10596,69197,0.006730106291671179,10.0
10596,169062,0.200843113433799,9.0
5061,352838,0.4743501114722226,6.0
5061,242124,0.494507715039454,5.0
5061,329757,0.25264141232169923,9.0
5061,447353,0.3797714811650545,7.0
5061,149974,0.7672657994992426,3.0
5061,380863,0.6903635235706375,4.0
5061,261189,0.9300163554481085,1.0
5061,46755,0.9152836870699841,2.0
5061,158845,0.013646339388197731,10.0
5061,287991,0.34536320600562054,8.0
853,510373,0.6287092812218121,3.0
853,510409,0.9991734646583316,1.0
853,314984,0.5282517225833088,5.0
853,106501,0.5629396920874828,4.0
853,263361,0.038127600240606636,8.0
853,131996,0.017012177747171793,10.0
853,72402,0.17009323062494078,7.0
853,150219,0.4929846953768476,6.0
853,582864,0.7800981508679422,2.0
853,303929,0.020044409887642188,9.0
6803,544053,1.0,1.0
6803,193012,0.8258664261388651,2.0
6803,42620,0.5761863748407918,3.0
6803,316045,0.012068756565155712,10.0
6803,271243,0.2885558002527071,5.0
6803,10703,0.20176247094408264,7.0
6803,142726,0.4905426495280747,4.0
6803,78675,0.1706257609604121,8.0
6803,60355,0.26510014633688644,6.0
6803,272784,0.13367861394564123,9.0
6644,187497,1.0,1.0
6644,572842,0.2861686253052156,7.0
6644,308837,0.40621346022590404,4.0
6644,426216,0.2915006157098988,6.0
6644,578954,0.5681624119802781,2.0
6644,305907,0.35076338664751516,5.0
6644,293687,0.1407753161186689,8.0
6644,373271,0.5238230260828399,3.0
6644,31793,0.01848921521277926,10.0
6644,238421,0.1267265420909316,9.0
699,107092,1.0,1.0
699,169688,0.0922492205000911,10.0
699,68357,0.1824327649077094,6.0
699,446679,0.5758634365821252,2.0
699,385658,0.11631860875470863,8.0
699,472924,0.448204531312349,4.0
699,521010,0.5204156023930487,3.0
699,586920,0.09645063036594698,9.0
699,414598,0.15541850058419499,7.0
699,96538,0.3324524183662646,5.0
549,214024,1.0,1.0
549,67167,0.6901012922212831,2.0
549,446647,0.05214084404546368,10.0
549,546020,0.46331160655982434,5.0
549,73427,0.369904405605745,6.0
549,547301,0.24024210667311385,8.0
549,563025,0.06716187885735786,9.0
549,397449,0.3022204939902163,7.0
549,449630,0.5248421803925377,3.0
549,443795,0.4789006793769436,4.0
904,415514,1.0,1.0
904,85229,0.4892183916637195,2.0
904,433905,0.1863005897484721,7.0
904,120852,0.1862837274314223,8.0
904,101369,0.29140346473378764,3.0
904,359579,0.20139510925807877,6.0
904,169824,0.2701623231325048,5.0
904,320579,0.2806460983759837,4.0
904,75235,0.0013210281177132841,10.0
904,29360,0.06936676021055509,9.0
2590,583635,0.5740405923323229,4.0
2590,296528,0.9329710437318124,1.0
2590,55999,0.6677178830734748,3.0
2590,307095,0.39213146332687776,7.0
2590,209493,0.6901431810628915,2.0
2590,106424,0.1199281181162081,9.0
2590,471964,0.40154252702183435,5.0
2590,387010,0.0014685057384325546,10.0
2590,26203,0.3967439210526551,6.0
2590,454222,0.33853236612940424,8.0
1451,538005,1.0,1.0
1451,559482,0.051789231165423624,10.0
1451,98112,0.7312586066665332,2.0
1451,377571,0.22070500132591847,8.0
1451,313437,0.2674166948102296,6.0
1451,94689,0.3359849857015405,5.0
1451,433809,0.6672642973206221,3.0
1451,522481,0.20799041187446793,9.0
1451,51729,0.25900480885734395,7.0
1451,440910,0.4504783231139939,4.0
5790,469776,0.4284344295688741,5.0
5790,97348,0.5989773657059208,3.0
5790,101369,0.0603506875034788,9.0
5790,363810,0.06921172197197978,8.0
5790,141738,0.7841658314993404,2.0
5790,241136,0.9040500894744978,1.0
5790,305287,0.46068594499046445,4.0
5790,277353,0.1961245411362773,6.0
5790,149305,0.1560116129079432,7.0
5790,75235,0.032605721998248224,10.0
7295,435125,0.46364206863392765,8.0
7295,403755,0.15433498197047746,9.0
7295,93971,0.5065086944614564,6.0
7295,193398,0.4770043846568391,7.0
7295,39478,0.9128654287857576,1.0
7295,513258,0.862079635217241,2.0
7295,456470,0.5487429396051394,5.0
7295,115553,0.6999655043236501,3.0
7295,3118,0.5901691821682337,4.0
7295,102436,0.0,10.0
5083,142876,0.9693056456553817,1.0
5083,13975,0.81025305735018,3.0
5083,368802,0.9451007058964171,2.0
5083,433197,0.5178272112195139,4.0
5083,333184,0.35618150991908887,8.0
5083,21103,0.0,10.0
5083,579473,0.42689683981015447,7.0
5083,305360,0.1359676316476408,9.0
5083,20958,0.46026365426611177,6.0
5083,19183,0.5164210244427782,5.0
7936,363043,0.8088202600104852,2.0
7936,336541,0.9906875244758677,1.0
7936,293767,0.6245115970147721,5.0
7936,320101,0.7376139166836222,3.0
7936,43087,0.6577379822521247,4.0
7936,561884,0.6241654225939487,6.0
7936,416307,0.5538192368525742,7.0
7936,187404,0.1870872130106535,9.0
7936,127585,0.012901012895500316,10.0
7936,214003,0.22594357955676828,8.0
8296,78675,1.0,1.0
8296,79998,0.8170703585776189,2.0
8296,146315,0.02423279729986371,8.0
8296,180571,0.008352425165028848,9.0
8296,26203,0.19736994579860961,5.0
8296,371720,0.2586479522462651,4.0
8296,61962,0.2813220594453655,3.0
8296,392037,0.15445625478479852,7.0
8296,99757,0.0009231677396658295,10.0
8296,3118,0.18901136394439963,6.0
475,431685,0.9276419629836843,2.0
475,88124,0.8160524658075935,3.0
475,366761,0.9520450644960139,1.0
475,232199,0.28873754641825655,8.0
475,60637,0.006378033683919504,10.0
475,328341,0.5113769649521125,6.0
475,352640,0.5862432816387239,5.0
475,232563,0.4347031743767677,7.0
475,433,0.1105752713905839,9.0
475,372909,0.6314662210169247,4.0
3759,384631,0.27050136088947174,8.0
3759,152250,0.2668859408666874,9.0
3759,105634,0.7908876079391598,3.0
3759,414188,0.9264838802514433,1.0
3759,101369,0.38694612725841243,7.0
3759,445794,0.02224018158586418,10.0
3759,405217,0.7353824175796082,4.0
3759,264800,0.6145561123320774,6.0
3759,130877,0.8396578332018418,2.0
3759,146181,0.7196166614948418,5.0
4615,596196,0.8703771507360367,3.0
4615,425595,0.7496097530343383,6.0
4615,69523,0.9706727628385348,1.0
4615,496427,0.9642377271078049,2.0
4615,261900,0.8586724867960883,5.0
4615,226060,0.5616631361599221,8.0
4615,421365,0.8601874041566754,4.0
4615,19179,0.7061200028213138,7.0
4615,341493,0.04602449867607315,9.0
4615,15891,0.0,10.0
8874,403025,1.0,1.0
8874,251704,0.6150199116736037,2.0
8874,527231,0.4953145680247412,3.0
8874,66631,0.017451806948069224,10.0
8874,357685,0.03894278811375072,9.0
8874,370569,0.2620643249756278,6.0
8874,556976,0.083649848125023,8.0
8874,349160,0.21003177525629937,7.0
8874,319793,0.37131238987772536,5.0
8874,571362,0.38337858748731746,4.0
26,399013,0.6106460340412965,3.0
26,528132,0.6276787103754878,2.0
26,409611,0.3817759007051945,8.0
26,565330,0.41384122521756306,6.0
26,563025,0.9342191784490588,1.0
26,2064,0.6078874581136481,4.0
26,401254,0.5532407781739364,5.0
26,452544,0.009868731873647698,10.0
26,367641,0.39549227381084434,7.0
26,71898,0.3128634139347049,9.0
3875,249859,1.0,1.0
3875,136315,0.7313981331379521,2.0
3875,442110,0.452837257313256,4.0
3875,571258,0.4254346401308442,5.0
3875,158185,0.27886819660021267,6.0
3875,426570,0.5011992023416979,3.0
3875,76515,0.26204797676305724,8.0
3875,143100,0.06401061698544024,9.0
3875,518406,0.26847972445722146,7.0
3875,414288,0.0,10.0
6835,159703,0.493686842186707,2.0
6835,246221,0.3284693816510513,6.0
6835,149305,0.9539993065841568,1.0
6835,195767,0.38444310202964216,5.0
6835,403755,0.3125389176030897,7.0
6835,592636,0.023490079283127217,10.0
6835,108721,0.1013781418791884,9.0
6835,238629,0.4637482231982153,3.0
6835,196427,0.46103877972913676,4.0
6835,467575,0.1895025208876342,8.0
4433,301580,0.8592558339398316,2.0
4433,172703,0.4409155942953966,7.0
4433,539263,0.823527947486907,3.0
4433,297290,0.9499416081805384,1.0
4433,21311,0.45322628547498156,6.0
4433,379311,0.5140619765386208,5.0
4433,453542,0.018148487715850647,10.0
4433,451855,0.39402070805773926,8.0
4433,146181,0.7371138025357263,4.0
4433,536120,0.3665881912448322,9.0
5374,115553,0.3489618580788385,8.0
5374,92267,0.9998827086101324,1.0
5374,251704,0.5844719440543489,7.0
5374,44601,0.3310896527670789,9.0
5374,60175,0.6932215352215817,4.0
5374,294295,0.008434163363206083,10.0
5374,99857,0.7001421263312901,3.0
5374,537418,0.675363357149326,5.0
5374,576564,0.6263315001023889,6.0
5374,186453,0.714751514047437,2.0
6221,529551,0.8289567908672901,4.0
6221,551423,0.961811676316439,1.0
6221,240261,0.7104899821058077,5.0
6221,128698,0.6790472015170311,6.0
6221,270856,0.9251064012294172,2.0
6221,66901,0.016128121633199936,10.0
6221,578488,0.4891464026455587,8.0
6221,384626,0.8617596740624428,3.0
6221,405352,0.6195805206915697,7.0
6221,494753,0.18607122562232428,9.0
672,593283,1.0,1.0
672,563025,0.9384483369683957,2.0
672,213370,0.7903080147741703,4.0
672,40966,0.7480377910730993,5.0
672,273947,0.8236164884583366,3.0
672,15824,0.7125526555426407,6.0
672,67167,0.4418897003207447,8.0
672,170141,0.2523036625216343,9.0
672,201800,0.004898914467921966,10.0
672,494689,0.581056719203325,7.0
2593,231614,0.706240453271302,4.0
2593,169688,0.026416038974277623,10.0
2593,147343,0.7856159630343871,3.0
2593,73427,0.432749562654465,6.0
2593,528132,0.9127065200381484,1.0
2593,399013,0.3556241680285741,8.0
2593,387573,0.6309254626335496,5.0
2593,449630,0.8248176872064205,2.0
2593,394460,0.24845770364394063,9.0
2593,171339,0.41771654577680417,7.0
4019,287991,0.9280885117039797,2.0
4019,553288,0.8827932171224695,3.0
4019,332749,0.972942698331861,1.0
4019,94423,0.14624334148509052,9.0
4019,561056,0.6383609892542056,6.0
4019,448699,0.45055414554479406,7.0
4019,377223,0.8503355758099463,4.0
4019,126134,0.006784887030251679,10.0
4019,1164,0.3305095560810512,8.0
4019,468879,0.8060937106840503,5.0
7205,370569,0.6955444704162475,2.0
7205,159966,0.9768438637543353,1.0
7205,186453,0.42261275604684256,5.0
7205,100103,0.25426775622289094,9.0
7205,62151,0.27523553275127544,8.0
7205,565926,0.5229560390989607,3.0
7205,336541,0.3238318345477067,6.0
7205,442048,0.4631691183971945,4.0
7205,558370,0.0029558587229129504,10.0
7205,12432,0.2941373431495304,7.0
6611,329425,0.35425404061316945,7.0
6611,293679,0.9992646897877153,1.0
6611,142631,0.09946430997053973,9.0
6611,39819,0.14642726527106764,8.0
6611,81304,0.383102982330252,5.0
6611,198764,0.7911085605000294,2.0
6611,297290,0.43156931072333427,4.0
6611,17208,0.36621870956891955,6.0
6611,112208,0.5199717311022816,3.0
6611,345533,0.0,10.0
7911,131996,0.8985383405561629,2.0
7911,57711,0.9768955773131235,1.0
7911,553304,0.366632888816633,5.0
7911,69197,0.29328622878892513,7.0
7911,386173,0.014785983381241452,10.0
7911,506617,0.5142389813954846,3.0
7911,597401,0.3648817889634109,6.0
7911,543714,0.2658402031088795,8.0
7911,116647,0.15356441568713092,9.0
7911,385574,0.4385314852726572,4.0
7463,577951,1.0,1.0
7463,387277,0.44710465893353973,8.0
7463,176498,0.5310334176106108,5.0
7463,423403,0.8319672715235757,2.0
7463,565698,0.038690367515812576,10.0
7463,328086,0.10342994030333943,9.0
7463,350145,0.5404380245613628,4.0
7463,216384,0.5179397594249805,6.0
7463,188015,0.492922907930465,7.0
7463,528034,0.6815067455567494,3.0
4999,9938,1.0,1.0
4999,305117,0.44170713656777577,3.0
4999,46211,0.6545083137662289,2.0
4999,350680,0.42883734428027637,4.0
4999,216327,0.1344280492113365,7.0
4999,411061,0.01637319038842656,9.0
4999,406185,0.18395381344654146,5.0
4999,13657,0.006612507022921862,10.0
4999,580920,0.09031935687875829,8.0
4999,222153,0.15663456258331948,6.0
7344,14368,1.0,1.0
7344,418150,0.6944697457067526,2.0
7344,327978,0.37980526568324763,5.0
7344,392851,0.4128821729091228,4.0
7344,301224,0.1116356772202571,9.0
7344,39247,0.41491856857078846,3.0
7344,527231,0.2080889633853148,8.0
7344,72652,0.29758994085644025,6.0
7344,58753,0.0013348914602647553,10.0
7344,266319,0.28181688255073,7.0
7705,377429,0.6698228890202397,3.0
7705,539263,0.9651231192473849,1.0
7705,480315,0.7445226229936783,2.0
7705,467575,0.3662176961914734,9.0
7705,172703,0.38204864061033544,8.0
7705,536120,0.5901634697094382,4.0
7705,87722,0.504781648739068,7.0
7705,345199,0.009577246804086557,10.0
7705,96926,0.5088737174376707,6.0
7705,387277,0.5813160761679589,5.0
1815,372909,0.7819479194192283,2.0
1815,446928,0.9950413176754819,1.0
1815,363591,0.7119606878030885,3.0
1815,432080,0.5679991520316996,6.0
1815,88124,0.5870987570444193,5.0
1815,457701,0.6882145073994896,4.0
1815,328341,0.5527526346768695,7.0
1815,528522,0.27626648860133257,9.0
1815,539133,0.40627116131421526,8.0
1815,459677,0.0,10.0
7467,193312,1.0,1.0
7467,371720,0.8404357830124789,2.0
7467,26203,0.33431380642083586,6.0
7467,457532,0.5559847487062428,3.0
7467,55999,0.1915154907948326,7.0
7467,428017,0.49024057496018325,5.0
7467,435963,0.5475939019967477,4.0
7467,431814,0.00661033864204056,10.0
7467,253024,0.10748954440541385,8.0
7467,99757,0.04271539123736862,9.0
8013,198349,0.48237452349613497,7.0
8013,383978,0.964381112808572,1.0
8013,374151,0.4692427403556645,8.0
8013,244433,0.8331978277339553,2.0
8013,251824,0.5760282969465221,6.0
8013,241101,0.6180371085790294,5.0
8013,398123,0.6293024076348982,4.0
8013,31793,0.005505780277535528,10.0
8013,498378,0.6461123663639068,3.0
8013,588247,0.2972677167376192,9.0
1415,66246,0.681774305321807,3.0
1415,306144,0.6684827464269364,4.0
1415,393953,0.7999033779969031,2.0
1415,591940,0.42383053171653695,5.0
1415,387165,0.9752771369319478,1.0
1415,583956,0.36495836369030626,6.0
1415,110515,0.017317869640282084,10.0
1415,318266,0.3619143537242919,7.0
1415,183612,0.19587878106108986,9.0
1415,232063,0.33238275511133447,8.0
7758,480315,0.4472107388921869,3.0
7758,574327,0.9801820664403498,1.0
7758,69696,0.17566121772218282,4.0
7758,112714,0.5979004255807411,2.0
7758,379311,0.04175067544142444,9.0
7758,122432,0.08027019166697594,7.0
7758,322826,0.10672770202404068,6.0
7758,112208,0.001142494185440667,10.0
7758,17923,0.17358056642240297,5.0
7758,172703,0.06891378973662274,8.0
1915,306144,0.7104789008778583,3.0
1915,182168,0.48631108663212785,8.0
1915,78176,0.05230438327545577,10.0
1915,393953,0.9512553763767134,1.0
1915,140038,0.5108014642096464,7.0
1915,583956,0.7462088046568255,2.0
1915,318266,0.6067431004582395,5.0
1915,66246,0.7038525625835149,4.0
1915,505580,0.11047709844630961,9.0
1915,591940,0.5432779489083425,6.0
4415,108859,0.1,10.0
4415,32744,0.5973995241147636,8.0
4415,61792,0.6732804766989726,6.0
4415,370879,0.6333773012621265,7.0
4415,14926,0.9383010889483621,1.0
4415,244427,0.7990351101334857,4.0
4415,399751,0.6917930261393117,5.0
4415,147646,0.9044352503384839,2.0
4415,309550,0.8366897862658051,3.0
4415,235522,0.3117681022242239,9.0
10482,201495,0.9234249746568081,2.0
10482,439757,0.994574589509022,1.0
10482,387277,0.8193998142621429,4.0
10482,518379,0.7190395044317206,6.0
10482,175821,0.7346174075316168,5.0
10482,142696,0.4354823437240655,7.0
10482,535317,0.19110849410455516,9.0
10482,364575,0.001145246904264891,10.0
10482,72402,0.3759790354988261,8.0
10482,34925,0.8292134041546539,3.0
2296,119298,0.9286478444812553,1.0
2296,279897,0.747011750907915,4.0
2296,460357,0.17782343487626845,8.0
2296,396853,0.8106683310130969,3.0
2296,577201,0.4594486905623399,6.0
2296,410119,0.15769917726951255,9.0
2296,275410,0.01331340980852909,10.0
2296,120090,0.48301167147638,5.0
2296,169688,0.3338381496959943,7.0
2296,175982,0.9,2.0
6787,58290,0.42954427629194036,4.0
6787,456436,0.3557991804139183,7.0
6787,124230,0.5142246757250726,2.0
6787,457294,0.4217781249986352,5.0
6787,261189,0.17415100096490163,8.0
6787,220022,0.15516278064679564,9.0
6787,382381,0.3983424782665114,6.0
6787,552707,0.4954500675835216,3.0
6787,309555,0.0024532305092414518,10.0
6787,223070,0.9,1.0
2857,117451,1.0,1.0
2857,123659,0.5606465975816706,6.0
2857,590917,0.8018676257425287,4.0
2857,295864,0.5525824574947539,7.0
2857,19606,0.6096296818100857,5.0
2857,60175,0.857703447662285,2.0
2857,348733,0.012410385422170852,8.0
2857,464502,0.008345760695367785,9.0
2857,581038,0.8501078426740217,3.0
2857,482335,0.0060843399155753545,10.0
753,114418,1.0,1.0
753,51729,0.5768287325978421,5.0
753,581509,0.8737801965416451,2.0
753,72046,0.4501100326971169,7.0
753,466718,0.8106943153510633,3.0
753,504255,0.6100990655579206,4.0
753,297290,0.009022072831256727,10.0
753,125355,0.3422379418809043,8.0
753,177648,0.5442392414087869,6.0
753,61792,0.11332713198384063,9.0
2676,55666,1.0,1.0
2676,13975,0.5167587947513387,4.0
2676,264408,0.06710019423985658,10.0
2676,44110,0.37619074210916004,5.0
2676,182168,0.6393686269525468,2.0
2676,313171,0.5213529360420999,3.0
2676,244749,0.13010551329406872,8.0
2676,218845,0.2221300482207657,7.0
2676,279897,0.12223328333978667,9.0
2676,196427,0.2556015099069873,6.0
7456,164008,0.8005632393158554,5.0
7456,494727,0.9457422943422937,1.0
7456,284235,0.9323298729487406,2.0
7456,169062,0.1523865314099338,8.0
7456,413041,0.04559413195474441,10.0
7456,316838,0.7050434213889052,6.0
7456,112714,0.8513434123906873,4.0
7456,69197,0.08789085918809952,9.0
7456,127452,0.6350927890809409,7.0
7456,394244,0.9,3.0
2579,524471,1.0,1.0
2579,280838,0.5871363260497915,3.0
2579,229809,0.23699934604081652,6.0
2579,570155,0.048335303286087934,9.0
2579,263481,0.5239711171772992,4.0
2579,197052,0.6470803273851735,2.0
2579,55064,0.22000019320278738,7.0
2579,579473,0.19249029786016209,8.0
2579,566480,0.24565696542643092,5.0
2579,410119,0.0,10.0
687,506831,0.743913475336873,3.0
687,342258,0.6331214491096258,5.0
687,449630,0.5705201958992943,6.0
687,214024,0.5605862487958243,7.0
687,478186,0.9058344785963609,2.0
687,579473,0.9138825822737265,1.0
687,406457,0.7077635093123473,4.0
687,508895,0.4976419702085001,8.0
687,494926,0.0009002203609083858,10.0
687,16670,0.4467041752821418,9.0
2445,431685,1.0,1.0
2445,328341,0.5126382119897903,4.0
2445,352838,0.6012823891846478,3.0
2445,372909,0.49090779876623497,5.0
2445,366761,0.6276496431871799,2.0
2445,195081,0.025032895198770364,9.0
2445,88124,0.27032743563992584,6.0
2445,114418,0.24966757324505048,7.0
2445,360011,0.0023801668232618384,10.0
2445,539133,0.23417120906090938,8.0
2885,17651,0.5911753512619156,7.0
2885,460398,0.8847520966441889,3.0
2885,429579,0.610065381636167,6.0
2885,516444,0.8092059476657982,5.0
2885,102081,0.9426379543619485,1.0
2885,540539,0.2579576541828928,9.0
2885,118730,0.9136577518257669,2.0
2885,279865,0.8653532199237617,4.0
2885,101453,0.0067086307499733214,10.0
2885,167356,0.3727213403457588,8.0
5264,431814,0.5687305407768647,4.0
5264,42438,0.039609443270170464,10.0
5264,52579,0.9384193218464342,1.0
5264,505694,0.6993568102693198,2.0
5264,114439,0.16232608880210775,8.0
5264,580920,0.6539314868924058,3.0
5264,481166,0.15098777265287644,9.0
5264,400841,0.27160473917076344,6.0
5264,371720,0.30525103695370354,5.0
5264,186453,0.2318115548579401,7.0
7633,494727,1.0,1.0
7633,284235,0.5840163639770595,5.0
7633,164008,0.4491491026745129,7.0
7633,175831,0.7277827917725552,3.0
7633,228983,0.5731774505331221,6.0
7633,413041,0.03182667197590045,10.0
7633,112714,0.44699575341827885,8.0
7633,127452,0.6725348520904498,4.0
7633,31465,0.2083209267056864,9.0
7633,394244,0.8440394656352055,2.0
9291,17208,1.0,1.0
9291,480315,0.48860685111944846,6.0
9291,536120,0.8268031648717018,2.0
9291,377429,0.5162467130501789,3.0
9291,539263,0.5140433745461319,4.0
9291,423658,0.44367177950005837,7.0
9291,172703,0.4924603139962597,5.0
9291,345199,0.19283463597194664,8.0
9291,61022,0.0016036359093450706,10.0
9291,328086,0.14032323795576948,9.0
4640,331534,1.0,1.0
4640,367785,0.7701940863269638,2.0
4640,104788,0.7173181839848115,3.0
4640,183612,0.2810913934774105,7.0
4640,526110,0.2807199221248625,8.0
4640,298099,0.5697354320117249,4.0
4640,454810,0.17903449094681959,9.0
4640,153541,0.36207078762597955,6.0
4640,49797,0.00934122862074685,10.0
4640,468923,0.404833268311789,5.0
939,366761,0.698854335684181,2.0
939,466084,0.12565289369348734,8.0
939,31793,0.3729232193960204,5.0
939,392434,0.9191260550849026,1.0
939,55666,0.04452968274756013,9.0
939,19183,0.39574388845063546,3.0
939,565181,0.1563324675854012,7.0
939,467575,0.003776352571966797,10.0
939,115333,0.2225519506060677,6.0
939,250702,0.3796204900503509,4.0
1306,387022,0.962596793961334,1.0
1306,266952,0.3235813539274477,7.0
1306,594206,0.9047931872459058,3.0
1306,472243,0.9244406358331541,2.0
1306,447353,0.38536569987109526,5.0
1306,410119,0.2235709290880564,9.0
1306,460457,0.47534557863603333,4.0
1306,18003,0.2429747878963447,8.0
1306,372204,0.0023798601360706566,10.0
1306,583203,0.33249649018424055,6.0
8475,104793,0.7680611896894186,3.0
8475,494655,0.8484225128425438,2.0
8475,240562,0.9559598467028855,1.0
8475,21311,0.49771831191047433,5.0
8475,437427,0.47909449570980095,6.0
8475,361028,0.01911751256994899,10.0
8475,51615,0.09056660503675636,9.0
8475,444107,0.5796312111735475,4.0
8475,72402,0.11870080689430951,8.0
8475,174335,0.2241462908329945,7.0
6807,332567,1.0,1.0
6807,402466,0.2060741332729538,4.0
6807,187583,0.15579826683526388,6.0
6807,459351,0.3885285535881027,2.0
6807,535697,0.28830568742070856,3.0
6807,59714,0.1556848570512356,7.0
6807,211622,0.18810963602722647,5.0
6807,11184,0.003497303696058914,10.0
6807,565765,0.1108178698124362,8.0
6807,93971,0.06930264491094866,9.0
5228,259476,1.0,1.0
5228,158732,0.6556841493172707,3.0
5228,131774,0.7627500142668785,2.0
5228,331534,0.3538296683871638,8.0
5228,341947,0.5388303906826897,5.0
5228,366594,0.4682197900177289,6.0
5228,140038,0.41786171032630576,7.0
5228,156194,0.10562058214366947,9.0
5228,352120,0.5528513634442931,4.0
5228,414534,0.0,10.0
2856,108739,0.4765291626089613,4.0
2856,296769,0.44911445058045707,6.0
2856,346042,0.43610160813936616,7.0
2856,219033,0.4599480525566576,5.0
2856,361028,0.30964038591114496,9.0
2856,23340,0.41339749033987067,8.0
2856,386173,0.022401697144890296,10.0
2856,231727,0.699348950355254,2.0
2856,110848,0.9064737366414765,1.0
2856,213331,0.48779809772523214,3.0
3791,212222,1.0,1.0
3791,301570,0.01775399895662871,10.0
3791,521641,0.14190932126309913,9.0
3791,10790,0.24198979034845564,7.0
3791,197494,0.33046413369123806,5.0
3791,482415,0.6055786085825261,2.0
3791,572272,0.2095525948771766,8.0
3791,34925,0.3045078357555974,6.0
3791,440270,0.3843906600981849,4.0
3791,577201,0.6004063148843716,3.0
4514,1642,0.6963949958068255,4.0
4514,156211,0.9996453246786603,1.0
4514,426270,0.8223676864583938,3.0
4514,317429,0.8244008044044587,2.0
4514,352485,0.6767651198848448,5.0
4514,197222,0.3886454815014549,9.0
4514,117451,0.4624451369918784,7.0
4514,565782,0.4061433577765216,8.0
4514,514417,0.5787754542467685,6.0
4514,134722,0.0,10.0
6122,496166,1.0,1.0
6122,118280,0.2768454357479166,6.0
6122,117274,0.2858563788926865,5.0
6122,305509,0.3540177962729097,4.0
6122,42533,0.38826552565779526,2.0
6122,219504,0.37059700064708706,3.0
6122,283072,0.0029801271488174436,10.0
6122,428829,0.23447485423680833,7.0
6122,39819,0.13315428144247057,9.0
6122,102081,0.2212283587586339,8.0
8832,108059,0.15750938095002193,6.0
8832,94689,0.9991239450740219,1.0
8832,597351,0.27875468868951986,3.0
8832,268289,0.20934322693632385,4.0
8832,170594,0.39881125492668607,2.0
8832,133093,0.11331087366843942,7.0
8832,259317,0.18745877722360066,5.0
8832,234103,0.04504263521675465,8.0
8832,195767,0.010847637073710942,9.0
8832,387141,0.0,10.0
7145,301580,1.0,1.0
7145,379311,0.8254679230467502,2.0
7145,62966,0.03356374256280983,10.0
7145,297290,0.6515061475616407,4.0
7145,451855,0.090824031608769,8.0
7145,471964,0.38430152334979656,5.0
7145,453542,0.04664558744623194,9.0
7145,387277,0.18421635755510293,7.0
7145,81458,0.8083341166778175,3.0
7145,172703,0.24172032338381522,6.0
7674,164008,0.4885414290915422,5.0
7674,249279,0.9876366534499136,1.0
7674,367641,0.32766205455204184,6.0
7674,89460,0.7874090337140045,2.0
7674,65120,0.5270747348383895,4.0
7674,494295,0.5941477426710362,3.0
7674,223206,0.24619409905229747,7.0
7674,452870,0.16030927197850084,8.0
7674,172443,0.116672148275171,9.0
7674,2064,0.0,10.0
8202,115553,0.5451345790828678,7.0
8202,92267,0.8986054126740619,2.0
8202,251704,0.6554515147347566,5.0
8202,514500,0.7036029333648051,4.0
8202,60175,0.44054215932221535,9.0
8202,99857,0.7973287518913013,3.0
8202,186453,0.9072044086512514,1.0
8202,31465,0.48996191122264066,8.0
8202,59714,0.557102729800219,6.0
8202,265213,0.0,10.0
3682,233497,0.1,10.0
3682,329662,0.9984431364319858,1.0
3682,426223,0.2701560398216221,9.0
3682,537418,0.9130793414928293,3.0
3682,388613,0.28826313831760575,8.0
3682,336018,0.9359674689135575,2.0
3682,27401,0.33969452144111223,5.0
3682,281707,0.3360802405418616,6.0
3682,55022,0.33229993241446226,7.0
3682,330041,0.6608225315825059,4.0
3446,323498,1.0,1.0
3446,211839,0.9386003805451113,2.0
3446,31550,0.5807348124279205,3.0
3446,505027,0.5247428987629761,4.0
3446,367785,0.34850900543870444,7.0
3446,204176,0.16987773903343184,9.0
3446,366685,0.42971916836134794,5.0
3446,157702,0.2093746836229814,8.0
3446,241099,0.01833126781482536,10.0
3446,511386,0.4193816717618505,6.0
7592,40966,0.8804343933693223,3.0
7592,273947,0.8715442268599022,4.0
7592,593283,0.8119731868111763,5.0
7592,170141,0.15277333066975154,9.0
7592,208219,0.9175205543362818,2.0
7592,563025,0.926388645278643,1.0
7592,73427,0.4146241158383234,8.0
7592,213370,0.6460776404683479,7.0
7592,15824,0.6640341115280463,6.0
7592,198349,0.0,10.0
6715,13732,0.9261419413869031,2.0
6715,568526,0.9615569867274437,1.0
6715,275902,0.29142995267967997,7.0
6715,193312,0.5026319450800876,3.0
6715,518563,0.027173262714594082,10.0
6715,51729,0.3541376703637679,6.0
6715,457294,0.2775016302608099,8.0
6715,149306,0.4572209425926618,5.0
6715,526110,0.268528147108982,9.0
6715,113619,0.48754959191277947,4.0
2264,534454,0.893466042804776,2.0
2264,556976,0.5764597735108417,5.0
2264,244104,0.9349452478152872,1.0
2264,350819,0.034827551815512774,10.0
2264,588247,0.08422055849910352,9.0
2264,488574,0.6488593463987327,4.0
2264,31793,0.09727977410927528,7.0
2264,352838,0.08819710208271148,8.0
2264,450808,0.4727284253722959,6.0
2264,498834,0.7548634794204268,3.0
6121,315275,0.7185877075858594,2.0
6121,289231,0.9874492575589178,1.0
6121,523158,0.04376296600769963,10.0
6121,184175,0.6819341503342158,3.0
6121,333184,0.2396341074043784,9.0
6121,524801,0.496447918662769,5.0
6121,235545,0.45591541182719464,7.0
6121,570964,0.27281285462779614,8.0
6121,171339,0.6595364243314915,4.0
6121,344573,0.48773957636500037,6.0
3453,418626,0.9785400497418263,1.0
3453,156211,0.4658091737875557,5.0
3453,1642,0.29220270962551653,6.0
3453,296516,0.0208047848609351,10.0
3453,233635,0.9166219952065503,2.0
3453,317429,0.4762845793455789,4.0
3453,352485,0.254675268705101,8.0
3453,565782,0.26851766299703783,7.0
3453,337764,0.22453111772935336,9.0
3453,209804,0.5279634487218754,3.0
6985,561884,0.12292874931051685,9.0
6985,149305,0.3958326082292699,2.0
6985,456436,0.9524341389496475,1.0
6985,78029,0.26879946777260266,6.0
6985,403755,0.02863659449512501,10.0
6985,538023,0.17431542126015537,7.0
6985,464533,0.13024020204659492,8.0
6985,196427,0.32924957628835916,3.0
6985,54584,0.2813214669137889,4.0
6985,587120,0.2739927384221432,5.0
2181,77245,0.3337808496218323,8.0
2181,234436,0.6402406455289169,4.0
2181,470289,0.9895201914465798,1.0
2181,136315,0.15749473777676434,9.0
2181,101604,0.5929166923591853,5.0
2181,288189,0.4918130963926512,6.0
2181,391988,0.6917270445324756,2.0
2181,56718,0.6831820672294487,3.0
2181,555732,0.48938718208263077,7.0
2181,499782,0.0,10.0
8532,40702,0.4764068093122862,4.0
8532,416307,0.9985512153016278,1.0
8532,427726,0.08765080630739784,10.0
8532,543714,0.09931646161920518,9.0
8532,42438,0.8151767841934504,2.0
8532,344372,0.29251474553794105,6.0
8532,125355,0.260929972391966,7.0
8532,483299,0.3089948575034177,5.0
8532,100103,0.23795632308168843,8.0
8532,6574,0.7374621390875868,3.0
4312,222639,0.7374996766750339,2.0
4312,282435,0.9887581668965675,1.0
4312,167950,0.7045157897454518,3.0
4312,324779,0.02466497539430998,10.0
4312,507284,0.3136681461317956,8.0
4312,116647,0.347274413780514,7.0
4312,218759,0.39950594350380814,6.0
4312,535998,0.11305791255900352,9.0
4312,228341,0.4331599092874974,5.0
4312,535651,0.5113971785498185,4.0
9108,415976,0.1,10.0
9108,123702,0.8749252920169226,3.0
9108,133468,0.15469467358942868,9.0
9108,258291,0.9186700056773403,1.0
9108,461592,0.7700282387957853,5.0
9108,579763,0.9185747039301315,2.0
9108,472051,0.5604933972690076,7.0
9108,298128,0.6254276292485195,6.0
9108,305579,0.24752789881928314,8.0
9108,22221,0.8022032649569497,4.0
8116,433032,1.0,1.0
8116,319793,0.3026080254163814,7.0
8116,236482,0.6949401544496185,2.0
8116,182297,0.1644504683822745,9.0
8116,533457,0.6446674657477787,3.0
8116,403186,0.019851880012948384,10.0
8116,433197,0.5485285963946316,4.0
8116,38711,0.30634007207137987,6.0
8116,374867,0.4128228787696729,5.0
8116,314478,0.19246360180172756,8.0
9403,243148,0.19211860115502982,7.0
9403,228403,0.9128772648149241,1.0
9403,175982,0.6029500963755573,4.0
9403,562793,0.5073808445097316,5.0
9403,81924,0.11270807607733804,8.0
9403,472516,0.0029648281624979657,10.0
9403,513258,0.02138472567589638,9.0
9403,150650,0.7290870089000068,3.0
9403,269898,0.8795489053087684,2.0
9403,29790,0.4572417470260584,6.0
776,124027,1.0,1.0
776,597247,0.6613197350663136,2.0
776,597880,0.46076759792512173,8.0
776,592680,0.44541646950573865,9.0
776,10440,0.652265091456021,3.0
776,276411,0.004499518688597023,10.0
776,496899,0.5073685643159207,5.0
776,418864,0.5011423384201827,6.0
776,454810,0.49933427299604455,7.0
776,136270,0.5105802145364502,4.0
6199,473322,1.0,1.0
6199,157553,0.7790686578242122,2.0
6199,332314,0.6394105787507667,5.0
6199,521641,0.7088511161221955,4.0
6199,433801,0.5374140309839935,6.0
6199,93231,0.2624120313625215,9.0
6199,525827,0.7202380984662854,3.0
6199,409120,0.013739680981508188,10.0
6199,279845,0.3983868628969489,8.0
6199,366448,0.41364788855653467,7.0
1393,234436,0.8799865915913893,2.0
1393,220022,0.9631603817527276,1.0
1393,532932,0.8113976218981834,3.0
1393,394871,0.5181328254051779,7.0
1393,77245,0.6838140407520122,5.0
1393,352640,0.7415842684756238,4.0
1393,499782,0.06306151520941854,9.0
1393,326665,0.017643305757931025,10.0
1393,196920,0.5822166571492041,6.0
1393,555732,0.22230811610222204,8.0
9668,111768,1.0,1.0
9668,75437,0.5847171360185106,6.0
9668,55022,0.03721285183480393,10.0
9668,6574,0.8619878057601618,3.0
9668,62151,0.6710124758887251,5.0
9668,594655,0.16917121246888073,9.0
9668,13260,0.8092853252475736,4.0
9668,79998,0.3368004501380482,8.0
9668,42438,0.8813955832793591,2.0
9668,416307,0.4135408926051151,7.0
9088,557219,0.7401315398756145,3.0
9088,224654,0.6876939724142881,5.0
9088,536120,0.46597081011109254,7.0
9088,226303,0.9465221780698041,1.0
9088,539263,0.042445403693102346,10.0
9088,511093,0.37884455729877936,8.0
9088,433809,0.3734559841715562,9.0
9088,472516,0.698091585710367,4.0
9088,461051,0.7594300241706379,2.0
9088,344041,0.5993571912498483,6.0
3091,159936,0.7507296068002087,4.0
3091,187739,0.9487915101933659,1.0
3091,95778,0.6324063617856571,5.0
3091,416796,0.16838372212069233,8.0
3091,437538,0.2523398193611979,7.0
3091,254454,0.10831464675706275,9.0
3091,274870,0.8204033695814035,3.0
3091,426223,0.0008642959518407674,10.0
3091,366448,0.9005446943264636,2.0
3091,216384,0.28860362751202473,6.0
1157,405777,1.0,1.0
1157,266952,0.3132118320643533,6.0
1157,251411,0.5249820801241443,3.0
1157,243503,0.6375976568951827,2.0
1157,452544,0.49455369245210945,4.0
1157,564618,0.2703513238541418,8.0
1157,295980,0.26310147239465903,9.0
1157,388455,0.44490114904347156,5.0
1157,350819,3.1008210927331054e-05,10.0
1157,97348,0.3077321175484225,7.0
4335,318583,1.0,1.0
4335,322246,0.6409581640287395,2.0
4335,416225,0.3699105989030489,4.0
4335,109860,0.08329365169787188,8.0
4335,382381,0.057941661023856644,9.0
4335,110515,0.2569125957039872,5.0
4335,126134,0.17322282955956125,6.0
4335,190169,0.0011819029429251367,10.0
4335,158185,0.49067865046661985,3.0
4335,274359,0.08891944788660455,7.0
8947,545759,0.2844426047038243,6.0
8947,61022,0.35184844856107617,4.0
8947,532657,0.3204843575361146,5.0
8947,461592,0.9462212410059746,1.0
8947,461084,0.08307789026012698,9.0
8947,127134,0.4519445000365418,2.0
8947,384564,0.09588525683480477,8.0
8947,388646,0.010072706440231014,10.0
8947,452870,0.39172463102114014,3.0
8947,214901,0.21786249279469785,7.0
6410,418150,1.0,1.0
6410,112208,0.6304277367593714,4.0
6410,273861,0.28665790691286297,9.0
6410,172703,0.5170300679951425,8.0
6410,59994,0.61689983613137,5.0
6410,528034,0.5706207475938967,6.0
6410,107092,0.01630609399629502,10.0
6410,100485,0.5362302986655406,7.0
6410,133093,0.651448289340633,2.0
6410,87722,0.6347814720188908,3.0
5196,565745,1.0,1.0
5196,219033,0.960119167796476,2.0
5196,213370,0.7272056637299306,4.0
5196,171339,0.746403232672127,3.0
5196,356928,0.7219852801124511,5.0
5196,581889,0.2989800762949519,8.0
5196,273528,0.6667942757064355,6.0
5196,114829,0.45970059125331053,7.0
5196,555101,0.24509564827368982,9.0
5196,474050,0.0,10.0
8789,87349,1.0,1.0
8789,41912,0.5834906878441668,2.0
8789,102436,0.05114029529910377,8.0
8789,58290,0.12718611088934678,7.0
8789,14870,0.26236467613716197,3.0
8789,328341,0.14385529413802184,6.0
8789,152014,0.0405126096450545,9.0
8789,296528,0.0014031394588413155,10.0
8789,213526,0.1733023120063637,5.0
8789,316838,0.18195469417507512,4.0
5808,251824,1.0,1.0
5808,51615,0.24521365056812613,8.0
5808,535697,0.8689133848248091,2.0
5808,43781,0.3527648315949833,5.0
5808,226053,0.35235753169423917,6.0
5808,226070,0.4228399522514116,4.0
5808,271243,0.6584443743548157,3.0
5808,88477,0.0810527592972314,9.0
5808,350145,2.9832425884538632e-05,10.0
5808,72652,0.2482512811359981,7.0
9701,225682,1.0,1.0
9701,19711,0.47249979107666945,5.0
9701,494926,0.3610475697071955,8.0
9701,384230,0.43351286357947094,6.0
9701,457416,0.5038265682188281,4.0
9701,279865,0.7184681207476816,2.0
9701,473540,0.55345238343782,3.0
9701,76054,0.43089274853145904,7.0
9701,533515,0.2051967411507373,9.0
9701,321969,0.0,10.0
3179,56718,0.7068781028634529,3.0
3179,385073,0.9904796047431687,1.0
3179,150219,0.7838533514555073,2.0
3179,243503,0.45604467822908157,5.0
3179,442142,0.4094777361856603,6.0
3179,352838,0.546425410072102,4.0
3179,124630,0.005784212598748558,10.0
3179,431685,0.20213398293106585,7.0
3179,597247,0.1643332583554197,9.0
3179,174335,0.19288411234308442,8.0
6896,196427,0.9019089211998613,2.0
6896,330041,0.7382148740109058,5.0
6896,244749,0.5033285843017771,7.0
6896,223070,0.8640292890940336,3.0
6896,403755,0.04441333486143801,10.0
6896,38711,0.47905632526322783,8.0
6896,149305,0.8502952996082506,4.0
6896,106501,0.3780203212778534,9.0
6896,587120,0.9062630191747433,1.0
6896,102443,0.7281362839866269,6.0
2513,25762,0.6911906678091269,2.0
2513,518624,0.3001627746379736,4.0
2513,588247,0.22384130346248998,8.0
2513,82344,0.9311043460915214,1.0
2513,97348,0.5051933068937972,3.0
2513,102443,0.2864170646963946,5.0
2513,405777,0.28453913479359866,6.0
2513,352838,0.24907892560606062,7.0
2513,147646,0.002045171235555188,10.0
2513,120090,0.16054429702276946,9.0
8937,294295,0.6274717350461713,5.0
8937,13260,0.3300198483129377,8.0
8937,336541,0.7854911500714244,4.0
8937,320101,0.8047509319734041,2.0
8937,416307,0.48383804940238745,6.0
8937,100103,0.9051032249201101,1.0
8937,363043,0.7955584373381774,3.0
8937,429378,0.0038362372539094917,10.0
8937,88892,0.26323191013042496,9.0
8937,214003,0.43517237067752895,7.0
9643,112208,1.0,1.0
9643,100485,0.5647813034205766,5.0
9643,480315,0.3926371950594358,9.0
9643,428082,0.022153686072782293,10.0
9643,467575,0.5245361066349039,7.0
9643,87722,0.4662151347751168,8.0
9643,581038,0.6240209186351128,2.0
9643,214542,0.581072057206294,3.0
9643,539263,0.549021458274477,6.0
9643,156816,0.5672071401205063,4.0
5653,588247,1.0,1.0
5653,483456,0.14735244767889133,7.0
5653,14543,0.20922420184488,5.0
5653,87722,0.2704004032728051,4.0
5653,290930,0.41901223031590656,2.0
5653,461592,0.11994793930188372,9.0
5653,446984,0.14652127748435448,8.0
5653,583635,0.20012822538487923,6.0
5653,31377,0.3419069090273717,3.0
5653,66631,0.0,10.0
2551,143100,1.0,1.0
2551,479276,0.4573748705744742,2.0
2551,202990,0.3057224361166095,5.0
2551,9938,0.13520460168566764,9.0
2551,394460,0.32310669994484387,4.0
2551,242124,0.25428079810668164,7.0
2551,523158,0.3374024136618523,3.0
2551,384642,0.008272268602662426,10.0
2551,572272,0.19436425971673582,8.0
2551,362805,0.29947646031118935,6.0
1948,467509,1.0,1.0
1948,108739,0.4258738089693146,7.0
1948,356928,0.7013903266988141,2.0
1948,223206,0.16860719735918275,8.0
1948,219033,0.6616674826657504,3.0
1948,443795,0.4604146053294653,6.0
1948,362215,0.5873930706320817,4.0
1948,377571,0.04054523626594203,9.0
1948,399700,0.011376289428583208,10.0
1948,213331,0.5359508764371091,5.0
4920,228341,1.0,1.0
4920,82294,0.648285386201739,3.0
4920,277217,0.46187647167245716,4.0
4920,306815,0.8359998428535883,2.0
4920,22221,0.06095055693698968,9.0
4920,371720,0.011030232878911023,10.0
4920,415340,0.10682045517809222,6.0
4920,323363,0.0685647506320962,7.0
4920,283202,0.0663317811910703,8.0
4920,115517,0.313629854606617,5.0
2589,450577,0.7671169640105205,3.0
2589,43961,0.95084926176629,1.0
2589,468144,0.9326202950374568,2.0
2589,437969,0.24617504694808606,9.0
2589,581889,0.4672721333610049,4.0
2589,509650,0.34463382679650856,7.0
2589,75252,0.28801346414176493,8.0
2589,307610,0.3707773750001323,5.0
2589,557877,0.002164856653670798,10.0
2589,527698,0.3453498131678398,6.0
7513,112208,1.0,1.0
7513,172703,0.6403754965989435,4.0
7513,328086,0.7458097326847233,3.0
7513,115372,0.5989842258656788,5.0
7513,273861,0.3397318669416691,6.0
7513,87722,0.060217324199491024,9.0
7513,377429,0.2293822242453555,7.0
7513,387277,0.17823068120189106,8.0
7513,62966,0.8498873196101767,2.0
7513,418150,0.0,10.0
5410,13975,1.0,1.0
5410,371720,0.37071462009530426,6.0
5410,494323,0.824494108848631,2.0
5410,249844,0.05835135272214029,10.0
5410,488258,0.4540367677622458,5.0
5410,75235,0.36509341145635654,7.0
5410,488732,0.6735333830057197,3.0
5410,457532,0.28263751663841863,8.0
5410,108739,0.6705881501331531,4.0
5410,193312,0.12925581832793048,9.0
2334,228403,1.0,1.0
2334,107092,0.33332176110565903,7.0
2334,150650,0.7461223074800188,2.0
2334,93936,0.5697452068099704,4.0
2334,2304,0.6676000012533684,3.0
2334,208219,0.5485347627113372,5.0
2334,274870,0.053109738818658256,9.0
2334,156194,0.0020041923505402944,10.0
2334,204917,0.41671606055009586,6.0
2334,385506,0.3048700110301861,8.0
1783,445298,1.0,1.0
1783,306800,0.7139739221061895,3.0
1783,309555,0.30685610630031607,7.0
1783,167660,0.42287515714132795,6.0
1783,272425,0.47375720414537925,4.0
1783,43497,0.1343194968097191,9.0
1783,57320,0.4387698065443925,5.0
1783,384631,0.16053453968179604,8.0
1783,179066,0.7206138575521172,2.0
1783,102237,0.0,10.0
4641,494753,0.4452820883504681,6.0
4641,213673,0.7259850088876992,3.0
4641,237580,0.6495677144462265,4.0
4641,44594,0.9463309662129975,1.0
4641,211867,0.030569569601701287,10.0
4641,406219,0.8542675354738052,2.0
4641,409120,0.33540014117036604,7.0
4641,461592,0.07421418188016256,9.0
4641,450228,0.23799190760429154,8.0
4641,192811,0.53495831360313,5.0
1469,444589,1.0,1.0
1469,243503,0.7081613702082578,3.0
1469,426570,0.6253484320419928,4.0
1469,469776,0.26942019838423764,8.0
1469,18003,0.5353249841842889,6.0
1469,421371,0.8278614055189444,2.0
1469,335336,0.0018662891927631404,10.0
1469,484649,0.4255112215966682,7.0
1469,56320,0.5566646446952723,5.0
1469,451737,0.22514159619440807,9.0
10267,569632,1.0,1.0
10267,487348,0.8066858559766276,3.0
10267,22036,0.24365356222423595,7.0
10267,522713,0.45078235187837357,5.0
10267,457108,0.8619245824154403,2.0
10267,379667,0.022758329428727676,10.0
10267,330379,0.1173451021973842,9.0
10267,108859,0.20865687314774478,8.0
10267,186578,0.4928202419284502,4.0
10267,17652,0.2651140983749253,6.0
3771,59994,0.951612552354362,1.0
3771,95966,0.23258021663478753,7.0
3771,13346,0.9245816193525814,2.0
3771,40062,0.5619549398826743,3.0
3771,95762,0.009149081214342781,10.0
3771,97764,0.3636350961446643,5.0
3771,478890,0.22134476360806396,8.0
3771,515072,0.2796982741347743,6.0
3771,303025,0.4743963176362582,4.0
3771,346450,0.20051434928336487,9.0
10497,147765,0.8432508028164405,5.0
10497,159880,0.8602622731180809,4.0
10497,445230,0.9016708322766487,2.0
10497,535705,0.48629730474492094,7.0
10497,575729,0.8979248815575342,3.0
10497,71898,0.9259783496778141,1.0
10497,569461,0.16781259141323024,9.0
10497,31483,0.7330179591260394,6.0
10497,456436,0.004562021525111328,10.0
10497,160301,0.17354044776979846,8.0
2472,337165,0.15738171449595326,9.0
2472,584273,0.523882708508233,4.0
2472,138151,0.055953801461700196,10.0
2472,534099,0.7193801000056959,2.0
2472,416796,0.479535660134365,5.0
2472,366597,0.5816223349293967,3.0
2472,216384,0.16184198443642758,8.0
2472,187739,0.47237235448901665,6.0
2472,169921,0.3323860298886141,7.0
2472,518563,0.9,1.0
503,171761,1.0,1.0
503,257656,0.12401290458905403,7.0
503,405374,0.8294655574704133,2.0
503,433032,0.10042528871436371,8.0
503,343489,0.2620603209728064,5.0
503,531990,0.02408814030076508,9.0
503,156816,0.5673931280407751,3.0
503,100485,0.1767535092098264,6.0
503,69965,0.00041206925630052837,10.0
503,350680,0.3058980649421089,4.0
6832,552346,0.8344727009932612,4.0
6832,573874,0.9400867538699369,1.0
6832,244749,0.4612916126376685,6.0
6832,377853,0.9056353201486335,2.0
6832,116694,0.23326600207071993,9.0
6832,108040,0.3561237968159172,7.0
6832,349554,0.8377411466372762,3.0
6832,459351,0.558030410187431,5.0
6832,42533,0.0003804895371092992,10.0
6832,239214,0.3265792976822334,8.0
864,24890,0.7676143536292193,4.0
864,30142,0.987556972306343,1.0
864,450808,0.07748545573969784,10.0
864,472924,0.8116934694365711,2.0
864,566337,0.7881886676979912,3.0
864,291726,0.5524560436384524,6.0
864,479625,0.5760702190422564,5.0
864,175339,0.3034107357226184,9.0
864,231947,0.3291071681234143,8.0
864,244104,0.37858749430176813,7.0
2580,11988,0.6834214885322083,2.0
2580,344118,0.9641472298175936,1.0
2580,371720,0.5902423133873796,3.0
2580,87722,0.2058010376105488,7.0
2580,360481,0.17723326188122462,8.0
2580,75764,0.1449470411731187,9.0
2580,585447,0.37845254394261374,5.0
2580,114439,0.34005142562922697,6.0
2580,272738,0.005288677420830096,10.0
2580,503934,0.38812007274199006,4.0
6625,416307,0.55611371567427,4.0
6625,88892,0.9720750758152731,1.0
6625,336541,0.5149442624869253,6.0
6625,27401,0.5548879640250974,5.0
6625,320101,0.5638817279993352,3.0
6625,557356,0.35285414354043687,8.0
6625,138703,0.2481633524878219,9.0
6625,13260,0.6101418012001997,2.0
6625,595133,0.0027413315441141037,10.0
6625,75437,0.39065112867697366,7.0
2685,308837,0.2476370446463051,7.0
2685,539133,0.029750054257328597,10.0
2685,302792,0.5079456615404382,4.0
2685,243499,0.2256553499759752,8.0
2685,575497,0.3140647856755439,6.0
2685,158845,0.08591888252707529,9.0
2685,284075,0.6441244771753131,3.0
2685,382005,0.912186089283011,1.0
2685,136825,0.44789751315981036,5.0
2685,395357,0.6730758727218117,2.0
68,123634,0.4532157513328563,7.0
68,296098,0.6670348345061554,5.0
68,528564,0.9354601298847732,1.0
68,197839,0.05318701150575315,10.0
68,532932,0.931699175090895,2.0
68,352640,0.700852965038354,4.0
68,327002,0.8520990559297958,3.0
68,55666,0.4385662452786862,8.0
68,232199,0.45669471420968544,6.0
68,259766,0.2690657233705722,9.0
813,548705,1.0,1.0
813,284411,0.3738221418387757,5.0
813,196427,0.7143193742741923,2.0
813,2809,0.41830752204936916,4.0
813,127974,0.23324716317524127,8.0
813,171596,0.4300113694029227,3.0
813,318583,0.015331069842731748,10.0
813,459677,0.018362298884273473,9.0
813,418630,0.272853624350575,7.0
813,123468,0.274752804784075,6.0
7345,69790,0.4521420258143105,5.0
7345,254288,0.38326495586962067,6.0
7345,67063,0.5639652776872451,4.0
7345,98130,0.5882322444535004,3.0
7345,416727,0.32495548175501127,7.0
7345,417840,0.23355824111779336,8.0
7345,108,0.9155651751722789,1.0
7345,90447,0.6590314463903171,2.0
7345,348405,0.059960298223150174,9.0
7345,504996,0.0,10.0
8970,96121,1.0,1.0
8970,108040,0.7812996197869965,4.0
8970,187583,0.9030265265441497,2.0
8970,496899,0.6008401521027491,5.0
8970,537857,0.8344499017504327,3.0
8970,314478,0.19685858551049445,8.0
8970,167356,0.2839906982842195,7.0
8970,11988,0.2999293242695457,6.0
8970,128574,0.12185101776593182,9.0
8970,514500,0.0,10.0
7105,72652,1.0,1.0
7105,307380,0.5869533410781325,2.0
7105,220060,0.2284539435313166,7.0
7105,455891,0.19081474444688054,8.0
7105,490294,0.3120455290172305,6.0
7105,314919,0.5022159072804236,4.0
7105,324037,0.16165464789181483,9.0
7105,228341,0.5217812415667905,3.0
7105,479384,0.3479483653841484,5.0
7105,366488,0.0,10.0
1310,535651,0.9075525730838323,1.0
1310,471870,0.05033628029097173,9.0
1310,565698,0.7747127034173223,3.0
1310,344648,0.10754333064957347,8.0
1310,55022,0.5560337634853317,4.0
1310,346622,0.20011838207183885,7.0
1310,24567,0.9028260771798131,2.0
1310,489401,0.042188921411128275,10.0
1310,297831,0.3160185742798928,6.0
1310,44492,0.36694610405796846,5.0
9060,12432,0.27343548691901487,3.0
9060,511093,0.984164278099219,1.0
9060,108,0.19155710175369828,4.0
9060,13260,0.1882931186080649,5.0
9060,511515,0.169901095545162,6.0
9060,304304,0.02976415804079377,10.0
9060,37517,0.1597371609738289,7.0
9060,75437,0.4014542527464652,2.0
9060,43087,0.042993499527507605,9.0
9060,111768,0.08866565966509422,8.0
2549,418150,0.7573338918567807,3.0
2549,327978,0.6641482479886043,4.0
2549,14368,0.8664257414250187,2.0
2549,307380,0.9113405891722303,1.0
2549,301224,0.4030137562363444,5.0
2549,59714,0.24764130093749837,8.0
2549,44601,0.1646322599404062,9.0
2549,265874,0.2759588154964985,6.0
2549,17923,0.260780673530245,7.0
2549,350145,0.0,10.0
559,401254,0.6791912313654558,3.0
559,213370,0.3866636590186794,6.0
559,151639,0.5955584944715997,4.0
559,198349,0.299628314185012,7.0
559,485195,0.012893098134961815,10.0
559,494689,0.8203837734049292,2.0
559,21194,0.17118306012668685,8.0
559,281977,0.5641823866371619,5.0
559,61706,0.15021779116644857,9.0
559,75252,0.9,1.0
7218,266900,0.553637594502955,5.0
7218,32290,0.9754346397434001,1.0
7218,117576,0.5635903183110342,4.0
7218,537418,0.5888953185298534,2.0
7218,482517,0.1958153232115462,8.0
7218,125659,0.48783884559975754,7.0
7218,40447,0.010133344166897283,10.0
7218,6701,0.039701725195064555,9.0
7218,158520,0.5756999874314309,3.0
7218,314478,0.5492684805088973,6.0
2400,158523,0.18388170464081466,9.0
2400,456470,0.5042568627701776,4.0
2400,29306,0.42952060414116205,5.0
2400,22469,0.3180711308049645,7.0
2400,3118,0.521346306841559,3.0
2400,226967,0.568825202203198,2.0
2400,571258,0.24266654939533355,8.0
2400,1198,0.9075537254323752,1.0
2400,307424,0.0007489336789554824,10.0
2400,535697,0.3859392138018118,6.0
2348,447619,1.0,1.0
2348,112591,0.7298389216151309,3.0
2348,306430,0.7330853929395228,2.0
2348,244433,0.6794231862655461,4.0
2348,268261,0.38278677291434876,8.0
2348,265874,0.4318549084587698,7.0
2348,403025,0.34274969628924384,9.0
2348,117576,0.6290270453559315,5.0
2348,14870,0.5805037296500052,6.0
2348,12432,0.0,10.0
3615,335991,0.9722577651022627,2.0
3615,518379,0.9807507129946831,1.0
3615,72402,0.8302883785023057,3.0
3615,72160,0.7795034739196115,4.0
3615,156358,0.6134225469427832,7.0
3615,482544,0.5508757467761753,8.0
3615,174335,0.6375186934340691,6.0
3615,341493,0.7285071569172283,5.0
3615,17166,0.4851796097892394,9.0
3615,489401,0.0,10.0
8102,314478,0.6670441674524525,5.0
8102,149305,0.3611708278958873,9.0
8102,416307,0.4597437620372748,7.0
8102,99857,0.772385884940204,3.0
8102,552707,0.8692131558778323,2.0
8102,223309,0.028019192157611422,10.0
8102,481166,0.43716450594971595,8.0
8102,320101,0.7604107133009154,4.0
8102,344372,0.6596389225047575,6.0
8102,408123,0.9,1.0
5155,462892,1.0,1.0
5155,367785,0.753823189997198,4.0
5155,69495,0.8260451620050125,2.0
5155,280805,0.7748664000376644,3.0
5155,175265,0.1486087372920456,8.0
5155,305671,0.21469415949631543,7.0
5155,191495,0.4674544983076407,6.0
5155,537725,0.0016784125903894762,10.0
5155,157702,0.5781060737084133,5.0
5155,409573,0.06901979082756421,9.0
2460,530037,0.8152742466796201,3.0
2460,584337,0.9867244845457687,1.0
2460,279346,0.44421814685032807,5.0
2460,549180,0.9168437715715291,2.0
2460,196427,0.018005516784200475,10.0
2460,502281,0.30534423585273995,6.0
2460,512803,0.6059218897542772,4.0
2460,505028,0.1921092146337245,8.0
2460,295980,0.07570563649993056,9.0
2460,38711,0.20335325177456026,7.0
2399,343489,1.0,1.0
2399,583124,0.47155627552933377,3.0
2399,468743,0.03799842597283098,10.0
2399,29790,0.27160327740106227,6.0
2399,19606,0.38293919565333245,4.0
2399,521712,0.48033661219958224,2.0
2399,510314,0.20904128441526462,9.0
2399,476834,0.2465291173042337,7.0
2399,457419,0.373422243801612,5.0
2399,442489,0.23125694568952265,8.0
4071,170594,0.7070451867462877,5.0
4071,328556,0.7609317218636642,4.0
4071,337764,0.5998330735867131,6.0
4071,296516,0.536496786692749,7.0
4071,135113,0.9425049198372797,1.0
4071,565782,0.5230078283740094,8.0
4071,352485,0.8379972585691293,3.0
4071,368150,0.22478478930444395,9.0
4071,317429,0.9026513577043436,2.0
4071,543589,0.0,10.0
18,431685,0.6406557691860609,2.0
18,88124,0.9356787530186099,1.0
18,161162,0.12416062146279837,6.0
18,528564,0.015041620147206523,9.0
18,227098,0.01434235669559627,10.0
18,172594,0.18158645619159805,4.0
18,152218,0.17384329915813632,5.0
18,349554,0.023033584289628678,7.0
18,366761,0.5144700509408785,3.0
18,143622,0.02212620893669522,8.0
2306,581889,1.0,1.0
2306,509650,0.674510552605134,4.0
2306,494689,0.8253404280608612,2.0
2306,75252,0.7550036656581608,3.0
2306,368806,0.44702540490326786,7.0
2306,246459,0.4587361896518396,6.0
2306,485195,0.5217954965876334,5.0
2306,401254,0.3006733127887182,9.0
2306,399013,4.587711993169711e-05,10.0
2306,160125,0.318769207196347,8.0
3051,232063,0.984823599261092,1.0
3051,591940,0.961336325885917,2.0
3051,306144,0.7304978432357162,3.0
3051,318266,0.60066953325963,5.0
3051,583956,0.6273793883983028,4.0
3051,73434,0.01040265835839892,10.0
3051,66246,0.5935103996844122,6.0
3051,110515,0.30529566983800066,9.0
3051,393953,0.36656925307908156,8.0
3051,387165,0.40315608096920125,7.0
2395,594182,0.8819996859536228,2.0
2395,149306,0.9735655949724169,1.0
2395,568526,0.7821725251607983,4.0
2395,308837,0.38142143934587036,8.0
2395,13732,0.8069470564817167,3.0
2395,307999,0.4098072239273074,7.0
2395,387010,0.27679459945221774,9.0
2395,414192,8.956777491657566e-05,10.0
2395,13153,0.6379550625068972,5.0
2395,204176,0.440643239251966,6.0
5134,17208,0.46430421987216675,5.0
5134,579557,0.5839946633229683,3.0
5134,536120,0.5065334765112588,4.0
5134,100485,0.707162856190027,2.0
5134,172703,0.3943244069026975,7.0
5134,206727,0.9346962492065313,1.0
5134,122012,0.4625509388422031,6.0
5134,453542,0.35493817634244046,8.0
5134,328086,0.005760817289458999,10.0
5134,539263,0.08564077884540248,9.0
5343,204075,1.0,1.0
5343,296528,0.22657127727432771,8.0
5343,366597,0.3096246799101422,7.0
5343,581889,0.4832556069625152,4.0
5343,184175,0.6055485256303658,3.0
5343,367641,0.6149414458188049,2.0
5343,157553,0.1723038974016683,9.0
5343,405702,0.40389173207233925,6.0
5343,548433,0.44689238082663746,5.0
5343,17443,0.0,10.0
5254,471723,0.16889195136856322,8.0
5254,59714,0.3752258383684802,5.0
5254,402466,0.9481094061144023,1.0
5254,383978,0.5550158097187133,2.0
5254,78675,0.26193381487752054,6.0
5254,14368,0.43238120428368493,4.0
5254,467390,0.09949164016060125,9.0
5254,327978,0.46403153309763684,3.0
5254,44601,0.20269820149573525,7.0
5254,297290,0.0,10.0
3049,582864,1.0,1.0
3049,352640,0.7973771176734538,3.0
3049,77245,0.8390336917713294,2.0
3049,536849,0.563317509680943,8.0
3049,220022,0.5776381915583899,7.0
3049,127974,0.7626372328108351,4.0
3049,132780,0.6038902729517284,6.0
3049,445052,0.6989684963326247,5.0
3049,263361,0.0016070535272579266,10.0
3049,555732,0.5265203518550179,9.0
7509,61191,0.3606350034909197,8.0
7509,423034,0.684780718528508,3.0
7509,472051,0.5262486819040276,7.0
7509,298128,0.6113000612692971,4.0
7509,461592,0.5396577852293245,6.0
7509,22221,0.6059463240180356,5.0
7509,480944,0.014864071502180227,10.0
7509,301580,0.05375090748302037,9.0
7509,323363,0.7819017454099685,2.0
7509,392826,0.9,1.0
5067,328341,0.9238624173450213,2.0
5067,366830,0.8766356109485758,4.0
5067,547301,0.8869470273454275,3.0
5067,539133,0.9734198373322848,1.0
5067,231227,0.23047507460703182,9.0
5067,88124,0.5254821827696383,7.0
5067,172594,0.6896439511953519,6.0
5067,460357,0.02437466081122959,10.0
5067,18001,0.7948234093044978,5.0
5067,574327,0.2635767004265099,8.0
8456,257853,1.0,1.0
8456,115141,0.477328443063762,7.0
8456,125659,0.5741981229014621,5.0
8456,486696,0.6358219344821685,4.0
8456,81924,0.3445385521385715,8.0
8456,159703,0.7765949789809126,2.0
8456,193398,0.7228160935871872,3.0
8456,431507,0.4885443484035677,6.0
8456,290156,0.29419712213833416,9.0
8456,367137,0.0,10.0
10734,62882,0.5657684985428313,3.0
10734,426278,0.8429822503133841,2.0
10734,461261,0.22434034737547642,8.0
10734,207354,0.30709001288103943,5.0
10734,467044,0.07887117048020043,9.0
10734,589970,0.9196325319815551,1.0
10734,549759,0.279724447065684,6.0
10734,55064,0.2775031689241611,7.0
10734,58937,0.34791066018129085,4.0
10734,551934,0.0,10.0
5178,507544,0.4839806007710359,5.0
5178,257016,0.9610159885929205,1.0
5178,572272,0.4169259029767136,6.0
5178,9656,0.042936495941367975,9.0
5178,76414,0.5989916688046509,4.0
5178,60355,0.13501092089940914,7.0
5178,437538,0.6027159245492181,3.0
5178,268553,0.7991167747726515,2.0
5178,579235,0.09741020817425274,8.0
5178,216384,0.0,10.0
9174,303025,0.7157943372847145,4.0
9174,404339,0.9635901737622661,1.0
9174,149306,0.8385591145069342,2.0
9174,313437,0.015585597519574057,10.0
9174,272008,0.6839216785380825,5.0
9174,374750,0.7626621749862461,3.0
9174,21194,0.2544787193818435,9.0
9174,265098,0.4453450897244205,6.0
9174,479625,0.36014883996275593,8.0
9174,434812,0.4118934306591433,7.0
988,501384,1.0,1.0
988,280967,0.6820994110204085,2.0
988,301224,0.57187352672813,4.0
988,187196,0.02969022257077521,10.0
988,45029,0.39700678178027926,7.0
988,287991,0.4183011230470592,5.0
988,236899,0.12363656743715268,8.0
988,201495,0.6563212516546588,3.0
988,345199,0.39880834056720427,6.0
988,455398,0.07579403631996799,9.0
2154,476632,1.0,1.0
2154,132371,0.22505394938281043,8.0
2154,153541,0.45029080991629,6.0
2154,366761,0.45898057591043157,5.0
2154,62966,0.011829248146449003,10.0
2154,24890,0.6160210727108054,3.0
2154,147080,0.6007142316308268,4.0
2154,450808,0.736473380138148,2.0
2154,150219,0.17043940035653615,9.0
2154,148757,0.30735404435659186,7.0
9646,272784,1.0,1.0
9646,236482,0.8690066241905566,3.0
9646,29306,0.7374337761577439,4.0
9646,556191,0.914556839760374,2.0
9646,395437,0.12198325709860455,7.0
9646,96121,0.07121858414725818,8.0
9646,26203,0.2835365894701396,5.0
9646,257853,0.06947225245378168,9.0
9646,323768,0.002279295765766013,10.0
9646,535697,0.2099699839872293,6.0
3033,571430,1.0,1.0
3033,518624,0.4920753610434294,2.0
3033,318583,0.32063379621685,6.0
3033,123468,0.46164256193308234,3.0
3033,295980,0.06853329218926052,9.0
3033,481102,0.44177953270557635,4.0
3033,398622,0.20379854747075232,8.0
3033,570453,0.2619348200177994,7.0
3033,387010,0.37283998629088944,5.0
3033,62966,0.0,10.0
15,583956,0.25457448258479254,6.0
15,119213,0.3101024726451599,3.0
15,170294,0.1661345588935817,8.0
15,325273,0.9507123761878481,1.0
15,570155,0.29295016417834147,4.0
15,509723,0.2707316175027147,5.0
15,18509,0.2404227482483863,7.0
15,298159,0.012300021182066238,10.0
15,338313,0.039239532371771385,9.0
15,387165,0.32795648460912924,2.0
6612,274870,0.5521039473322941,4.0
6612,254454,0.9862367912376493,1.0
6612,216384,0.8038218308197779,2.0
6612,187739,0.6931513780118095,3.0
6612,366448,0.42732502683421536,7.0
6612,95778,0.1462637374635957,9.0
6612,205522,0.4737150826861276,6.0
6612,416796,0.48449566378560066,5.0
6612,159936,0.3466150694957877,8.0
6612,108302,0.0,10.0
5940,304743,0.8569264237109248,2.0
5940,326665,0.07711585696724844,10.0
5940,226303,0.23345538490719575,7.0
5940,438243,0.9377805252287955,1.0
5940,428082,0.1047940739464033,9.0
5940,433490,0.6952165622727097,3.0
5940,167684,0.614684328960989,4.0
5940,16670,0.4634573247339758,5.0
5940,150650,0.22110105803823854,8.0
5940,546313,0.4152401312463063,6.0
9385,403755,1.0,1.0
9385,442127,0.9191471471315554,2.0
9385,1198,0.5989993161074724,5.0
9385,379667,0.41516615538671653,7.0
9385,341579,0.7687661923530975,3.0
9385,70853,0.46653884122451517,6.0
9385,57138,0.7100445404565435,4.0
9385,407654,0.012007506037364746,10.0
9385,208070,0.16489063322855962,8.0
9385,62151,0.09214341414120902,9.0
9332,159577,0.7969632546097571,3.0
9332,293687,0.7097249171536206,4.0
9332,271243,0.9458006942592152,1.0
9332,212770,0.3676796335318889,7.0
9332,178521,0.8550218836703191,2.0
9332,286074,0.17899014966770224,9.0
9332,271766,0.5267089830504318,5.0
9332,123418,0.44040985137230015,6.0
9332,236389,0.002860058370576259,10.0
9332,444107,0.2047409544402486,8.0
8275,435963,1.0,1.0
8275,26203,0.45394760786525734,6.0
8275,514500,0.39441788145369566,7.0
8275,294867,0.7881008082846672,2.0
8275,571306,0.7254194876531768,4.0
8275,114439,0.277425381402735,9.0
8275,576564,0.45710867280168144,5.0
8275,99757,0.2993031110393694,8.0
8275,44601,0.014602493544918103,10.0
8275,554568,0.7629174153808534,3.0
4785,435021,0.30924539145411767,4.0
4785,37517,0.9945094011385901,1.0
4785,326991,0.34682580878078506,3.0
4785,85522,0.07928769118198907,9.0
4785,34789,0.2178359237933317,8.0
4785,564841,0.27271070951104476,6.0
4785,162456,0.5548224683899836,2.0
4785,69696,0.0038287654997683587,10.0
4785,140170,0.26740797296743213,7.0
4785,385574,0.27460251454874157,5.0
4465,569461,0.7212975345490388,4.0
4465,561377,0.44749128404561606,7.0
4465,299242,0.9756891194802353,1.0
4465,349710,0.203671794537854,9.0
4465,344041,0.5839646161227033,6.0
4465,109860,0.6131658740638329,5.0
4465,226303,0.8024466936523612,2.0
4465,170294,0.3240616341667604,8.0
4465,213591,0.017271163937564178,10.0
4465,461051,0.7800558621958611,3.0
7279,476834,1.0,1.0
7279,214542,0.5552251223496509,4.0
7279,412502,0.48233648719259403,5.0
7279,50744,0.439350041729681,6.0
7279,27081,0.6217226535808057,3.0
7279,322456,0.641149033211957,2.0
7279,442489,0.3782038262287212,8.0
7279,19606,0.43444833360900137,7.0
7279,343489,0.00010088621028841917,10.0
7279,29790,0.2219246851966138,9.0
7431,281707,1.0,1.0
7431,372921,0.33335471219135016,5.0
7431,292991,0.15997788387646011,9.0
7431,501384,0.3663115421060706,4.0
7431,423403,0.9004264812951931,2.0
7431,44594,0.026395941632612326,10.0
7431,305287,0.24759804369158686,6.0
7431,114768,0.24147333621963762,7.0
7431,178303,0.1810353346835354,8.0
7431,257248,0.43120051932988684,3.0
2118,76515,0.8170055190573394,3.0
2118,338313,0.398761529099121,5.0
2118,384322,0.8264844223829588,2.0
2118,467509,0.19020864779317218,8.0
2118,411061,0.9362693295516269,1.0
2118,191977,0.478191762786759,4.0
2118,328556,0.1811759428714719,9.0
2118,528661,0.2546317970418685,6.0
2118,361028,0.004285384301689004,10.0
2118,373271,0.2048986145681198,7.0
5380,549254,1.0,1.0
5380,216196,0.3757975452605868,3.0
5380,46099,0.05048905430567251,9.0
5380,360481,0.19331700864648288,6.0
5380,175771,0.01241428761188837,10.0
5380,242524,0.31322741439665425,4.0
5380,507284,0.5314435763048406,2.0
5380,416307,0.09664880185977949,7.0
5380,345895,0.06964947583036268,8.0
5380,336772,0.24841839618974826,5.0
3404,62966,0.9375537581575265,1.0
3404,322246,0.7903723256236982,5.0
3404,583635,0.06565494323284725,10.0
3404,272425,0.8018013841166629,4.0
3404,153541,0.7117133462380674,6.0
3404,251411,0.3256806946433228,8.0
3404,488574,0.9192157335177027,2.0
3404,241136,0.27414717660951055,9.0
3404,442110,0.624888496967675,7.0
3404,298128,0.8184340189738875,3.0
6420,565568,1.0,1.0
6420,480315,0.09027564515832619,10.0
6420,294295,0.690037614195897,3.0
6420,394244,0.8359894581708268,2.0
6420,69696,0.17758354402252502,9.0
6420,122432,0.35938692086658924,7.0
6420,269898,0.45120247876657943,5.0
6420,279897,0.43483237968429156,6.0
6420,442048,0.3073845538588496,8.0
6420,112714,0.6352333474860651,4.0
9961,21311,0.8985959505476059,2.0
9961,72402,0.9437922748269628,1.0
9961,335991,0.3643338966194643,7.0
9961,518379,0.8599445201081833,3.0
9961,174335,0.6661779769962486,5.0
9961,341493,0.35908873919788453,8.0
9961,17166,0.620318370482653,6.0
9961,528522,0.8251604963021052,4.0
9961,565684,0.0012124811269056445,10.0
9961,156358,0.3486111588142194,9.0
8079,125940,0.10961692477376798,9.0
8079,95278,0.6264239083247581,3.0
8079,187583,0.16857214042670335,8.0
8079,57138,0.8242714076023396,2.0
8079,11184,0.36908994004308343,5.0
8079,108040,0.9161623647834449,1.0
8079,39478,0.5045277569371089,4.0
8079,224231,0.171093697126662,7.0
8079,93971,0.0007199675454728883,10.0
8079,1198,0.1792449741077247,6.0
