query_id,doc_id,score_hybrid,rank
3394,112208,0.9595683912385808,1.0
3394,172703,0.8331425483635374,2.0
3394,87722,0.76755924624141,3.0
3394,445971,0.5756389116382127,4.0
3394,345199,0.46193592257064536,5.0
3394,377429,0.3578575327449988,7.0
3394,387277,0.3629678160150943,6.0
3394,133093,0.3247888347217549,8.0
3394,418150,0.04935011060116185,9.0
3394,539263,0.019797624299571687,10.0
5505,100387,1.0,1.0
5505,141738,0.4719179682874207,2.0
5505,278824,0.3009020605065289,3.0
5505,70488,0.2631648348856624,4.0
5505,349160,0.12482300909337224,5.0
5505,478457,0.08988730773565705,7.0
5505,200338,0.09622184438672843,6.0
5505,408327,0.009529283374986266,9.0
5505,442142,0.03644401551635755,8.0
5505,593085,0.0,10.0
6792,558617,0.9970110363823815,1.0
6792,400841,0.289325219836662,2.0
6792,29306,0.2435335474256354,4.0
6792,136825,0.2731385851965488,3.0
6792,259081,0.22678409433321245,5.0
6792,40447,0.16669672719792078,8.0
6792,480515,0.178981145294036,7.0
6792,156467,0.1898814673845173,6.0
6792,545434,0.08644468241362417,9.0
6792,585447,0.04230026717818766,10.0
6909,452175,0.9598984734792673,1.0
6909,13260,0.6634824041514671,2.0
6909,435963,0.36063421040585003,3.0
6909,375019,0.3190693522003017,4.0
6909,266900,0.20833505937424987,5.0
6909,464502,0.12336659306004535,7.0
6909,214003,0.06774802416609323,9.0
6909,79357,0.15549970338837607,6.0
6909,535697,0.10616136069006357,8.0
6909,330041,0.04316216546613429,10.0
4946,121690,1.0,1.0
4946,156816,0.29104833232915356,2.0
4946,79357,0.22452789734689574,3.0
4946,9938,0.1871301876511198,4.0
4946,350680,0.15136497851766761,5.0
4946,28119,0.11055874692121599,7.0
4946,343489,0.11525643090855647,6.0
4946,100485,0.10759094066824879,8.0
4946,88105,0.05149661273672874,9.0
4946,496935,0.0,10.0
4125,283079,0.9661398889204098,1.0
4125,232199,0.829272835201094,2.0
4125,363591,0.7370760662424823,3.0
4125,452987,0.5918564807656181,4.0
4125,571362,0.4154628680978024,5.0
4125,292769,0.26813899433391564,6.0
4125,340044,0.17641613731934588,7.0
4125,103593,0.12405406667147317,8.0
4125,276400,0.10290757191159407,9.0
4125,7632,0.012672765734212336,10.0
6009,62151,0.9314823340080883,1.0
6009,175831,0.7561785245977318,2.0
6009,303325,0.6311884316086885,3.0
6009,228983,0.6084405897979844,4.0
6009,158717,0.34881909616648477,5.0
6009,472585,0.09993044073726583,7.0
6009,178684,0.07055854716852125,8.0
6009,442048,0.1610361120764669,6.0
6009,125298,0.06317331214592141,9.0
6009,99857,0.03404682672893362,10.0
9598,528034,1.0,1.0
9598,379311,0.463978451555258,2.0
9598,322826,0.37455761773600454,3.0
9598,136270,0.23872268203390837,5.0
9598,574327,0.2955405810037547,4.0
9598,112208,0.21354295841948817,6.0
9598,17923,0.17761130932208002,8.0
9598,172703,0.1521209479959634,9.0
9598,297290,0.20639172666763891,7.0
9598,383978,0.05859368819925931,10.0
10645,22221,1.0,1.0
10645,340131,0.8135936446128335,2.0
10645,441176,0.5819888289269737,3.0
10645,183349,0.45150980391767603,4.0
10645,102684,0.450508911899509,5.0
10645,248799,0.42781790128975294,6.0
10645,317354,0.2984731783149188,7.0
10645,293679,0.20137375583168277,8.0
10645,415340,0.11105896457715721,9.0
10645,487791,0.0,10.0
7441,125659,0.9592838911610745,1.0
7441,192900,0.8333386782376105,2.0
7441,537418,0.7505682562398908,4.0
7441,231781,0.782619685298354,3.0
7441,117576,0.4628384074884979,5.0
7441,404339,0.2903050514328501,6.0
7441,329662,0.14966182612330972,7.0
7441,504996,0.054987311622595555,8.0
7441,336018,0.042745282050436983,9.0
7441,180733,0.0,10.0
5080,305901,0.9562122787040325,1.0
5080,553304,0.8616105948999521,2.0
5080,392434,0.7164917741945357,3.0
5080,514512,0.5547061611339014,4.0
5080,67063,0.5094845248515014,5.0
5080,488334,0.29439559175319135,6.0
5080,356928,0.2593812274918285,7.0
5080,271026,0.16506830276465642,8.0
5080,88912,0.11337173991687459,9.0
5080,167950,0.05914506748621192,10.0
9329,326991,1.0,1.0
9329,385574,0.2689646843591673,3.0
9329,340210,0.25956487216211105,4.0
9329,394924,0.27806937687388916,2.0
9329,265098,0.2110309640182425,6.0
9329,586018,0.22967659524828374,5.0
9329,179103,0.11070243025600313,7.0
9329,192900,0.08607810937121783,8.0
9329,209493,0.0334295810558404,9.0
9329,209065,0.0,10.0
6479,404339,1.0,1.0
6479,272008,0.5623612945150218,2.0
6479,536120,0.3357068713571632,3.0
6479,9938,0.13127157744730766,4.0
6479,453839,0.10052144405191156,5.0
6479,104793,0.06023254845445843,8.0
6479,257656,0.09721871446809843,6.0
6479,491969,0.06646168731264554,7.0
6479,114439,0.01880100282040311,10.0
6479,340210,0.05719515599544717,9.0
8513,175821,1.0,1.0
8513,69790,0.9226996180581275,2.0
8513,167950,0.33489182949952384,3.0
8513,183612,0.23526636700084294,4.0
8513,449039,0.1802620837220885,5.0
8513,267113,0.15760254190413886,6.0
8513,167896,0.14543442008076618,7.0
8513,417840,0.10437583048114601,8.0
8513,232712,0.0806471549398598,9.0
8513,87667,0.0382323480091771,10.0
10109,93231,0.9947047574619468,1.0
10109,28314,0.9377839968798947,2.0
10109,535317,0.5424430370572979,3.0
10109,395357,0.36060472999930626,4.0
10109,124630,0.15998817769413437,5.0
10109,244749,0.14978277860414038,7.0
10109,305467,0.1384565814153944,9.0
10109,116420,0.15166370362168424,6.0
10109,474384,0.14154672348519481,8.0
10109,105818,0.020632718872042374,10.0
4844,275257,1.0,1.0
4844,367137,0.7825443204296868,2.0
4844,192193,0.6883273499470572,3.0
4844,111033,0.37060692552508406,4.0
4844,235522,0.2510704762077638,5.0
4844,549741,0.1178612276902037,7.0
4844,140088,0.13979499360465403,6.0
4844,386423,0.045940456017695926,9.0
4844,144177,0.0709990647417593,8.0
4844,409432,0.002079489579074421,10.0
8544,214003,1.0,1.0
8544,37517,0.7998038418993502,2.0
8544,336541,0.4103144517058808,3.0
8544,75437,0.2980877966427351,4.0
8544,13260,0.2795690875330676,5.0
8544,100103,0.24467919051127773,6.0
8544,416307,0.12764103250146197,8.0
8544,12432,0.07869803770222564,9.0
8544,561884,0.14283664097566506,7.0
8544,111768,0.00784271718130391,10.0
4823,561929,1.0,1.0
4823,362919,0.5505283904201238,2.0
4823,340131,0.3374050952150439,4.0
4823,104726,0.3669161166394002,3.0
4823,11572,0.31067488226841433,5.0
4823,7094,0.20683848580155073,6.0
4823,2860,0.1388124876581322,7.0
4823,459423,0.0979982785600504,8.0
4823,252716,0.0912079002097035,9.0
4823,271118,0.0,10.0
1085,366597,0.96372683158116,1.0
1085,405702,0.9057425098481637,2.0
1085,485195,0.6482496784001488,3.0
1085,374334,0.46632114937014635,4.0
1085,108302,0.17815305288418942,5.0
1085,581889,0.06039681188651375,8.0
1085,94586,0.060011175019840296,9.0
1085,184175,0.08888619373914833,6.0
1085,401125,0.08856498318351141,7.0
1085,315275,0.027274188333570554,10.0
2388,104988,1.0,1.0
2388,300287,0.36667427784965356,2.0
2388,13657,0.2685723646788933,3.0
2388,123733,0.21671860717961952,4.0
2388,459423,0.16710677135523383,5.0
2388,565698,0.12048515369312067,6.0
2388,423403,0.09864780567415561,7.0
2388,157702,0.057944502219933566,9.0
2388,141320,0.06771396946824307,8.0
2388,429978,0.017345191277599883,10.0
6891,474351,1.0,1.0
6891,492506,0.18519150558336064,2.0
6891,504497,0.07239127521588394,6.0
6891,558924,0.11832911114170652,3.0
6891,264095,0.09082734148128542,4.0
6891,381757,0.07232411805565726,7.0
6891,323363,0.08406644220452025,5.0
6891,579543,0.025382721562821543,9.0
6891,143425,0.05767691178918289,8.0
6891,73434,0.0,10.0
2568,346042,1.0,1.0
2568,164702,0.7514502458590169,2.0
2568,170141,0.4896533004108853,3.0
2568,13975,0.3984705786816535,4.0
2568,544654,0.3477110756994338,5.0
2568,130209,0.3400894770995853,6.0
2568,428150,0.2317019813079437,8.0
2568,269898,0.2791612863912307,7.0
2568,368802,0.1507556461896137,9.0
2568,213370,0.00011642945326773246,10.0
7702,558924,0.9894771802078404,1.0
7702,133093,0.9008438912694938,2.0
7702,387277,0.6728671632781731,3.0
7702,592636,0.3591815175889699,4.0
7702,214542,0.3124859574129713,5.0
7702,192193,0.2631863653889833,6.0
7702,108721,0.11212736293441936,8.0
7702,140088,0.12499288940128811,7.0
7702,367137,0.06380544153085137,9.0
7702,259317,0.005277342757684655,10.0
2376,91545,0.9996830357219971,1.0
2376,402249,0.9127125379010275,2.0
2376,244961,0.7767875638888814,3.0
2376,114417,0.7502571251211784,4.0
2376,549833,0.6210978448699062,5.0
2376,324411,0.557253656938163,6.0
2376,407455,0.44475633018325883,7.0
2376,64263,0.41116166807299964,8.0
2376,582521,0.22907890960894314,9.0
2376,44110,0.0,10.0
4339,386531,1.0,1.0
4339,488615,0.4908366979547019,2.0
4339,16392,0.25877931965387674,3.0
4339,242076,0.22105087308126137,5.0
4339,240645,0.21535905609175887,6.0
4339,473540,0.22748494987957835,4.0
4339,260328,0.19237072072865258,7.0
4339,455398,0.07615598304811674,8.0
4339,242294,0.05708267565152289,9.0
4339,103256,0.0027498737990823406,10.0
5427,387854,0.9621095539786881,1.0
5427,580709,0.47679932358200955,2.0
5427,55666,0.4042982653008488,4.0
5427,200338,0.3263509890696287,6.0
5427,597467,0.4120204840309742,3.0
5427,142876,0.39731636318275165,5.0
5427,522358,0.2655045264666951,7.0
5427,273084,0.06944620269079282,9.0
5427,200603,0.10672803232344229,8.0
5427,549759,0.06713406727633982,10.0
7734,226070,1.0,1.0
7734,96013,0.5542745126133465,2.0
7734,87667,0.3629974551214118,3.0
7734,94591,0.24473382725630335,4.0
7734,10703,0.19670311483125294,5.0
7734,150544,0.13982564394934127,7.0
7734,421371,0.15004358690972514,6.0
7734,232712,0.07359367623188534,8.0
7734,247486,0.03055554648669399,10.0
7734,433905,0.05679266515992515,9.0
2486,487791,1.0,1.0
2486,58937,0.34996205152746,2.0
2486,388575,0.20940560239914405,3.0
2486,101604,0.17978125689429553,4.0
2486,216327,0.1320031610988438,6.0
2486,250702,0.16218127795415183,5.0
2486,357914,0.11371699660487584,7.0
2486,234436,0.11279338440746242,8.0
2486,518563,0.009121968047098417,10.0
2486,130021,0.04091963111312239,9.0
7071,238629,0.9624974407354131,1.0
7071,99857,0.5042380886277903,3.0
7071,178684,0.5429237487820704,2.0
7071,14543,0.3915090787621696,4.0
7071,588384,0.24931869083645963,5.0
7071,246221,0.15022074573542593,6.0
7071,403899,0.08266855068335584,8.0
7071,434812,0.13765126229720528,7.0
7071,319793,0.05445859581987905,9.0
7071,378173,0.03982358330521083,10.0
8537,511093,0.9955107855878123,1.0
8537,416307,0.74556886994397,2.0
8537,572842,0.6333559138107596,3.0
8537,281707,0.5488597505175656,5.0
8537,374020,0.5660906563402798,4.0
8537,96467,0.452217652789823,6.0
8537,557356,0.34054382453392434,8.0
8537,472516,0.3696398731575168,7.0
8537,472014,0.26032818907003125,9.0
8537,501384,0.02292535570501383,10.0
7178,70096,0.9343539234124933,1.0
7178,401329,0.504623755086185,2.0
7178,420851,0.2344174773936178,3.0
7178,518563,0.1420398011647421,4.0
7178,58851,0.07318420333693465,6.0
7178,474384,0.10868192322319487,5.0
7178,88892,0.0438537389105159,7.0
7178,193312,0.028276662427757657,8.0
7178,484055,0.002268348536113757,10.0
7178,554568,0.027020370922853244,9.0
4777,2860,1.0,1.0
4777,409535,0.8167157816677237,2.0
4777,228983,0.503167772364546,3.0
4777,429378,0.28416234065456797,5.0
4777,407455,0.26747859346084196,6.0
4777,167896,0.3232043122625684,4.0
4777,525231,0.1994868487722299,7.0
4777,570155,0.09549487792765932,8.0
4777,413041,0.05296671815393002,9.0
4777,164008,0.01680904415474659,10.0
2398,168922,0.9,2.0
2398,96538,0.9013439637255244,1.0
2398,443246,0.7600802801988804,3.0
2398,490443,0.4637814086440252,4.0
2398,527698,0.41156407780595805,5.0
2398,548465,0.36646259186007074,6.0
2398,107092,0.18717305708656845,7.0
2398,505959,0.07412082042591969,8.0
2398,403515,0.032775875760689945,10.0
2398,342212,0.04545591034434098,9.0
849,557186,1.0,1.0
849,528564,0.8111681839406937,3.0
849,232199,0.8236039651192997,2.0
849,183612,0.7921164970048555,4.0
849,234436,0.34071248091966216,5.0
849,366830,0.2893157558087056,6.0
849,24890,0.23619997405245804,7.0
849,327263,0.18713652943212694,8.0
849,454810,0.023831439013412253,10.0
849,273947,0.08376460184138305,9.0
7534,175821,1.0,1.0
7534,301224,0.6003805352170896,2.0
7534,498378,0.556487565892448,3.0
7534,46099,0.23677681639548262,4.0
7534,147765,0.13168571173008078,6.0
7534,89714,0.1474993816608893,5.0
7534,51046,0.062364655709239075,7.0
7534,211839,0.014941417723069905,10.0
7534,255491,0.03724721723291993,8.0
7534,169062,0.01912246982100339,9.0
5021,226070,0.959577131464498,1.0
5021,423034,0.6789425593876541,2.0
5021,588607,0.42359382251135336,3.0
5021,79357,0.3716511887112165,4.0
5021,494939,0.2221708497192148,5.0
5021,3118,0.15111006088795909,7.0
5021,339640,0.19377056417096328,6.0
5021,289813,0.05641158354912981,8.0
5021,481308,0.027804379952749498,10.0
5021,136825,0.03299801518346649,9.0
6131,326094,0.977751186390485,1.0
6131,334111,0.623887994780016,2.0
6131,44223,0.41676325885606375,3.0
6131,258465,0.37420408694370244,4.0
6131,123733,0.2776870204512982,5.0
6131,368806,0.25587529683494026,6.0
6131,315275,0.1543285977490222,7.0
6131,470024,0.14993627078923616,8.0
6131,483441,0.042307575153528516,9.0
6131,169699,0.008085497523808691,10.0
10136,152316,0.9797571061011479,1.0
10136,32744,0.8241979987774111,3.0
10136,290930,0.835197490601326,2.0
10136,277179,0.513837651037226,4.0
10136,18509,0.36696229566300054,5.0
10136,198349,0.2510668510465509,6.0
10136,302792,0.16052141800209546,7.0
10136,507284,0.0859497238468572,9.0
10136,280204,0.10582492293473127,8.0
10136,144177,0.0,10.0
9548,423658,0.9993478318621314,1.0
9548,523810,0.7030892031240579,2.0
9548,297290,0.6563030284768415,3.0
9548,231227,0.6019753750054778,4.0
9548,61022,0.40489978049155423,5.0
9548,72160,0.30575462641601764,6.0
9548,539263,0.2209560618072251,7.0
9548,32811,0.12724561140350465,8.0
9548,583203,0.06638661118393939,9.0
9548,482544,0.057495654585061305,10.0
4942,314898,1.0,1.0
4942,433490,0.6210688822571546,2.0
4942,295864,0.552417507177475,3.0
4942,70853,0.496625397611114,4.0
4942,420556,0.45960582427931373,5.0
4942,94689,0.3943949107400349,6.0
4942,486333,0.2520400672121988,7.0
4942,62966,0.1718159174497299,8.0
4942,55999,0.08786954163794337,9.0
4942,539263,0.007671966859502077,10.0
5090,572272,0.9362495660838523,1.0
5090,12988,0.8091429949133577,2.0
5090,270856,0.5340192378886689,3.0
5090,468777,0.42954294917179475,4.0
5090,507544,0.3214326551944987,5.0
5090,551423,0.29386940118928484,7.0
5090,149500,0.31197642271729087,6.0
5090,247721,0.22614971292169192,8.0
5090,169688,0.1764013859042497,9.0
5090,414534,0.05540293260168184,10.0
6005,149500,1.0,1.0
6005,507544,0.52852810504387,2.0
6005,572272,0.3989106074113697,3.0
6005,551423,0.2300457766642069,4.0
6005,140947,0.08949474146934598,7.0
6005,30311,0.08955048937976617,6.0
6005,176498,0.10399676154514584,5.0
6005,414288,0.08636109315162169,8.0
6005,515060,0.03746574004003688,9.0
6005,377223,0.025777078262082163,10.0
7533,162668,1.0,1.0
7533,461084,0.8125314619437054,2.0
7533,438680,0.5972944143522212,3.0
7533,284411,0.44410139514537045,4.0
7533,167356,0.3923903037604056,5.0
7533,257016,0.2879379377741549,7.0
7533,201495,0.32267074872787804,6.0
7533,213435,0.20791390562869916,8.0
7533,167950,0.052396300216527636,9.0
7533,407654,0.042020683593703666,10.0
8034,284075,0.9150705586839816,1.0
8034,327978,0.7142946638935292,2.0
8034,415340,0.593917405117258,3.0
8034,307999,0.49718402195711403,4.0
8034,292991,0.3192266178622787,5.0
8034,198764,0.3014603771626144,6.0
8034,13153,0.2338185457360267,7.0
8034,22221,0.22278538620433544,8.0
8034,213435,0.06632685258684069,10.0
8034,579557,0.09999999999999998,9.0
2330,478514,1.0,1.0
2330,260014,0.2446318598821546,2.0
2330,370334,0.17099155304768074,3.0
2330,345895,0.10123979763207586,4.0
2330,156873,0.05317036457320668,8.0
2330,572272,0.05552498017259852,7.0
2330,488334,0.058059171561441476,6.0
2330,94586,0.062487385329255685,5.0
2330,167684,0.05093201001489684,9.0
2330,9656,0.008446144915102817,10.0
7803,62151,1.0,1.0
7803,572205,0.5074718771067518,2.0
7803,327127,0.4531869788822914,3.0
7803,216065,0.44284545482836696,4.0
7803,214003,0.40487222541041074,5.0
7803,100103,0.20575444477491903,7.0
7803,336541,0.22766718697552582,6.0
7803,324037,0.07979549845710587,8.0
7803,583651,0.02153554988725661,10.0
7803,12432,0.07387693666277104,9.0
1933,183612,1.0,1.0
1933,446984,0.18378654784850915,2.0
1933,141738,0.13959017924718806,4.0
1933,352640,0.150932022142306,3.0
1933,445298,0.12660156579910892,5.0
1933,413041,0.04453105146659091,9.0
1933,466718,0.06096462252739402,7.0
1933,234436,0.05876084875441929,8.0
1933,264554,0.07134055549126164,6.0
1933,134794,0.0373948271348059,10.0
6849,44601,1.0,1.0
6849,59714,0.6708977336174834,2.0
6849,78675,0.5132912768564154,3.0
6849,578427,0.23602991527067094,4.0
6849,172703,0.12911364654313034,6.0
6849,79998,0.13381474567302656,5.0
6849,112208,0.05999877237605384,8.0
6849,418150,0.127149528768348,7.0
6849,328086,0.021826051980755216,10.0
6849,61962,0.03843374646140182,9.0
7448,418150,1.0,1.0
7448,100485,0.1880897325132156,2.0
7448,273861,0.11238772132216804,5.0
7448,112208,0.1493523107464133,3.0
7448,377429,0.12620490638315948,4.0
7448,387277,0.09800835768083709,6.0
7448,307095,0.05656079749696312,9.0
7448,133093,0.06037593650558268,8.0
7448,44601,0.07271381341151753,7.0
7448,172703,0.013242141620234571,10.0
42,283079,0.9984725532481622,1.0
42,278824,0.7626306475064664,3.0
42,528564,0.7780536687622345,2.0
42,327002,0.2923979644502078,4.0
42,141738,0.20472407212600302,6.0
42,124630,0.17693977949364956,8.0
42,366830,0.22152770687226436,5.0
42,467509,0.16184115364429202,9.0
42,536849,0.186149285396963,7.0
42,583956,0.04172893562289216,10.0
4102,125940,0.9,1.0
4102,293320,0.7856643738225046,2.0
4102,572340,0.6979545901281643,4.0
4102,554734,0.7263368577232736,3.0
4102,275925,0.6471126862433448,5.0
4102,327978,0.6327347921062224,6.0
4102,326142,0.41574675728935295,7.0
4102,460457,0.2610099458880911,8.0
4102,356987,0.08180821918396203,9.0
4102,324779,0.020805895157485044,10.0
7269,474351,0.9268782291951362,1.0
7269,588607,0.6552107775720123,2.0
7269,72402,0.332668141021567,3.0
7269,226070,0.1983212735853272,4.0
7269,301580,0.1527156201513642,6.0
7269,486696,0.19591787289395102,5.0
7269,386173,0.06392059802262488,9.0
7269,392894,0.0999653015209288,8.0
7269,129319,0.1130112186384633,7.0
7269,90294,0.011473533190562301,10.0
10975,363591,0.9674827794730362,1.0
10975,17166,0.7559324768386039,2.0
10975,72160,0.5362337192911303,3.0
10975,545759,0.28576001282817154,5.0
10975,384564,0.23723286596966014,6.0
10975,482544,0.2929982717951742,4.0
10975,528522,0.2346534091314692,7.0
10975,61022,0.12437776710507106,9.0
10975,452870,0.17883349485509142,8.0
10975,341493,0.0475884657572944,10.0
715,93936,0.9066045342165145,1.0
715,232262,0.47050414234988647,2.0
715,377223,0.3466250549311686,3.0
715,590489,0.3302797174767465,4.0
715,560872,0.25583687365998,5.0
715,127316,0.17735300195909834,7.0
715,273925,0.19612101921333178,6.0
715,524752,0.08276751857938636,8.0
715,212028,0.019549612440380896,10.0
715,167896,0.0531820278257068,9.0
4037,557186,0.9814465869900042,1.0
4037,408327,0.30222316747700384,2.0
4037,81483,0.17461527039364116,3.0
4037,264554,0.13460352305042061,4.0
4037,70488,0.1030616074704935,6.0
4037,73427,0.08154882399971637,7.0
4037,141738,0.05382223619663208,9.0
4037,327002,0.060452572610747574,8.0
4037,298099,0.10436198893956018,5.0
4037,278824,0.026990024040341443,10.0
4047,159836,0.932554741364282,1.0
4047,538352,0.7868335168792397,2.0
4047,124230,0.5949061332337324,3.0
4047,457294,0.4329554060030667,4.0
4047,227423,0.4269208263155206,5.0
4047,488258,0.28514857784389797,6.0
4047,186453,0.22025012856987233,7.0
4047,560872,0.070925081474478,8.0
4047,304477,0.017540260540911984,10.0
4047,472585,0.05595685441144851,9.0
8072,31465,0.9554873000681373,1.0
8072,127452,0.8502283178978958,2.0
8072,164008,0.6857367897940885,3.0
8072,413041,0.6223298684680282,4.0
8072,394244,0.5669922481058004,5.0
8072,284235,0.5237534058857114,6.0
8072,494727,0.29719868316911446,7.0
8072,294867,0.27710731924517484,8.0
8072,316838,0.06803032003347505,9.0
8072,169062,0.0,10.0
5906,258465,0.9644076415883482,1.0
5906,409907,0.5645282832436131,2.0
5906,318520,0.5220077640549625,3.0
5906,470024,0.3844864860881701,4.0
5906,289231,0.38441297734718655,5.0
5906,273528,0.30758138312148897,6.0
5906,326094,0.0620007517125335,8.0
5906,2460,0.07994632135174981,7.0
5906,394467,0.05040603975158549,10.0
5906,15172,0.05817863381390541,9.0
8378,178684,1.0,1.0
8378,246221,0.6952215591592579,2.0
8378,238629,0.59010576549447,3.0
8378,434812,0.5370895595248742,4.0
8378,102237,0.46763382605692677,5.0
8378,43497,0.33962918932576514,6.0
8378,403025,0.11266910886446162,7.0
8378,382381,0.093390973327241,8.0
8378,554568,0.04929235921729474,9.0
8378,597401,0.0,10.0
885,315275,0.9227103478102688,1.0
885,273528,0.4875910791100724,2.0
885,173929,0.3764908717623537,3.0
885,394467,0.3501911749005771,4.0
885,485195,0.33394569519646855,5.0
885,326094,0.2444538528659072,6.0
885,483441,0.18448244959932775,7.0
885,258465,0.14417055567304993,8.0
885,399013,0.08105367106566837,9.0
885,246459,0.015689105893460082,10.0
2423,529444,0.9783693110741816,1.0
2423,396127,0.9169935206074523,2.0
2423,89049,0.45491055820043097,3.0
2423,124027,0.3309727225549005,4.0
2423,461084,0.17039787851565272,7.0
2423,388646,0.18735732871876803,6.0
2423,553288,0.20019893739588412,5.0
2423,428150,0.10875413441541833,8.0
2423,370334,0.008012654242571663,9.0
2423,175232,0.0,10.0
4414,235522,1.0,1.0
4414,367137,0.7243590418036572,2.0
4414,133093,0.48412282225820336,3.0
4414,144177,0.4227975855968421,4.0
4414,111033,0.3411382417191395,5.0
4414,275257,0.26078542726513754,7.0
4414,29073,0.2654746106662795,6.0
4414,140088,0.09501280513721094,8.0
4414,76776,0.01670141031092778,10.0
4414,577578,0.08250526866348322,9.0
1297,313909,0.9695325974742697,2.0
1297,171761,0.986177696866262,1.0
1297,219758,0.78394066612369,3.0
1297,289813,0.7179874070361842,4.0
1297,90712,0.6508474573937941,5.0
1297,146021,0.5791818072194108,6.0
1297,370663,0.3192381088515335,7.0
1297,66246,0.06317455581659809,8.0
1297,545434,0.028993334904345667,10.0
1297,521712,0.029092375665702906,9.0
8512,32811,1.0,1.0
8512,61022,0.5313867828796814,2.0
8512,149696,0.4317760277911952,3.0
8512,320101,0.3081376227359134,5.0
8512,528522,0.3120052026762379,4.0
8512,231227,0.1950851041507378,7.0
8512,461592,0.1974562338296258,6.0
8512,474384,0.07572004776319546,8.0
8512,214901,0.0638315044600595,9.0
8512,452870,0.0475468990851078,10.0
3822,290930,0.9948662784277893,1.0
3822,454157,0.5969042991027347,2.0
3822,586151,0.5662141646075224,3.0
3822,318583,0.41716424799293184,5.0
3822,592636,0.4957166178214438,4.0
3822,476834,0.37172283008572105,6.0
3822,597880,0.2317458563302609,7.0
3822,309269,0.2032279988268381,8.0
3822,431814,0.1323544345236684,9.0
3822,369355,0.09999999999999998,10.0
859,32530,0.9991359546650647,1.0
859,326094,0.44261088323615866,2.0
859,171720,0.3055128306374672,3.0
859,377223,0.20039836893717572,4.0
859,310215,0.13585603212220576,6.0
859,308837,0.15207265110696444,5.0
859,513258,0.08118669782036413,10.0
859,388201,0.11734822426824768,7.0
859,506374,0.08179056200125978,9.0
859,217683,0.09999999999999998,8.0
6668,457294,1.0,1.0
6668,93971,0.5092671434532703,2.0
6668,301570,0.3000687088005491,4.0
6668,228403,0.30245459773860883,3.0
6668,159703,0.189957142682662,5.0
6668,326991,0.062433674776112724,9.0
6668,526110,0.09069555623173253,6.0
6668,88892,0.062453869049556854,8.0
6668,241337,0.06575238643783547,7.0
6668,11988,0.036833265033591474,10.0
604,38711,0.9631149367133641,1.0
604,571430,0.7991140504633779,2.0
604,224869,0.3239284943837631,3.0
604,115553,0.24377025271442948,4.0
604,197222,0.2089133792550559,6.0
604,348353,0.18499539186685157,7.0
604,561377,0.21996472354511248,5.0
604,195191,0.07652229135901852,9.0
604,342307,0.047878191708651284,10.0
604,486333,0.09717247945538403,8.0
3177,539263,0.9892405373173225,1.0
3177,172703,0.8441143446832131,2.0
3177,536120,0.7935769413227315,3.0
3177,377429,0.6516031035797426,4.0
3177,480315,0.6349043086901225,5.0
3177,87722,0.4586423805556925,6.0
3177,17208,0.36824872373118306,7.0
3177,467575,0.25325450765231367,8.0
3177,328086,0.07799200206550008,9.0
3177,423658,0.0,10.0
721,496225,1.0,1.0
721,51615,0.19753662732716099,2.0
721,298128,0.1701016206952164,3.0
721,568526,0.15467172677647853,4.0
721,251824,0.10329700610322529,5.0
721,196427,0.06813280008443262,6.0
721,597880,0.043140726742849994,9.0
721,150650,0.06808963854812732,7.0
721,447353,0.04546545243550741,8.0
721,358661,0.00817503434275126,10.0
7124,427726,0.9497883349478028,1.0
7124,242524,0.863342520433485,2.0
7124,62151,0.7798398905888937,3.0
7124,265314,0.5153444536987175,5.0
7124,226070,0.5155818177355684,4.0
7124,558617,0.5099563277991292,6.0
7124,433905,0.4413049174461407,7.0
7124,421371,0.2245120894432482,8.0
7124,96013,0.13430621442739735,9.0
7124,162668,0.0,10.0
4500,236482,0.963638110185309,1.0
4500,533623,0.7010093832448934,2.0
4500,474234,0.4833939716792824,4.0
4500,166487,0.4563055463614443,5.0
4500,231781,0.4915382021138173,3.0
4500,80031,0.21015381760892926,6.0
4500,163048,0.19709282477764167,7.0
4500,62897,0.10840786509775263,9.0
4500,275929,0.1809775866315685,8.0
4500,81101,0.05172128066733915,10.0
603,64103,0.9526869935833773,1.0
603,399013,0.5582841322478415,2.0
603,535651,0.48335843300368936,3.0
603,120090,0.38655504545062586,4.0
603,279897,0.2954875173702044,5.0
603,55022,0.2464603936458339,6.0
603,35736,0.1288362166233605,7.0
603,544486,0.10877214182141329,8.0
603,77503,0.05021341254149879,10.0
603,139047,0.06924118409891171,9.0
6647,462265,1.0,1.0
6647,13260,0.7207251384017906,2.0
6647,96013,0.6822929736362316,3.0
6647,464533,0.28359671291529837,4.0
6647,562171,0.2650952306059763,7.0
6647,326233,0.26530763499819887,6.0
6647,209188,0.27316895086331316,5.0
6647,231068,0.17833422620730308,8.0
6647,391988,0.009800079466789704,9.0
6647,531990,0.0,10.0
5369,258465,0.9731264871106782,1.0
5369,172128,0.735346901027392,2.0
5369,184175,0.4836274605837345,3.0
5369,399013,0.28648528435760445,4.0
5369,173929,0.21581779836317386,6.0
5369,171339,0.2333449259523783,5.0
5369,414288,0.20414260121507666,7.0
5369,500946,0.1037542166224805,8.0
5369,70724,0.04230519004495504,9.0
5369,118280,0.007871582030439854,10.0
932,48722,0.9807825973638908,1.0
932,387010,0.8880525330837337,2.0
932,442110,0.25621845572803414,3.0
932,292769,0.2117352362676744,5.0
932,593085,0.15514702568673447,7.0
932,23747,0.2210309948759351,4.0
932,418630,0.1962218221667798,6.0
932,281045,0.12579427496495177,8.0
932,196427,0.044370557359505215,10.0
932,571430,0.06824895670288555,9.0
9633,259081,0.9876887753688429,1.0
9633,534418,0.8464854519472893,2.0
9633,481166,0.47711694684491873,3.0
9633,185909,0.2899942875351138,4.0
9633,552479,0.2468282035488,5.0
9633,590578,0.21122055174252508,7.0
9633,484055,0.23636590838213212,6.0
9633,474351,0.1488156886631778,8.0
9633,363741,0.043243211942049456,9.0
9633,262441,0.00745110473990171,10.0
1676,394871,1.0,1.0
1676,234436,0.7662665586372863,2.0
1676,77245,0.5753511776865273,3.0
1676,487791,0.5362904710077805,4.0
1676,58937,0.45737153313925083,5.0
1676,352640,0.4232076227651003,6.0
1676,279538,0.19392916119431997,7.0
1676,196920,0.08259635312479731,8.0
1676,555732,1.9959707475887136e-05,10.0
1676,136804,0.023403769645791276,9.0
4804,222153,0.9733514542961955,1.0
4804,325892,0.3770842120924541,3.0
4804,255795,0.411602668618712,2.0
4804,285255,0.34218205591578976,4.0
4804,45218,0.22033515556348596,5.0
4804,162456,0.19194364833972627,6.0
4804,143100,0.09306266959504605,8.0
4804,51583,0.05663672117977925,9.0
4804,116574,0.11059275528828046,7.0
4804,393132,0.0,10.0
2747,445298,0.9943767439131402,1.0
2747,431685,0.6314023928359591,2.0
2747,535705,0.5564998093973517,3.0
2747,583635,0.37062012997726235,4.0
2747,387010,0.20491731316170364,5.0
2747,571430,0.11382090108766851,7.0
2747,418630,0.14504335261559748,6.0
2747,279538,0.07510084401680737,8.0
2747,582864,0.055099597224606806,10.0
2747,123468,0.05839548718078834,9.0
8632,43497,1.0,1.0
8632,382381,0.5313291369994299,2.0
8632,344372,0.3335155775538264,3.0
8632,575741,0.19608134075835207,4.0
8632,458385,0.18004527890888336,6.0
8632,416307,0.167703124046741,7.0
8632,102436,0.18101475343829126,5.0
8632,223070,0.09874174184863826,8.0
8632,363043,0.05352170813913762,9.0
8632,186453,0.0,10.0
4981,102684,0.980183877916385,1.0
4981,45218,0.6844549393127545,2.0
4981,578585,0.26977948424510445,3.0
4981,341625,0.11827647482857567,4.0
4981,590710,0.07258564039889094,6.0
4981,264800,0.04671637735901954,8.0
4981,475541,0.03999525694160509,9.0
4981,212481,0.05063273150463074,7.0
4981,567362,0.08245004064197917,5.0
4981,319692,0.009151692463144682,10.0
6146,289231,0.9306517194290636,1.0
6146,2460,0.6282914526200198,2.0
6146,470024,0.5947220834812388,3.0
6146,394467,0.4875921066063399,5.0
6146,160125,0.5234457625766639,4.0
6146,581889,0.44188278090477445,6.0
6146,326094,0.21967885837435014,7.0
6146,580709,0.08494485115101542,9.0
6146,273528,0.06683346965995753,10.0
6146,7403,0.09948178912100727,8.0
10674,328556,0.9172354552695605,1.0
10674,435963,0.70986085657988,2.0
10674,89460,0.6831865957360421,3.0
10674,109860,0.24177603843415668,5.0
10674,88813,0.2542158991546515,4.0
10674,319793,0.2344893548549647,6.0
10674,99857,0.19397787524549176,7.0
10674,99757,0.007326168509933775,8.0
10674,431814,0.007071226465270242,9.0
10674,363043,0.0,10.0
3683,276975,1.0,1.0
3683,105973,0.61868713120153,2.0
3683,421538,0.395406853821221,3.0
3683,522713,0.3038817763302076,4.0
3683,303977,0.1496967417807313,6.0
3683,178521,0.14148953720190846,7.0
3683,500460,0.15013354973070267,5.0
3683,116865,0.06864228935109182,8.0
3683,158717,0.014754567723784053,10.0
3683,349866,0.0175109618056199,9.0
928,394460,0.9537880985111012,1.0
928,349866,0.8884533280511894,2.0
928,400009,0.24681438049678936,3.0
928,573276,0.22968502319459946,4.0
928,490443,0.16939921774435837,6.0
928,305509,0.12919169927753904,8.0
928,11572,0.1774023270383434,5.0
928,253563,0.1367823709019755,7.0
928,422770,0.07594960792507095,9.0
928,409573,0.03455549737849259,10.0
5054,21311,0.9702828415791341,1.0
5054,485863,0.5008447192286073,2.0
5054,542521,0.4369307163699705,3.0
5054,144660,0.28331210894469294,7.0
5054,307113,0.31914595052612504,4.0
5054,305901,0.3016172824496305,5.0
5054,406457,0.2961321870741407,6.0
5054,366219,0.050752639791765766,10.0
5054,340131,0.12499491591912082,8.0
5054,15172,0.0671654787384675,9.0
6554,583203,1.0,1.0
6554,226967,0.2840386411751774,2.0
6554,377429,0.222003524291335,3.0
6554,122012,0.19936074730318243,4.0
6554,403755,0.15233250712584798,5.0
6554,574327,0.12231287885842344,6.0
6554,275902,0.09227421034013146,7.0
6554,536120,0.053450982421969336,8.0
6554,480315,0.04331787244241242,9.0
6554,21103,0.006141631427001984,10.0
7377,579557,1.0,1.0
7377,6666,0.630725501980759,2.0
7377,328086,0.46252689162789645,3.0
7377,345895,0.4424500871521977,4.0
7377,293679,0.3369076718010645,5.0
7377,81304,0.23299013751089687,6.0
7377,172703,0.201128850001916,7.0
7377,17208,0.117582995033328,8.0
7377,505027,0.016402536626901904,10.0
7377,453542,0.04176308487339454,9.0
1309,15824,0.9661985790014701,1.0
1309,438869,0.8001251031215294,2.0
1309,279845,0.3556613624696725,3.0
1309,266319,0.2630636268502808,4.0
1309,110386,0.18614263741743015,5.0
1309,366594,0.18221327551497082,6.0
1309,443795,0.07573293052844789,9.0
1309,135415,0.08641351912091644,8.0
1309,16778,0.04956902050961412,10.0
1309,471630,0.09999999999999998,7.0
8351,273142,1.0,1.0
8351,469776,0.1839403341429529,2.0
8351,171720,0.13095867520138396,3.0
8351,213331,0.08408349911021981,6.0
8351,528132,0.11518946205103772,4.0
8351,191977,0.059462881973196685,8.0
8351,71873,0.08595101160137503,5.0
8351,405374,0.07549482827048588,7.0
8351,568526,0.046457137975707885,10.0
8351,304009,0.056679108265284835,9.0
6441,254279,1.0,1.0
6441,156029,0.441483717932792,2.0
6441,28314,0.3741817473133958,3.0
6441,529993,0.2349231578460635,5.0
6441,87722,0.2437285079380364,4.0
6441,536120,0.2238139707189078,6.0
6441,593644,0.18391995799272665,7.0
6441,108721,0.01724161170795718,10.0
6441,174619,0.05320628945676478,8.0
6441,90712,0.020317396555366,9.0
4837,426223,0.9397092094215221,1.0
4837,95778,0.8001107370655697,2.0
4837,565330,0.7093925955709293,3.0
4837,159936,0.7033857748775477,4.0
4837,187739,0.40497938546643086,5.0
4837,254454,0.27488652798654467,6.0
4837,167896,0.15743062757202886,7.0
4837,565698,0.10907805822944894,8.0
4837,275410,0.015250052109650795,10.0
4837,274870,0.0975036757851164,9.0
9871,553288,0.9500209875604323,1.0
9871,76562,0.6442758122310659,2.0
9871,322771,0.3727901802537417,3.0
9871,240645,0.31830458012161605,5.0
9871,547301,0.31963300541658707,4.0
9871,213755,0.21541482643945215,6.0
9871,488366,0.18013213648643886,7.0
9871,305907,0.13497820468744154,8.0
9871,172718,0.04854290045400165,9.0
9871,271832,0.0,10.0
3067,423403,1.0,1.0
3067,372921,0.7032092287080132,2.0
3067,578488,0.49410359096765816,3.0
3067,104726,0.46437465644181847,4.0
3067,104788,0.21153060064279688,6.0
3067,582005,0.21515383965394666,5.0
3067,467135,0.180132559317834,7.0
3067,318473,0.06231687834571121,9.0
3067,187739,0.08520115694029591,8.0
3067,167896,0.0460841414420337,10.0
5741,124219,0.9762618366898158,1.0
5741,328086,0.6545221459767483,2.0
5741,43781,0.41115328099093984,3.0
5741,259081,0.29205848478307816,4.0
5741,568200,0.18855667266697915,6.0
5741,107688,0.19821409419840036,5.0
5741,301224,0.15164851141352625,7.0
5741,329337,0.03147451965042669,9.0
5741,136825,0.1069638411646109,8.0
5741,437427,0.0,10.0
3566,45029,0.9536406292651715,1.0
3566,195191,0.6984449767556288,2.0
3566,149306,0.6622030246041515,3.0
3566,408123,0.608682628430802,4.0
3566,152286,0.5218927530596409,5.0
3566,519390,0.30940244931667,6.0
3566,65782,0.14059781405739308,7.0
3566,595211,0.13600391436468207,9.0
3566,317493,0.13930585134759954,8.0
3566,284075,0.05521141128817586,10.0
5862,562511,1.0,1.0
5862,21194,0.5826298397358941,2.0
5862,273947,0.24357424078044584,3.0
5862,170141,0.20865397739129982,4.0
5862,29790,0.14013618559066254,6.0
5862,253563,0.15489448946565945,5.0
5862,269898,0.13090429942227289,7.0
5862,346042,0.10113634509764415,8.0
5862,258465,0.042672654310075706,9.0
5862,78176,0.0,10.0
8779,209730,1.0,1.0
8779,180571,0.540419504826565,2.0
8779,17166,0.4285201581700844,3.0
8779,213591,0.30707247692761064,4.0
8779,279538,0.1859230769738001,5.0
8779,72160,0.16968490276662776,6.0
8779,319954,0.12279378923372543,7.0
8779,452870,0.030454845857427214,8.0
8779,491964,0.026604754317089863,9.0
8779,214901,0.0,10.0
4714,505057,0.9964771592219265,1.0
4714,584450,0.6496302326827654,2.0
4714,324833,0.289754252497281,3.0
4714,184506,0.21022735816345886,4.0
4714,295980,0.12138161602575584,5.0
4714,249450,0.10091439184223733,6.0
4714,118374,0.03206826820974558,8.0
4714,424585,0.0029265521815569516,9.0
4714,473809,0.0018513598550286138,10.0
4714,46211,0.03263093157601763,7.0
7311,125355,0.9497312005635831,1.0
7311,279897,0.18677963271249126,2.0
7311,183349,0.13520517775580881,3.0
7311,523279,0.05806260076373029,8.0
7311,33576,0.057657041631579906,9.0
7311,215154,0.0803111608361192,6.0
7311,344267,0.13382220442157422,4.0
7311,238421,0.0979388473726553,5.0
7311,334696,0.07646898195518564,7.0
7311,100485,0.002831358424126554,10.0
109,73427,1.0,1.0
109,213331,0.21568731725233836,3.0
109,538023,0.2326613215640133,2.0
109,461084,0.19326351251054272,4.0
109,563025,0.18160678238856715,5.0
109,406457,0.11434717042414844,6.0
109,342212,0.08566617836080909,7.0
109,535705,0.05938368739303959,9.0
109,547301,0.07305468383042274,8.0
109,18509,0.0,10.0
570,21311,0.9651419202475882,1.0
570,103593,0.8800736864753695,2.0
570,232199,0.5717960686895306,3.0
570,341493,0.3898322714638767,4.0
570,565684,0.20677719441446274,6.0
570,156358,0.24658910696960223,5.0
570,79888,0.13573269416711292,8.0
570,335991,0.14222401541667556,7.0
570,349384,0.060316786542116405,10.0
570,17166,0.09760803763006942,9.0
6959,301570,0.9615158027717771,1.0
6959,69790,0.7403194517502596,2.0
6959,293767,0.6198986218915111,3.0
6959,482415,0.465529007120298,4.0
6959,330041,0.31663718437504135,5.0
6959,88813,0.26060833813199524,6.0
6959,427726,0.2046244174327438,7.0
6959,266480,0.08333208347039422,8.0
6959,431814,0.08326655041606558,9.0
6959,231781,0.07730809790427572,10.0
90,56718,0.971700576784323,1.0
90,150219,0.6127240809006606,3.0
90,31793,0.6358705271386348,2.0
90,385073,0.49220846167433063,4.0
90,234436,0.32555858914531327,5.0
90,153541,0.2657410698892115,6.0
90,172594,0.10518054988041006,7.0
90,366830,0.034156008769704115,8.0
90,34731,0.03231756300082804,9.0
90,314898,0.012281226790327834,10.0
5064,2003,1.0,1.0
5064,455614,0.8580769387065005,2.0
5064,135514,0.6403646663023993,3.0
5064,192811,0.437661794603803,4.0
5064,551423,0.33742081049382805,5.0
5064,414288,0.2390394806727619,6.0
5064,377223,0.21686303471764706,7.0
5064,393278,0.1164007413662282,8.0
5064,524888,0.04452502396965178,10.0
5064,176498,0.07133131862852808,9.0
4103,307380,0.985816649634248,1.0
4103,29073,0.9473953009216817,2.0
4103,577578,0.6607980902133392,3.0
4103,482415,0.4888075090005364,4.0
4103,175265,0.359984667814481,5.0
4103,370879,0.21491460474778631,6.0
4103,163590,0.12077858650155548,7.0
4103,133093,0.05537567980479563,8.0
4103,169921,0.03553637618053114,10.0
4103,192193,0.05112550553998561,9.0
1198,56718,1.0,1.0
1198,232199,0.13532327191367904,2.0
1198,175272,0.12487382736708035,3.0
1198,103593,0.10162584154123588,4.0
1198,366761,0.059626008531304384,6.0
1198,105872,0.07238846106361002,5.0
1198,467390,0.04113515916772126,7.0
1198,352120,0.03226249122469731,8.0
1198,58937,0.031517533194234754,9.0
1198,434769,0.0,10.0
4539,32744,0.976081244572758,1.0
4539,61792,0.8329165631800302,2.0
4539,275925,0.3426410041074618,3.0
4539,61346,0.3067654996140858,4.0
4539,370879,0.23609743064798083,6.0
4539,426461,0.25398304360822027,5.0
4539,235522,0.23344344092892794,7.0
4539,440270,0.2191831488913644,8.0
4539,83330,0.21537068400073772,9.0
4539,572272,0.025584520966939417,10.0
9391,248158,0.9685577517287457,1.0
9391,136270,0.806983191339598,2.0
9391,108859,0.7701660544591508,3.0
9391,136515,0.7577604025900283,4.0
9391,142631,0.5737837648261728,5.0
9391,301580,0.41400610585397474,6.0
9391,127263,0.17622296732774817,7.0
9391,105973,0.05717375685412503,9.0
9391,429579,0.07958471380274777,8.0
9391,163590,0.03247321168676998,10.0
4600,577578,0.9922668240186692,1.0
4600,61792,0.347367947305005,3.0
4600,482415,0.3774908760355316,2.0
4600,257633,0.2900017050660881,4.0
4600,133093,0.18789791495246608,5.0
4600,76515,0.10884461930646656,7.0
4600,367137,0.16482980357271143,6.0
4600,214542,0.10197922773493767,8.0
4600,34925,0.059222183034186526,9.0
4600,275257,0.03482119185256502,10.0
3735,125659,0.9732107352829796,1.0
3735,93231,0.9409240026639425,2.0
3735,537418,0.8694051864339889,3.0
3735,330041,0.49231435045580435,4.0
3735,344065,0.4413380655988572,5.0
3735,511093,0.3570310766339521,7.0
3735,32290,0.4022475450922559,6.0
3735,504996,0.31143975994050876,8.0
3735,266900,0.10113746988543831,9.0
3735,40447,0.0,10.0
5422,483299,0.9250822978164643,1.0
5422,108,0.777257288397674,2.0
5422,55022,0.6286303251440442,3.0
5422,528034,0.5590044925568439,4.0
5422,81304,0.4978950382301102,5.0
5422,259081,0.3483562045729082,6.0
5422,579235,0.2153044995649561,7.0
5422,136270,0.1505055419432174,8.0
5422,22221,0.0721930273509318,10.0
5422,124219,0.08307763314864294,9.0
744,573276,0.9980963128357742,1.0
744,138845,0.581505227488066,2.0
744,409573,0.49427849674581775,3.0
744,171339,0.4043297223579046,4.0
744,289231,0.35231913049475944,5.0
744,273528,0.2761273070312743,6.0
744,172305,0.1597112058174473,7.0
744,350819,0.13812435864288772,8.0
744,120852,0.1103056761912182,9.0
744,118280,0.07104793613413901,10.0
515,372909,1.0,1.0
515,328341,0.8302903596218726,2.0
515,431685,0.5350118453394926,3.0
515,352838,0.4332842356775788,4.0
515,231614,0.2717558800897433,5.0
515,195081,0.16921468738243287,6.0
515,98112,0.07936871879971152,7.0
515,60443,0.05310927488629261,8.0
515,123733,0.018066962912888253,9.0
515,360011,0.016092409388836316,10.0
2443,331253,0.955252978088156,1.0
2443,44609,0.8542083947377992,2.0
2443,305579,0.47002000134194366,3.0
2443,306800,0.45174523630535335,4.0
2443,446647,0.3587725347943286,5.0
2443,313437,0.20244286647566054,7.0
2443,426216,0.263492989225887,6.0
2443,208051,0.13808438648735855,9.0
2443,305907,0.1428144091490091,8.0
2443,510130,0.028696472158666986,10.0
4265,157553,1.0,1.0
4265,392163,0.3925687329243811,2.0
4265,584273,0.313519091667971,3.0
4265,149974,0.2865718711076058,4.0
4265,523158,0.0713081602739273,7.0
4265,140947,0.14740543445959509,5.0
4265,386229,0.0672759800159303,8.0
4265,575729,0.042539060123227446,10.0
4265,93881,0.0883278379836445,6.0
4265,577517,0.04968581891825467,9.0
4865,223032,0.9283944868676727,2.0
4865,370569,0.9717931685298998,1.0
4865,251824,0.50669159901503,3.0
4865,435963,0.47440669105654515,4.0
4865,508821,0.4157698540658003,5.0
4865,481166,0.40162599342353117,6.0
4865,305117,0.22625667336514962,7.0
4865,110515,0.12280731132186971,8.0
4865,565698,0.03802767840902496,9.0
4865,585738,0.0008375794111099798,10.0
2968,187196,0.9606133611798877,1.0
2968,388646,0.8846934531754753,2.0
2968,242124,0.6117627508963366,3.0
2968,176498,0.20462963508731166,5.0
2968,198371,0.2173583833074064,4.0
2968,583640,0.12431707646823562,6.0
2968,280967,0.06779255002246029,8.0
2968,287991,0.07100417300866275,7.0
2968,455398,0.025629103292893245,9.0
2968,329757,0.022450126642955856,10.0
7221,305117,0.9579422118116366,1.0
7221,473809,0.9312486431259768,2.0
7221,481166,0.6567129562517882,3.0
7221,71873,0.5257295357250468,4.0
7221,537418,0.2607588598916021,5.0
7221,307315,0.10218312723146943,7.0
7221,81542,0.10404094390496524,6.0
7221,452175,0.07526416963438105,9.0
7221,570664,0.05107854862936369,10.0
7221,77652,0.09999999999999998,8.0
2407,2064,1.0,1.0
2407,78176,0.4126761082645147,2.0
2407,173929,0.4002507863050011,3.0
2407,516444,0.29463451616034136,4.0
2407,255491,0.16120764566792214,6.0
2407,273528,0.1756269756072051,5.0
2407,514425,0.12648686341582102,7.0
2407,367641,0.056956615330658676,9.0
2407,566480,0.10955224036086189,8.0
2407,63678,0.0,10.0
3039,136804,1.0,1.0
3039,467390,0.8019845813023558,2.0
3039,147080,0.45333331748949846,3.0
3039,387010,0.295025450670881,4.0
3039,442110,0.21417823205640343,5.0
3039,483274,0.08547448972388219,7.0
3039,510409,0.09728553615689628,6.0
3039,106501,0.07796421907784111,8.0
3039,4947,0.06028188985303405,10.0
3039,398622,0.0692695758247519,9.0
1748,18001,1.0,1.0
1748,528564,0.5643814453302111,2.0
1748,418135,0.41040630660707367,3.0
1748,462892,0.35225845311641013,4.0
1748,298427,0.2765107248472234,5.0
1748,429378,0.20031088138687114,6.0
1748,223206,0.14844634079599534,7.0
1748,517372,0.11874010314193677,8.0
1748,171780,0.038822214930343296,10.0
1748,124027,0.06195253352643832,9.0
10547,404339,1.0,1.0
10547,536120,0.44966771980691583,2.0
10547,272008,0.3943649890940975,3.0
10547,4666,0.16227415856741292,4.0
10547,597351,0.14900398834068979,5.0
10547,112714,0.14668023126839,6.0
10547,32290,0.050149190399804706,8.0
10547,23609,0.06405608243036909,7.0
10547,392037,0.006776144675328904,10.0
10547,491969,0.03137866828981702,9.0
10596,164008,0.9547223364883626,1.0
10596,284235,0.8022410656379174,2.0
10596,208070,0.7913758444500547,3.0
10596,413041,0.693627285040879,4.0
10596,316838,0.6210990409079797,5.0
10596,494727,0.2649794019753161,6.0
10596,394244,0.24614420587344218,7.0
10596,127452,0.11892211715945655,8.0
10596,69197,0.060570956625040605,9.0
10596,169062,0.022315901492644327,10.0
5061,352838,0.941594456830247,1.0
5061,242124,0.7768138062213675,2.0
5061,329757,0.714928605674793,3.0
5061,447353,0.5376401518625404,5.0
5061,149974,0.5390577007867463,4.0
5061,380863,0.45611848152650425,6.0
5061,261189,0.3701471990329762,7.0
5061,46755,0.32823026444443915,8.0
5061,158845,0.12281705449377958,9.0
5061,287991,0.03837368955618005,10.0
853,510373,0.9587454756913125,2.0
853,510409,0.9925611819249835,1.0
853,314984,0.8689760844139516,3.0
853,106501,0.6891283115846889,4.0
853,263361,0.30010941869738234,5.0
853,131996,0.15310959972454613,7.0
853,72402,0.16534377784114807,6.0
853,150219,0.08896609242436185,9.0
853,582864,0.10292769167157267,8.0
853,303929,0.002227156654182465,10.0
6803,544053,1.0,1.0
6803,193012,0.6309132330369484,2.0
6803,42620,0.33737648557632505,3.0
6803,316045,0.1086188090864014,6.0
6803,271243,0.11724304550240192,5.0
6803,10703,0.09669682828097055,7.0
6803,142726,0.12001990072913182,4.0
6803,78675,0.058291699589345276,9.0
6803,60355,0.0637808133841927,8.0
6803,272784,0.014853179327293466,10.0
6644,187497,1.0,1.0
6644,572842,0.7906111828742073,3.0
6644,308837,0.7923332909138746,2.0
6644,426216,0.7147960157073611,4.0
6644,578954,0.6945445375927979,5.0
6644,305907,0.5151441609209936,6.0
6644,293687,0.45703593970406436,7.0
6644,373271,0.40322096074965025,8.0
6644,31793,0.16640293691501334,9.0
6644,238421,0.014080726898992396,10.0
699,107092,1.0,1.0
699,169688,0.8302429845008198,2.0
699,68357,0.5653647964900222,3.0
699,446679,0.5242888685584424,4.0
699,385658,0.11136057499788743,7.0
699,472924,0.14492290258662846,5.0
699,521010,0.11637928688534852,6.0
699,586920,0.028819040104254096,9.0
699,414598,0.02826498581667288,10.0
699,96538,0.03693915759625161,8.0
549,214024,1.0,1.0
549,67167,0.6960927531357879,2.0
549,446647,0.4692675964091731,3.0
549,546020,0.46828670242786763,4.0
549,73427,0.32950092702841405,5.0
549,547301,0.16936474780064154,6.0
549,563025,0.12975044961398155,7.0
549,397449,0.07845626834452296,9.0
549,449630,0.09606949154517666,8.0
549,443795,0.05321118659743816,10.0
904,415514,1.0,1.0
904,85229,0.7760758403061429,2.0
904,433905,0.5013944178671969,3.0
904,120852,0.43224159104232784,4.0
904,101369,0.17421496933898917,5.0
904,359579,0.07881596209438173,8.0
904,169824,0.08191464458096764,7.0
904,320579,0.08202038787040614,6.0
904,75235,0.011889253059419557,9.0
904,29360,0.0077074178011727855,10.0
2590,583635,0.9526711769258136,1.0
2590,296528,0.39673939358631166,2.0
2590,55999,0.32551419876720805,3.0
2590,307095,0.14786792405044186,5.0
2590,209493,0.17917593998253237,4.0
2590,106424,0.09359833184214988,6.0
2590,471964,0.06728941073587207,7.0
2590,387010,0.01321655164589299,10.0
2590,26203,0.04951485440470497,8.0
2590,454222,0.03761470734771157,9.0
1451,538005,1.0,1.0
1451,559482,0.4661030804888126,4.0
1451,98112,0.5402601753832967,2.0
1451,377571,0.4734070972654667,3.0
1451,313437,0.314689294486997,5.0
1451,94689,0.29221552859735345,6.0
1451,433809,0.18501543973930518,7.0
1451,522481,0.08015178147512735,8.0
1451,51729,0.07841389424685866,9.0
1451,440910,0.05005314701266598,10.0
5790,469776,0.9364927143965416,1.0
5790,97348,0.7535178627642675,2.0
5790,101369,0.5431561875313091,3.0
5790,363810,0.37632900692467486,5.0
5790,141738,0.44741950055406576,4.0
5790,241136,0.13645080527047979,6.0
5790,305287,0.0819459651054019,7.0
5790,277353,0.044558698104757155,8.0
5790,149305,0.033835626083323425,9.0
5790,75235,0.003622857999805357,10.0
7295,435125,0.9404046742926586,1.0
7295,403755,0.3259037594397162,2.0
7295,93971,0.19850109028741922,4.0
7295,193398,0.17898676353734422,5.0
7295,39478,0.21578885907181866,3.0
7295,513258,0.14670460101563715,6.0
7295,456470,0.10712350037958418,8.0
7295,115553,0.11085370907012873,7.0
7295,3118,0.06823154853572659,9.0
7295,102436,0.0,10.0
5083,142876,0.9965895161839313,1.0
5083,13975,0.5569850319545288,2.0
5083,368802,0.5059063530677543,3.0
5083,433197,0.0575363568021682,4.0
5083,333184,0.0395757233243432,8.0
5083,21103,0.0,10.0
5083,579473,0.047432982201128265,7.0
5083,305360,0.01510751462751564,9.0
5083,20958,0.051140406029567965,6.0
5083,19183,0.05738011382697534,5.0
7936,363043,0.9787578066678317,1.0
7936,336541,0.9161877202828098,2.0
7936,293767,0.6450261901813019,3.0
7936,320101,0.5858525844087914,4.0
7936,43087,0.5497292346848589,5.0
7936,561884,0.5356427677527075,6.0
7936,416307,0.3373841862934506,7.0
7936,187404,0.2773764451354149,8.0
7936,127585,0.11610911605950285,9.0
7936,214003,0.025104842172974245,10.0
8296,78675,1.0,1.0
8296,79998,0.576419519978809,2.0
8296,146315,0.07828056440202023,3.0
8296,180571,0.07517182648525964,4.0
8296,26203,0.061341017826659947,6.0
8296,371720,0.061587074471877196,5.0
8296,61962,0.05301233125018423,7.0
8296,392037,0.028241762446543195,8.0
8296,99757,0.006575471162814078,10.0
8296,3118,0.021001262660488844,9.0
475,431685,0.9919602181092982,1.0
475,88124,0.8174345633974354,2.0
475,366761,0.5684055804641249,3.0
475,232199,0.3194550175525537,4.0
475,60637,0.05740230315527554,9.0
475,328341,0.11043121623520033,6.0
475,352640,0.11140280293589393,5.0
475,232563,0.07718959522397806,7.0
475,433,0.016181322712054438,10.0
475,372909,0.07016291344632496,8.0
3759,384631,0.9189445956543858,1.0
3759,152250,0.378728693713346,2.0
3759,105634,0.32498287037490836,4.0
3759,414188,0.33835492226298997,3.0
3759,101369,0.2561776218661513,5.0
3759,445794,0.2001616342727776,6.0
3759,405217,0.16913000409606965,7.0
3759,264800,0.1353738071560645,8.0
3759,130877,0.12157051693642233,9.0
3759,146181,0.07995740683276019,10.0
4615,596196,0.9855974611928929,1.0
4615,425595,0.9475232430128335,2.0
4615,69523,0.76271330436189,3.0
4615,496427,0.6781395439702438,4.0
4615,261900,0.6317379894760919,5.0
4615,226060,0.5307990958516774,6.0
4615,421365,0.4589318417769321,7.0
4615,19179,0.28401656041276613,8.0
4615,341493,0.022345102480058415,9.0
4615,15891,0.0,10.0
8874,403025,1.0,1.0
8874,251704,0.38213891379316306,2.0
8874,527231,0.25756927314407585,3.0
8874,66631,0.157066262532623,4.0
8874,357685,0.06671016090699516,5.0
8874,370569,0.05967357789687806,6.0
8874,556976,0.023741888925731265,10.0
8874,349160,0.030116815544323258,9.0
8874,319793,0.04719596347118692,7.0
8874,571362,0.04259762083192415,8.0
26,399013,0.9567384482268108,1.0
26,528132,0.5033573928611581,2.0
26,409611,0.3960619795443001,4.0
26,565330,0.35592934560429196,5.0
26,563025,0.40797260604152863,3.0
26,2064,0.32976459811340614,6.0
26,401254,0.16687547491286167,7.0
26,452544,0.08881858686282927,9.0
26,367641,0.11939466592349153,8.0
26,71898,0.034762601548300534,10.0
3875,249859,1.0,1.0
3875,136315,0.6409080088882741,2.0
3875,442110,0.42155536451482567,3.0
3875,571258,0.38920435703930184,4.0
3875,158185,0.30814364363630997,5.0
3875,426570,0.2715264041547385,6.0
3875,76515,0.13059965710798305,7.0
3875,143100,0.0314050133943159,9.0
3875,518406,0.04963770582156264,8.0
3875,414288,0.0,10.0
6835,159703,0.9437429824651897,1.0
6835,246221,0.6545202107081486,2.0
6835,149305,0.5859937592574103,3.0
6835,195767,0.5220939239663002,4.0
6835,403755,0.2731183681290767,5.0
6835,592636,0.21141071354814495,6.0
6835,108721,0.16377121077613915,7.0
6835,238629,0.11553760520049261,8.0
6835,196427,0.07506479870182292,9.0
6835,467575,0.021055835654181572,10.0
4433,301580,0.9843617593266479,1.0
4433,172703,0.7435003187142705,2.0
4433,539263,0.6115964153582649,3.0
4433,297290,0.5494744736248456,4.0
4433,21311,0.3624239640117457,5.0
4433,379311,0.2994104970804887,6.0
4433,453542,0.16333638944265583,7.0
4433,451855,0.12696277116554128,8.0
4433,146181,0.12028957526446785,9.0
4433,536120,0.04073202124942579,10.0
5374,115553,0.9276624286754265,2.0
5374,92267,0.9989443774911914,1.0
5374,251704,0.3030625055589482,3.0
5374,44601,0.22244804301328489,4.0
5374,60175,0.20350060505301437,5.0
5374,294295,0.07590747026885473,10.0
5374,99857,0.14967033139328043,6.0
5374,537418,0.13734563745461537,7.0
5374,576564,0.12489392834289993,8.0
5374,186453,0.07941683489415964,9.0
6221,529551,0.9809951989852544,1.0
6221,551423,0.8930256830109451,2.0
6221,240261,0.5137248857256966,3.0
6221,128698,0.31482700169831146,5.0
6221,270856,0.32595761106475535,4.0
6221,66901,0.14515309469879942,9.0
6221,578488,0.16036474605515286,7.0
6221,384626,0.18934650052424923,6.0
6221,405352,0.15683848042105036,8.0
6221,494753,0.020674580624702694,10.0
672,593283,1.0,1.0
672,563025,0.7605224274752648,2.0
672,213370,0.644508604060634,3.0
672,40966,0.6181131193388063,4.0
672,273947,0.6005457719035546,5.0
672,15824,0.532518285190853,6.0
672,67167,0.3066295023699311,7.0
672,170141,0.10773997874511415,8.0
672,201800,0.04409023021129769,10.0
672,494689,0.06456185768925833,9.0
2593,231614,0.967360050363478,1.0
2593,169688,0.23774435076849862,3.0
2593,147343,0.2685415236954242,2.0
2593,73427,0.17332023044401157,5.0
2593,528132,0.214358680343336,4.0
2593,399013,0.1408120273806939,8.0
2593,387573,0.15181618783074147,7.0
2593,449630,0.16652713924232276,6.0
2593,394460,0.05585230396446282,9.0
2593,171339,0.04641294953075601,10.0
4019,287991,0.9920098346337756,1.0
4019,553288,0.938725507869942,2.0
4019,332749,0.7564842849867482,3.0
4019,94423,0.16356139919283594,7.0
4019,561056,0.206009930531025,4.0
4019,448699,0.18390229679725745,6.0
4019,377223,0.2052868185194581,5.0
4019,126134,0.0610639832722651,9.0
4019,1164,0.05102457373349802,10.0
4019,468879,0.08956596785378335,8.0
7205,370569,0.9661716078240276,1.0
7205,159966,0.7915947737890171,2.0
7205,186453,0.3460058608325128,3.0
7205,100103,0.300167890800706,4.0
7205,62151,0.23337674095787983,5.0
7205,565926,0.227885740453876,6.0
7205,336541,0.08042178666128871,8.0
7205,442048,0.08774416464671955,7.0
7205,558370,0.026602728506216554,10.0
7205,12432,0.03268192701661448,9.0
6611,329425,0.9282504489570188,2.0
6611,293679,0.9933822080894373,1.0
6611,142631,0.5237371576361535,3.0
6611,39819,0.222184250662177,6.0
6611,81304,0.23513208855932916,5.0
6611,198764,0.2735339204971371,4.0
6611,297290,0.12616868216738653,7.0
6611,17208,0.08120682395946269,8.0
6611,112208,0.05888678937066387,9.0
6611,345533,0.0,10.0
7911,131996,0.988726482284018,1.0
7911,57711,0.7920601958181115,2.0
7911,553304,0.2184949837825467,3.0
7911,69197,0.18492572074898234,4.0
7911,386173,0.13307385043117306,6.0
7911,506617,0.14389814398148135,5.0
7911,597401,0.08700861775702445,7.0
7911,543714,0.06184502667435514,8.0
7911,116647,0.03173712524356886,10.0
7911,385574,0.048725720585850785,9.0
7463,577951,1.0,1.0
7463,387277,0.8961481119951464,2.0
7463,176498,0.7402754383683072,3.0
7463,423403,0.4924572094851612,4.0
7463,565698,0.3482133076423132,5.0
7463,328086,0.1455720955022694,6.0
7463,350145,0.11976598106879482,7.0
7463,216384,0.11708147345369177,8.0
7463,188015,0.061938756172270924,10.0
7463,528034,0.0757229717285277,9.0
4999,9938,1.0,1.0
4999,305117,0.39338314060345875,2.0
4999,46211,0.26583983180648435,3.0
4999,350680,0.22046064878546634,4.0
4999,216327,0.161362595533845,5.0
4999,411061,0.1338240913624327,6.0
4999,406185,0.12557642207184938,7.0
4999,13657,0.05951256320629676,8.0
4999,580920,0.012961307588971332,10.0
4999,222153,0.017403840287035493,9.0
7344,14368,1.0,1.0
7344,418150,0.6189208736644715,2.0
7344,327978,0.2885206884288798,3.0
7344,392851,0.19694861884998377,4.0
7344,301224,0.09842733571113403,6.0
7344,39247,0.1172603565159108,5.0
7344,527231,0.06933378773617144,7.0
7344,72652,0.05038225661270013,8.0
7344,58753,0.012014023142382797,10.0
7344,266319,0.031312986950081105,9.0
7705,377429,0.9633136543355822,1.0
7705,539263,0.6861080732264637,2.0
7705,480315,0.4858691324468201,3.0
7705,467575,0.442004171354643,4.0
7705,172703,0.3700273108349842,6.0
7705,536120,0.3850241052747138,5.0
7705,87722,0.24896429301818598,7.0
7705,345199,0.086195221236779,9.0
7705,96926,0.11834221825891389,8.0
7705,387277,0.06459067512977319,10.0
1815,372909,0.975771991046581,1.0
1815,446928,0.955371859079337,2.0
1815,363591,0.922642621681675,3.0
1815,432080,0.8324128064842856,4.0
1815,88124,0.6359429695796306,5.0
1815,457701,0.508848029111234,6.0
1815,328341,0.4205804589600736,7.0
1815,528522,0.35836672329044683,8.0
1815,539133,0.2947862545019021,9.0
1815,459677,0.0,10.0
7467,193312,1.0,1.0
7467,371720,0.8694915476512588,2.0
7467,26203,0.4311445511553969,4.0
7467,457532,0.45175746383061366,3.0
7467,55999,0.27411199617362564,5.0
7467,428017,0.259608259907021,6.0
7467,435963,0.23957922503892104,7.0
7467,431814,0.05949304777836504,8.0
7467,253024,0.050038214454476225,9.0
7467,99757,0.004746154581929846,10.0
8013,198349,0.9424860581662372,1.0
8013,383978,0.6794300152771477,2.0
8013,374151,0.6010849218163635,3.0
8013,244433,0.5020678045124883,4.0
8013,251824,0.4209568744735148,5.0
8013,241101,0.4056039238342104,6.0
8013,398123,0.23653442087831428,7.0
8013,31793,0.049552022497819745,9.0
8013,498378,0.10952100608582085,8.0
8013,588247,0.03302974630417991,10.0
1415,66246,0.9646415894802008,1.0
1415,306144,0.8469195195981336,2.0
1415,393953,0.8257526817459526,3.0
1415,591940,0.7209024223029205,5.0
1415,387165,0.7774942323875307,4.0
1415,583956,0.5046698331710691,6.0
1415,110515,0.15586082676253873,7.0
1415,318266,0.10946092874161675,8.0
1415,183612,0.07347677375435305,9.0
1415,232063,0.03693141723459271,10.0
7758,480315,0.9385789709880208,1.0
7758,574327,0.8216385979631473,2.0
7758,69696,0.4049767459447133,4.0
7758,112714,0.41325147773726445,3.0
7758,379311,0.084193417838877,5.0
7758,122432,0.08226890781527438,6.0
7758,322826,0.07233587526854116,7.0
7758,112208,0.010282447668966002,9.0
7758,17923,0.02163821716533376,8.0
7758,172703,0.0076570877485136355,10.0
1915,306144,0.9678309889864287,1.0
1915,182168,0.8560134651643904,2.0
1915,78176,0.4707394494791019,4.0
1915,393953,0.5612983873904206,3.0
1915,140038,0.46847417578755884,5.0
1915,583956,0.4018650488627196,6.0
1915,318266,0.303416931628485,7.0
1915,66246,0.1701060258987016,8.0
1915,505580,0.021634428838471855,10.0
1915,591940,0.06036421654537137,9.0
4415,108859,0.9,1.0
4415,32744,0.7674771120809281,2.0
4415,61792,0.6372897496747962,3.0
4415,370879,0.44725064876235693,4.0
4415,14926,0.44470980053525816,5.0
4415,244427,0.35662655825088696,6.0
4415,399751,0.29486763663502175,8.0
4415,147646,0.31133585357958854,7.0
4415,309550,0.1248956687510808,9.0
4415,235522,0.03464090024713598,10.0
10482,201495,0.9914916638507565,1.0
10482,439757,0.9511713055811979,2.0
10482,387277,0.49995861110944323,3.0
10482,518379,0.35074228244996636,4.0
10482,175821,0.21217004912460766,5.0
10482,142696,0.13341850772582792,6.0
10482,535317,0.0639109359176002,8.0
10482,364575,0.010307222138384017,10.0
10482,72402,0.05114985403004723,9.0
10482,34925,0.09213482268385041,7.0
2296,119298,0.9920719827201395,1.0
2296,279897,0.7122521876163057,2.0
2296,460357,0.3615389489526115,3.0
2296,396853,0.35200849698710573,4.0
2296,577201,0.2786465498660549,5.0
2296,410119,0.15383029033275866,6.0
2296,275410,0.1198206882767618,7.0
2296,120090,0.10237473317900238,8.0
2296,169688,0.047151844191152655,10.0
2296,175982,0.09999999999999998,9.0
6787,58290,0.9366160306991045,1.0
6787,456436,0.9007124101106707,2.0
6787,124230,0.7323448451864968,3.0
6787,457294,0.4877169432391947,4.0
6787,261189,0.44387341665304625,5.0
6787,220022,0.19158620847300087,6.0
6787,382381,0.1677242135749513,7.0
6787,552707,0.13326964114691855,8.0
6787,309555,0.022079074583173063,10.0
6787,223070,0.09999999999999998,9.0
2857,117451,1.0,1.0
2857,123659,0.5538396422293111,2.0
2857,590917,0.5290536535825128,3.0
2857,295864,0.34876896404099605,5.0
2857,19606,0.32822052041035377,6.0
2857,60175,0.35533584619849734,4.0
2857,348733,0.10946816021774278,8.0
2857,464502,0.07511184625831006,9.0
2857,581038,0.11094402889926948,7.0
2857,482335,0.0006760377683972615,10.0
753,114418,1.0,1.0
753,51729,0.8435307750882235,2.0
753,581509,0.6010391611602756,3.0
753,72046,0.2769538659713532,5.0
753,466718,0.2884508178836609,4.0
753,504255,0.18166065264820175,6.0
753,297290,0.08119865548131054,9.0
753,125355,0.09663392698279859,8.0
753,177648,0.10926729145121153,7.0
753,61792,0.012591903553760067,10.0
2676,55666,1.0,1.0
2676,13975,0.7007041254795258,2.0
2676,264408,0.6039017481587092,3.0
2676,44110,0.5229923695843469,4.0
2676,182168,0.4787590495226114,5.0
2676,313171,0.22514455505159106,6.0
2676,244749,0.14599634202332262,7.0
2676,218845,0.11497037609432395,8.0
2676,279897,0.10387073555199296,9.0
2676,196427,0.02840016776744303,10.0
7456,164008,0.977840359923984,1.0
7456,494727,0.9492412785286541,2.0
7456,284235,0.6728272876100773,3.0
7456,169062,0.5644764065097205,4.0
7456,413041,0.4103471875926997,7.0
7456,316838,0.4594108274461402,6.0
7456,112714,0.46490173467734314,5.0
7456,69197,0.34021182635177216,8.0
7456,127452,0.21184573862985118,9.0
7456,394244,0.09999999999999998,10.0
2579,524471,1.0,1.0
2579,280838,0.7201039069414521,2.0
2579,229809,0.6747184378392536,3.0
2579,570155,0.37067922242285867,4.0
2579,263481,0.3647061266157555,5.0
2579,197052,0.22195003438784638,6.0
2579,55064,0.16758677367947653,7.0
2579,579473,0.1374572270239781,8.0
2579,566480,0.04002902655765247,9.0
2579,410119,0.0,10.0
687,506831,0.971545941704097,1.0
687,342258,0.5350228983603433,2.0
687,449630,0.27750720543793206,3.0
687,214024,0.1945642690164233,6.0
687,478186,0.23076458647308534,4.0
687,579473,0.22494324046353836,5.0
687,406457,0.15542981530204372,7.0
687,508895,0.07156260520486035,8.0
687,494926,0.008101983248175473,10.0
687,16670,0.049633797253571296,9.0
2445,431685,1.0,1.0
2445,328341,0.3656982070987724,2.0
2445,352838,0.29569857509071207,3.0
2445,372909,0.2591584567321396,4.0
2445,366761,0.24756360990577164,5.0
2445,195081,0.07046547923842408,7.0
2445,88124,0.07429847951410687,6.0
2445,114418,0.06835637049357941,8.0
2445,360011,0.021421501409356548,10.0
2445,539133,0.026019023228989923,9.0
2885,17651,0.9545750390291017,1.0
2885,460398,0.5977994500591595,2.0
2885,429579,0.5510690797973906,3.0
2885,516444,0.5212770270108698,4.0
2885,102081,0.48374158925753635,5.0
2885,540539,0.37572638639196815,7.0
2885,118730,0.41541477971627894,6.0
2885,279865,0.33145872043788,8.0
2885,101453,0.06037767674975989,9.0
2885,167356,0.04141348226063986,10.0
5264,431814,0.9520811711974294,1.0
5264,42438,0.35648498943153417,3.0
5264,52579,0.4457738966179075,2.0
5264,505694,0.27762488329274326,4.0
5264,114439,0.09101412341871155,6.0
5264,580920,0.14482488262817028,5.0
5264,481166,0.06407302350439129,7.0
5264,400841,0.05926358523128476,8.0
5264,371720,0.055663837516714235,9.0
5264,186453,0.025756839428660007,10.0
7633,494727,1.0,1.0
7633,284235,0.8125611741736511,2.0
7633,164008,0.5389613121743441,3.0
7633,175831,0.4558136724904409,4.0
7633,228983,0.4304543941533992,5.0
7633,413041,0.28644004778310406,6.0
7633,112714,0.13424295227651606,8.0
7633,127452,0.14345564489465779,7.0
7633,31465,0.049330591400187626,10.0
7633,394244,0.09378216284835614,9.0
9291,17208,1.0,1.0
9291,480315,0.572212464801123,2.0
9291,536120,0.4926279662889143,3.0
9291,377429,0.45656122303853397,4.0
9291,539263,0.2697840294841766,5.0
9291,423658,0.1229079354105691,6.0
9291,172703,0.12259051970847878,7.0
9291,345199,0.061146064133750934,8.0
9291,61022,0.014432723184105635,10.0
9291,328086,0.015591470883974383,9.0
4640,331534,1.0,1.0
4640,367785,0.4498592674847209,2.0
4640,104788,0.3552700044723345,3.0
4640,183612,0.2998845058056445,5.0
4640,526110,0.29457825850237646,6.0
4640,298099,0.3245581669526222,4.0
4640,454810,0.24820653454298847,8.0
4640,153541,0.2568689386508416,7.0
4640,49797,0.08407105758672165,9.0
4640,468923,0.04498147425686543,10.0
939,366761,0.9665393706315757,1.0
939,466084,0.2996209193032307,3.0
939,31793,0.3080598216531967,2.0
939,392434,0.27213449576412396,4.0
939,55666,0.09432912087811657,7.0
939,19183,0.126454501752978,5.0
939,565181,0.09452024074119081,6.0
939,467575,0.03398717314770117,10.0
939,115333,0.056687203027859026,8.0
939,250702,0.04218005445003898,9.0
1306,387022,0.995844088217926,1.0
1306,266952,0.6946147524221665,2.0
1306,594206,0.3736289135942821,3.0
1306,472243,0.31996572249838595,4.0
1306,447353,0.2139211613333773,5.0
1306,410119,0.1489229282895005,7.0
1306,460457,0.15299567626799365,6.0
1306,18003,0.05560186123176051,8.0
1306,372204,0.02141874122463591,10.0
1306,583203,0.03694405446491561,9.0
8475,104793,0.974229021076602,1.0
8475,494655,0.9006282408808853,2.0
8475,240562,0.6036386203259693,3.0
8475,21311,0.3883603663731455,4.0
8475,437427,0.3539559886437055,5.0
8475,361028,0.1720576131295409,6.0
8475,51615,0.16243668950883167,8.0
8475,444107,0.16710970142215686,7.0
8475,72402,0.03292709186629454,9.0
8475,174335,0.02490514342588827,10.0
6807,332567,1.0,1.0
6807,402466,0.24824679974568986,2.0
6807,187583,0.17404305958302085,3.0
6807,459351,0.16243933578138928,4.0
6807,535697,0.12315657027739672,5.0
6807,59714,0.10272641745473599,6.0
6807,211622,0.05490443112033662,7.0
6807,11184,0.03147573326453022,8.0
6807,565765,0.02144043896369977,9.0
6807,93971,0.0077002938789942936,10.0
5228,259476,1.0,1.0
5228,158732,0.8571205886938014,2.0
5228,131774,0.8050140305271885,3.0
5228,331534,0.7166388810238569,4.0
5228,341947,0.6959406986804987,5.0
5228,366594,0.34194019930320946,6.0
5228,140038,0.310247071090804,7.0
5228,156194,0.12113773096782653,8.0
5228,352120,0.09812764206786115,9.0
5228,414534,0.0,10.0
2856,108739,0.9418365736232179,1.0
2856,296769,0.8587793473708095,2.0
2856,346042,0.8533377822599487,3.0
2856,219033,0.6467248713900314,4.0
2856,361028,0.5202213640872797,5.0
2856,23340,0.2978099318489336,6.0
2856,386173,0.20161527430401266,7.0
2856,231727,0.1965166745223885,8.0
2856,110848,0.158263629773288,9.0
2856,213331,0.05419978863613689,10.0
3791,212222,1.0,1.0
3791,301570,0.1597859906096584,2.0
3791,521641,0.11014250250160967,4.0
3791,10790,0.11384852049937091,3.0
3791,197494,0.08268222177781863,6.0
3791,482415,0.09673064597916628,5.0
3791,572272,0.040534607323641406,10.0
3791,34925,0.050809754324160405,9.0
3791,440270,0.0594093505143829,8.0
3791,577201,0.06671181276493016,7.0
4514,1642,0.9662661106452028,2.0
4514,156211,0.9968079221079426,1.0
4514,426270,0.6474422974572617,3.0
4514,317429,0.5549541051276914,4.0
4514,352485,0.4541609140679521,5.0
4514,197222,0.15622674273913487,6.0
4514,117451,0.08245972762260445,7.0
4514,565782,0.07069850123419641,8.0
4514,514417,0.06489976244808167,9.0
4514,134722,0.0,10.0
6122,496166,1.0,1.0
6122,118280,0.16876859798188998,3.0
6122,117274,0.16912627069287764,2.0
6122,305509,0.1552965056651934,4.0
6122,42533,0.11530208981373921,5.0
6122,219504,0.06782119818461549,6.0
6122,283072,0.02682114433935699,8.0
6122,428829,0.0483223100736586,7.0
6122,39819,0.023841646055938484,10.0
6122,102081,0.024580928750959317,9.0
8832,108059,0.9063899312166691,2.0
8832,94689,0.9921155056661976,1.0
8832,597351,0.45325098405882597,3.0
8832,268289,0.33479951678141434,4.0
8832,170594,0.32293907957664536,5.0
8832,133093,0.2815939086818248,6.0
8832,259317,0.19484022778316237,7.0
8832,234103,0.026593670791964525,8.0
8832,195767,0.010152196377327144,9.0
8832,387141,0.0,10.0
7145,301580,1.0,1.0
7145,379311,0.7567805454702102,2.0
7145,62966,0.3020736830652885,4.0
7145,297290,0.32815780661283206,3.0
7145,451855,0.19499251666981246,5.0
7145,471964,0.16930997882412044,6.0
7145,453542,0.019041133081601117,10.0
7145,387277,0.0340644074376559,8.0
7145,81458,0.10009231895629889,7.0
7145,172703,0.026857813709312794,9.0
7674,164008,0.9431712698990603,1.0
7674,249279,0.8887298810492217,2.0
7674,367641,0.4321114743487168,4.0
7674,89460,0.4604753212763927,3.0
7674,65120,0.4302426720325909,5.0
7674,494295,0.31910073905383385,6.0
7674,223206,0.22972357019382098,7.0
7674,452870,0.11629462192361702,8.0
7674,172443,0.02929098098571582,9.0
7674,2064,0.0,10.0
8202,115553,0.9494593976758742,2.0
8202,92267,0.987766457063084,1.0
8202,251704,0.35783308975443906,3.0
8202,514500,0.3070458523837126,4.0
8202,60175,0.23035245968573595,5.0
8202,99857,0.21932973771009212,6.0
8202,186453,0.16483967786126286,7.0
8202,31465,0.1034396004575234,8.0
8202,59714,0.1030769640520452,9.0
8202,265213,0.0,10.0
3682,233497,0.9,2.0
3682,329662,0.9859882278878715,1.0
3682,426223,0.8043550820582998,3.0
3682,537418,0.7115930188709125,4.0
3682,388613,0.6406166266230825,6.0
3682,336018,0.6630239309355433,5.0
3682,27401,0.5374622045506109,7.0
3682,281707,0.17278385505927432,8.0
3682,55022,0.04005254605885709,10.0
3682,330041,0.07342472573138953,9.0
3446,323498,1.0,1.0
3446,211839,0.9148657260714749,2.0
3446,31550,0.8040999183945114,3.0
3446,505027,0.704493263542149,4.0
3446,367785,0.501593202530873,5.0
3446,204176,0.44076487166159173,6.0
3446,366685,0.3388076863607321,7.0
3446,157702,0.19713228677091926,8.0
3446,241099,0.16498141033342822,9.0
3446,511386,0.04659796352909449,10.0
7592,40966,0.9867149325965914,1.0
7592,273947,0.6995795936757184,2.0
7592,593283,0.4969191085632741,3.0
7592,170141,0.37108596759933277,5.0
7592,208219,0.4167515420598613,4.0
7592,563025,0.3374978075077863,6.0
7592,73427,0.2285311512452012,8.0
7592,213370,0.23269019406281102,7.0
7592,15824,0.15821389622298707,9.0
7592,198349,0.0,10.0
6715,13732,0.9917935490429892,1.0
6715,568526,0.6540128805469937,2.0
6715,275902,0.3681871768354258,3.0
6715,193312,0.3308444386023961,4.0
6715,518563,0.24455936443134674,5.0
6715,51729,0.1238423747547559,7.0
6715,457294,0.11419349592922795,8.0
6715,149306,0.12494934733398341,6.0
6715,526110,0.08002355577469064,9.0
6715,113619,0.05417217687919771,10.0
2264,534454,0.9881628936449751,1.0
2264,556976,0.39474295506647555,3.0
2264,244104,0.41450723033758435,2.0
2264,350819,0.31344796633961497,4.0
2264,588247,0.20685240808842206,6.0
2264,488574,0.2562716161928665,5.0
2264,31793,0.15954483218809573,7.0
2264,352838,0.12280729040512485,8.0
2264,450808,0.06736593780030006,10.0
2264,498834,0.08387371993560296,9.0
6121,315275,0.9687319675095399,1.0
6121,289231,0.8870433180302592,2.0
6121,523158,0.3938666940692967,3.0
6121,184175,0.2904986738749413,4.0
6121,333184,0.22509167654764328,6.0
6121,524801,0.2485754442513498,5.0
6121,235545,0.22359160764909697,7.0
6121,570964,0.1524261870686732,8.0
6121,171339,0.07524366332595933,9.0
6121,344573,0.05419328626277781,10.0
3453,418626,0.9976155610824251,1.0
3453,156211,0.7646612961615133,2.0
3453,1642,0.5191729047140781,3.0
3453,296516,0.1872430637484159,5.0
3453,233635,0.2495979568589524,4.0
3453,317429,0.12944015406438725,6.0
3453,352485,0.08050422602991317,7.0
3453,565782,0.05187213666063249,9.0
3453,337764,0.03093201231221981,10.0
3453,209804,0.0586626054135417,8.0
6985,561884,0.9025476388122796,1.0
6985,149305,0.5718488195219371,3.0
6985,456436,0.5719072505468266,2.0
6985,78029,0.36649744387792754,4.0
6985,403755,0.25772935045612505,5.0
6985,538023,0.25208910570560816,6.0
6985,464533,0.1573106226275743,7.0
6985,196427,0.15580876887125128,8.0
6985,54584,0.10349902060308294,9.0
6985,587120,0.030443637602460348,10.0
2181,77245,0.9259756499579814,1.0
2181,234436,0.8929085641412039,3.0
2181,470289,0.9056817230192173,2.0
2181,136315,0.2507466450546777,5.0
2181,101604,0.29242878873581446,4.0
2181,288189,0.19866430937570773,6.0
2181,391988,0.18621515911526448,7.0
2181,56718,0.1812530577465264,8.0
2181,555732,0.06985139014406487,9.0
2181,499782,0.0,10.0
8532,40702,0.9418229788124762,2.0
8532,416307,0.9869609377146497,1.0
8532,427726,0.7888572567665805,3.0
8532,543714,0.7103918422909213,4.0
8532,42438,0.6504296350334695,5.0
8532,344372,0.4699335990490535,6.0
8532,125355,0.28601317310498475,7.0
8532,483299,0.23995490582069795,8.0
8532,100103,0.0952107038805085,9.0
8532,6574,0.08194023767639852,10.0
4312,222639,0.9708332974083371,1.0
4312,282435,0.898823502069107,2.0
4312,167950,0.7740127090166857,3.0
4312,324779,0.22198477854878979,6.0
4312,507284,0.23888936020595838,4.0
4312,116647,0.23865286666807928,5.0
4312,218759,0.07834647191470401,7.0
4312,535998,0.027233204853456053,10.0
4312,228341,0.055609145014733956,9.0
4312,535651,0.056821908727757595,8.0
9108,415976,0.9,1.0
9108,123702,0.7875859994554446,2.0
9108,133468,0.4167125385100786,4.0
9108,258291,0.498211098975766,3.0
9108,461592,0.32264423096254885,5.0
9108,579763,0.26717233537118323,6.0
9108,472051,0.10208881422155489,8.0
9108,298128,0.1063383107602037,7.0
9108,305579,0.0406477545593439,10.0
9108,22221,0.08913369610632772,9.0
8116,433032,1.0,1.0
8116,319793,0.857719833418997,2.0
8116,236482,0.5033826264094058,3.0
8116,182297,0.33789405355539603,4.0
8116,533457,0.331606583010877,5.0
8116,403186,0.17866692011653545,7.0
8116,433197,0.17906965136184044,6.0
8116,38711,0.05462736667674352,9.0
8116,374867,0.06068720048989691,8.0
8116,314478,0.02138484464463639,10.0
9403,243148,0.9102354001283367,1.0
9403,228403,0.21589538333431688,2.0
9403,175982,0.12352195061883123,3.0
9403,562793,0.10804301234369171,5.0
9403,81924,0.050083681492534435,8.0
9403,472516,0.02668345346248169,10.0
9403,513258,0.028412603533157135,9.0
9403,150650,0.104594501115617,6.0
9403,269898,0.1189497316628311,4.0
9403,29790,0.050804638558450924,7.0
776,124027,1.0,1.0
776,597247,0.2278339389526234,2.0
776,597880,0.1779738494441629,3.0
776,592680,0.15770539118377852,4.0
776,10440,0.15113559947945673,5.0
776,276411,0.040495668197373214,10.0
776,496899,0.09482256192936425,6.0
776,418864,0.0838653124583309,7.0
776,454810,0.061039986569346484,8.0
776,136270,0.05673113494849445,9.0
6199,473322,1.0,1.0
6199,157553,0.7466731563691877,2.0
6199,332314,0.5856391430651454,3.0
6199,521641,0.4491839067432927,4.0
6199,433801,0.3696599064403698,5.0
6199,93231,0.2911386442318954,6.0
6199,525827,0.2535328364948805,7.0
6199,409120,0.12365712883357369,8.0
6199,279845,0.12238050362153285,9.0
6199,366448,0.04596087650628162,10.0
1393,234436,0.9866651768434876,1.0
1393,220022,0.6684434357745478,2.0
1393,532932,0.48402920087605694,3.0
1393,394871,0.42718248047203605,4.0
1393,77245,0.4213938286062334,5.0
1393,352640,0.39058463171251157,6.0
1393,499782,0.2535426105243323,7.0
1393,326665,0.15878975182137922,8.0
1393,196920,0.06984533145160425,9.0
1393,555732,0.024700901789135775,10.0
9668,111768,1.0,1.0
9668,75437,0.39636677463735404,3.0
9668,55022,0.3349156665132354,4.0
9668,6574,0.41900733829071274,2.0
9668,62151,0.2824498421357004,5.0
9668,594655,0.21119215448930462,7.0
9668,13260,0.27727963233778025,6.0
9668,79998,0.13231757500605607,9.0
9668,42438,0.18695076408096456,8.0
9668,416307,0.045948988067235005,10.0
9088,557219,0.971125726652846,1.0
9088,224654,0.9524182481863664,2.0
9088,536120,0.7559340401984578,3.0
9088,226303,0.5186996026282369,4.0
9088,539263,0.38200863323792106,6.0
9088,511093,0.4029406716506268,5.0
9088,433809,0.3093592145967563,7.0
9088,472516,0.2952537059249201,8.0
9088,461051,0.12346044733737849,9.0
9088,344041,0.06659524347220536,10.0
3091,159936,0.9723032896444677,1.0
3091,187739,0.7363376152480308,2.0
3091,95778,0.5773285540114217,3.0
3091,416796,0.3470501147165487,5.0
3091,437538,0.3492457863572366,4.0
3091,254454,0.24388735686940238,6.0
3091,274870,0.15808995613181553,7.0
3091,426223,0.007778663566566906,10.0
3091,366448,0.10490224893817207,8.0
3091,216384,0.03206706972355829,9.0
1157,405777,1.0,1.0
1157,266952,0.31553998453061466,2.0
1157,251411,0.2718982586525901,3.0
1157,243503,0.22325695992960548,4.0
1157,452544,0.1886372233297916,5.0
1157,564618,0.05991889511440508,6.0
1157,295980,0.05027622977941384,8.0
1157,388455,0.05450819033579829,7.0
1157,350819,0.0002790738983459795,10.0
1157,97348,0.03419245750538027,9.0
4335,318583,1.0,1.0
4335,322246,0.698851430491569,2.0
4335,416225,0.26036731365331944,3.0
4335,109860,0.1860159415812762,4.0
4335,382381,0.1595938992708476,5.0
4335,110515,0.10041363787409038,6.0
4335,126134,0.08466666368066143,7.0
4335,190169,0.01063712648632623,9.0
4335,158185,0.06256385843040627,8.0
4335,274359,0.00987993865406717,10.0
8947,545759,0.9204936227448693,1.0
8947,61022,0.7647182684349584,2.0
8947,532657,0.6055710215382766,3.0
8947,461592,0.5159911690537711,4.0
8947,461084,0.2650579937447929,6.0
8947,127134,0.2949786617764305,5.0
8947,384564,0.16986952027701874,7.0
8947,388646,0.09065435796207913,8.0
8947,452870,0.08656296874329754,9.0
8947,214901,0.02420694364385531,10.0
6410,418150,1.0,1.0
6410,112208,0.4956472123358066,2.0
6410,273861,0.42351225874079157,3.0
6410,172703,0.41272952787214645,4.0
6410,59994,0.3166202803126038,5.0
6410,528034,0.28446904325446487,6.0
6410,107092,0.14675484596665517,8.0
6410,100485,0.1776893841020028,7.0
6410,133093,0.07794630988716593,9.0
6410,87722,0.07053127466876563,10.0
5196,565745,1.0,1.0
5196,219033,0.7917512269730592,2.0
5196,213370,0.5331676407699069,3.0
5196,171339,0.455519402933493,4.0
5196,356928,0.44497264248563684,5.0
5196,581889,0.3188173165560018,6.0
5196,273528,0.19543352274997072,7.0
5196,114829,0.11867348380499654,8.0
5196,555101,0.03377813836201822,9.0
5196,474050,0.0,10.0
8789,87349,1.0,1.0
8789,41912,0.36783004857141555,2.0
8789,102436,0.2627078628455129,3.0
8789,58290,0.1997331826419722,5.0
8789,14870,0.20279074142816852,4.0
8789,328341,0.18840190793325695,6.0
8789,152014,0.03799898770591605,7.0
8789,296528,0.012628255129571839,10.0
8789,213526,0.020022450493527213,9.0
8789,316838,0.02021718824167501,8.0
5808,251824,1.0,1.0
5808,51615,0.4497055101144529,3.0
5808,535697,0.5159326740944681,2.0
5808,43781,0.3262635343110614,4.0
5808,226053,0.2824693805534613,5.0
5808,226070,0.25585160325450546,6.0
5808,271243,0.2045411847079298,7.0
5808,88477,0.054965576926888596,8.0
5808,350145,0.0002684918329608477,10.0
5808,72652,0.027583475681777558,9.0
9701,225682,1.0,1.0
9701,19711,0.2132554983005171,2.0
9701,494926,0.1937461318412486,4.0
9701,384230,0.19721507082358045,3.0
9701,457416,0.13730063647896962,5.0
9701,279865,0.13120368275618388,6.0
9701,473540,0.0763675212600928,7.0
9701,76054,0.055522057247757474,8.0
9701,533515,0.027276558091672308,9.0
9701,321969,0.0,10.0
3179,56718,0.9674309003181615,1.0
3179,385073,0.9143164426885174,2.0
3179,150219,0.8027558560696632,3.0
3179,243503,0.22746028026726187,4.0
3179,442142,0.20438959459274042,5.0
3179,352838,0.14271500629872894,6.0
3179,124630,0.05205791338873702,8.0
3179,431685,0.05211150442140219,7.0
3179,597247,0.020880977458316193,10.0
3179,174335,0.021431568038120487,9.0
6896,196427,0.9891009912444291,1.0
6896,330041,0.9323209766755336,2.0
6896,244749,0.6117539776373891,4.0
6896,223070,0.6485502216260699,3.0
6896,403755,0.3997200137529421,5.0
6896,38711,0.3175514702575841,6.0
6896,149305,0.20696751793420418,7.0
6896,106501,0.13150812691160255,9.0
6896,587120,0.15636717257268906,8.0
6896,102443,0.08090403155406964,10.0
2513,25762,0.9656878519787919,1.0
2513,518624,0.5127314048769274,2.0
2513,588247,0.5012887033472301,3.0
2513,82344,0.37993911482369236,4.0
2513,97348,0.17696983247676346,5.0
2513,102443,0.1034319088487935,6.0
2513,405777,0.10160198227059879,7.0
2513,352838,0.05103588466731612,8.0
2513,147646,0.01840654111999669,9.0
2513,120090,0.01783825522475216,10.0
8937,294295,0.9586079705606857,1.0
8937,13260,0.19608232827620123,4.0
8937,336541,0.23728042048286516,2.0
8937,320101,0.20594106449766494,3.0
8937,416307,0.14261358675665087,6.0
8937,100103,0.14592902428099072,5.0
8937,363043,0.13332640093727932,7.0
8937,429378,0.03452613528518542,10.0
8937,88892,0.0422408116065828,9.0
8937,214003,0.048352485630836536,8.0
9643,112208,1.0,1.0
9643,100485,0.8045290120844609,2.0
9643,480315,0.27958872537725366,3.0
9643,428082,0.19938317465504063,5.0
9643,467575,0.24426346942162475,4.0
9643,87722,0.1743610404061542,6.0
9643,581038,0.1631480913069308,7.0
9643,214542,0.11350478474808585,8.0
9643,539263,0.07715671127590712,9.0
9643,156816,0.06302301556894514,10.0
5653,588247,1.0,1.0
5653,483456,0.3068160989438887,2.0
5653,14543,0.187380903368704,4.0
5653,87722,0.18964150063911,3.0
5653,290930,0.1698952937597208,5.0
5653,461592,0.13447690925603273,6.0
5653,446984,0.09339666851805835,7.0
5653,583635,0.043596481190517115,9.0
5653,31377,0.04686220541095662,8.0
5653,66631,0.0,10.0
2551,143100,1.0,1.0
2551,479276,0.6959544346415824,2.0
2551,202990,0.3019354167431692,3.0
2551,9938,0.1876388340189729,5.0
2551,394460,0.20257338469205158,4.0
2551,242124,0.1581876245921443,6.0
2551,523158,0.14686771915897637,7.0
2551,384642,0.07445041742396184,8.0
2551,572272,0.03471159484954959,9.0
2551,362805,0.03327516225679881,10.0
1948,467509,1.0,1.0
1948,108739,0.6797735396519663,2.0
1948,356928,0.5677524557521167,3.0
1948,223206,0.34777589829323674,5.0
1948,219033,0.37285403986562937,4.0
1948,443795,0.345404979588904,6.0
1948,362215,0.3417376028256624,7.0
1948,377571,0.2666943777397565,8.0
1948,399700,0.10238660485724888,9.0
1948,213331,0.059550097381901,10.0
4920,228341,1.0,1.0
4920,82294,0.8785151291499167,2.0
4920,277217,0.7581600853073721,3.0
4920,306815,0.7094007869064223,4.0
4920,22221,0.16135703118947053,5.0
4920,371720,0.09927209591019921,6.0
4920,415340,0.06914156630721105,7.0
4920,323363,0.025340170771079834,9.0
4920,283202,0.011087131922206245,10.0
4920,115517,0.03484776162295744,8.0
2589,450577,0.97412410711228,1.0
2589,43961,0.7872293296877784,2.0
2589,468144,0.3935826553371108,3.0
2589,437969,0.22362116158182593,5.0
2589,581889,0.24569745822382205,4.0
2589,509650,0.17985086283433263,6.0
2589,75252,0.14869426711351105,7.0
2589,307610,0.0863422433423092,8.0
2589,557877,0.019483709883037183,10.0
2589,527698,0.0383722014630933,9.0
7513,112208,1.0,1.0
7513,172703,0.8851154454442736,2.0
7513,328086,0.5578662750491871,3.0
7513,115372,0.5030335092317839,4.0
7513,273861,0.44870325337978545,5.0
7513,87722,0.3609467691765437,6.0
7513,377429,0.3338386654005833,7.0
7513,387277,0.30574395905050866,8.0
7513,62966,0.17441941581149217,9.0
7513,418150,0.0,10.0
5410,13975,1.0,1.0
5410,371720,0.5984688032365987,3.0
5410,494323,0.6162058758429366,2.0
5410,249844,0.5251621744992625,4.0
5410,488258,0.3533080250012128,5.0
5410,75235,0.14773397568084604,7.0
5410,488732,0.16050666542060524,6.0
5410,457532,0.11409453683183754,9.0
5410,108739,0.11601424091899722,8.0
5410,193312,0.014361757591992272,10.0
2334,228403,1.0,1.0
2334,107092,0.3022051985306696,2.0
2334,150650,0.2788084188355857,3.0
2334,93936,0.25053389794904446,5.0
2334,2304,0.25136824055884815,4.0
2334,208219,0.21675805260190484,6.0
2334,274870,0.024992670361312884,9.0
2334,156194,0.018037731154862652,10.0
2334,204917,0.049783881543226854,7.0
2334,385506,0.033874445670020674,8.0
1783,445298,1.0,1.0
1783,306800,0.8857228577256571,2.0
1783,309555,0.7341398293485378,3.0
1783,167660,0.7207988128603287,4.0
1783,272425,0.40414293387192335,5.0
1783,43497,0.28125588370416565,6.0
1783,57320,0.21576865767949646,7.0
1783,384631,0.11067426963424871,8.0
1783,179066,0.10195440149313402,9.0
1783,102237,0.0,10.0
4641,494753,0.9383646764833854,1.0
4641,213673,0.6558888178095758,2.0
4641,237580,0.6186761257166369,3.0
4641,44594,0.5169786959169778,4.0
4641,211867,0.2751261264153116,5.0
4641,406219,0.22123375653781507,6.0
4641,409120,0.14910659172765375,7.0
4641,461592,0.1135021567649219,8.0
4641,450228,0.03572055076731616,10.0
4641,192811,0.05943981262256998,9.0
1469,444589,1.0,1.0
1469,243503,0.4275798168386135,2.0
1469,426570,0.36065635168441984,3.0
1469,469776,0.2179091523345488,4.0
1469,18003,0.0987983169946442,6.0
1469,421371,0.11653483910291693,5.0
1469,335336,0.016796602734868264,10.0
1469,484649,0.061392492484519424,8.0
1469,56320,0.07240761815087933,7.0
1469,451737,0.02501573291048978,9.0
10267,569632,1.0,1.0
10267,487348,0.6350236768045017,2.0
10267,22036,0.5217796580796934,3.0
10267,522713,0.4748431842546084,4.0
10267,457108,0.3827138553957734,5.0
10267,379667,0.2048249648585491,6.0
10267,330379,0.17256179005438563,7.0
10267,108859,0.10432576955453057,8.0
10267,186578,0.08684573859838668,9.0
10267,17652,0.029457122041658356,10.0
3771,59994,0.9946236169282624,1.0
3771,95966,0.35981909931272493,2.0
3771,13346,0.32123457417323287,3.0
3771,40062,0.27272791829885135,4.0
3771,95762,0.08234173092908502,9.0
3771,97764,0.11903170995955599,5.0
3771,478890,0.10238202033967715,8.0
3771,515072,0.10426804792237848,7.0
3771,303025,0.1101550985929883,6.0
3771,346450,0.02227937214259609,10.0
10497,147765,0.9825834225351601,1.0
10497,159880,0.9263395502971581,2.0
10497,445230,0.7535698750377441,3.0
10497,535705,0.29638610034778234,6.0
10497,575729,0.3306880950869623,5.0
10497,71898,0.3338051471003267,4.0
10497,569461,0.2313692645994726,8.0
10497,31483,0.25120292933406685,7.0
10497,456436,0.04105819372600195,9.0
10497,160301,0.019282271974422047,10.0
2472,337165,0.906375746055106,1.0
2472,584273,0.8598339668293524,2.0
2472,138151,0.5035842131553018,4.0
2472,534099,0.540183606429908,3.0
2472,416796,0.28440843320937914,5.0
2472,366597,0.24383078113873285,6.0
2472,216384,0.08569047013128933,9.0
2472,187739,0.0904663231673983,8.0
2472,169921,0.06195238678860426,10.0
2472,518563,0.09999999999999998,7.0
503,171761,1.0,1.0
503,257656,0.42718213624053514,2.0
503,405374,0.39789888707014026,3.0
503,433032,0.1430441529685069,4.0
503,343489,0.10892590396963607,5.0
503,531990,0.06220650139822168,7.0
503,156816,0.09272421769862767,6.0
503,100485,0.04130798235189905,8.0
503,69965,0.003708623306704755,10.0
503,350680,0.033988673882456535,9.0
6832,552346,0.9816080778881402,1.0
6832,573874,0.4607807848294315,2.0
6832,244749,0.25920951506731293,4.0
6832,377853,0.28508929770747216,3.0
6832,116694,0.10265768781772636,6.0
6832,108040,0.1025536025064246,7.0
6832,349554,0.15383443552515122,5.0
6832,459351,0.07979018882977351,8.0
6832,42533,0.0034244058339836926,10.0
6832,239214,0.03628658863135926,9.0
864,24890,0.9741793726254688,1.0
864,30142,0.8880127507570869,2.0
864,450808,0.6973691016572805,4.0
864,472924,0.7785371079927392,3.0
864,566337,0.3385292869653608,5.0
864,291726,0.26745650007922145,6.0
864,479625,0.20516708116892168,7.0
864,175339,0.1277374629580177,8.0
864,231947,0.10047568807489957,9.0
864,244104,0.042065277144640895,10.0
2580,11988,0.964824609836912,1.0
2580,344118,0.677325068358342,2.0
2580,371720,0.5358552917268018,3.0
2580,87722,0.22754864875989197,4.0
2580,360481,0.09365791664716094,6.0
2580,75764,0.0809184952388099,8.0
2580,585447,0.10303293731650442,5.0
2580,114439,0.09323323444283343,7.0
2580,272738,0.047598096787470866,9.0
2580,503934,0.04312445252688778,10.0
6625,416307,0.9506793017415855,1.0
6625,88892,0.7486756823374576,2.0
6625,336541,0.5817768235088344,3.0
6625,27401,0.47913336710495436,4.0
6625,320101,0.36186876784432265,5.0
6625,557356,0.22929008585798036,6.0
6625,138703,0.10500447564428861,8.0
6625,13260,0.11562615439873233,7.0
6625,595133,0.02467198389702693,10.0
6625,75437,0.04340568096410818,9.0
2685,308837,0.9164041160718117,1.0
2685,539133,0.2677504883159574,3.0
2685,302792,0.28403407963532956,2.0
2685,243499,0.22633807758413627,4.0
2685,575497,0.2106248014915424,5.0
2685,158845,0.17511596612058322,8.0
2685,284075,0.19913946152001688,7.0
2685,382005,0.20967480354709872,6.0
2685,136825,0.10498691673811911,9.0
2685,395357,0.07478620808020128,10.0
68,123634,0.9392461945925396,1.0
68,296098,0.909118840485329,2.0
68,528564,0.891682928222295,3.0
68,197839,0.47868310355177834,4.0
68,532932,0.38529257581805443,5.0
68,352640,0.1634277851031764,6.0
68,327002,0.16249368592751517,7.0
68,55666,0.09355865396130413,8.0
68,232199,0.09306776906852132,9.0
68,259766,0.029896191485619127,10.0
813,548705,1.0,1.0
813,284411,0.8613611548456924,2.0
813,196427,0.601245383540401,3.0
813,2809,0.4115868762021015,4.0
813,127974,0.18070614044981334,6.0
813,171596,0.18663100015956935,5.0
813,318583,0.13797962858458573,7.0
813,459677,0.07029886750845406,8.0
813,418630,0.0656926576832933,9.0
813,123468,0.030528089420452768,10.0
7345,69790,0.9391268917571456,1.0
7345,254288,0.6409272502397397,2.0
7345,67063,0.5913128736973693,3.0
7345,98130,0.5797917115782407,4.0
7345,416727,0.3792055693521197,5.0
7345,417840,0.25229869566528307,6.0
7345,108,0.24008657655050988,7.0
7345,90447,0.17016685733417278,8.0
7345,348405,0.02989933295282296,9.0
7345,504996,0.0,10.0
8970,96121,1.0,1.0
8970,108040,0.8456106283142951,2.0
8970,187583,0.5413820108881228,3.0
8970,496899,0.5001092851274428,5.0
8970,537857,0.5247227516709989,4.0
8970,314478,0.22454769600473928,6.0
8970,167356,0.17877805834023655,7.0
8970,11988,0.16339204879430635,8.0
8970,128574,0.07411406314160622,9.0
8970,514500,0.0,10.0
7105,72652,1.0,1.0
7105,307380,0.7274139171612771,2.0
7105,220060,0.5310261404312886,3.0
7105,455891,0.4069894191005546,4.0
7105,490294,0.3598088666858092,5.0
7105,314919,0.3142345524433988,6.0
7105,324037,0.24416993467177284,7.0
7105,228341,0.0750896328095645,8.0
7105,479384,0.04111188066036557,9.0
7105,366488,0.0,10.0
1310,535651,0.9897280636759813,1.0
1310,471870,0.45302652261874554,2.0
1310,565698,0.24774054122702477,3.0
1310,344648,0.17200237151743233,5.0
1310,55022,0.19391299642493157,4.0
1310,346622,0.06153224685360026,7.0
1310,24567,0.12543469461831733,6.0
1310,489401,0.025541360613752513,10.0
1310,297831,0.046613123873645294,8.0
1310,44492,0.04077178933977426,9.0
9060,12432,0.9192706096576684,1.0
9060,511093,0.8574785028929707,2.0
9060,108,0.5012990997435036,3.0
9060,13260,0.37927182178086255,4.0
9060,511515,0.30129102553391274,5.0
9060,304304,0.26787742236714396,6.0
9060,37517,0.23021544417429177,7.0
9060,75437,0.21219730868961217,8.0
9060,43087,0.09207235654452797,9.0
9060,111768,0.009851739962788245,10.0
2549,418150,0.9730370990951979,1.0
2549,327978,0.6231677211953819,2.0
2549,14368,0.3221302136867119,3.0
2549,307380,0.202065302550072,4.0
2549,301224,0.119647762048146,5.0
2549,59714,0.0831895935807069,6.0
2549,44601,0.07325650577640831,8.0
2549,265874,0.08237545206070777,7.0
2549,17923,0.030066760125499557,9.0
2549,350145,0.0,10.0
559,401254,0.9643545812628285,1.0
559,213370,0.5416774636073232,3.0
559,151639,0.5451908649571282,2.0
559,198349,0.4430006812116766,4.0
559,485195,0.11603788321465633,6.0
559,494689,0.16962452061460415,5.0
559,21194,0.061512377811090806,9.0
559,281977,0.10083097968565952,7.0
559,61706,0.020845552313589463,10.0
559,75252,0.09999999999999998,8.0
7218,266900,0.950404177166995,1.0
7218,32290,0.7789117576906004,2.0
7218,117576,0.3428350984038562,3.0
7218,537418,0.3366588243234284,4.0
7218,482517,0.18413025432565563,6.0
7218,125659,0.1958063125515362,5.0
7218,40447,0.09120009750207554,8.0
7218,6701,0.09039559813247192,9.0
7218,158520,0.11021207978559254,7.0
7218,314478,0.061029831167655244,10.0
2400,158523,0.909320189404535,1.0
2400,456470,0.8933186747267792,2.0
2400,29306,0.7247115562872881,3.0
2400,22469,0.4756212611188209,5.0
2400,3118,0.49250679777385237,4.0
2400,226967,0.3456965605496,6.0
2400,571258,0.22713730765070148,7.0
2400,1198,0.16798352889137716,8.0
2400,307424,0.006740403110599341,10.0
2400,535697,0.04288213486686797,9.0
2348,447619,1.0,1.0
2348,112591,0.6285985645305056,2.0
2348,306430,0.5432157165752456,3.0
2348,244433,0.38108507704809613,4.0
2348,268261,0.3140514751297886,5.0
2348,265874,0.2802638304246285,6.0
2348,403025,0.09188697558734124,9.0
2348,117576,0.1021716025840892,7.0
2348,14870,0.09196278842426721,8.0
2348,12432,0.0,10.0
3615,335991,0.996917529455807,1.0
3615,518379,0.8267564169521475,2.0
3615,72402,0.36113745829637967,3.0
3615,72160,0.29871939441753426,4.0
3615,156358,0.12101245857268955,5.0
3615,482544,0.10923956413742297,6.0
3615,174335,0.0978745809116031,8.0
3615,341493,0.09944112087692097,7.0
3615,17166,0.06952857525862648,9.0
3615,489401,0.0,10.0
8102,314478,0.963004907494717,1.0
8102,149305,0.5031903341009845,2.0
8102,416307,0.44544825443849,3.0
8102,99857,0.4026668006956629,4.0
8102,552707,0.34858998581838996,5.0
8102,223309,0.25217272941850283,6.0
8102,481166,0.2071390641970869,7.0
8102,320101,0.17880651222209365,8.0
8102,344372,0.07716482150189097,10.0
8102,408123,0.09999999999999998,9.0
5155,462892,1.0,1.0
5155,367785,0.21281405517626345,3.0
5155,69495,0.21598752866130932,2.0
5155,280805,0.20502335694108081,4.0
5155,175265,0.12389522315230854,5.0
5155,305671,0.0857511157842114,7.0
5155,191495,0.10978622094152354,6.0
5155,537725,0.015105713313505286,9.0
5155,157702,0.07296404083860014,8.0
5155,409573,0.007668865647507132,10.0
2460,530037,0.9794749162977355,1.0
2460,584337,0.880520360911918,2.0
2460,279346,0.7301001601533526,3.0
2460,549180,0.3644269218087846,4.0
2460,196427,0.16204965105780425,6.0
2460,502281,0.14765077749986188,7.0
2460,512803,0.17804958071178573,5.0
2460,505028,0.08897396041908004,8.0
2460,295980,0.043243775618484144,9.0
2460,38711,0.022594805752728913,10.0
2399,343489,1.0,1.0
2399,583124,0.4055460390592661,2.0
2399,468743,0.34198583375547875,3.0
2399,29790,0.20001783839336146,4.0
2399,19606,0.1679786128537949,6.0
2399,521712,0.1726081894098669,5.0
2399,510314,0.060615189823601555,9.0
2399,476834,0.0607274875252371,8.0
2399,457419,0.0682303834503272,7.0
2399,442489,0.025695216187724735,10.0
4071,170594,0.967449465194032,1.0
4071,328556,0.8845599856357349,2.0
4071,337764,0.5639163435369,3.0
4071,296516,0.504549710556092,4.0
4071,135113,0.4825442785355166,5.0
4071,565782,0.4248577749923319,6.0
4071,352485,0.39149576833849814,7.0
4071,368150,0.2322900930699996,8.0
4071,317429,0.18643828298849063,9.0
4071,543589,0.0,10.0
18,431685,0.9600728632428956,1.0
18,88124,0.42110877716748896,2.0
18,161162,0.23641871345646684,3.0
18,528564,0.1353745813248587,4.0
18,227098,0.12620959019609698,5.0
18,172594,0.04322754023242371,7.0
18,152218,0.04003010176013342,8.0
18,349554,0.02152312448738841,9.0
18,366761,0.061072152746426044,6.0
18,143622,0.0024584676596328017,10.0
2306,581889,1.0,1.0
2306,509650,0.33039783171516446,2.0
2306,494689,0.30166564741930896,3.0
2306,75252,0.244431156976757,4.0
2306,368806,0.18566821228459374,5.0
2306,246459,0.18175927089700572,6.0
2306,485195,0.15063494102861102,7.0
2306,401254,0.04734896830343963,8.0
2306,399013,0.000412894079385274,10.0
2306,160125,0.0354188007995941,9.0
3051,232063,0.9983137332512324,1.0
3051,591940,0.6520269329732531,2.0
3051,306144,0.39719401106097,3.0
3051,318266,0.22256789332782523,4.0
3051,583956,0.1989381910922003,5.0
3051,73434,0.09362392522559028,7.0
3051,66246,0.13559053941813007,6.0
3051,110515,0.05501875699445276,9.0
3051,393953,0.06042085233402932,8.0
3051,387165,0.04479512010768902,10.0
2395,594182,0.9868888539948469,1.0
2395,149306,0.7620903547517521,2.0
2395,568526,0.43036893065975984,3.0
2395,308837,0.2933177598583146,4.0
2395,13732,0.27824092000119766,5.0
2395,307999,0.1872794844085701,6.0
2395,387010,0.058169675645726074,8.0
2395,414192,0.0008061099742491808,10.0
2395,13153,0.07131755605417518,7.0
2395,204176,0.0489603599168851,9.0
5134,17208,0.9404782466524629,1.0
5134,579557,0.7284634591826169,2.0
5134,536120,0.6535515249898106,3.0
5134,100485,0.4485585434943708,4.0
5134,172703,0.3936070216536607,6.0
5134,206727,0.4122662428587813,5.0
5134,122012,0.25294686222892426,7.0
5134,453542,0.226935763202632,8.0
5134,328086,0.051847355605130985,9.0
5134,539263,0.009515642093933607,10.0
5343,204075,1.0,1.0
5343,296528,0.796721683904529,2.0
5343,366597,0.7646254370968981,4.0
5343,581889,0.7745711578180287,3.0
5343,184175,0.7316024193135203,5.0
5343,367641,0.5348435617414508,6.0
5343,157553,0.2946126831566873,7.0
5343,405702,0.19100464286281246,8.0
5343,548433,0.0555578475411325,9.0
5343,17443,0.0,10.0
5254,471723,0.9076546612631737,1.0
5254,59714,0.47449509455760375,3.0
5254,402466,0.5329846550296207,2.0
5254,383978,0.28312701152363307,4.0
5254,78675,0.19642137940560786,5.0
5254,14368,0.1757105056944338,6.0
5254,467390,0.10047503550242046,7.0
5254,327978,0.09258545483524123,8.0
5254,44601,0.03138872668255291,9.0
5254,297290,0.0,10.0
3049,582864,1.0,1.0
3049,352640,0.949925987944174,2.0
3049,77245,0.932403166722636,3.0
3049,536849,0.23131560970630055,4.0
3049,220022,0.16867303562042812,5.0
3049,127974,0.1306375739113608,6.0
3049,132780,0.11132675650600904,7.0
3049,445052,0.0971851426438532,8.0
3049,263361,0.01446348174532134,10.0
3049,555732,0.0585022613172242,9.0
7509,61191,0.9289594448323244,1.0
7509,423034,0.2878091095090762,2.0
7509,472051,0.26359499616189397,4.0
7509,298128,0.271693629022287,3.0
7509,461592,0.2613435685847893,5.0
7509,22221,0.2543056581002493,6.0
7509,480944,0.13377664351962204,7.0
7509,301580,0.11078826610125739,9.0
7509,323363,0.12144388867979551,8.0
7509,392826,0.09999999999999998,10.0
5067,328341,0.9915402685938912,1.0
5067,366830,0.7963217616725974,2.0
5067,547301,0.7809449748728353,3.0
5067,539133,0.7607785359905624,4.0
5067,231227,0.5676979971908224,5.0
5067,88124,0.42546964048841196,6.0
5067,172594,0.37748757973384167,7.0
5067,460357,0.21937194730106632,8.0
5067,18001,0.1886090580617736,9.0
5067,574327,0.02928630004738998,10.0
8456,257853,1.0,1.0
8456,115141,0.5592733631913953,2.0
8456,125659,0.46490352705403115,3.0
8456,486696,0.4351084219560715,4.0
8456,81924,0.3949158832229974,7.0
8456,159703,0.4261802059236022,5.0
8456,193398,0.4065837009683862,6.0
8456,431507,0.07024858979157679,8.0
8456,290156,0.04029127993180276,9.0
8456,367137,0.0,10.0
10734,62882,0.9517520553936479,1.0
10734,426278,0.8106966071174435,2.0
10734,461261,0.31038128541746407,3.0
10734,207354,0.3055882995604161,4.0
10734,467044,0.25444636276667326,6.0
10734,589970,0.2766927878339964,5.0
10734,549759,0.07797740840414205,7.0
10734,55064,0.05739110642921648,8.0
10734,58937,0.04468075539008348,9.0
10734,551934,0.0,10.0
5178,507544,0.9426645111967817,1.0
5178,257016,0.649143897336284,2.0
5178,572272,0.3906928007790869,3.0
5178,9656,0.27805578559236227,4.0
5178,76414,0.12581845213423573,5.0
5178,60355,0.04144714013974088,8.0
5178,437538,0.0838569467330453,7.0
5178,268553,0.09916381453880047,6.0
5178,579235,0.01589941343081657,9.0
5178,216384,0.0,10.0
9174,303025,0.968421593031635,1.0
9174,404339,0.6723115638603941,2.0
9174,149306,0.43972248573560957,3.0
9174,313437,0.1402703776761665,6.0
9174,272008,0.1759561141037725,5.0
9174,374750,0.1777124608827132,4.0
9174,21194,0.09136761531434681,7.0
9174,265098,0.08995580874829318,8.0
9174,479625,0.07563164675971015,9.0
9174,434812,0.045765936739904804,10.0
988,501384,1.0,1.0
988,280967,0.5597838621260405,2.0
988,301224,0.3861250000536946,3.0
988,187196,0.2672120031369769,4.0
988,45029,0.1682482267355953,5.0
988,287991,0.1449113597941816,6.0
988,236899,0.09703108889171304,8.0
988,201495,0.10836343242762762,7.0
988,345199,0.07305729340025216,9.0
988,455398,0.008421559591107552,10.0
2154,476632,1.0,1.0
2154,132371,0.8573777073386953,3.0
2154,153541,0.8710490503731074,2.0
2154,366761,0.34389410835057516,4.0
2154,62966,0.10646323331804101,8.0
2154,24890,0.15295850013353327,5.0
2154,147080,0.12198412592796097,6.0
2154,450808,0.1157391621574605,7.0
2154,150219,0.037145878569205606,9.0
2154,148757,0.034150449372954646,10.0
9646,272784,1.0,1.0
9646,236482,0.7010002202774755,2.0
9646,29306,0.6493557302899318,3.0
9646,556191,0.6016525081835644,4.0
9646,395437,0.2170355182261894,5.0
9646,96121,0.13886524330750943,7.0
9646,26203,0.15760791063714735,6.0
9646,257853,0.09970629501757554,8.0
9646,323768,0.020513661891894113,10.0
9646,535697,0.023329998220803252,9.0
3033,571430,1.0,1.0
3033,518624,0.7546641476897633,2.0
3033,318583,0.5173532522372327,3.0
3033,123468,0.4327165470087252,4.0
3033,295980,0.2732760638406691,6.0
3033,481102,0.3088882071748993,5.0
3033,398622,0.12296859386191364,7.0
3033,570453,0.10533691317462464,8.0
3033,387010,0.06719265667465625,9.0
3033,62966,0.0,10.0
15,583956,0.9171749425094214,1.0
15,119213,0.7498359299320472,2.0
15,170294,0.5325359436890879,4.0
15,325273,0.5564113856906323,3.0
15,570155,0.45380329014942394,5.0
15,509723,0.36903823288541915,6.0
15,18509,0.22453695697112674,7.0
15,298159,0.11070019063859614,8.0
15,338313,0.08168000301648475,9.0
15,387165,0.03643960940101435,10.0
6612,274870,0.9502337719258105,1.0
6612,254454,0.8761311211388435,2.0
6612,216384,0.7964434320940627,3.0
6612,187739,0.7132593130444536,4.0
6612,366448,0.47684555353602875,5.0
6612,95778,0.253354823355021,6.0
6612,205522,0.18915833367069068,7.0
6612,416796,0.15853962784674466,8.0
6612,159936,0.11890005787989914,9.0
6612,108302,0.0,10.0
5940,304743,0.9841029359678806,1.0
5940,326665,0.694042712705236,2.0
5940,226303,0.46591461618038427,3.0
5940,438243,0.440024727059159,4.0
5940,428082,0.32611625294140023,5.0
5940,433490,0.21814924833627558,6.0
5940,167684,0.20320334986252797,7.0
5940,16670,0.08872852851166194,8.0
5940,150650,0.04558658908303948,10.0
5940,546313,0.046137792360700695,9.0
9385,403755,1.0,1.0
9385,442127,0.8179694080460383,2.0
9385,1198,0.5880023273329114,3.0
9385,379667,0.4104787590171308,4.0
9385,341579,0.3666759163673376,5.0
9385,70853,0.25470810544487077,6.0
9385,57138,0.23694053426676523,7.0
9385,407654,0.10806755433628272,8.0
9385,208070,0.07041190604009527,9.0
9385,62151,0.010238157126801,10.0
9332,159577,0.9774403616233064,1.0
9332,293687,0.6874269134242661,2.0
9332,271243,0.5122062483329363,3.0
9332,212770,0.39219839569356973,5.0
9332,178521,0.40733097795824574,4.0
9332,286074,0.2022598369952475,6.0
9332,271766,0.18616869830193147,7.0
9332,123418,0.10726657430046485,8.0
9332,236389,0.025740525335186327,9.0
9332,444107,0.022748994937805394,10.0
8275,435963,1.0,1.0
8275,26203,0.4626594818580054,2.0
8275,514500,0.39875229242098187,4.0
8275,294867,0.4240063869039756,3.0
8275,571306,0.36830163794740667,5.0
8275,114439,0.29628343262689233,6.0
8275,576564,0.2853529193990668,7.0
8275,99757,0.17049632314357194,8.0
8275,44601,0.13142244190426292,9.0
8275,554568,0.08476860170898369,10.0
4785,435021,0.9232494879393465,2.0
4785,37517,0.9505846102473108,1.0
4785,326991,0.18731415975426202,3.0
4785,85522,0.12968104358173052,6.0
4785,34789,0.1420395751351412,4.0
4785,564841,0.11282192790492937,7.0
4785,162456,0.13716797179879503,5.0
4785,69696,0.03445888949791523,8.0
4785,140170,0.03441673976086759,9.0
4785,385574,0.030511390505415723,10.0
4465,569461,0.9690330593943377,1.0
4465,561377,0.9180694154874384,2.0
4465,299242,0.7812020753221178,3.0
4465,349710,0.5444180146280562,5.0
4465,344041,0.5575547125359401,4.0
4465,109860,0.43351745045843143,6.0
4465,226303,0.28391478672300396,7.0
4465,170294,0.22928307041618579,8.0
4465,213591,0.1554404754380776,9.0
4465,461051,0.08667287357731789,10.0
7279,476834,1.0,1.0
7279,214542,0.5343766952044956,2.0
7279,412502,0.47505055069347807,3.0
7279,50744,0.4338633667808987,4.0
7279,27081,0.23472206408768703,5.0
7279,322456,0.1392401964756949,6.0
7279,442489,0.08774531863791454,7.0
7279,19606,0.050536150735735044,8.0
7279,343489,0.0009079758925957726,10.0
7279,29790,0.024658298355179305,9.0
7431,281707,1.0,1.0
7431,372921,0.7450645495545967,2.0
7431,292991,0.35156938461185216,4.0
7431,501384,0.33053297927917424,5.0
7431,423403,0.3664165380877564,3.0
7431,44594,0.2375634746935109,6.0
7431,305287,0.09834058734254858,7.0
7431,114768,0.09710104694237667,8.0
7431,178303,0.08244779324782776,9.0
7431,257248,0.04791116881443186,10.0
2118,76515,0.9796672798952599,1.0
2118,338313,0.7338965798733385,2.0
2118,384322,0.6939815249761659,3.0
2118,467509,0.3805563956284855,5.0
2118,411061,0.4264239659646423,4.0
2118,191977,0.3568191369978306,6.0
2118,328556,0.08430030599725263,7.0
2118,528661,0.06768462284002118,8.0
2118,361028,0.03856845871520104,9.0
2118,373271,0.022766512729791084,10.0
5380,549254,1.0,1.0
5380,216196,0.6896887598815805,2.0
5380,46099,0.19421421117675797,3.0
5380,360481,0.14393459331307704,4.0
5380,175771,0.11172858850699532,5.0
5380,242524,0.08623344350066786,7.0
5380,507284,0.09680355129445539,6.0
5380,416307,0.032319488367234826,8.0
5380,345895,0.021502878662230836,10.0
5380,336772,0.02760204402108313,9.0
3404,62966,0.9930615286841696,1.0
3404,322246,0.6875412197125332,2.0
3404,583635,0.5908944890956251,3.0
3404,272425,0.5073108496918943,4.0
3404,153541,0.43429334953052906,5.0
3404,251411,0.22184726795240836,7.0
3404,488574,0.27294160165932446,6.0
3404,241136,0.06243559499004,10.0
3404,442110,0.07738875011099348,9.0
3404,298128,0.09093711321932081,8.0
6420,565568,1.0,1.0
6420,480315,0.8124808064249356,2.0
6420,294295,0.6449439235869802,3.0
6420,394244,0.2848055561885856,4.0
6420,69696,0.19589456989878992,5.0
6420,122432,0.17789684753495016,6.0
6420,269898,0.13434116865645043,7.0
6420,279897,0.07425927020811524,8.0
6420,442048,0.04101568615244463,10.0
6420,112714,0.07058148305400722,9.0
9961,21311,0.9887328833941784,1.0
9961,72402,0.4941304734426653,2.0
9961,335991,0.40235176149784757,3.0
9961,518379,0.39694474671558055,4.0
9961,174335,0.2897998401127231,5.0
9961,341493,0.24955036317375817,6.0
9961,17166,0.20287062552107205,7.0
9961,528522,0.15667917804466078,8.0
9961,565684,0.010912330142150801,10.0
9961,156358,0.03873457320157992,9.0
8079,125940,0.9010685471970854,2.0
8079,95278,0.9252719253740623,1.0
8079,187583,0.6913998709088284,3.0
8079,57138,0.4522005873437855,4.0
8079,11184,0.36802437363073104,5.0
8079,108040,0.24546128305100373,6.0
8079,39478,0.15726505160168971,7.0
8079,224231,0.10843899702474198,8.0
8079,93971,0.006479707909255994,10.0
8079,1198,0.019916108234191626,9.0
