query_id,doc_id,score_hybrid,rank
3394,112208,0.7978419561929039,1.0
3394,172703,0.4843928854815513,4.0
3394,87722,0.49448944803222183,3.0
3394,445971,0.764243839799007,2.0
3394,345199,0.3222684803708813,7.0
3394,377429,0.2584569218775044,8.0
3394,387277,0.3793287689012884,5.0
3394,133093,0.32524522551212437,6.0
3394,418150,0.027416728111756584,10.0
3394,539263,0.09898812149785845,9.0
5505,100387,1.0,1.0
5505,141738,0.3532390582254722,2.0
5505,278824,0.2460252987346698,4.0
5505,70488,0.32086749709295886,3.0
5505,349160,0.20106474775996477,5.0
5505,478457,0.09113511752100806,8.0
5505,200338,0.12833963669618823,7.0
5505,408327,0.014288832928322056,9.0
5505,442142,0.17809670332750718,6.0
5505,593085,0.0,10.0
6792,558617,0.9850551819119079,1.0
6792,400841,0.5219770002920457,4.0
6792,29306,0.38562753768419794,7.0
6792,136825,0.556862512938129,2.0
6792,259081,0.4319289214671923,6.0
6792,40447,0.22235649308018507,8.0
6792,480515,0.4685872732297035,5.0
6792,156467,0.5499341485469541,3.0
6792,545434,0.04802482356312454,10.0
6792,585447,0.21150133589093836,9.0
6909,452175,0.7994923673963363,1.0
6909,13260,0.5130595143317758,4.0
6909,435963,0.5308264738700061,3.0
6909,375019,0.5033020518137575,5.0
6909,266900,0.2953684911786443,7.0
6909,464502,0.1438398622630054,9.0
6909,214003,0.037637791203385125,10.0
6909,79357,0.5308331685490978,2.0
6909,535697,0.4099057783535769,6.0
6909,330041,0.2158108273306715,8.0
4946,121690,1.0,1.0
4946,156816,0.46293946646116707,2.0
4946,79357,0.3435392061214128,6.0
4946,9938,0.3982062713875768,3.0
4946,350680,0.3476772916588896,5.0
4946,28119,0.17085518756097623,8.0
4946,343489,0.31420290383283617,7.0
4946,100485,0.35782941276582464,4.0
4946,88105,0.12671821781460058,9.0
4946,496935,0.0,10.0
4125,283079,0.8306994446020493,1.0
4125,232199,0.7741783107931515,2.0
4125,363591,0.6860274023473573,3.0
4125,452987,0.3469547292327672,8.0
4125,571362,0.5093135409316993,4.0
4125,292769,0.14896610796328646,9.0
4125,340044,0.49113643179615996,6.0
4125,103593,0.4527367614119569,7.0
4125,276400,0.5016153177286634,5.0
4125,7632,0.06336382867106169,10.0
6009,62151,0.6574116700404415,2.0
6009,175831,0.6352077520241632,4.0
6009,303325,0.6441805111850448,3.0
6009,228983,0.7824669943322136,1.0
6009,158717,0.5018975098079614,6.0
6009,472585,0.05967265159672104,8.0
6009,178684,0.04785605534330534,9.0
6009,442048,0.5054197919661866,5.0
6009,125298,0.03509628452551189,10.0
6009,99857,0.1702341336446681,7.0
9598,528034,1.0,1.0
9598,379311,0.5854613733788354,3.0
9598,322826,0.42064543694121936,5.0
9598,136270,0.1326237122410602,10.0
9598,574327,0.606432990325313,2.0
9598,112208,0.3601900801889252,6.0
9598,17923,0.2960089782770554,7.0
9598,172703,0.20335246886292505,9.0
9598,297290,0.4889335986024397,4.0
9598,383978,0.2929684409962966,8.0
10645,22221,1.0,1.0
10645,340131,0.7708718077088533,2.0
10645,441176,0.7553885495881819,3.0
10645,183349,0.39501823020103566,7.0
10645,102684,0.5769737266547718,4.0
10645,248799,0.5758479971852132,5.0
10645,317354,0.3247675403237396,8.0
10645,293679,0.5286435026179472,6.0
10645,415340,0.2773179235268189,9.0
10645,487791,0.0,10.0
7441,125659,0.7964194558053723,3.0
7441,192900,0.8204230793717895,2.0
7441,537418,0.6514518879120503,5.0
7441,231781,0.846001040267407,1.0
7441,117576,0.7015768930491655,4.0
7441,404339,0.20380443341298016,8.0
7441,329662,0.3596996230184881,6.0
7441,504996,0.16419458075835652,9.0
7441,336018,0.20491837647891523,7.0
7441,180733,0.0,10.0
5080,305901,0.7810613935201622,2.0
5080,553304,0.6930991748037583,3.0
5080,392434,0.8424954301080754,1.0
5080,514512,0.626503159318148,5.0
5080,67063,0.6534607988048933,4.0
5080,488334,0.5626214416046569,6.0
5080,356928,0.5436103250409188,7.0
5080,271026,0.09170461264703135,10.0
5080,88912,0.15551942326421533,9.0
5080,167950,0.29572533743105966,8.0
9329,326991,1.0,1.0
9329,385574,0.3706133799088888,4.0
9329,340210,0.34121202872630196,5.0
9329,394924,0.47665391331103624,3.0
9329,265098,0.23598743893243923,6.0
9329,586018,0.4947345726829563,2.0
9329,179103,0.2336412653564078,7.0
9329,192900,0.19541014385095654,8.0
9329,209493,0.12678669700941936,9.0
9329,209065,0.0,10.0
6479,404339,1.0,1.0
6479,272008,0.6460579474148352,2.0
6479,536120,0.32856135051609875,3.0
6479,9938,0.12093843508536867,7.0
6479,453839,0.1062264781818684,8.0
6479,104793,0.03346252691914357,10.0
6479,257656,0.3206456655731402,4.0
6479,491969,0.24426057742476134,6.0
6479,114439,0.07408977529626393,9.0
6479,340210,0.2859757799772359,5.0
8513,175821,1.0,1.0
8513,69790,0.7711113190652776,2.0
8513,167950,0.44588260296244153,3.0
8513,183612,0.1307035372226905,10.0
8513,449039,0.1993069113786568,8.0
8513,267113,0.28957248280604975,5.0
8513,167896,0.27084489429460595,6.0
8513,417840,0.21721775579969663,7.0
8513,232712,0.29532068351196405,4.0
8513,87667,0.19116174004588554,9.0
10109,93231,0.9735237873097338,1.0
10109,28314,0.9654355538221637,2.0
10109,535317,0.5221412705912719,3.0
10109,395357,0.365118636563486,4.0
10109,124630,0.1374518471640455,7.0
10109,244749,0.09376742825149074,9.0
10109,305467,0.07692032300855245,10.0
10109,116420,0.3199383425837931,6.0
10109,474384,0.3617113272302044,5.0
10109,105818,0.10316359436021189,8.0
4844,275257,1.0,1.0
4844,367137,0.6974110627669755,2.0
4844,192193,0.6904729084629111,3.0
4844,111033,0.44525891741951984,5.0
4844,235522,0.4584527632977321,4.0
4844,549741,0.16514693770597122,8.0
4844,140088,0.3092750337400161,6.0
4844,386423,0.025522475565386626,9.0
4844,144177,0.2513474475326057,7.0
4844,409432,0.010397447895372107,10.0
8544,214003,1.0,1.0
8544,37517,0.4443354677218612,4.0
8544,336541,0.5083885539146185,2.0
8544,75437,0.3770973448915269,6.0
8544,13260,0.3444739222261475,7.0
8544,100103,0.47330989042582744,3.0
8544,416307,0.18344108474210452,8.0
8544,12432,0.058932323606975555,9.0
8544,561884,0.3989540809449848,5.0
8544,111768,0.039213585906519556,10.0
4823,561929,1.0,1.0
4823,362919,0.6682848296078339,2.0
4823,340131,0.33150685570017335,8.0
4823,104726,0.5405592385711886,3.0
4823,11572,0.4235930018477991,5.0
4823,7094,0.4300627089296123,4.0
4823,2860,0.2569183756992318,9.0
4823,459423,0.33515698657104714,7.0
4823,252716,0.35354779133056474,6.0
4823,271118,0.0,10.0
1085,366597,0.8186341579058003,2.0
1085,405702,0.9476347276934243,1.0
1085,485195,0.46253095384304616,3.0
1085,374334,0.3911808779162462,4.0
1085,108302,0.22214647939972748,7.0
1085,581889,0.03355378438139653,10.0
1085,94586,0.09297088094052047,9.0
1085,184175,0.29511777512515713,6.0
1085,401125,0.32333623367256203,5.0
1085,315275,0.1363709416678528,8.0
2388,104988,1.0,1.0
2388,300287,0.39734204031953513,2.0
2388,13657,0.2950621778551463,4.0
2388,123733,0.12039922621089973,9.0
2388,459423,0.3534829990740203,3.0
2388,565698,0.23812885561306432,6.0
2388,423403,0.2882976743453916,5.0
2388,157702,0.17064864712310465,8.0
2388,141320,0.23734906605971035,7.0
2388,429978,0.08672595638799944,10.0
6891,474351,1.0,1.0
6891,492506,0.3581771675322184,3.0
6891,504497,0.11964156592329651,8.0
6891,558924,0.3860825720128931,2.0
6891,264095,0.25464746937810767,6.0
6891,381757,0.21685858929562124,7.0
6891,323363,0.3069010844119004,4.0
6891,579543,0.07559726304212593,9.0
6891,143425,0.28787860901009976,5.0
6891,73434,0.0,10.0
2568,346042,1.0,1.0
2568,164702,0.5180913904364192,3.0
2568,170141,0.5031747249958258,4.0
2568,13975,0.3243603130624509,7.0
2568,544654,0.3789438739210456,6.0
2568,130209,0.43824076192920625,5.0
2568,428150,0.1287233229488576,9.0
2568,269898,0.519591798569524,2.0
2568,368802,0.2266927786220384,8.0
2568,213370,0.0005821472663386625,10.0
7702,558924,0.9473859010392016,1.0
7702,133093,0.8962192212044684,2.0
7702,387277,0.8182595351545405,3.0
7702,592636,0.1995452875494277,8.0
7702,214542,0.3839619578998592,4.0
7702,192193,0.27329957295013496,6.0
7702,108721,0.2104696290499305,7.0
7702,140088,0.28492273673293994,5.0
7702,367137,0.1602286001733313,9.0
7702,259317,0.02638671378842328,10.0
2376,91545,0.9984151786099859,1.0
2376,402249,0.8703642398437831,2.0
2376,244961,0.7511207388468983,6.0
2376,114417,0.796864119905327,3.0
2376,549833,0.7627791229318561,4.0
2376,324411,0.7540298094100906,5.0
2376,407455,0.6351410055033602,8.0
2376,64263,0.6516191094237653,7.0
2376,582521,0.3608077836653876,9.0
2376,44110,0.0,10.0
4339,386531,1.0,1.0
4339,488615,0.6317900193714936,2.0
4339,16392,0.35295935279339397,4.0
4339,242076,0.23855296237447227,7.0
4339,240645,0.2388324550219709,6.0
4339,473540,0.36091068492712025,3.0
4339,260328,0.29304858053174415,5.0
4339,455398,0.04230887947117597,9.0
4339,242294,0.18499378905515668,8.0
4339,103256,0.013749368995411706,10.0
5427,387854,0.8105477698934404,1.0
5427,580709,0.6484682733655742,2.0
5427,55666,0.5680530494518667,5.0
5427,200338,0.18130610503868264,10.0
5427,597467,0.6333800557034972,3.0
5427,142876,0.5847296969242449,4.0
5427,522358,0.2133165722672117,9.0
5427,273084,0.284234364009865,8.0
5427,200603,0.5037377957352457,6.0
5427,549759,0.33567033638169913,7.0
7734,226070,1.0,1.0
7734,96013,0.6049490703619704,2.0
7734,87667,0.4306954219304657,3.0
7734,94591,0.3015682107861589,4.0
7734,10703,0.29853398848092927,5.0
7734,150544,0.0776809133051896,9.0
7734,421371,0.28974924501704846,6.0
7734,232712,0.22115057469789154,8.0
7734,247486,0.05914936471695503,10.0
7734,433905,0.2839633257996258,7.0
2486,487791,1.0,1.0
2486,58937,0.5346824438109131,2.0
2486,388575,0.2932789504068479,6.0
2486,101604,0.3750099623825545,4.0
2486,216327,0.14677860474068866,9.0
2486,250702,0.38085935311535374,3.0
2486,357914,0.28981301199520126,7.0
2486,234436,0.36216015813219354,5.0
2486,518563,0.005067760026165787,10.0
2486,130021,0.204598155565612,8.0
7071,238629,0.8124872036770654,1.0
7071,99857,0.36851488020196005,5.0
7071,178684,0.6294752930002272,2.0
7071,14543,0.385561996057717,4.0
7071,588384,0.13851038379803313,9.0
7071,246221,0.34124292763854175,6.0
7071,403899,0.07824104735734028,10.0
7071,434812,0.5209173679428918,3.0
7071,319793,0.27148095705969155,7.0
7071,378173,0.1991179165260542,8.0
8537,511093,0.9775539279390615,1.0
8537,416307,0.8586493721910944,2.0
8537,572842,0.3518643965615331,8.0
8537,281707,0.40229996450852246,7.0
8537,374020,0.5691013842599508,4.0
8537,96467,0.46874163781659406,6.0
8537,557356,0.4842968119779948,5.0
8537,472516,0.6418144115386459,3.0
8537,472014,0.19821143445424652,9.0
8537,501384,0.11462677852506918,10.0
7178,70096,0.6717696170624667,2.0
7178,401329,0.7247909750478806,1.0
7178,420851,0.35464299407062905,3.0
7178,518563,0.12349374234843946,6.0
7178,58851,0.04065789074274147,9.0
7178,474384,0.22694277467226542,4.0
7178,88892,0.11875538128457244,7.0
7178,193312,0.08898331361341101,8.0
7178,484055,0.008121173314970845,10.0
7178,554568,0.13510185461426624,5.0
4777,2860,1.0,1.0
4777,409535,0.8801952802348286,2.0
4777,228983,0.3571473125375306,4.0
4777,429378,0.2933748308900934,5.0
4777,407455,0.22004252916259273,7.0
4777,167896,0.5771950315749996,3.0
4777,525231,0.2332711562162479,6.0
4777,570155,0.16560077081081215,8.0
4777,413041,0.02942595452996112,10.0
4777,164008,0.08404522077373297,9.0
2398,168922,0.5,5.0
2398,96538,0.9128819002448684,1.0
2398,443246,0.5824933737777312,3.0
2398,490443,0.702100782580014,2.0
2398,527698,0.558963244079276,4.0
2398,548465,0.49174967651134716,6.0
2398,107092,0.30220806808505063,7.0
2398,505959,0.2345118687484087,8.0
2398,403515,0.16387937880344974,10.0
2398,342212,0.22727955172170494,9.0
849,557186,1.0,1.0
849,528564,0.6837199722580587,4.0
849,232199,0.763167603713887,2.0
849,183612,0.7499559500083557,3.0
849,234436,0.3036633323739435,8.0
849,366830,0.4594783673590821,5.0
849,24890,0.2424262164622309,9.0
849,327263,0.31453380563492866,7.0
849,454810,0.013239688340784584,10.0
849,273947,0.41882300920691534,6.0
7534,175821,1.0,1.0
7534,301224,0.5642863976249397,2.0
7534,498378,0.36613131272310745,3.0
7534,46099,0.1608470619559901,6.0
7534,147765,0.0823717778469096,9.0
7534,89714,0.33354323082311377,4.0
7534,51046,0.21913405551125917,5.0
7534,211839,0.008300787623927724,10.0
7534,255491,0.1322407063911996,7.0
7534,169062,0.09561234910501697,8.0
5021,226070,0.7978856573224898,2.0
5021,423034,0.8216347552153633,1.0
5021,588607,0.31596310158262664,6.0
5021,79357,0.6288698449555725,3.0
5021,494939,0.3572747849708323,4.0
5021,3118,0.13224273395402703,8.0
5021,339640,0.3543570980705505,5.0
5021,289813,0.03133976863840545,10.0
5021,481308,0.10558781828242413,9.0
5021,136825,0.16499007591733247,7.0
6131,326094,0.888755931952425,1.0
6131,334111,0.7211011321379655,2.0
6131,44223,0.3653349881045805,5.0
6131,258465,0.5236448676132771,4.0
6131,123733,0.15427056691738789,7.0
6131,368806,0.5865973871305223,3.0
6131,315275,0.11209534077386771,8.0
6131,470024,0.3596298909711423,6.0
6131,483441,0.09851913499188378,9.0
6131,169699,0.04042748761904347,10.0
10136,152316,0.8987855305057395,2.0
10136,32744,0.7057146986942451,3.0
10136,290930,0.9084430503340699,1.0
10136,277179,0.48782602653488305,4.0
10136,18509,0.29436814866390326,7.0
10136,198349,0.37956231928678474,5.0
10136,302792,0.22846035784318452,8.0
10136,507284,0.17888067629208804,9.0
10136,280204,0.3562372335306848,6.0
10136,144177,0.0,10.0
9548,423658,0.9967391593106567,1.0
9548,523810,0.7805269372488146,3.0
9548,297290,0.8090572380426897,2.0
9548,231227,0.7546533442309202,4.0
9548,61022,0.2249443224953079,9.0
9548,72160,0.3504791795719667,5.0
9548,539263,0.3138062124252796,6.0
9548,32811,0.1497821152291155,10.0
9548,583203,0.22857800306972656,8.0
9548,482544,0.2874782729253066,7.0
4942,314898,1.0,1.0
4942,433490,0.6950133648635888,2.0
4942,295864,0.4294028537226394,3.0
4942,70853,0.2759029986728411,8.0
4942,420556,0.3235903684352385,5.0
4942,94689,0.4267361260331359,4.0
4942,486333,0.2830743730513821,7.0
4942,62966,0.3177134369031933,6.0
4942,55999,0.18090117991447613,9.0
4942,539263,0.038359834297510394,10.0
5090,572272,0.6812478304192617,2.0
5090,12988,0.893968330507421,1.0
5090,270856,0.4377224283960165,3.0
5090,468777,0.23863497176210818,9.0
5090,507544,0.318976109707363,4.0
5090,551423,0.2055520311411273,10.0
5090,149500,0.3159676503508685,5.0
5090,247721,0.243347570298036,8.0
5090,169688,0.273554595489928,7.0
5090,414534,0.27701466300840927,6.0
6005,149500,1.0,1.0
6005,507544,0.6026492868022775,2.0
6005,572272,0.5421514855387406,3.0
6005,551423,0.24232605634789284,6.0
6005,140947,0.049719300816303325,10.0
6005,30311,0.14845686079486506,7.0
6005,176498,0.3647485512167202,4.0
6005,414288,0.29351287084928607,5.0
6005,515060,0.09201864473403557,9.0
6005,377223,0.12888539131041085,8.0
7533,162668,1.0,1.0
7533,461084,0.7126474633647134,2.0
7533,438680,0.6677456652497664,3.0
7533,284411,0.6382158263596239,4.0
7533,167356,0.5481928639324074,5.0
7533,257016,0.332966026836124,8.0
7533,201495,0.5221633244781869,6.0
7533,213435,0.49850030422361447,7.0
7533,167950,0.029109055675848684,10.0
7533,407654,0.21010341796851836,9.0
8034,284075,0.5753527934199077,2.0
8034,327978,0.7321476094668063,1.0
8034,415340,0.3688629627479921,5.0
8034,307999,0.4154661351209121,4.0
8034,292991,0.17734812103459927,10.0
8034,198764,0.3381264124282607,6.0
8034,13153,0.2526479895013227,8.0
8034,22221,0.26722752010759115,7.0
8034,213435,0.23192920561618183,9.0
8034,579557,0.5,3.0
2330,478514,1.0,1.0
2330,260014,0.13590658882341922,7.0
2330,370334,0.4121901890786967,2.0
2330,345895,0.27045212600903634,3.0
2330,156873,0.08578981152518343,9.0
2330,572272,0.11410114831644724,8.0
2330,488334,0.19780982203041653,6.0
2330,94586,0.23897845412929689,4.0
2330,167684,0.2261559065382605,5.0
2330,9656,0.0422307245755141,10.0
7803,62151,1.0,1.0
7803,572205,0.6260311811890753,2.0
7803,327127,0.47885617436513406,5.0
7803,216065,0.5379392044699703,3.0
7803,214003,0.4622067583820185,6.0
7803,100103,0.39363332762609604,7.0
7803,336541,0.5057578362474933,4.0
7803,324037,0.07953024457039111,9.0
7803,583651,0.011964194381809228,10.0
7803,12432,0.36938468331385527,8.0
1933,183612,1.0,1.0
1933,446984,0.39705631567312305,2.0
1933,141738,0.18078765763384186,9.0
1933,352640,0.2429968891463543,5.0
1933,445298,0.29895204326583935,4.0
1933,413041,0.024739473036994947,10.0
1933,466718,0.1964701459851672,7.0
1933,234436,0.22763318909002603,6.0
1933,264554,0.30297695039744815,3.0
1933,134794,0.18697413567402954,8.0
6849,44601,1.0,1.0
6849,59714,0.5936896092036223,3.0
6849,78675,0.6167168381188339,2.0
6849,578427,0.43489344004385877,5.0
6849,172703,0.13835821844767046,8.0
6849,79998,0.2606676741160974,6.0
6849,112208,0.09868880316473996,9.0
6849,418150,0.4539460033327567,4.0
6849,328086,0.012125584433752896,10.0
6849,61962,0.19216873230700912,7.0
7448,418150,1.0,1.0
7448,100485,0.26678853972167726,4.0
7448,273861,0.062437622956760024,10.0
7448,112208,0.26753730052454705,3.0
7448,377429,0.17753216610732106,7.0
7448,387277,0.14727752611854866,8.0
7448,307095,0.18606420622940814,6.0
7448,133093,0.251784830311943,5.0
7448,44601,0.35003292277801656,2.0
7448,172703,0.06621070810117287,9.0
42,283079,0.992362766240811,1.0
42,278824,0.6580440179932858,3.0
42,528564,0.7590078109622228,2.0
42,327002,0.5648522710451898,4.0
42,141738,0.14440245142788316,9.0
42,124630,0.09829987749647197,10.0
42,366830,0.45668556693821294,6.0
42,467509,0.17162675772719327,8.0
42,536849,0.5478607141094239,5.0
42,583956,0.20864467811446086,7.0
4102,125940,0.5,6.0
4102,293320,0.5793637860753909,4.0
4102,572340,0.6763476434970617,3.0
4102,554734,0.8479649209573743,1.0
4102,275925,0.49154138350933496,7.0
4102,327978,0.6990387324084422,2.0
4102,326142,0.5254416204028722,5.0
4102,460457,0.24718683157997307,8.0
4102,356987,0.12106448366658723,9.0
4102,324779,0.10402947578742525,10.0
7269,474351,0.6343911459756807,1.0
7269,588607,0.5526795272822751,3.0
7269,72402,0.26169553245329663,5.0
7269,226070,0.25035407915240554,7.0
7269,301580,0.08484201119520234,8.0
7269,486696,0.5532877071633061,2.0
7269,386173,0.040702789085166224,10.0
7269,392894,0.25236166336259425,6.0
7269,129319,0.3405220237657126,4.0
7269,90294,0.05736766595281152,9.0
10975,363591,0.8374138973651808,2.0
10975,17166,0.8589456085349008,1.0
10975,72160,0.7423520662728502,3.0
10975,545759,0.2699223079463823,7.0
10975,384564,0.13202106951776146,9.0
10975,482544,0.5167567086104137,5.0
10975,528522,0.42844991828614054,6.0
10975,61022,0.06909875950281726,10.0
10975,452870,0.5326907505035562,4.0
10975,341493,0.23794232878647203,8.0
715,93936,0.5330226710825724,3.0
715,232262,0.43807406266901916,6.0
715,377223,0.503870947219849,4.0
715,590489,0.583202950967914,2.0
715,560872,0.5865760409222112,1.0
715,127316,0.3657578269592652,7.0
715,273925,0.4740457458863539,5.0
715,524752,0.13584166017317256,9.0
715,212028,0.010860895800211608,10.0
715,167896,0.26591013912853406,8.0
4037,557186,0.9072329349500212,1.0
4037,408327,0.39361169473086743,3.0
4037,81483,0.11475826050880737,9.0
4037,264554,0.2683978865929603,4.0
4037,70488,0.16915586346528827,5.0
4037,73427,0.16217359984149457,7.0
4037,141738,0.029901242331462265,10.0
4037,327002,0.16753977164051229,6.0
4037,298099,0.5024233271886446,2.0
4037,278824,0.13495012020170724,8.0
4047,159836,0.6627737068214096,2.0
4047,538352,0.8815741760440221,1.0
4047,124230,0.596789894468284,4.0
4047,457294,0.42988286321623637,5.0
4047,227423,0.5998335328070626,3.0
4047,488258,0.28045413458655943,7.0
4047,186453,0.40069073454984216,6.0
4047,560872,0.1945909498028411,9.0
4047,304477,0.009744589189395546,10.0
4047,472585,0.2797842720572426,8.0
8072,31465,0.7774365003406867,2.0
8072,127452,0.8447244715062455,1.0
8072,164008,0.639070490391694,4.0
8072,413041,0.4467277625723233,7.0
8072,394244,0.7594401378365558,3.0
8072,284235,0.6031610494113526,5.0
8072,494727,0.4017878101819322,8.0
8072,294867,0.4575645835551883,6.0
8072,316838,0.2892560009488593,9.0
8072,169062,0.0,10.0
5906,258465,0.822038207941741,1.0
5906,409907,0.7580712684686739,2.0
5906,318520,0.708164088550165,3.0
5906,470024,0.3056338017891574,6.0
5906,289231,0.46337100107231743,4.0
5906,273528,0.43385184681772765,5.0
5906,326094,0.03444486206251861,10.0
5906,2460,0.15986919824915424,9.0
5906,394467,0.19269597243056502,8.0
5906,15172,0.2908931690695271,7.0
8378,178684,1.0,1.0
8378,246221,0.6894499939453054,4.0
8378,238629,0.7177734000984184,3.0
8378,434812,0.729611201236194,2.0
8378,102237,0.4741711417003537,5.0
8378,43497,0.28628594819548003,6.0
8378,403025,0.14316962061970007,8.0
8378,382381,0.18715656229243596,7.0
8378,554568,0.07624368146466004,9.0
8378,597401,0.0,10.0
885,315275,0.6135517390513443,2.0
885,273528,0.6562842644648867,1.0
885,173929,0.20916159542352983,8.0
885,394467,0.2191659273940516,7.0
885,485195,0.22487493468235106,6.0
885,326094,0.5802521404810596,3.0
885,483441,0.2929166678451642,4.0
885,258465,0.27980094898034297,5.0
885,399013,0.11289034951049937,9.0
885,246459,0.07844552946730042,10.0
2423,529444,0.8918465553709078,2.0
2423,396127,0.9538852892263624,1.0
2423,89049,0.5302407957560429,3.0
2423,124027,0.47194690984579196,4.0
2423,461084,0.23033847739163482,8.0
2423,388646,0.3188080954807956,7.0
2423,553288,0.424783759470219,5.0
2423,428150,0.3590207472666019,6.0
2423,370334,0.010768508711497704,9.0
2423,175232,0.0,10.0
4414,235522,1.0,1.0
4414,367137,0.7388614866608687,2.0
4414,133093,0.40090734631157543,6.0
4414,144177,0.6638725041355155,3.0
4414,111033,0.38436603067813185,7.0
4414,275257,0.3094183766065435,8.0
4414,29073,0.5480810144036943,4.0
4414,140088,0.19951243251384376,9.0
4414,76776,0.009278561283848767,10.0
4414,577578,0.4125263433174162,5.0
1297,313909,0.8476629873713482,2.0
1297,171761,0.9923209427034789,1.0
1297,219758,0.5259707457845865,6.0
1297,289813,0.6086891919049052,4.0
1297,90712,0.5524594924772666,5.0
1297,146021,0.6373579855343461,3.0
1297,370663,0.38791203675105485,7.0
1297,66246,0.16251263557137746,8.0
1297,545434,0.016107408280192036,10.0
1297,521712,0.14546187832851457,9.0
8512,32811,1.0,1.0
8512,61022,0.5437492019579923,2.0
8512,149696,0.38881720733163516,4.0
8512,320101,0.17118756818661854,10.0
8512,528522,0.3172992654546641,5.0
8512,231227,0.2807136774173368,6.0
8512,461592,0.40923140411806014,3.0
8512,474384,0.2500770592623397,8.0
8512,214901,0.2517777811146298,7.0
8512,452870,0.23773449542553907,9.0
3822,290930,0.9743313921389463,1.0
3822,454157,0.7395353245432477,3.0
3822,586151,0.7478974370742422,2.0
3822,318583,0.23175791555162878,9.0
3822,592636,0.6278884113803975,4.0
3822,476834,0.5709815508481286,5.0
3822,597880,0.37697903332317184,7.0
3822,309269,0.34094364321493154,8.0
3822,431814,0.1205369980694124,10.0
3822,369355,0.5,6.0
859,32530,0.9956797733253231,1.0
859,326094,0.6442636586368088,2.0
859,171720,0.5012884767626562,3.0
859,377223,0.3910969456143622,5.0
859,310215,0.25830765174745113,9.0
859,308837,0.3828750133655118,7.0
859,513258,0.0451037210113134,10.0
859,388201,0.3905595153934252,6.0
859,506374,0.3666905492781401,8.0
859,217683,0.5,4.0
6668,457294,1.0,1.0
6668,93971,0.3541175146727218,2.0
6668,301570,0.20842613305916904,7.0
6668,228403,0.27934906076510646,5.0
6668,159703,0.2869825155211774,3.0
6668,326991,0.03468537487561818,10.0
6668,526110,0.24793244620427057,6.0
6668,88892,0.13158059758374618,9.0
6668,241337,0.2820034529552801,4.0
6668,11988,0.18416632516795742,8.0
604,38711,0.8155746835668204,1.0
604,571430,0.746113523389231,2.0
604,224869,0.3291105040229759,6.0
604,115553,0.20411884407615788,8.0
604,197222,0.31544660084710263,7.0
604,348353,0.3707481417969362,5.0
604,561377,0.5666470686361736,3.0
604,195191,0.08850335772534514,9.0
604,342307,0.026598995393695157,10.0
604,486333,0.48586239727692027,4.0
3177,539263,0.9462026865866124,1.0
3177,172703,0.7574960950127363,3.0
3177,536120,0.7253603824690333,4.0
3177,377429,0.6765064710792271,5.0
3177,480315,0.7971690603834014,2.0
3177,87722,0.4081356179700796,7.0
3177,17208,0.49061475421558376,6.0
3177,467575,0.32455312967472105,8.0
3177,328086,0.05315945613552921,9.0
3177,423658,0.0,10.0
721,496225,1.0,1.0
721,51615,0.2304289759589424,3.0
721,298128,0.2538290149732193,2.0
721,568526,0.19291437675468753,4.0
721,251824,0.12018872312222721,6.0
721,196427,0.10536278121502213,7.0
721,597880,0.02396707041269444,10.0
721,150650,0.1913938026556332,5.0
721,447353,0.08466181060156462,8.0
721,358661,0.04087517171375631,9.0
7124,427726,0.7489416747390137,1.0
7124,242524,0.6803518129007811,3.0
7124,62151,0.5239562625465489,4.0
7124,265314,0.4075328035055744,7.0
7124,226070,0.45878684117126095,5.0
7124,558617,0.7277535154439607,2.0
7124,433905,0.42147734454437624,6.0
7124,421371,0.3268675082833321,8.0
7124,96013,0.2739043132734959,9.0
7124,162668,0.0,10.0
4500,236482,0.818190550926545,2.0
4500,533623,0.8338941018027186,1.0
4500,474234,0.30894254920729264,6.0
4500,166487,0.25537296796151937,8.0
4500,231781,0.4549644025152451,5.0
4500,80031,0.22374985392276148,9.0
4500,163048,0.4664450512305619,4.0
4500,62897,0.06022659172097368,10.0
4500,275929,0.47334677278397075,3.0
4500,81101,0.2586064033366958,7.0
603,64103,0.7634349679168861,1.0
603,399013,0.6778559362471221,2.0
603,535651,0.44901005312615094,5.0
603,120090,0.6591972474725699,3.0
603,279897,0.49361820742984164,4.0
603,55022,0.37378946606642144,6.0
603,35736,0.07157567590186695,9.0
603,544486,0.2395663204763985,8.0
603,77503,0.034590733244787286,10.0
603,139047,0.3462059204945586,7.0
6647,462265,1.0,1.0
6647,13260,0.46868343973345716,3.0
6647,96013,0.4767652393213036,2.0
6647,464533,0.21295044379733952,6.0
6647,562171,0.16608055970511634,7.0
6647,326233,0.22986919496611158,5.0
6647,209188,0.32100958237391497,4.0
6647,231068,0.10969616944743414,8.0
6647,391988,0.03683183983322445,9.0
6647,531990,0.0,10.0
5369,258465,0.8656324355533908,1.0
5369,172128,0.6528417889351639,3.0
5369,184175,0.7131263669909637,2.0
5369,399013,0.4341183593052832,4.0
5369,173929,0.11989877686842992,8.0
5369,171339,0.3655906262738846,5.0
5369,414288,0.25730885887118987,6.0
5369,500946,0.23307622723670027,7.0
5369,70724,0.02844635402645298,10.0
5369,118280,0.03935791015219928,9.0
932,48722,0.9039129868194542,2.0
932,387010,0.9378069628242964,1.0
932,442110,0.433948744129057,4.0
932,292769,0.25674729153722603,7.0
932,593085,0.10101739533876254,9.0
932,23747,0.46742876099201613,3.0
932,418630,0.39603446473584664,5.0
932,281045,0.20938849355126676,8.0
932,196427,0.024650309644169564,10.0
932,571430,0.34124478351442783,6.0
9633,259081,0.9384438768442145,1.0
9633,534418,0.9147141399707163,2.0
9633,481166,0.35391604076863975,3.0
9633,185909,0.3146390466163788,5.0
9633,552479,0.23662019366850265,7.0
9633,590578,0.11734475096806948,8.0
9633,484055,0.3311719555906637,4.0
9633,474351,0.24870147765432196,6.0
9633,363741,0.09266951688045447,9.0
9633,262441,0.03725552369950856,10.0
1676,394871,1.0,1.0
1676,234436,0.6849978421294116,2.0
1676,77245,0.683891878433081,3.0
1676,487791,0.6284383464946981,4.0
1676,58937,0.5080625469393321,5.0
1676,352640,0.34749069594192983,7.0
1676,279538,0.381960056547645,6.0
1676,196920,0.25599157089044,8.0
1676,555732,1.1088726375492854e-05,10.0
1676,136804,0.1170188482289564,9.0
4804,222153,0.8667572714809775,1.0
4804,325892,0.27849441505174166,6.0
4804,255795,0.47348620242101247,4.0
4804,285255,0.4935220395624349,3.0
4804,45218,0.21876158358380993,7.0
4804,162456,0.5510798046331813,2.0
4804,143100,0.10504811501985833,9.0
4804,51583,0.10617743868204077,8.0
4804,116574,0.42283499326368906,5.0
4804,393132,0.0,10.0
2747,445298,0.9718837195657013,1.0
2747,431685,0.4668820230316554,4.0
2747,535705,0.5579604495897739,3.0
2747,583635,0.2059000722095902,9.0
2747,387010,0.5582873962009465,2.0
2747,571430,0.1394152584452097,10.0
2747,418630,0.4162528043643635,5.0
2747,279538,0.36332365334187205,6.0
2747,582864,0.2720439526491598,8.0
2747,123468,0.29197743590394176,7.0
8632,43497,1.0,1.0
8632,382381,0.6683411127969815,2.0
8632,344372,0.5240187652940869,3.0
8632,575741,0.23820094725433733,5.0
8632,458385,0.21504068203233534,6.0
8632,416307,0.21242188597373707,7.0
8632,102436,0.47692373398845184,4.0
8632,223070,0.1769659749412625,9.0
8632,363043,0.19734710263714964,8.0
8632,186453,0.0,10.0
4981,102684,0.9009193895819246,1.0
4981,45218,0.8246971885070858,2.0
4981,578585,0.20508288678625305,5.0
4981,341625,0.3204355423314017,3.0
4981,590710,0.16864471960297767,6.0
4981,264800,0.04063217597401667,9.0
4981,475541,0.022219587189780607,10.0
4981,212481,0.15138361150886936,7.0
4981,567362,0.31644394474276255,4.0
4981,319692,0.04575846231572342,8.0
6146,289231,0.6532585971453176,2.0
6146,2460,0.5357017353866375,5.0
6146,470024,0.5552575177852783,3.0
6146,394467,0.4451840970824643,7.0
6146,160125,0.7352476458759244,1.0
6146,581889,0.5390329752273546,4.0
6146,326094,0.20238383801921717,8.0
6146,580709,0.04719158397278635,10.0
6146,273528,0.1602330055914865,9.0
6146,7403,0.49740894560503646,6.0
10674,328556,0.5861772763478024,1.0
10674,435963,0.46008024059625147,4.0
10674,89460,0.41880298714874126,6.0
10674,109860,0.22423071114641507,7.0
10674,88813,0.4278166222744611,5.0
10674,319793,0.46793521233032237,3.0
10674,99857,0.5522099306919399,2.0
10674,99757,0.005443505862090384,9.0
10674,431814,0.014604185222618178,8.0
10674,363043,0.0,10.0
3683,276975,1.0,1.0
3683,105973,0.6903239596379238,2.0
3683,421538,0.30599958259445403,4.0
3683,522713,0.4585150908870485,3.0
3683,303977,0.19129049478767485,7.0
3683,178521,0.23164322158508538,6.0
3683,500460,0.2778873036328168,5.0
3683,116865,0.0435351160971406,9.0
3683,158717,0.008196982068768918,10.0
3683,349866,0.08755480902809952,8.0
928,394460,0.7689404925555063,2.0
928,349866,0.9380296266951051,1.0
928,400009,0.2280117388907123,5.0
928,573276,0.16604093840969264,8.0
928,490443,0.1661556946759163,7.0
928,305509,0.07177316626529946,10.0
928,11572,0.3264095964692483,3.0
928,253563,0.13996499059686618,9.0
928,422770,0.2518101755653298,4.0
928,409573,0.172777486892463,6.0
5054,21311,0.8514142078956707,1.0
5054,485863,0.5437106320992062,3.0
5054,542521,0.4657008994279107,6.0
5054,144660,0.15739561608038496,9.0
5054,307113,0.3445015251239768,7.0
5054,305901,0.5069739200131602,5.0
5054,406457,0.5673883242672453,2.0
5054,366219,0.04508607372254561,10.0
5054,340131,0.5138860643995116,4.0
5054,15172,0.33582739369233755,8.0
6554,583203,1.0,1.0
6554,226967,0.2900828076296804,2.0
6554,377429,0.12333529127296389,5.0
6554,122012,0.27901827486431013,3.0
6554,403755,0.10985327410404924,9.0
6554,574327,0.14664209502026015,4.0
6554,275902,0.11155376366488234,8.0
6554,536120,0.1158706276490677,7.0
6554,480315,0.11772148498685013,6.0
6554,21103,0.030708157135009927,10.0
7377,579557,1.0,1.0
7377,6666,0.4501098136802496,4.0
7377,328086,0.25695938423772025,8.0
7377,345895,0.33433457281352463,7.0
7377,293679,0.5374621608364133,2.0
7377,81304,0.3459505742020929,5.0
7377,172703,0.4779086559743207,3.0
7377,17208,0.3363624800422837,6.0
7377,505027,0.04018992950714757,10.0
7377,453542,0.20881542436697276,9.0
1309,15824,0.8309928950073506,1.0
1309,438869,0.7670119061689962,2.0
1309,279845,0.27835370086521816,5.0
1309,266319,0.23279379433250783,6.0
1309,110386,0.14878433099466273,9.0
1309,366594,0.3318751213602978,4.0
1309,443795,0.04207385029358216,10.0
1309,135415,0.2084242510357923,7.0
1309,16778,0.19839404856868126,8.0
1309,471630,0.5,3.0
8351,273142,1.0,1.0
8351,469776,0.37713074365065075,2.0
8351,171720,0.25937903649144095,7.0
8351,213331,0.06478455612744341,9.0
8351,528132,0.2603596027751746,6.0
8351,191977,0.033034934429553714,10.0
8351,71873,0.32186641346353945,4.0
8351,405374,0.32734346824027016,3.0
8351,568526,0.19841543514798654,8.0
8351,304009,0.28339554132642425,5.0
6441,254279,1.0,1.0
6441,156029,0.6732966306578692,2.0
6441,28314,0.539867158208729,3.0
6441,529993,0.1576181629629909,7.0
6441,87722,0.263213722943503,5.0
6441,536120,0.2635190083907348,4.0
6441,593644,0.1021777544404037,8.0
6441,108721,0.013771893513979182,10.0
6441,174619,0.1938275749465909,6.0
6441,90712,0.10158698277683004,9.0
4837,426223,0.6985460471076107,3.0
4837,95778,0.8588226666499912,1.0
4837,565330,0.5094767359875683,5.0
4837,159936,0.7054963318672025,2.0
4837,187739,0.6694329919257949,4.0
4837,254454,0.23739359267999058,7.0
4837,167896,0.08746145976223825,9.0
4837,565698,0.18726922232692106,8.0
4837,275410,0.05923652945082506,10.0
4837,274870,0.4875183789255821,6.0
9871,553288,0.7501049378021616,2.0
9871,76562,0.8023754512394811,1.0
9871,322771,0.43862593769907854,3.0
9871,240645,0.3476190132579777,6.0
9871,547301,0.402075505863582,5.0
9871,213755,0.15618516405057664,8.0
9871,488366,0.34532332515559583,7.0
9871,305907,0.43614355230412394,4.0
9871,172718,0.09845998790066578,9.0
9871,271832,0.0,10.0
3067,423403,1.0,1.0
3067,372921,0.6483691743741552,2.0
3067,578488,0.5671407403098548,4.0
3067,104726,0.580349148561477,3.0
3067,104788,0.2961852752209222,7.0
3067,582005,0.364366884745568,6.0
3067,467135,0.3833598154927296,5.0
3067,318473,0.03462048796983956,10.0
3067,187739,0.24540076237006844,8.0
3067,167896,0.23042070721016858,9.0
5741,124219,0.881309183449079,1.0
5741,328086,0.4658050226274517,3.0
5741,43781,0.3049765786389496,7.0
5741,259081,0.6066991582128212,2.0
5741,568200,0.2470930139951572,8.0
5741,107688,0.3562554681972373,5.0
5741,301224,0.32362882347074734,6.0
5741,329337,0.026335829164419768,9.0
5741,136825,0.4529420785331507,4.0
5741,437427,0.0,10.0
3566,45029,0.7682031463258573,1.0
3566,195191,0.5668549826878887,5.0
3566,149306,0.6015274876409781,4.0
3566,408123,0.6434469240076353,3.0
3566,152286,0.7343848628109115,2.0
3566,519390,0.1740248113968322,8.0
3566,65782,0.07810989669855171,10.0
3566,595211,0.14677539743254797,9.0
3566,317493,0.38212187758369487,6.0
3566,284075,0.27605705644087936,7.0
5862,562511,1.0,1.0
5862,21194,0.734317019528179,2.0
5862,273947,0.20702751486510035,7.0
5862,170141,0.4878952405181763,3.0
5862,29790,0.1856956460676063,8.0
5862,253563,0.43492354969126507,5.0
5862,269898,0.47788259577022457,4.0
5862,346042,0.33542502343030484,6.0
5862,258465,0.05125228305074633,9.0
5862,78176,0.0,10.0
8779,209730,1.0,1.0
8779,180571,0.588603390954001,2.0
8779,17166,0.41585775076264003,3.0
8779,213591,0.26345426627651747,4.0
8779,279538,0.17341533477882876,6.0
8779,72160,0.25225403155654297,5.0
8779,319954,0.1451105926075848,8.0
8779,452870,0.14749079076246444,7.0
8779,491964,0.13152245396941853,9.0
8779,214901,0.0,10.0
4714,505057,0.9823857961096322,1.0
4714,584450,0.805350129268203,2.0
4714,324833,0.5030230740028072,3.0
4714,184506,0.2688104132661444,4.0
4714,295980,0.1907266366195398,6.0
4714,249450,0.2039796003654608,5.0
4714,118374,0.13719784951487196,8.0
4714,424585,0.0050449585312180275,9.0
4714,473809,0.0010285332527936743,10.0
4714,46211,0.1631546578800882,7.0
7311,125355,0.7486560028179154,1.0
7311,279897,0.3149868257835934,5.0
7311,183349,0.08460861633522515,8.0
7311,523279,0.03225700042429461,9.0
7311,33576,0.11491135766760788,7.0
7311,215154,0.2281819536903043,6.0
7311,344267,0.5187901135675412,2.0
7311,238421,0.4419549225908698,3.0
7311,334696,0.37056938309253284,4.0
7311,100485,0.014156792120632774,10.0
109,73427,1.0,1.0
109,213331,0.16042198281874298,7.0
109,538023,0.29434658799601343,4.0
109,461084,0.1457456514616536,8.0
109,563025,0.40464638186956603,2.0
109,406457,0.08684782898386319,9.0
109,342212,0.16269845312125955,6.0
109,535705,0.17038828618638818,5.0
109,547301,0.311249527577988,3.0
109,18509,0.0,10.0
570,21311,0.8257096012379408,1.0
570,103593,0.547786367937458,3.0
570,232199,0.3176644826052948,8.0
570,341493,0.649927464203095,2.0
570,565684,0.15263005369891075,10.0
570,156358,0.4400951666811735,6.0
570,79888,0.4385564943492345,7.0
570,335991,0.5234577863425975,4.0
570,349384,0.23499635873187513,9.0
570,17166,0.4880401881503472,5.0
6959,301570,0.8075790138588854,2.0
6959,69790,0.8557330287501442,1.0
6959,293767,0.5734734793951624,3.0
6959,482415,0.2586272261779433,9.0
6959,330041,0.4949050461617793,5.0
6959,88813,0.5335596316898531,4.0
6959,427726,0.38114757296726987,8.0
6959,266480,0.2571742543833823,10.0
6959,431814,0.3860222843492508,7.0
6959,231781,0.38654048952137865,6.0
90,56718,0.8585028839216148,1.0
90,150219,0.58303605689092,3.0
90,31793,0.7977058484103527,2.0
90,385073,0.5354445744532531,4.0
90,234436,0.5310588548302853,5.0
90,153541,0.3374536289017245,6.0
90,172594,0.16050537617779637,7.0
90,366830,0.018975560427613395,10.0
90,34731,0.1361749244386424,8.0
90,314898,0.061406133951639186,9.0
5064,2003,1.0,1.0
5064,455614,0.7423683859722341,2.0
5064,135514,0.35575814794577737,8.0
5064,192811,0.5007702451377886,3.0
5064,551423,0.494749905952217,4.0
5064,414288,0.39173534209492034,6.0
5064,377223,0.4336472757508356,5.0
5064,393278,0.10097248998466586,10.0
5064,524888,0.11602587886557329,9.0
5064,176498,0.3566565931426405,7.0
4103,307380,0.9290832481712397,2.0
4103,29073,0.970775167178712,1.0
4103,577578,0.728977134338141,3.0
4103,482415,0.6248736260763055,4.0
4103,175265,0.37835886166394556,5.0
4103,370879,0.3381716811912846,6.0
4103,163590,0.07667154441718022,9.0
4103,133093,0.11062395916341823,8.0
4103,169921,0.01974243121140619,10.0
4103,192193,0.25562752769992814,7.0
1198,56718,1.0,1.0
1198,232199,0.2034950548844361,2.0
1198,175272,0.18805187424794034,3.0
1198,103593,0.09310568759153626,9.0
1198,366761,0.11649831815134984,7.0
1198,105872,0.18298513626459056,4.0
1198,467390,0.1233885729890509,6.0
1198,352120,0.11050543081912664,8.0
1198,58937,0.1278887086434792,5.0
1198,434769,0.0,10.0
4539,32744,0.8804062228637902,1.0
4539,61792,0.6563317266066004,2.0
4539,275925,0.6348005578374788,3.0
4539,61346,0.4754871199766344,5.0
4539,370879,0.16556161496507296,8.0
4539,426461,0.2599884402645112,6.0
4539,235522,0.17920493450814212,7.0
4539,440270,0.121768416050758,10.0
4539,83330,0.5064715633540221,4.0
4539,572272,0.1279226048346971,9.0
9391,248158,0.8427887586437283,2.0
9391,136270,0.5584710475535005,4.0
9391,108859,0.5018716245119964,5.0
9391,136515,0.865422445883349,1.0
9391,142631,0.5657765599949602,3.0
9391,301580,0.4785469595127055,6.0
9391,127263,0.2108290548365423,7.0
9391,105973,0.03176319825229168,10.0
9391,429579,0.14807870673447415,9.0
9391,163590,0.16236605843384994,8.0
4600,577578,0.9613341200933458,1.0
4600,61792,0.36296656207801403,5.0
4600,482415,0.6541615977975176,2.0
4600,257633,0.4293175559341833,3.0
4600,133093,0.27938571584822824,6.0
4600,76515,0.06046923294803698,10.0
4600,367137,0.4068176987727465,4.0
4600,214542,0.09583613985862866,9.0
4600,34925,0.27537791454692045,7.0
4600,275257,0.17410595926282513,8.0
3735,125659,0.8660536764148983,1.0
3735,93231,0.7982200797040846,2.0
3735,537418,0.7187568525465675,3.0
3735,330041,0.6397329585797313,5.0
3735,344065,0.39759348723210497,6.0
3735,511093,0.2742677632089482,9.0
3735,32290,0.667915302829031,4.0
3735,504996,0.33991610681748674,7.0
3735,266900,0.31683960360545593,8.0
3735,40447,0.0,10.0
5422,483299,0.6254114890823219,2.0
5422,108,0.43180960466537444,5.0
5422,55022,0.4301646633818782,6.0
5422,528034,0.4778235608714663,4.0
5422,81304,0.3975384266812191,8.0
5422,259081,0.6379756692071712,1.0
5422,579235,0.5224902103684002,3.0
5422,136270,0.39208477164685374,9.0
5422,22221,0.13924581849964307,10.0
5422,124219,0.4153881657432148,7.0
744,573276,0.9904815641788707,1.0
744,138845,0.3902722979804061,4.0
744,409573,0.3790118526258118,5.0
744,171339,0.4681113665206771,3.0
744,289231,0.6401772947193108,2.0
744,273528,0.30851945654050755,7.0
744,172305,0.08872844767635961,10.0
744,350819,0.2529924275084748,8.0
744,120852,0.2361520716207503,9.0
744,118280,0.35523968067069517,6.0
515,372909,1.0,1.0
515,328341,0.8301929505494934,2.0
515,431685,0.6816819949159703,3.0
515,352838,0.6715721919836419,4.0
515,231614,0.4316192286835124,5.0
515,195081,0.2467015498689915,6.0
515,98112,0.1030476020130143,7.0
515,60443,0.10034072282297254,8.0
515,123733,0.010037201618271251,10.0
515,360011,0.08046204694418159,9.0
2443,331253,0.77626489044078,1.0
2443,44609,0.7642541300668841,2.0
2443,305579,0.6956288477892282,3.0
2443,306800,0.6144996894890296,4.0
2443,446647,0.5963857637898872,5.0
2443,313437,0.11246825915314475,10.0
2443,426216,0.5908294384588261,6.0
2443,208051,0.3320824445387574,8.0
2443,305907,0.3900983326954509,7.0
2443,510130,0.14348236079333496,9.0
4265,157553,1.0,1.0
4265,392163,0.5242525146469924,2.0
4265,584273,0.4553585212237612,3.0
4265,149974,0.3401920106658236,6.0
4265,523158,0.03961564459662628,10.0
4265,140947,0.4223704400008705,4.0
4265,386229,0.05125284033060691,9.0
4265,575729,0.13231189962077572,8.0
4265,93881,0.3950788893545651,5.0
4265,577517,0.2484290945912734,7.0
4865,223032,0.6419724343383635,2.0
4865,370569,0.9843295380721666,1.0
4865,251824,0.5350323560171555,4.0
4865,435963,0.564440387951179,3.0
4865,508821,0.3799306679968928,6.0
4865,481166,0.4384388334559336,5.0
4865,305117,0.35202280202255726,7.0
4865,110515,0.15131005211249968,8.0
4865,565698,0.021126488005013867,9.0
4865,585738,0.0041878970555499,10.0
2968,187196,0.8030668058994388,2.0
2968,388646,0.9359408073197085,1.0
2968,242124,0.7446402987461094,3.0
2968,176498,0.11368313060406203,7.0
2968,198371,0.3630765197486162,4.0
2968,583640,0.24029420077545113,5.0
2968,280967,0.11352425172353235,8.0
2968,287991,0.137606179528168,6.0
2968,455398,0.04922064154780313,10.0
2968,329757,0.11225063321477931,9.0
7221,305117,0.7897110590581833,2.0
7221,473809,0.9588214661135634,1.0
7221,481166,0.66997510464938,3.0
7221,71873,0.48267986862532064,5.0
7221,537418,0.4205471740128697,6.0
7221,307315,0.05676840401748301,10.0
7221,81542,0.29972075326445324,7.0
7221,452175,0.2619081097288125,8.0
7221,570664,0.2425625175130116,9.0
7221,77652,0.5,4.0
2407,2064,1.0,1.0
2407,78176,0.5952033365140473,3.0
2407,173929,0.6028828833542355,2.0
2407,516444,0.34719858357358313,6.0
2407,255491,0.3356313696987327,7.0
2407,273528,0.44224660294902113,4.0
2407,514425,0.19891648351081004,8.0
2407,367641,0.054158490616992946,9.0
2407,566480,0.3974016287984351,5.0
2407,63678,0.0,10.0
3039,136804,1.0,1.0
3039,467390,0.7687800856186671,2.0
3039,147080,0.6692924144078972,3.0
3039,387010,0.43917323446149936,4.0
3039,442110,0.35069735399121105,6.0
3039,483274,0.047485827624378994,10.0
3039,510409,0.394395456659519,5.0
3039,106501,0.3229686540055353,8.0
3039,4947,0.24455021743677458,9.0
3039,398622,0.34634787912375964,7.0
1748,18001,1.0,1.0
1748,528564,0.6854031967827314,2.0
1748,418135,0.497802878193845,3.0
1748,462892,0.44777581439584563,4.0
1748,298427,0.42710293452789583,5.0
1748,429378,0.19941681551062204,7.0
1748,223206,0.12058719362208875,9.0
1748,517372,0.15602363886134385,8.0
1748,171780,0.021567897183524053,10.0
1748,124027,0.3097626676321917,6.0
10547,404339,1.0,1.0
10547,536120,0.32006060478435355,4.0
10547,272008,0.48362475873563093,2.0
10547,4666,0.11586316251468455,9.0
10547,597351,0.2661583326486798,6.0
10547,112714,0.4199699672643216,3.0
10547,32290,0.16877589923994218,7.0
10547,23609,0.2892973350310787,5.0
10547,392037,0.003764524819627169,10.0
10547,491969,0.15689334144908515,8.0
10596,164008,0.7736116824418129,2.0
10596,284235,0.7357725346855302,3.0
10596,208070,0.8840976913611416,1.0
10596,413041,0.49312590375715304,5.0
10596,316838,0.5370569297482217,4.0
10596,494727,0.347688755137105,7.0
10596,394244,0.407141714808697,6.0
10596,127452,0.2180013029543114,8.0
10596,69197,0.03365053145835589,10.0
10596,169062,0.11157950746322166,9.0
5061,352838,0.7079722841512348,1.0
5061,242124,0.6356607606304108,4.0
5061,329757,0.48378500899824617,7.0
5061,447353,0.45870581651379744,8.0
5061,149974,0.6531617501429945,2.0
5061,380863,0.5732410025485708,6.0
5061,261189,0.6500817772405424,3.0
5061,46755,0.6217569757572116,5.0
5061,158845,0.06823169694098866,10.0
5061,287991,0.1918684477809003,9.0
853,510373,0.7937273784565623,2.0
853,510409,0.9958673232916575,1.0
853,314984,0.6986139034986302,3.0
853,106501,0.6260340018360859,4.0
853,263361,0.16911850946899448,7.0
853,131996,0.08506088873585896,9.0
853,72402,0.1677185042330444,8.0
853,150219,0.29097539390060473,6.0
853,582864,0.44151292126975744,5.0
853,303929,0.011135783270912327,10.0
6803,544053,1.0,1.0
6803,193012,0.7283898295879068,2.0
6803,42620,0.45678143020855844,3.0
6803,316045,0.060343782825778555,10.0
6803,271243,0.20289942287755452,5.0
6803,10703,0.1492296496125266,7.0
6803,142726,0.30528127512860326,4.0
6803,78675,0.11445873027487868,8.0
6803,60355,0.16444047986053953,6.0
6803,272784,0.07426589663646735,9.0
6644,187497,1.0,1.0
6644,572842,0.5383899040897114,4.0
6644,308837,0.5992733755698892,3.0
6644,426216,0.50314831570863,5.0
6644,578954,0.6313534747865379,2.0
6644,305907,0.43295377378425437,7.0
6644,293687,0.2989056279113666,8.0
6644,373271,0.4635219934162451,6.0
6644,31793,0.0924460760638963,9.0
6644,238421,0.070403634494962,10.0
699,107092,1.0,1.0
699,169688,0.46124610250045545,3.0
699,68357,0.3738987806988658,4.0
699,446679,0.5500761525702837,2.0
699,385658,0.11383959187629802,8.0
699,472924,0.29656371694948874,6.0
699,521010,0.31839744463919867,5.0
699,586920,0.06263483523510054,10.0
699,414598,0.09184174320043392,9.0
699,96538,0.1846957879812581,7.0
549,214024,1.0,1.0
549,67167,0.6930970226785356,2.0
549,446647,0.2607042202273184,7.0
549,546020,0.465799154493846,3.0
549,73427,0.3497026663170795,4.0
549,547301,0.2048034272368777,8.0
549,563025,0.09845616423566969,10.0
549,397449,0.1903383811673696,9.0
549,449630,0.3104558359688572,5.0
549,443795,0.2660559329871909,6.0
904,415514,1.0,1.0
904,85229,0.6326471159849312,2.0
904,433905,0.34384750380783446,3.0
904,120852,0.30926265923687507,4.0
904,101369,0.2328092170363884,5.0
904,359579,0.14010553567623024,8.0
904,169824,0.17603848385673623,7.0
904,320579,0.1813332431231949,6.0
904,75235,0.00660514058856642,10.0
904,29360,0.03853708900586394,9.0
2590,583635,0.7633558846290682,1.0
2590,296528,0.664855218659062,2.0
2590,55999,0.4966160409203414,3.0
2590,307095,0.2699996936886598,5.0
2590,209493,0.43465956052271193,4.0
2590,106424,0.10676322497917899,9.0
2590,471964,0.2344159688788532,6.0
2590,387010,0.0073425286921627725,10.0
2590,26203,0.22312938772868002,7.0
2590,454222,0.1880735367385579,8.0
1451,538005,1.0,1.0
1451,559482,0.2589461558271181,7.0
1451,98112,0.6357593910249149,2.0
1451,377571,0.34705604929569256,4.0
1451,313437,0.29105299464861334,6.0
1451,94689,0.314100257149447,5.0
1451,433809,0.4261398685299636,3.0
1451,522481,0.14407109667479764,10.0
1451,51729,0.1687093515521013,9.0
1451,440910,0.25026573506332994,8.0
5790,469776,0.6824635719827078,1.0
5790,97348,0.6762476142350942,2.0
5790,101369,0.301753437517394,5.0
5790,363810,0.2227703644483273,7.0
5790,141738,0.615792666026703,3.0
5790,241136,0.5202504473724888,4.0
5790,305287,0.27131595504793315,6.0
5790,277353,0.12034161962051723,8.0
5790,149305,0.0949236194956333,9.0
5790,75235,0.01811428999902679,10.0
7295,435125,0.7020233714632931,1.0
7295,403755,0.24011937070509687,9.0
7295,93971,0.35250489237443783,5.0
7295,193398,0.3279955740970917,7.0
7295,39478,0.5643271439287881,2.0
7295,513258,0.504392118116439,3.0
7295,456470,0.32793321999236186,8.0
7295,115553,0.4054096066968894,4.0
7295,3118,0.3292003653519801,6.0
7295,102436,0.0,10.0
5083,142876,0.9829475809196565,1.0
5083,13975,0.6836190446523545,3.0
5083,368802,0.7255035294820857,2.0
5083,433197,0.28768178401084105,4.0
5083,333184,0.19787861662171605,8.0
5083,21103,0.0,10.0
5083,579473,0.23716491100564138,7.0
5083,305360,0.07553757313757822,9.0
5083,20958,0.2557020301478399,6.0
5083,19183,0.28690056913487677,5.0
7936,363043,0.8937890333391585,2.0
7936,336541,0.9534376223793388,1.0
7936,293767,0.634768893598037,4.0
7936,320101,0.6617332505462068,3.0
7936,43087,0.6037336084684918,5.0
7936,561884,0.5799040951733281,6.0
7936,416307,0.44560171157301237,7.0
7936,187404,0.2322318290730342,8.0
7936,127585,0.06450506447750158,10.0
7936,214003,0.12552421086487126,9.0
8296,78675,1.0,1.0
8296,79998,0.6967449392782139,2.0
8296,146315,0.05125668085094197,8.0
8296,180571,0.04176212582514424,9.0
8296,26203,0.1293554818126348,5.0
8296,371720,0.16011751335907115,4.0
8296,61962,0.16716719534777486,3.0
8296,392037,0.09134900861567086,7.0
8296,99757,0.003749319451239953,10.0
8296,3118,0.10500631330244424,6.0
475,431685,0.9598010905464913,1.0
475,88124,0.8167435146025144,2.0
475,366761,0.7602253224800695,3.0
475,232199,0.30409628198540506,7.0
475,60637,0.03189016841959752,10.0
475,328341,0.31090409059365637,6.0
475,352640,0.34882304228730887,5.0
475,232563,0.2559463848003729,8.0
475,433,0.06337829705131917,9.0
475,372909,0.35081456723162485,4.0
3759,384631,0.5947229782719288,2.0
3759,152250,0.32280731729001666,8.0
3759,105634,0.557935239157034,3.0
3759,414188,0.6324194012572166,1.0
3759,101369,0.32156187456228186,9.0
3759,445794,0.1112009079293209,10.0
3759,405217,0.45225621083783896,5.0
3759,264800,0.37496495974407096,7.0
3759,130877,0.4806141750691321,4.0
3759,146181,0.399787034163801,6.0
4615,596196,0.9279873059644648,1.0
4615,425595,0.8485664980235859,3.0
4615,69523,0.8666930336002123,2.0
4615,496427,0.8211886355390243,4.0
4615,261900,0.7452052381360901,5.0
4615,226060,0.5462311160057998,7.0
4615,421365,0.6595596229668037,6.0
4615,19179,0.49506828161704,8.0
4615,341493,0.034184800578065784,9.0
4615,15891,0.0,10.0
8874,403025,1.0,1.0
8874,251704,0.4985794127333834,2.0
8874,527231,0.37644192058440856,3.0
8874,66631,0.08725903474034612,8.0
8874,357685,0.05282647451037294,10.0
8874,370569,0.16086895143625293,6.0
8874,556976,0.05369586852537713,9.0
8874,349160,0.12007429540031131,7.0
8874,319793,0.20925417667445614,5.0
8874,571362,0.2129881041596208,4.0
26,399013,0.7836922411340537,1.0
26,528132,0.5655180516183229,3.0
26,409611,0.38891894012474726,5.0
26,565330,0.3848852854109275,6.0
26,563025,0.6710958922452936,2.0
26,2064,0.46882602811352714,4.0
26,401254,0.360058126543399,7.0
26,452544,0.049343659368238486,10.0
26,367641,0.25744346986716793,8.0
26,71898,0.1738130077415027,9.0
3875,249859,1.0,1.0
3875,136315,0.6861530710131132,2.0
3875,442110,0.4371963109140409,3.0
3875,571258,0.407319498585073,4.0
3875,158185,0.2935059201182614,6.0
3875,426570,0.38636280324821826,5.0
3875,76515,0.19632381693552015,7.0
3875,143100,0.04770781518987807,9.0
3875,518406,0.15905871513939204,8.0
3875,414288,0.0,10.0
6835,159703,0.7187149123259483,2.0
6835,246221,0.4914947961795999,3.0
6835,149305,0.7699965329207835,1.0
6835,195767,0.45326851299797116,4.0
6835,403755,0.29282864286608323,5.0
6835,592636,0.11745039641563608,9.0
6835,108721,0.1325746763276638,8.0
6835,238629,0.28964291419935395,6.0
6835,196427,0.26805178921547984,7.0
6835,467575,0.10527917827090788,10.0
4433,301580,0.9218087966332398,1.0
4433,172703,0.5922079565048335,4.0
4433,539263,0.717562181422586,3.0
4433,297290,0.7497080409026919,2.0
4433,21311,0.40782512474336363,6.0
4433,379311,0.40673623680955473,7.0
4433,453542,0.09074243857925324,10.0
4433,451855,0.2604917396116403,8.0
4433,146181,0.42870168890009713,5.0
4433,536120,0.20366010624712902,9.0
5374,115553,0.6383121433771325,2.0
5374,92267,0.9994135430506619,1.0
5374,251704,0.44376722480664854,4.0
5374,44601,0.2767688478901819,9.0
5374,60175,0.44836107013729803,3.0
5374,294295,0.04217081681603041,10.0
5374,99857,0.4249062288622853,5.0
5374,537418,0.4063544973019707,6.0
5374,576564,0.3756127142226444,8.0
5374,186453,0.3970841744707983,7.0
6221,529551,0.9049759949262723,2.0
6221,551423,0.9274186796636921,1.0
6221,240261,0.6121074339157522,4.0
6221,128698,0.49693710160767135,6.0
6221,270856,0.6255320061470864,3.0
6221,66901,0.08064060816599967,10.0
6221,578488,0.3247555743503558,8.0
6221,384626,0.525553087293346,5.0
6221,405352,0.38820950055631,7.0
6221,494753,0.1033729031235135,9.0
672,593283,1.0,1.0
672,563025,0.8494853822218302,2.0
672,213370,0.7174083094174022,3.0
672,40966,0.6830754552059528,5.0
672,273947,0.7120811301809455,4.0
672,15824,0.622535470366747,6.0
672,67167,0.37425960134533787,7.0
672,170141,0.1800218206333742,9.0
672,201800,0.024494572339609826,10.0
672,494689,0.3228092884462917,8.0
2593,231614,0.83680025181739,1.0
2593,169688,0.1320801948713881,10.0
2593,147343,0.5270787433649057,3.0
2593,73427,0.3030348965492383,6.0
2593,528132,0.5635326001907422,2.0
2593,399013,0.24821809770463402,7.0
2593,387573,0.39137082523214556,5.0
2593,449630,0.49567241322437167,4.0
2593,394460,0.15215500380420172,9.0
2593,171339,0.2320647476537801,8.0
4019,287991,0.9600491731688776,1.0
4019,553288,0.9107593624962057,2.0
4019,332749,0.8647134916593046,3.0
4019,94423,0.15490237033896323,9.0
4019,561056,0.4221854598926153,6.0
4019,448699,0.3172282211710257,7.0
4019,377223,0.5278111971647023,4.0
4019,126134,0.03392443515125839,10.0
4019,1164,0.19076706490727457,8.0
4019,468879,0.44782983926891684,5.0
7205,370569,0.8308580391201374,2.0
7205,159966,0.8842193187716763,1.0
7205,186453,0.38430930843967764,3.0
7205,100103,0.27721782351179847,5.0
7205,62151,0.2543061368545776,7.0
7205,565926,0.3754208897764183,4.0
7205,336541,0.20212681060449772,8.0
7205,442048,0.27545664152195704,6.0
7205,558370,0.014779293614564752,10.0
7205,12432,0.16340963508307244,9.0
6611,329425,0.6412522447850941,2.0
6611,293679,0.9963234489385763,1.0
6611,142631,0.3116007338033466,4.0
6611,39819,0.18430575796662235,9.0
6611,81304,0.3091175354447906,5.0
6611,198764,0.5323212404985833,3.0
6611,297290,0.2788689964453604,7.0
6611,17208,0.22371276676419116,8.0
6611,112208,0.2894292602364727,6.0
6611,345533,0.0,10.0
7911,131996,0.9436324114200905,1.0
7911,57711,0.8844778865656175,2.0
7911,553304,0.2925639362995898,4.0
7911,69197,0.2391059747689537,6.0
7911,386173,0.07392991690620726,10.0
7911,506617,0.32906856268848295,3.0
7911,597401,0.22594520336021767,7.0
7911,543714,0.16384261489161733,8.0
7911,116647,0.09265077046534989,9.0
7911,385574,0.24362860292925398,5.0
7463,577951,1.0,1.0
7463,387277,0.6716263854643431,2.0
7463,176498,0.635654427989459,4.0
7463,423403,0.6622122405043684,3.0
7463,565698,0.19345183757906287,9.0
7463,328086,0.12450101790280442,10.0
7463,350145,0.33010200281507884,6.0
7463,216384,0.31751061643933615,7.0
7463,188015,0.277430832051368,8.0
7463,528034,0.37861485864263855,5.0
4999,9938,1.0,1.0
4999,305117,0.41754513858561726,3.0
4999,46211,0.4601740727863566,2.0
4999,350680,0.3246489965328713,4.0
4999,216327,0.14789532237259073,6.0
4999,411061,0.07509864087542963,8.0
4999,406185,0.15476511775919544,5.0
4999,13657,0.03306253511460931,10.0
4999,580920,0.051640332233864814,9.0
4999,222153,0.08701920143517748,7.0
7344,14368,1.0,1.0
7344,418150,0.6566953096856121,2.0
7344,327978,0.3341629770560637,3.0
7344,392851,0.3049153958795533,4.0
7344,301224,0.10503150646569556,9.0
7344,39247,0.26608946254334964,5.0
7344,527231,0.13871137556074312,8.0
7344,72652,0.1739860987345702,6.0
7344,58753,0.006674457301323776,10.0
7344,266319,0.15656493475040556,7.0
7705,377429,0.8165682716779109,2.0
7705,539263,0.8256155962369243,1.0
7705,480315,0.6151958777202492,3.0
7705,467575,0.4041109337730581,5.0
7705,172703,0.37603797572265985,7.0
7705,536120,0.48759378749207605,4.0
7705,87722,0.3768729708786269,6.0
7705,345199,0.04788623402043278,10.0
7705,96926,0.31360796784829237,9.0
7705,387277,0.32295337564886606,8.0
1815,372909,0.8788599552329046,2.0
1815,446928,0.9752065883774095,1.0
1815,363591,0.8173016547423817,3.0
1815,432080,0.7002059792579927,4.0
1815,88124,0.6115208633120249,5.0
1815,457701,0.5985312682553618,6.0
1815,328341,0.48666654681847155,7.0
1815,528522,0.31731660594588973,9.0
1815,539133,0.3505287079080587,8.0
1815,459677,0.0,10.0
7467,193312,1.0,1.0
7467,371720,0.8549636653318688,2.0
7467,26203,0.3827291787881164,5.0
7467,457532,0.5038711062684282,3.0
7467,55999,0.23281374348422912,7.0
7467,428017,0.37492441743360216,6.0
7467,435963,0.39358656351783433,4.0
7467,431814,0.0330516932102028,9.0
7467,253024,0.07876387942994503,8.0
7467,99757,0.023730772909649235,10.0
8013,198349,0.712430290831186,2.0
8013,383978,0.8219055640428599,1.0
8013,374151,0.5351638310860141,4.0
8013,244433,0.6676328161232218,3.0
8013,251824,0.49849258571001853,6.0
8013,241101,0.5118205162066198,5.0
8013,398123,0.43291841425660627,7.0
8013,31793,0.027528901387677635,10.0
8013,498378,0.3778166862248638,8.0
8013,588247,0.16514873152089957,9.0
1415,66246,0.8232079474010039,2.0
1415,306144,0.7577011330125349,4.0
1415,393953,0.8128280298714279,3.0
1415,591940,0.5723664770097286,5.0
1415,387165,0.8763856846597393,1.0
1415,583956,0.43481409843068763,6.0
1415,110515,0.08658934820141041,10.0
1415,318266,0.23568764123295435,7.0
1415,183612,0.13467777740772144,9.0
1415,232063,0.18465708617296359,8.0
7758,480315,0.6928948549401038,2.0
7758,574327,0.9009103322017484,1.0
7758,69696,0.29031898183344806,4.0
7758,112714,0.5055759516590028,3.0
7758,379311,0.06297204664015071,8.0
7758,122432,0.08126954974112516,7.0
7758,322826,0.08953178864629092,6.0
7758,112208,0.005712470927203335,10.0
7758,17923,0.09760939179386835,5.0
7758,172703,0.038285438742568186,9.0
1915,306144,0.8391549449321435,1.0
1915,182168,0.6711622758982592,3.0
1915,78176,0.26152191637727884,9.0
1915,393953,0.756276881883567,2.0
1915,140038,0.4896378199986026,5.0
1915,583956,0.5740369267597726,4.0
1915,318266,0.45508001604336223,6.0
1915,66246,0.4369792942411083,7.0
1915,505580,0.06605576364239073,10.0
1915,591940,0.3018210827268569,8.0
4415,108859,0.5,7.0
4415,32744,0.6824383180978457,2.0
4415,61792,0.6552851131868844,3.0
4415,370879,0.5403139750122417,6.0
4415,14926,0.6915054447418101,1.0
4415,244427,0.5778308341921863,5.0
4415,399751,0.4933303313871667,8.0
4415,147646,0.6078855519590363,4.0
4415,309550,0.48079272750844293,9.0
4415,235522,0.17320450123567993,10.0
10482,201495,0.9574583192537822,2.0
10482,439757,0.9728729475451099,1.0
10482,387277,0.6596792126857931,3.0
10482,518379,0.5348908934408434,4.0
10482,175821,0.4733937283281122,5.0
10482,142696,0.2844504257249467,7.0
10482,535317,0.1275097150110777,9.0
10482,364575,0.005726234521324454,10.0
10482,72402,0.21356444476443665,8.0
10482,34925,0.4606741134192522,6.0
2296,119298,0.9603599136006974,1.0
2296,279897,0.7296319692621104,2.0
2296,460357,0.26968119191443995,7.0
2296,396853,0.5813384140001012,3.0
2296,577201,0.3690476202141974,5.0
2296,410119,0.1557647338011356,9.0
2296,275410,0.06656704904264545,10.0
2296,120090,0.2926932023276912,6.0
2296,169688,0.1904949969435735,8.0
2296,175982,0.5,4.0
6787,58290,0.6830801534955224,1.0
6787,456436,0.6282557952622945,2.0
6787,124230,0.6232847604557846,3.0
6787,457294,0.45474753411891494,5.0
6787,261189,0.30901220880897395,7.0
6787,220022,0.17337449455989823,9.0
6787,382381,0.28303334592073137,8.0
6787,552707,0.31435985436522007,6.0
6787,309555,0.012266152546207257,10.0
6787,223070,0.5,4.0
2857,117451,1.0,1.0
2857,123659,0.5572431199054908,4.0
2857,590917,0.6654606396625208,2.0
2857,295864,0.45067571076787494,7.0
2857,19606,0.46892510111021973,6.0
2857,60175,0.6065196469303912,3.0
2857,348733,0.06093927281995682,8.0
2857,464502,0.041728803476838924,9.0
2857,581038,0.4805259357866456,5.0
2857,482335,0.003380188841986308,10.0
753,114418,1.0,1.0
753,51729,0.7101797538430328,3.0
753,581509,0.7374096788509603,2.0
753,72046,0.36353194933423505,6.0
753,466718,0.5495725666173621,4.0
753,504255,0.39587985910306117,5.0
753,297290,0.04511036415628363,10.0
753,125355,0.21943593443185144,8.0
753,177648,0.32675326642999925,7.0
753,61792,0.06295951776880035,9.0
2676,55666,1.0,1.0
2676,13975,0.6087314601154322,2.0
2676,264408,0.3355009711992829,6.0
2676,44110,0.4495915558467535,4.0
2676,182168,0.5590638382375791,3.0
2676,313171,0.37324874554684545,5.0
2676,244749,0.13805092765869564,9.0
2676,218845,0.16855021215754482,7.0
2676,279897,0.1130520094458898,10.0
2676,196427,0.14200083883721518,8.0
7456,164008,0.8892017996199196,2.0
7456,494727,0.9474917864354739,1.0
7456,284235,0.802578580279409,3.0
7456,169062,0.3584314689598272,8.0
7456,413041,0.22797065977372205,9.0
7456,316838,0.5822271244175227,5.0
7456,112714,0.6581225735340153,4.0
7456,69197,0.21405134276993584,10.0
7456,127452,0.42346926385539607,7.0
7456,394244,0.5,6.0
2579,524471,1.0,1.0
2579,280838,0.6536201164956218,2.0
2579,229809,0.45585889194003504,3.0
2579,570155,0.2095072628544733,6.0
2579,263481,0.44433862189652734,4.0
2579,197052,0.43451518088651,5.0
2579,55064,0.19379348344113195,7.0
2579,579473,0.16497376244207007,8.0
2579,566480,0.1428429959920417,9.0
2579,410119,0.0,10.0
687,506831,0.857729708520485,1.0
687,342258,0.5840721737349845,2.0
687,449630,0.4240137006686131,6.0
687,214024,0.3775752589061238,7.0
687,478186,0.5682995325347231,4.0
687,579473,0.5694129113686324,3.0
687,406457,0.43159666230719546,5.0
687,508895,0.2846022877066802,8.0
687,494926,0.004501101804541929,10.0
687,16670,0.24816898626785655,9.0
2445,431685,1.0,1.0
2445,328341,0.4391682095442814,3.0
2445,352838,0.44849048213767995,2.0
2445,372909,0.3750331277491873,5.0
2445,366761,0.4376066265464757,4.0
2445,195081,0.04774918721859722,9.0
2445,88124,0.17231295757701637,6.0
2445,114418,0.15901197186931496,7.0
2445,360011,0.011900834116309192,10.0
2445,539133,0.13009511614494965,8.0
2885,17651,0.7728751951455086,1.0
2885,460398,0.7412757733516742,2.0
2885,429579,0.5805672307167788,7.0
2885,516444,0.665241487338334,4.0
2885,102081,0.7131897718097424,3.0
2885,540539,0.31684202028743047,8.0
2885,118730,0.6645362657710229,5.0
2885,279865,0.5984059701808209,6.0
2885,101453,0.033543153749866605,10.0
2885,167356,0.20706741130319933,9.0
5264,431814,0.760405855987147,1.0
5264,42438,0.19804721635085232,5.0
5264,52579,0.6920966092321709,2.0
5264,505694,0.4884908467810316,3.0
5264,114439,0.12667010611040966,9.0
5264,580920,0.399378184760288,4.0
5264,481166,0.10753039807863386,10.0
5264,400841,0.16543416220102408,7.0
5264,371720,0.18045743723520888,6.0
5264,186453,0.12878419714330006,8.0
7633,494727,1.0,1.0
7633,284235,0.6982887690753552,2.0
7633,164008,0.49405520742442843,5.0
7633,175831,0.5917982321314981,3.0
7633,228983,0.5018159223432606,4.0
7633,413041,0.15913335987950225,9.0
7633,112714,0.2906193528473975,8.0
7633,127452,0.4079952484925538,7.0
7633,31465,0.128825759052937,10.0
7633,394244,0.4689108142417808,6.0
9291,17208,1.0,1.0
9291,480315,0.5304096579602857,3.0
9291,536120,0.6597155655803081,2.0
9291,377429,0.48640396804435637,4.0
9291,539263,0.3919137020151543,5.0
9291,423658,0.2832898574553137,7.0
9291,172703,0.3075254168523692,6.0
9291,345199,0.12699035005284878,8.0
9291,61022,0.008018179546725353,10.0
9291,328086,0.07795735441987194,9.0
4640,331534,1.0,1.0
4640,367785,0.6100266769058423,2.0
4640,104788,0.536294094228573,3.0
4640,183612,0.2904879496415275,6.0
4640,526110,0.2876490903136195,7.0
4640,298099,0.4471467994821735,4.0
4640,454810,0.213620512744904,9.0
4640,153541,0.3094698631384106,5.0
4640,49797,0.04670614310373425,10.0
4640,468923,0.22490737128432722,8.0
939,366761,0.8326968531578783,1.0
939,466084,0.212636906498359,5.0
939,31793,0.3404915205246085,3.0
939,392434,0.5956302754245133,2.0
939,55666,0.06942940181283835,9.0
939,19183,0.26109919510180674,4.0
939,565181,0.125426354163296,8.0
939,467575,0.018881762859833985,10.0
939,115333,0.13961957681696335,7.0
939,250702,0.21090027225019495,6.0
1306,387022,0.97922044108963,1.0
1306,266952,0.509098053174807,4.0
1306,594206,0.639211050420094,2.0
1306,472243,0.62220317916577,3.0
1306,447353,0.2996434306022363,6.0
1306,410119,0.18624692868877846,7.0
1306,460457,0.3141706274520135,5.0
1306,18003,0.1492883245640526,9.0
1306,372204,0.011899300680353282,10.0
1306,583203,0.18472027232457808,8.0
8475,104793,0.8711451053830104,2.0
8475,494655,0.8745253768617145,1.0
8475,240562,0.7797992335144274,3.0
8475,21311,0.44303933914180993,4.0
8475,437427,0.4165252421767532,5.0
8475,361028,0.09558756284974494,9.0
8475,51615,0.126501647272794,7.0
8475,444107,0.3733704562978522,6.0
8475,72402,0.07581394938030202,10.0
8475,174335,0.12452571712944138,8.0
6807,332567,1.0,1.0
6807,402466,0.2271604665093218,3.0
6807,187583,0.16492066320914237,5.0
6807,459351,0.275483944684746,2.0
6807,535697,0.20573112884905262,4.0
6807,59714,0.1292056372529858,6.0
6807,211622,0.12150703357378154,7.0
6807,11184,0.017486518480294568,10.0
6807,565765,0.06612915438806799,8.0
6807,93971,0.038501469394971476,9.0
5228,259476,1.0,1.0
5228,158732,0.7564023690055359,3.0
5228,131774,0.7838820223970335,2.0
5228,331534,0.5352342747055103,5.0
5228,341947,0.6173855446815941,4.0
5228,366594,0.4050799946604692,6.0
5228,140038,0.3640543907085549,7.0
5228,156194,0.113379156555748,9.0
5228,352120,0.32548950275607713,8.0
5228,414534,0.0,10.0
2856,108739,0.7091828681160895,1.0
2856,296769,0.6539468989756333,2.0
2856,346042,0.6447196951996574,3.0
2856,219033,0.5533364619733445,4.0
2856,361028,0.41493087499921233,7.0
2856,23340,0.35560371109440214,8.0
2856,386173,0.11200848572445148,10.0
2856,231727,0.44793281243882127,6.0
2856,110848,0.5323686832073823,5.0
2856,213331,0.2709989431806845,9.0
3791,212222,1.0,1.0
3791,301570,0.08876999478314355,10.0
3791,521641,0.1260259118823544,8.0
3791,10790,0.17791915542391326,6.0
3791,197494,0.20657317773452838,5.0
3791,482415,0.35115462728084623,2.0
3791,572272,0.12504360110040902,9.0
3791,34925,0.17765879503987891,7.0
3791,440270,0.2219000053062839,4.0
3791,577201,0.33355906382465084,3.0
4514,1642,0.8313305532260142,2.0
4514,156211,0.9982266233933015,1.0
4514,426270,0.7349049919578277,3.0
4514,317429,0.6896774547660751,4.0
4514,352485,0.5654630169763984,5.0
4514,197222,0.2724361121202949,8.0
4514,117451,0.2724524323072414,7.0
4514,565782,0.238420929505359,9.0
4514,514417,0.32183760834742503,6.0
4514,134722,0.0,10.0
6122,496166,1.0,1.0
6122,118280,0.22280701686490328,5.0
6122,117274,0.22749132479278208,4.0
6122,305509,0.25465715096905156,2.0
6122,42533,0.25178380773576725,3.0
6122,219504,0.2192090994158513,6.0
6122,283072,0.014900635744087216,10.0
6122,428829,0.14139858215523346,7.0
6122,39819,0.07849796374920452,9.0
6122,102081,0.12290464375479661,8.0
8832,108059,0.5319496560833455,2.0
8832,94689,0.9956197253701098,1.0
8832,597351,0.3660028363741729,3.0
8832,268289,0.2720713718588691,5.0
8832,170594,0.3608751672516657,4.0
8832,133093,0.1974523911751321,6.0
8832,259317,0.19114950250338153,7.0
8832,234103,0.03581815300435959,8.0
8832,195767,0.010499916725519042,9.0
8832,387141,0.0,10.0
7145,301580,1.0,1.0
7145,379311,0.7911242342584802,2.0
7145,62966,0.16781871281404914,6.0
7145,297290,0.48983197708723636,3.0
7145,451855,0.14290827413929072,7.0
7145,471964,0.2768057510869585,5.0
7145,453542,0.03284336026391653,10.0
7145,387277,0.10914038249637942,9.0
7145,81458,0.4542132178170582,4.0
7145,172703,0.134289068546564,8.0
7674,164008,0.7158563494953012,2.0
7674,249279,0.9381832672495676,1.0
7674,367641,0.3798867644503793,6.0
7674,89460,0.6239421774951986,3.0
7674,65120,0.4786587034354902,4.0
7674,494295,0.456624240862435,5.0
7674,223206,0.23795883462305922,7.0
7674,452870,0.1383019469510589,8.0
7674,172443,0.0729815646304434,9.0
7674,2064,0.0,10.0
8202,115553,0.747296988379371,2.0
8202,92267,0.9431859348685729,1.0
8202,251704,0.5066423022445978,5.0
8202,514500,0.5053243928742589,6.0
8202,60175,0.33544730950397567,7.0
8202,99857,0.5083292448006966,4.0
8202,186453,0.5360220432562571,3.0
8202,31465,0.29670075584008204,9.0
8202,59714,0.3300898469261321,8.0
8202,265213,0.0,10.0
3682,233497,0.5,5.0
3682,329662,0.9922156821599286,1.0
3682,426223,0.537255560939961,4.0
3682,537418,0.8123361801818709,2.0
3682,388613,0.4644398824703441,6.0
3682,336018,0.7994956999245504,3.0
3682,27401,0.4385783629958615,7.0
3682,281707,0.25443204780056794,9.0
3682,55022,0.18617623923665966,10.0
3682,330041,0.3671236286569477,8.0
3446,323498,1.0,1.0
3446,211839,0.9267330533082931,2.0
3446,31550,0.6924173654112159,3.0
3446,505027,0.6146180811525626,4.0
3446,367785,0.4250511039847887,5.0
3446,204176,0.3053213053475118,7.0
3446,366685,0.38426342736104,6.0
3446,157702,0.20325348519695033,9.0
3446,241099,0.09165633907412679,10.0
3446,511386,0.2329898176454725,8.0
7592,40966,0.9335746629829569,1.0
7592,273947,0.7855619102678103,2.0
7592,593283,0.6544461476872252,4.0
7592,170141,0.26192964913454214,9.0
7592,208219,0.6671360481980715,3.0
7592,563025,0.6319432263932147,5.0
7592,73427,0.32157763354176233,8.0
7592,213370,0.43938391726557946,6.0
7592,15824,0.4111240038755166,7.0
7592,198349,0.0,10.0
6715,13732,0.9589677452149461,1.0
6715,568526,0.8077849336372187,2.0
6715,275902,0.3298085647575529,4.0
6715,193312,0.41673819184124183,3.0
6715,518563,0.1358663135729704,10.0
6715,51729,0.2389900225592619,7.0
6715,457294,0.19584756309501888,8.0
6715,149306,0.2910851449633226,5.0
6715,526110,0.17427585144183633,9.0
6715,113619,0.2708608843959886,6.0
2264,534454,0.9408144682248756,1.0
2264,556976,0.4856013642886586,3.0
2264,244104,0.6747262390764357,2.0
2264,350819,0.17413775907756388,7.0
2264,588247,0.1455364832937628,8.0
2264,488574,0.45256548129579954,4.0
2264,31793,0.1284123031486855,9.0
2264,352838,0.10550219624391816,10.0
2264,450808,0.270047181586298,6.0
2264,498834,0.4193685996780149,5.0
6121,315275,0.8436598375476997,2.0
6121,289231,0.9372462877945884,1.0
6121,523158,0.21881483003849816,9.0
6121,184175,0.48621641210457855,3.0
6121,333184,0.23236289197601084,8.0
6121,524801,0.37251168145705943,4.0
6121,235545,0.3397535097381458,6.0
6121,570964,0.21261952084823466,10.0
6121,171339,0.3673900438287255,5.0
6121,344573,0.2709664313138891,7.0
3453,418626,0.9880778054121258,1.0
3453,156211,0.6152352349745345,2.0
3453,1642,0.40568780716979735,4.0
3453,296516,0.1040239243046755,10.0
3453,233635,0.5831099760327514,3.0
3453,317429,0.30286236670498307,5.0
3453,352485,0.16758974736750706,7.0
3453,565782,0.16019489982883517,8.0
3453,337764,0.12773156502078659,9.0
3453,209804,0.29331302706770856,6.0
6985,561884,0.5127381940613982,2.0
6985,149305,0.48384071387560346,3.0
6985,456436,0.762170694748237,1.0
6985,78029,0.3176484558252651,4.0
6985,403755,0.14318297247562503,10.0
6985,538023,0.21320226348288177,6.0
6985,464533,0.1437754123370846,9.0
6985,196427,0.24252917257980522,5.0
6985,54584,0.1924102437584359,7.0
6985,587120,0.15221818801230177,8.0
2181,77245,0.6298782497899068,3.0
2181,234436,0.7665746048350603,2.0
2181,470289,0.9476009572328985,1.0
2181,136315,0.204120691415721,9.0
2181,101604,0.44267274054749994,4.0
2181,288189,0.34523870288417946,7.0
2181,391988,0.43897110182387,5.0
2181,56718,0.43221756248798754,6.0
2181,555732,0.27961928611334785,8.0
2181,499782,0.0,10.0
8532,40702,0.7091148940623812,3.0
8532,416307,0.9927560765081387,1.0
8532,427726,0.43825403153698916,4.0
8532,543714,0.40485415195506325,6.0
8532,42438,0.73280320961346,2.0
8532,344372,0.3812241722934973,7.0
8532,125355,0.2734715727484754,9.0
8532,483299,0.27447488166205786,8.0
8532,100103,0.16658351348109846,10.0
8532,6574,0.4097011883819927,5.0
4312,222639,0.8541664870416855,2.0
4312,282435,0.9437908344828372,1.0
4312,167950,0.7392642493810688,3.0
4312,324779,0.12332487697154988,9.0
4312,507284,0.27627875316887696,6.0
4312,116647,0.2929636402242966,4.0
4312,218759,0.23892620770925607,8.0
4312,535998,0.0701455587062298,10.0
4312,228341,0.2443845271511157,7.0
4312,535651,0.28410954363878804,5.0
9108,415976,0.5,5.0
9108,123702,0.8312556457361836,1.0
9108,133468,0.28570360604975364,9.0
9108,258291,0.7084405523265531,2.0
9108,461592,0.5463362348791672,4.0
9108,579763,0.5928735196506574,3.0
9108,472051,0.33129110574528126,8.0
9108,298128,0.36588297000436154,7.0
9108,305579,0.14408782668931353,10.0
9108,22221,0.4456684805316387,6.0
8116,433032,1.0,1.0
8116,319793,0.5801639294176891,3.0
8116,236482,0.5991613904295121,2.0
8116,182297,0.25117226096883527,6.0
8116,533457,0.4881370243793278,4.0
8116,403186,0.09925940006474192,10.0
8116,433197,0.363799123878236,5.0
8116,38711,0.1804837193740617,8.0
8116,374867,0.2367550396297849,7.0
8116,314478,0.10692422322318197,9.0
9403,243148,0.5511770006416832,2.0
9403,228403,0.5643863240746205,1.0
9403,175982,0.3632360234971943,5.0
9403,562793,0.3077119284267117,6.0
9403,81924,0.08139587878493623,8.0
9403,472516,0.014824140812489828,10.0
9403,513258,0.024898664604526756,9.0
9403,150650,0.41684075500781187,4.0
9403,269898,0.49924931848579973,3.0
9403,29790,0.25402319279225466,7.0
776,124027,1.0,1.0
776,597247,0.4445768370094685,2.0
776,597880,0.3193707236846423,4.0
776,592680,0.3015609303447586,5.0
776,10440,0.40170034546773886,3.0
776,276411,0.022497593442985117,10.0
776,496899,0.3010955631226425,6.0
776,418864,0.2925038254392568,7.0
776,454810,0.2801871297826955,9.0
776,136270,0.28365567474247233,8.0
6199,473322,1.0,1.0
6199,157553,0.7628709070966999,2.0
6199,332314,0.6125248609079561,3.0
6199,521641,0.5790175114327442,4.0
6199,433801,0.45353696871218163,6.0
6199,93231,0.2767753377972084,7.0
6199,525827,0.4868854674805829,5.0
6199,409120,0.06869840490754094,10.0
6199,279845,0.2603836832592409,8.0
6199,366448,0.22980438253140814,9.0
1393,234436,0.9333258842174385,1.0
1393,220022,0.8158019087636377,2.0
1393,532932,0.6477134113871201,3.0
1393,394871,0.47265765293860695,6.0
1393,77245,0.5526039346791228,5.0
1393,352640,0.5660844500940676,4.0
1393,499782,0.15830206286687543,8.0
1393,326665,0.08821652878965512,10.0
1393,196920,0.32603099430040416,7.0
1393,555732,0.12350450894567891,9.0
9668,111768,1.0,1.0
9668,75437,0.4905419553279323,5.0
9668,55022,0.18606425917401967,10.0
9668,6574,0.6404975720254372,2.0
9668,62151,0.47673115901221275,6.0
9668,594655,0.19018168347909264,9.0
9668,13260,0.5432824787926769,3.0
9668,79998,0.23455901257205214,7.0
9668,42438,0.5341731736801618,4.0
9668,416307,0.22974494033617507,8.0
9088,557219,0.8556286332642302,1.0
9088,224654,0.8200561103003272,2.0
9088,536120,0.6109524251547751,4.0
9088,226303,0.7326108903490205,3.0
9088,539263,0.2122270184655117,10.0
9088,511093,0.3908926144747031,7.0
9088,433809,0.3414075993841562,8.0
9088,472516,0.4966726458176436,5.0
9088,461051,0.4414452357540082,6.0
9088,344041,0.33297621736102684,9.0
3091,159936,0.8615164482223382,1.0
3091,187739,0.8425645627206984,2.0
3091,95778,0.6048674578985394,3.0
3091,416796,0.25771691841862054,7.0
3091,437538,0.3007928028592172,6.0
3091,254454,0.17610100181323254,8.0
3091,274870,0.48924666285660956,5.0
3091,426223,0.0043214797592038365,10.0
3091,366448,0.5027234716323178,4.0
3091,216384,0.1603353486177915,9.0
1157,405777,1.0,1.0
1157,266952,0.31437590829748396,5.0
1157,251411,0.39844016938836724,3.0
1157,243503,0.43042730841239407,2.0
1157,452544,0.3415954578909505,4.0
1157,564618,0.16513510948427346,8.0
1157,295980,0.15668885108703645,9.0
1157,388455,0.24970466968963495,6.0
1157,350819,0.00015504105463665528,10.0
1157,97348,0.17096228752690137,7.0
4335,318583,1.0,1.0
4335,322246,0.6699047972601542,2.0
4335,416225,0.31513895627818417,3.0
4335,109860,0.13465479663957403,6.0
4335,382381,0.10876778014735211,8.0
4335,110515,0.1786631167890388,5.0
4335,126134,0.12894474662011135,7.0
4335,190169,0.005909514714625683,10.0
4335,158185,0.27662125444851304,4.0
4335,274359,0.04939969327033586,9.0
8947,545759,0.6024681137243468,2.0
8947,61022,0.5582833584980172,3.0
8947,532657,0.46302768953719553,4.0
8947,461592,0.7311062050298728,1.0
8947,461084,0.1740679420024599,7.0
8947,127134,0.3734615809064862,5.0
8947,384564,0.13287738855591175,8.0
8947,388646,0.05036353220115507,10.0
8947,452870,0.23914379988221884,6.0
8947,214901,0.12103471821927658,9.0
6410,418150,1.0,1.0
6410,112208,0.563037474547589,2.0
6410,273861,0.35508508282682727,8.0
6410,172703,0.4648797979336444,4.0
6410,59994,0.46676005822198685,3.0
6410,528034,0.42754489542418084,5.0
6410,107092,0.08153046998147509,10.0
6410,100485,0.3569598413837717,7.0
6410,133093,0.3646972996138995,6.0
6410,87722,0.3526563733438282,9.0
5196,565745,1.0,1.0
5196,219033,0.8759351973847675,2.0
5196,213370,0.6301866522499187,3.0
5196,171339,0.60096131780281,4.0
5196,356928,0.583478961299044,5.0
5196,581889,0.30889869642547685,7.0
5196,273528,0.4311138992282031,6.0
5196,114829,0.28918703752915353,8.0
5196,555101,0.13943689331785403,9.0
5196,474050,0.0,10.0
8789,87349,1.0,1.0
8789,41912,0.4756603682077912,2.0
8789,102436,0.15692407907230832,6.0
8789,58290,0.1634596467656595,5.0
8789,14870,0.23257770878266523,3.0
8789,328341,0.16612860103563937,4.0
8789,152014,0.03925579867548527,9.0
8789,296528,0.007015697294206577,10.0
8789,213526,0.09666238124994544,8.0
8789,316838,0.10108594120837507,7.0
5808,251824,1.0,1.0
5808,51615,0.34745958034128954,4.0
5808,535697,0.6924230294596386,2.0
5808,43781,0.3395141829530223,5.0
5808,226053,0.31741345612385025,7.0
5808,226070,0.3393457777529585,6.0
5808,271243,0.4314927795313727,3.0
5808,88477,0.06800916811206,9.0
5808,350145,0.00014916212942269315,10.0
5808,72652,0.13791737840888782,8.0
9701,225682,1.0,1.0
9701,19711,0.3428776446885933,3.0
9701,494926,0.27739685077422205,7.0
9701,384230,0.3153639672015257,5.0
9701,457416,0.32056360234889886,4.0
9701,279865,0.42483590175193275,2.0
9701,473540,0.3149099523489564,6.0
9701,76054,0.24320740288960827,8.0
9701,533515,0.1162366496212048,9.0
9701,321969,0.0,10.0
3179,56718,0.8371545015908072,2.0
3179,385073,0.952398023715843,1.0
3179,150219,0.7933046037625853,3.0
3179,243503,0.3417524792481717,5.0
3179,442142,0.30693366538920036,6.0
3179,352838,0.34457020818541545,4.0
3179,124630,0.028921062993742787,10.0
3179,431685,0.12712274367623402,7.0
3179,597247,0.09260711790686794,9.0
3179,174335,0.10715784019060245,8.0
6896,196427,0.9455049562221451,1.0
6896,330041,0.8352679253432198,2.0
6896,244749,0.5575412809695831,4.0
6896,223070,0.7562897553600518,3.0
6896,403755,0.22206667430719004,10.0
6896,38711,0.398303897760406,8.0
6896,149305,0.5286314087712274,6.0
6896,106501,0.254764224094728,9.0
6896,587120,0.5313150958737162,5.0
6896,102443,0.4045201577703483,7.0
2513,25762,0.8284392598939594,1.0
2513,518624,0.4064470897574505,3.0
2513,588247,0.36256500340486003,4.0
2513,82344,0.6555217304576069,2.0
2513,97348,0.34108156968528025,5.0
2513,102443,0.19492448677259405,6.0
2513,405777,0.19307055853209873,7.0
2513,352838,0.15005740513668836,8.0
2513,147646,0.01022585617777594,10.0
2513,120090,0.08919127612376081,9.0
8937,294295,0.7930398528034285,1.0
8937,13260,0.26305108829456947,7.0
8937,336541,0.5113857852771447,3.0
8937,320101,0.5053459982355345,4.0
8937,416307,0.31322581807951916,6.0
8937,100103,0.5255161246005504,2.0
8937,363043,0.4644424191377284,5.0
8937,429378,0.019181186269547457,10.0
8937,88892,0.15273636086850387,9.0
8937,214003,0.24176242815418275,8.0
9643,112208,1.0,1.0
9643,100485,0.6846551577525188,2.0
9643,480315,0.3361129602183447,6.0
9643,428082,0.11076843036391146,10.0
9643,467575,0.3843997880282643,4.0
9643,87722,0.3202880875906355,7.0
9643,581038,0.39358450497102176,3.0
9643,214542,0.34728842097718987,5.0
9643,539263,0.31308908477519204,9.0
9643,156816,0.31511507784472575,8.0
5653,588247,1.0,1.0
5653,483456,0.22708427331139003,4.0
5653,14543,0.19830255260679203,5.0
5653,87722,0.23002095195595756,3.0
5653,290930,0.2944537620378137,2.0
5653,461592,0.1272124242789582,7.0
5653,446984,0.11995897300120642,9.0
5653,583635,0.12186235328769818,8.0
5653,31377,0.19438455721916417,6.0
5653,66631,0.0,10.0
2551,143100,1.0,1.0
2551,479276,0.5766646526080282,2.0
2551,202990,0.30382892642988935,3.0
2551,9938,0.1614217178523203,8.0
2551,394460,0.2628400423184477,4.0
2551,242124,0.20623421134941294,6.0
2551,523158,0.24213506641041435,5.0
2551,384642,0.04136134301331213,10.0
2551,572272,0.1145379272831427,9.0
2551,362805,0.1663758112839941,7.0
1948,467509,1.0,1.0
1948,108739,0.5528236743106405,3.0
1948,356928,0.6345713912254654,2.0
1948,223206,0.25819154782620973,8.0
1948,219033,0.5172607612656899,4.0
1948,443795,0.4029097924591847,6.0
1948,362215,0.46456533672887207,5.0
1948,377571,0.15361980700284927,9.0
1948,399700,0.05688144714291604,10.0
1948,213331,0.29775048690950506,7.0
4920,228341,1.0,1.0
4920,82294,0.7634002576758279,3.0
4920,277217,0.6100182784899146,4.0
4920,306815,0.7727003148800053,2.0
4920,22221,0.11115379406323012,6.0
4920,371720,0.05515116439455511,8.0
4920,415340,0.08798101074265163,7.0
4920,323363,0.04695246070158802,9.0
4920,283202,0.03870945655663828,10.0
4920,115517,0.17423880811478723,5.0
2589,450577,0.8706205355614003,1.0
2589,43961,0.8690392957270341,2.0
2589,468144,0.6631014751872838,3.0
2589,437969,0.234898104264956,6.0
2589,581889,0.3564847957924135,4.0
2589,509650,0.2622423448154206,5.0
2589,75252,0.21835386562763798,8.0
2589,307610,0.22855980917122076,7.0
2589,557877,0.01082428326835399,10.0
2589,527698,0.19186100731546654,9.0
7513,112208,1.0,1.0
7513,172703,0.7627454710216086,2.0
7513,328086,0.6518380038669551,3.0
7513,115372,0.5510088675487312,4.0
7513,273861,0.3942175601607273,6.0
7513,87722,0.21058204668801736,9.0
7513,377429,0.28161044482296943,7.0
7513,387277,0.2419873201261999,8.0
7513,62966,0.5121533677108344,5.0
7513,418150,0.0,10.0
5410,13975,1.0,1.0
5410,371720,0.4845917116659515,3.0
5410,494323,0.7203499923457838,2.0
5410,249844,0.2917567636107014,7.0
5410,488258,0.40367239638172925,5.0
5410,75235,0.2564136935686013,8.0
5410,488732,0.4170200242131625,4.0
5410,457532,0.19836602673512807,9.0
5410,108739,0.3933011955260751,6.0
5410,193312,0.07180878795996137,10.0
2334,228403,1.0,1.0
2334,107092,0.31776347981816433,6.0
2334,150650,0.5124653631578022,2.0
2334,93936,0.4101395523795074,4.0
2334,2304,0.45948412090610824,3.0
2334,208219,0.382646407656621,5.0
2334,274870,0.039051204589985566,9.0
2334,156194,0.010020961752701472,10.0
2334,204917,0.23324997104666137,7.0
2334,385506,0.1693722283501034,8.0
1783,445298,1.0,1.0
1783,306800,0.7998483899159232,2.0
1783,309555,0.5204979678244269,4.0
1783,167660,0.5718369850008282,3.0
1783,272425,0.4389500690086513,5.0
1783,43497,0.20778769025694238,8.0
1783,57320,0.3272692321119445,7.0
1783,384631,0.13560440465802237,9.0
1783,179066,0.4112841295226256,6.0
1783,102237,0.0,10.0
4641,494753,0.6918233824169268,2.0
4641,213673,0.6909369133486375,3.0
4641,237580,0.6341219200814316,4.0
4641,44594,0.7316548310649877,1.0
4641,211867,0.15284784800850643,8.0
4641,406219,0.5377506460058101,5.0
4641,409120,0.2422533664490099,7.0
4641,461592,0.09385816932254223,10.0
4641,450228,0.13685622918580384,9.0
4641,192811,0.29719906311285,6.0
1469,444589,1.0,1.0
1469,243503,0.5678705935234356,2.0
1469,426570,0.49300239186320627,3.0
1469,469776,0.2436646753593932,7.0
1469,18003,0.31706165058946656,5.0
1469,421371,0.4721981223109306,4.0
1469,335336,0.009331445963815702,10.0
1469,484649,0.24345185704059383,8.0
1469,56320,0.31453613142307585,6.0
1469,451737,0.12507866455244893,9.0
10267,569632,1.0,1.0
10267,487348,0.7208547663905647,2.0
10267,22036,0.3827166101519647,5.0
10267,522713,0.46281276806649096,4.0
10267,457108,0.6223192189056068,3.0
10267,379667,0.11379164714363837,10.0
10267,330379,0.1449534461258849,9.0
10267,108859,0.1564913213511377,7.0
10267,186578,0.28983299026341847,6.0
10267,17652,0.1472856102082918,8.0
3771,59994,0.9731180846413122,1.0
3771,95966,0.29619965797375625,4.0
3771,13346,0.6229080967629071,2.0
3771,40062,0.4173414290907629,3.0
3771,95762,0.0457454060717139,10.0
3771,97764,0.24133340305211015,6.0
3771,478890,0.16186339197387056,8.0
3771,515072,0.19198316102857638,7.0
3771,303025,0.2922757081146232,5.0
3771,346450,0.11139686071298048,9.0
10497,147765,0.9129171126758002,1.0
10497,159880,0.8933009117076194,2.0
10497,445230,0.8276203536571963,3.0
10497,535705,0.39134170254635164,7.0
10497,575729,0.6143064883222482,5.0
10497,71898,0.6298917483890704,4.0
10497,569461,0.19959092800635142,8.0
10497,31483,0.4921104442300531,6.0
10497,456436,0.02281010762555664,10.0
10497,160301,0.09641135987211026,9.0
2472,337165,0.5318787302755296,3.0
2472,584273,0.6918583376687927,1.0
2472,138151,0.27976900730850096,8.0
2472,534099,0.629781853217802,2.0
2472,416796,0.38197204667187207,6.0
2472,366597,0.4127265580340648,5.0
2472,216384,0.12376622728385844,10.0
2472,187739,0.28141933882820747,7.0
2472,169921,0.19716920833860918,9.0
2472,518563,0.5,4.0
503,171761,1.0,1.0
503,257656,0.2755975204147946,4.0
503,405374,0.6136822222702767,2.0
503,433032,0.1217347208414353,7.0
503,343489,0.18549311247122124,5.0
503,531990,0.04314732084949338,9.0
503,156816,0.33005867286970136,3.0
503,100485,0.10903074578086275,8.0
503,69965,0.0020603462815026417,10.0
503,350680,0.16994336941228272,6.0
6832,552346,0.9080403894407008,1.0
6832,573874,0.7004337693496842,2.0
6832,244749,0.3602505638524907,5.0
6832,377853,0.5953623089280529,3.0
6832,116694,0.16796184494422314,9.0
6832,108040,0.2293386996611709,7.0
6832,349554,0.4957877910812137,4.0
6832,459351,0.3189102995086023,6.0
6832,42533,0.001902447685546496,10.0
6832,239214,0.18143294315679634,8.0
864,24890,0.870896863127344,2.0
864,30142,0.9377848615317149,1.0
864,450808,0.38742727869848914,7.0
864,472924,0.7951152887146551,3.0
864,566337,0.563358977331676,4.0
864,291726,0.4099562718588369,5.0
864,479625,0.3906186501055891,6.0
864,175339,0.21557409934031804,8.0
864,231947,0.21479142809915694,9.0
864,244104,0.21032638572320453,10.0
2580,11988,0.8241230491845601,1.0
2580,344118,0.8207361490879679,2.0
2580,371720,0.5630488025570908,3.0
2580,87722,0.21667484318522037,5.0
2580,360481,0.13544558926419278,8.0
2580,75764,0.11293276820596429,9.0
2580,585447,0.24074274062955908,4.0
2580,114439,0.2166423300360302,6.0
2580,272738,0.02644338710415048,10.0
2580,503934,0.21562226263443893,7.0
6625,416307,0.7533965087079277,2.0
6625,88892,0.8603753790763653,1.0
6625,336541,0.5483605429978797,3.0
6625,27401,0.5170106655650258,4.0
6625,320101,0.462875247921829,5.0
6625,557356,0.29107211469920863,7.0
6625,138703,0.17658391406605528,9.0
6625,13260,0.36288397779946596,6.0
6625,595133,0.013706657720570517,10.0
6625,75437,0.21702840482054092,8.0
2685,308837,0.5820205803590583,1.0
2685,539133,0.14875027128664298,9.0
2685,302792,0.3959898705878839,4.0
2685,243499,0.22599671378005573,8.0
2685,575497,0.2623447935835431,7.0
2685,158845,0.13051742432382923,10.0
2685,284075,0.42163196934766495,3.0
2685,382005,0.5609304464150549,2.0
2685,136825,0.27644221494896476,6.0
2685,395357,0.3739310404010065,5.0
68,123634,0.6962309729626979,3.0
68,296098,0.7880768374957422,2.0
68,528564,0.913571529053534,1.0
68,197839,0.26593505752876573,9.0
68,532932,0.6584958754544747,4.0
68,352640,0.4321403750707652,6.0
68,327002,0.5072963709286555,5.0
68,55666,0.26606244961999514,8.0
68,232199,0.2748812416391034,7.0
68,259766,0.14948095742809567,10.0
813,548705,1.0,1.0
813,284411,0.617591648342234,3.0
813,196427,0.6577823789072967,2.0
813,2809,0.4149471991257353,4.0
813,127974,0.2069766518125273,6.0
813,171596,0.30832118478124604,5.0
813,318583,0.07665534921365874,9.0
813,459677,0.044330583196363765,10.0
813,418630,0.1692731410169341,7.0
813,123468,0.15264044710226388,8.0
7345,69790,0.695634458785728,1.0
7345,254288,0.5120961030546802,5.0
7345,67063,0.5776390756923072,4.0
7345,98130,0.5840119780158706,2.0
7345,416727,0.3520805255535655,7.0
7345,417840,0.24292846839153823,8.0
7345,108,0.5778258758613943,3.0
7345,90447,0.41459915186224494,6.0
7345,348405,0.04492981558798657,9.0
7345,504996,0.0,10.0
8970,96121,1.0,1.0
8970,108040,0.8134551240506458,2.0
8970,187583,0.7222042687161363,3.0
8970,496899,0.550474718615096,5.0
8970,537857,0.6795863267107157,4.0
8970,314478,0.21070314075761687,8.0
8970,167356,0.23138437831222802,7.0
8970,11988,0.23166068653192606,6.0
8970,128574,0.09798254045376903,9.0
8970,514500,0.0,10.0
7105,72652,1.0,1.0
7105,307380,0.6571836291197048,2.0
7105,220060,0.37974004198130257,4.0
7105,455891,0.2989020817737176,6.0
7105,490294,0.3359271978515198,5.0
7105,314919,0.40822522986191123,3.0
7105,324037,0.20291229128179383,8.0
7105,228341,0.29843543718817755,7.0
7105,479384,0.194530123022257,9.0
7105,366488,0.0,10.0
1310,535651,0.9486403183799068,1.0
1310,471870,0.2516814014548586,5.0
1310,565698,0.5112266223221735,3.0
1310,344648,0.1397728510835029,8.0
1310,55022,0.37497337995513164,4.0
1310,346622,0.13082531446271956,9.0
1310,24567,0.5141303858990652,2.0
1310,489401,0.0338651410124404,10.0
1310,297831,0.18131584907676906,7.0
1310,44492,0.20385894669887136,6.0
9060,12432,0.5963530482883416,2.0
9060,511093,0.9208213904960948,1.0
9060,108,0.346428100748601,3.0
9060,13260,0.28378247019446373,5.0
9060,511515,0.23559606053953736,6.0
9060,304304,0.14882079020396885,8.0
9060,37517,0.19497630257406035,7.0
9060,75437,0.3068257807180387,4.0
9060,43087,0.06753292803601779,9.0
9060,111768,0.04925869981394124,10.0
2549,418150,0.8651854954759892,1.0
2549,327978,0.6436579845919931,2.0
2549,14368,0.5942779775558653,3.0
2549,307380,0.5567029458611511,4.0
2549,301224,0.2613307591422452,5.0
2549,59714,0.16541544725910262,7.0
2549,44601,0.11894438285840726,9.0
2549,265874,0.17916713377860313,6.0
2549,17923,0.14542371682787228,8.0
2549,350145,0.0,10.0
559,401254,0.8217729063141421,1.0
559,213370,0.4641705613130013,5.0
559,151639,0.5703746797143638,2.0
559,198349,0.3713144976983443,6.0
559,485195,0.06446549067480907,10.0
559,494689,0.49500414700976664,4.0
559,21194,0.11634771896888882,8.0
559,281977,0.3325066831614107,7.0
559,61706,0.08553167174001902,9.0
559,75252,0.5,3.0
7218,266900,0.7520208858349751,2.0
7218,32290,0.8771731987170002,1.0
7218,117576,0.4532127083574452,4.0
7218,537418,0.46277707142664093,3.0
7218,482517,0.1899727887686009,8.0
7218,125659,0.34182257907564684,6.0
7218,40447,0.05066672083448641,10.0
7218,6701,0.06504866166376824,9.0
7218,158520,0.34295603360851173,5.0
7218,314478,0.3051491558382763,7.0
2400,158523,0.5466009470226748,3.0
2400,456470,0.6987877687484784,1.0
2400,29306,0.577116080214225,2.0
2400,22469,0.39684619596189274,7.0
2400,3118,0.5069265523077057,5.0
2400,226967,0.457260881376399,6.0
2400,571258,0.2349019285230175,8.0
2400,1198,0.5377686271618762,4.0
2400,307424,0.0037446683947774118,10.0
2400,535697,0.21441067433433988,9.0
2348,447619,1.0,1.0
2348,112591,0.6792187430728183,2.0
2348,306430,0.6381505547573841,3.0
2348,244433,0.5302541316568212,4.0
2348,268261,0.34841912402206865,7.0
2348,265874,0.35605936944169914,6.0
2348,403025,0.21731833593829253,9.0
2348,117576,0.3655993239700103,5.0
2348,14870,0.3362332590371362,8.0
2348,12432,0.0,10.0
3615,335991,0.9845876472790349,1.0
3615,518379,0.9037535649734153,2.0
3615,72402,0.5957129183993427,3.0
3615,72160,0.5391114341685729,4.0
3615,156358,0.36721750275773635,7.0
3615,482544,0.3300576554567992,8.0
3615,174335,0.3676966371728361,6.0
3615,341493,0.4139741388970747,5.0
3615,17166,0.27735409252393295,9.0
3615,489401,0.0,10.0
8102,314478,0.8150245374735847,1.0
8102,149305,0.43218058099843587,7.0
8102,416307,0.4525960082378824,6.0
8102,99857,0.5875263428179334,3.0
8102,552707,0.6089015708481111,2.0
8102,223309,0.1400959607880571,10.0
8102,481166,0.3221517850734014,9.0
8102,320101,0.4696086127615045,5.0
8102,344372,0.36840187200332425,8.0
8102,408123,0.5,4.0
5155,462892,1.0,1.0
5155,367785,0.48331862258673075,4.0
5155,69495,0.521016345333161,2.0
5155,280805,0.48994487848937257,3.0
5155,175265,0.13625198022217708,8.0
5155,305671,0.15022263764026342,7.0
5155,191495,0.2886203596245821,6.0
5155,537725,0.00839206295194738,10.0
5155,157702,0.32553505727350673,5.0
5155,409573,0.03834432823753567,9.0
2460,530037,0.8973745814886778,2.0
2460,584337,0.9336224227288433,1.0
2460,279346,0.5871591535018403,4.0
2460,549180,0.6406353466901569,3.0
2460,196427,0.09002758392100237,9.0
2460,502281,0.2264975066763009,6.0
2460,512803,0.3919857352330315,5.0
2460,505028,0.14054158752640225,7.0
2460,295980,0.05947470605920735,10.0
2460,38711,0.11297402876364458,8.0
2399,343489,1.0,1.0
2399,583124,0.43855115729429994,2.0
2399,468743,0.18999212986415487,7.0
2399,29790,0.23581055789721184,5.0
2399,19606,0.2754589042535637,4.0
2399,521712,0.32647240080472456,3.0
2399,510314,0.1348282371194331,9.0
2399,476834,0.1536283024147354,8.0
2399,457419,0.22082631362596958,6.0
2399,442489,0.1284760809386237,10.0
4071,170594,0.8372473259701598,1.0
4071,328556,0.8227458537496994,2.0
4071,337764,0.5818747085618066,5.0
4071,296516,0.5205232486244205,7.0
4071,135113,0.7125245991863981,3.0
4071,565782,0.47393280168317065,8.0
4071,352485,0.6147465134538137,4.0
4071,368150,0.22853744118722177,9.0
4071,317429,0.544544820346417,6.0
4071,543589,0.0,10.0
18,431685,0.8003643162144782,1.0
18,88124,0.6783937650930494,2.0
18,161162,0.1802896674596326,4.0
18,528564,0.07520810073603261,7.0
18,227098,0.07027597344584663,8.0
18,172594,0.11240699821201088,5.0
18,152218,0.10693670045913486,6.0
18,349554,0.022278354388508545,9.0
18,366761,0.2877711018436523,3.0
18,143622,0.01229233829816401,10.0
2306,581889,1.0,1.0
2306,509650,0.5024541921601492,3.0
2306,494689,0.563503037740085,2.0
2306,75252,0.4997174113174589,4.0
2306,368806,0.31634680859393083,7.0
2306,246459,0.32024773027442266,6.0
2306,485195,0.33621521880812216,5.0
2306,401254,0.1740111405460789,9.0
2306,399013,0.00022938559965848555,10.0
2306,160125,0.17709400399797054,8.0
3051,232063,0.9915686662561622,1.0
3051,591940,0.8066816294295851,2.0
3051,306144,0.5638459271483431,3.0
3051,318266,0.4116187132937276,5.0
3051,583956,0.41315878974525155,4.0
3051,73434,0.0520132917919946,10.0
3051,66246,0.36455046955127113,6.0
3051,110515,0.1801572134162267,9.0
3051,393953,0.21349505270655544,8.0
3051,387165,0.22397560053844515,7.0
2395,594182,0.9344442699742348,1.0
2395,149306,0.8678279748620845,2.0
2395,568526,0.606270727910279,3.0
2395,308837,0.33736959960209245,6.0
2395,13732,0.5425939882414571,4.0
2395,307999,0.29854335416793876,7.0
2395,387010,0.1674821375489719,9.0
2395,414192,0.0004478388745828782,10.0
2395,13153,0.35463630928053613,5.0
2395,204176,0.24480179958442555,8.0
5134,17208,0.7023912332623148,1.0
5134,579557,0.6562290612527926,3.0
5134,536120,0.5800425007505347,4.0
5134,100485,0.5778606998421989,5.0
5134,172703,0.39396571427817906,6.0
5134,206727,0.6734812460326562,2.0
5134,122012,0.3577489005355637,7.0
5134,453542,0.2909369697725362,8.0
5134,328086,0.028804086447294992,10.0
5134,539263,0.04757821046966804,9.0
5343,204075,1.0,1.0
5343,296528,0.5116464805894284,6.0
5343,366597,0.5371250585035201,5.0
5343,581889,0.628913382390272,3.0
5343,184175,0.668575472471943,2.0
5343,367641,0.5748925037801278,4.0
5343,157553,0.2334582902791778,9.0
5343,405702,0.29744818746757584,7.0
5343,548433,0.251225114183885,8.0
5343,17443,0.0,10.0
5254,471723,0.5382733063158684,2.0
5254,59714,0.424860466463042,3.0
5254,402466,0.7405470305720114,1.0
5254,383978,0.41907141062117315,4.0
5254,78675,0.22917759714156422,7.0
5254,14368,0.30404585498905934,5.0
5254,467390,0.09998333783151085,9.0
5254,327978,0.27830849396643903,6.0
5254,44601,0.1170434640891441,8.0
5254,297290,0.0,10.0
3049,582864,1.0,1.0
3049,352640,0.8736515528088139,3.0
3049,77245,0.8857184292469826,2.0
3049,536849,0.3973165596936218,6.0
3049,220022,0.373155613589409,7.0
3049,127974,0.4466374033610979,4.0
3049,132780,0.3576085147288687,8.0
3049,445052,0.398076819488239,5.0
3049,263361,0.008035267636289633,10.0
3049,555732,0.29251130658612107,9.0
7509,61191,0.644797224161622,1.0
7509,423034,0.48629491401879205,3.0
7509,472051,0.3949218390329608,8.0
7509,298128,0.4414968451457921,5.0
7509,461592,0.4005006769070568,7.0
7509,22221,0.43012599105914245,6.0
7509,480944,0.07432035751090113,10.0
7509,301580,0.08226958679213887,9.0
7509,323363,0.451672817044882,4.0
7509,392826,0.5,2.0
5067,328341,0.9577013429694563,1.0
5067,366830,0.8364786863105866,3.0
5067,547301,0.8339460011091313,4.0
5067,539133,0.8670991866614236,2.0
5067,231227,0.3990865358989271,8.0
5067,88124,0.47547591162902514,7.0
5067,172594,0.5335657654645969,5.0
5067,460357,0.12187330405614795,10.0
5067,18001,0.4917162336831357,6.0
5067,574327,0.14643150023694992,9.0
8456,257853,1.0,1.0
8456,115141,0.5183009031275786,6.0
8456,125659,0.5195508249777466,5.0
8456,486696,0.53546517821912,4.0
8456,81924,0.3697272176807844,7.0
8456,159703,0.6013875924522574,2.0
8456,193398,0.5646998972777868,3.0
8456,431507,0.27939646909757226,8.0
8456,290156,0.16724420103506846,9.0
8456,367137,0.0,10.0
10734,62882,0.7587602769682396,2.0
10734,426278,0.8268394287154138,1.0
10734,461261,0.26736081639647025,5.0
10734,207354,0.3063391562207277,4.0
10734,467044,0.16665876662343684,9.0
10734,589970,0.5981626599077758,3.0
10734,549759,0.17885092773491304,7.0
10734,55064,0.16744713767668878,8.0
10734,58937,0.19629570778568717,6.0
10734,551934,0.0,10.0
5178,507544,0.7133225559839088,2.0
5178,257016,0.8050799429646023,1.0
5178,572272,0.40380935187790024,4.0
5178,9656,0.16049614076686514,7.0
5178,76414,0.3624050604694433,5.0
5178,60355,0.08822903051957501,8.0
5178,437538,0.3432864356411317,6.0
5178,268553,0.44914029465572597,3.0
5178,579235,0.05665481080253466,9.0
5178,216384,0.0,10.0
9174,303025,0.8421079651581748,1.0
9174,404339,0.8179508688113302,2.0
9174,149306,0.6391408001212718,3.0
9174,313437,0.07792798759787029,10.0
9174,272008,0.42993889632092747,5.0
9174,374750,0.47018731793447965,4.0
9174,21194,0.17292316734809515,9.0
9174,265098,0.26765044923635684,6.0
9174,479625,0.21789024336123305,8.0
9174,434812,0.22882968369952406,7.0
988,501384,1.0,1.0
988,280967,0.6209416365732245,2.0
988,301224,0.47899926339091226,3.0
988,187196,0.14845111285387605,8.0
988,45029,0.2826275042579373,5.0
988,287991,0.2816062414206204,6.0
988,236899,0.11033382816443285,9.0
988,201495,0.38234234204114326,4.0
988,345199,0.2359328169837282,7.0
988,455398,0.04210779795553777,10.0
2154,476632,1.0,1.0
2154,132371,0.5412158283607529,3.0
2154,153541,0.6606699301446987,2.0
2154,366761,0.40143734213050336,5.0
2154,62966,0.05914624073224501,10.0
2154,24890,0.38448978642216936,6.0
2154,147080,0.3613491787793938,7.0
2154,450808,0.42610627114780425,4.0
2154,150219,0.10379263946287087,9.0
2154,148757,0.17075224686477325,8.0
9646,272784,1.0,1.0
9646,236482,0.7850034222340161,2.0
9646,29306,0.6933947532238378,4.0
9646,556191,0.7581046739719692,3.0
9646,395437,0.16950938766239698,6.0
9646,96121,0.1050419137273838,8.0
9646,26203,0.22057225005364348,5.0
9646,257853,0.0845892737356786,9.0
9646,323768,0.011396478828830063,10.0
9646,535697,0.11664999110401628,7.0
3033,571430,1.0,1.0
3033,518624,0.6233697543665964,2.0
3033,318583,0.41899352422704134,4.0
3033,123468,0.44717955447090374,3.0
3033,295980,0.17090467801496484,8.0
3033,481102,0.3753338699402379,5.0
3033,398622,0.163383570666333,9.0
3033,570453,0.183635866596212,7.0
3033,387010,0.22001632148277284,6.0
3033,62966,0.0,10.0
15,583956,0.585874712547107,2.0
15,119213,0.5299692012886035,3.0
15,170294,0.3493352512913348,5.0
15,325273,0.7535618809392401,1.0
15,570155,0.3733767271638827,4.0
15,509723,0.3198849251940669,6.0
15,18509,0.23247985260975654,7.0
15,298159,0.061500105910331185,9.0
15,338313,0.06045976769412807,10.0
15,387165,0.1821980470050718,8.0
6612,274870,0.7511688596290522,3.0
6612,254454,0.9311839561882465,1.0
6612,216384,0.8001326314569203,2.0
6612,187739,0.7032053455281315,4.0
6612,366448,0.45208529018512206,5.0
6612,95778,0.19980928040930837,9.0
6612,205522,0.33143670817840915,6.0
6612,416796,0.32151764581617265,7.0
6612,159936,0.23275756368784342,8.0
6612,108302,0.0,10.0
5940,304743,0.9205146798394026,1.0
5940,326665,0.3855792848362422,5.0
5940,226303,0.34968500054379,6.0
5940,438243,0.6889026261439772,2.0
5940,428082,0.21545516344390175,9.0
5940,433490,0.4566829053044926,3.0
5940,167684,0.40894383941175844,4.0
5940,16670,0.2760929266228188,7.0
5940,150650,0.133343823560639,10.0
5940,546313,0.2306889618035035,8.0
9385,403755,1.0,1.0
9385,442127,0.8685582775887969,2.0
9385,1198,0.5935008217201918,3.0
9385,379667,0.4128224572019237,6.0
9385,341579,0.5677210543602176,4.0
9385,70853,0.36062347333469297,7.0
9385,57138,0.47349253736165436,5.0
9385,407654,0.06003753018682373,9.0
9385,208070,0.11765126963432745,8.0
9385,62151,0.05119078563400501,10.0
9332,159577,0.8872018081165318,1.0
9332,293687,0.6985759152889434,3.0
9332,271243,0.7290034712960757,2.0
9332,212770,0.3799390146127293,5.0
9332,178521,0.6311764308142824,4.0
9332,286074,0.19062499333147487,8.0
9332,271766,0.35643884067618165,6.0
9332,123418,0.2738382128363825,7.0
9332,236389,0.014300291852881293,10.0
9332,444107,0.11374497468902699,9.0
8275,435963,1.0,1.0
8275,26203,0.4583035448616314,4.0
8275,514500,0.39658508693733874,6.0
8275,294867,0.6060535975943214,2.0
8275,571306,0.5468605628002917,3.0
8275,114439,0.2868544070148137,8.0
8275,576564,0.3712307961003741,7.0
8275,99757,0.23489971709147067,9.0
8275,44601,0.07301246772459051,10.0
8275,554568,0.4238430085449186,5.0
4785,435021,0.616247439696732,2.0
4785,37517,0.9725470056929504,1.0
4785,326991,0.26706998426752354,4.0
4785,85522,0.10448436738185979,9.0
4785,34789,0.17993774946423646,6.0
4785,564841,0.19276631870798705,5.0
4785,162456,0.3459952200943893,3.0
4785,69696,0.019143827498841793,10.0
4785,140170,0.15091235636414987,8.0
4785,385574,0.15255695252707865,7.0
4465,569461,0.8451652969716882,2.0
4465,561377,0.6827803497665272,3.0
4465,299242,0.8784455974011766,1.0
4465,349710,0.3740449045829551,8.0
4465,344041,0.5707596643293217,4.0
4465,109860,0.5233416622611322,6.0
4465,226303,0.5431807401876826,5.0
4465,170294,0.2766723522914731,9.0
4465,213591,0.08635581968782088,10.0
4465,461051,0.4333643678865895,7.0
7279,476834,1.0,1.0
7279,214542,0.5448009087770733,2.0
7279,412502,0.478693518943036,3.0
7279,50744,0.43660670425528986,4.0
7279,27081,0.42822235883424636,5.0
7279,322456,0.39019461484382595,6.0
7279,442489,0.23297457243331784,8.0
7279,19606,0.2424922421723682,7.0
7279,343489,0.0005044310514420959,10.0
7279,29790,0.12329149177589654,9.0
7431,281707,1.0,1.0
7431,372921,0.5392096308729734,3.0
7431,292991,0.2557736342441561,5.0
7431,501384,0.3484222606926224,4.0
7431,423403,0.6334215096914747,2.0
7431,44594,0.13197970816306162,9.0
7431,305287,0.17296931551706773,7.0
7431,114768,0.16928719158100713,8.0
7431,178303,0.13174156396568157,10.0
7431,257248,0.23955584407215935,6.0
2118,76515,0.8983363994762996,1.0
2118,338313,0.5663290544862297,4.0
2118,384322,0.7602329736795623,2.0
2118,467509,0.28538252171082884,6.0
2118,411061,0.6813466477581347,3.0
2118,191977,0.41750544989229477,5.0
2118,328556,0.13273812443436228,8.0
2118,528661,0.16115820994094485,7.0
2118,361028,0.02142692150844502,10.0
2118,373271,0.11383256364895544,9.0
5380,549254,1.0,1.0
5380,216196,0.5327431525710836,2.0
5380,46099,0.12235163274121523,7.0
5380,360481,0.16862580097977997,5.0
5380,175771,0.06207143805944185,9.0
5380,242524,0.19973042894866105,4.0
5380,507284,0.314123563799648,3.0
5380,416307,0.06448414511350715,8.0
5380,345895,0.04557617724629676,10.0
5380,336772,0.1380102201054157,6.0
3404,62966,0.9653076434208481,1.0
3404,322246,0.7389567726681157,2.0
3404,583635,0.3282747161642362,8.0
3404,272425,0.6545561169042786,3.0
3404,153541,0.5730033478842982,5.0
3404,251411,0.2737639812978656,9.0
3404,488574,0.5960786675885136,4.0
3404,241136,0.1682913857997753,10.0
3404,442110,0.3511386235393343,7.0
3404,298128,0.45468556609660415,6.0
6420,565568,1.0,1.0
6420,480315,0.4513782257916309,4.0
6420,294295,0.6674907688914387,2.0
6420,394244,0.5603975071797063,3.0
6420,69696,0.18673905696065746,9.0
6420,122432,0.26864188420076973,7.0
6420,269898,0.2927718237115149,6.0
6420,279897,0.25454582494620337,8.0
6420,442048,0.1742001200056471,10.0
6420,112714,0.35290741527003616,5.0
9961,21311,0.9436644169708921,1.0
9961,72402,0.7189613741348141,2.0
9961,335991,0.3833428290586559,7.0
9961,518379,0.628444633411882,3.0
9961,174335,0.4779889085544858,5.0
9961,341493,0.3043195511858214,8.0
9961,17166,0.41159449800186254,6.0
9961,528522,0.490919837173383,4.0
9961,565684,0.006062405634528222,10.0
9961,156358,0.19367286600789965,9.0
8079,125940,0.5053427359854267,4.0
8079,95278,0.7758479168494102,1.0
8079,187583,0.42998600566776585,5.0
8079,57138,0.6382359974730626,2.0
8079,11184,0.36855715683690726,6.0
8079,108040,0.5808118239172243,3.0
8079,39478,0.3308964042693993,7.0
8079,224231,0.13976634707570199,8.0
8079,93971,0.003599837727364441,10.0
8079,1198,0.09958054117095816,9.0
