query_id,doc_id,score_hybrid,rank
3394,112208,0.8382735649543231,1.0
3394,172703,0.571580301202048,3.0
3394,87722,0.562756897584519,4.0
3394,445971,0.7170926077588085,2.0
3394,345199,0.3571853409208223,6.0
3394,377429,0.28330707459437804,8.0
3394,387277,0.3752385306797399,5.0
3394,133093,0.325131127814532,7.0
3394,418150,0.03290007373410791,10.0
3394,539263,0.07919049719828675,9.0
5505,100387,1.0,1.0
5505,141738,0.3829087857409593,2.0
5505,278824,0.2597444891776346,4.0
5505,70488,0.3064418315411347,3.0
5505,349160,0.18200431309331663,5.0
5505,478457,0.09082316507467031,8.0
5505,200338,0.12031018861882328,7.0
5505,408327,0.013098945539988107,9.0
5505,442142,0.14268353137471976,6.0
5505,593085,0.0,10.0
6792,558617,0.9880441455295264,1.0
6792,400841,0.46381405517819974,3.0
6792,29306,0.35010404011955726,7.0
6792,136825,0.48593153100273395,2.0
6792,259081,0.3806427146836973,6.0
6792,40447,0.20844155160961897,8.0
6792,480515,0.3961857412457866,5.0
6792,156467,0.4599209782563448,4.0
6792,545434,0.05762978827574946,10.0
6792,585447,0.16920106871275065,9.0
6909,452175,0.8395938939170692,1.0
6909,13260,0.5506652367866987,2.0
6909,435963,0.48827840800396716,3.0
6909,375019,0.4572438769103936,4.0
6909,266900,0.2736101332275457,7.0
6909,464502,0.1387215449622654,9.0
6909,214003,0.045165349444062156,10.0
6909,79357,0.4369998022589173,5.0
6909,535697,0.3339696739376985,6.0
6909,330041,0.17264866186453717,8.0
4946,121690,1.0,1.0
4946,156816,0.4199666829281637,2.0
4946,79357,0.3137863789277835,4.0
4946,9938,0.3454372504534625,3.0
4946,350680,0.2985992133735841,5.0
4946,28119,0.15578107740103614,8.0
4946,343489,0.2644662856017662,7.0
4946,100485,0.2952697947414306,6.0
4946,88105,0.1079128165451326,9.0
4946,496935,0.0,10.0
4125,283079,0.8645595556816394,1.0
4125,232199,0.7879519418951372,2.0
4125,363591,0.6987895683211386,3.0
4125,452987,0.40818016711598,6.0
4125,571362,0.485850872723225,4.0
4125,292769,0.17875932955594379,9.0
4125,340044,0.41245635817695636,5.0
4125,103593,0.37056608772683586,8.0
4125,276400,0.40193838127439596,7.0
4125,7632,0.05069106293684934,10.0
6009,62151,0.7259293360323533,2.0
6009,175831,0.6654504451675554,3.0
6009,303325,0.6409324912909558,4.0
6009,228983,0.7389603931986563,1.0
6009,158717,0.46362790639759227,5.0
6009,472585,0.06973709888185724,8.0
6009,178684,0.05353167829960932,9.0
6009,442048,0.4193238719937566,6.0
6009,125298,0.04211554143061427,10.0
6009,99857,0.13618730691573447,7.0
9598,528034,1.0,1.0
9598,379311,0.555090642922941,2.0
9598,322826,0.4091234821399156,5.0
9598,136270,0.15914845468927227,10.0
9598,574327,0.5287098879949234,3.0
9598,112208,0.32352829974656594,6.0
9598,17923,0.26640956103831154,7.0
9598,172703,0.19054458864618462,9.0
9598,297290,0.41829813061873944,4.0
9598,383978,0.23437475279703723,8.0
10645,22221,1.0,1.0
10645,340131,0.7815522669348484,2.0
10645,441176,0.7120386194228798,3.0
10645,183349,0.4091411236301958,7.0
10645,102684,0.545357522965956,4.0
10645,248799,0.5388404732113481,5.0
10645,317354,0.3181939498215344,8.0
10645,293679,0.446826065921381,6.0
10645,415340,0.23575318378940344,9.0
10645,487791,0.0,10.0
7441,125659,0.8371355646442978,1.0
7441,192900,0.8236519790882448,3.0
7441,537418,0.6762309799940105,4.0
7441,231781,0.8301557015251437,2.0
7441,117576,0.6418922716589985,5.0
7441,404339,0.22542958791794765,7.0
7441,329662,0.3071901737946935,6.0
7441,504996,0.13689276347441626,9.0
7441,336018,0.16437510287179563,8.0
7441,180733,0.0,10.0
5080,305901,0.8248491148161299,1.0
5080,553304,0.7352270298278067,3.0
5080,392434,0.8109945161296904,2.0
5080,514512,0.6085539097720862,5.0
5080,67063,0.6174667303165452,4.0
5080,488334,0.49556497914179043,6.0
5080,356928,0.47255305065364617,7.0
5080,271026,0.11004553517643764,10.0
5080,88912,0.14498250242738014,9.0
5080,167950,0.23658026994484768,8.0
9329,326991,1.0,1.0
9329,385574,0.34520120602145843,4.0
9329,340210,0.32080023958525417,5.0
9329,394924,0.42700777920174937,3.0
9329,265098,0.22974832020389005,6.0
9329,586018,0.42847007832428813,2.0
9329,179103,0.2029065565813066,7.0
9329,192900,0.16807713523102183,8.0
9329,209493,0.1034474180210246,9.0
9329,209065,0.0,10.0
6479,404339,1.0,1.0
6479,272008,0.6251337841898819,2.0
6479,536120,0.33034773072636486,3.0
6479,9938,0.12352172067585342,7.0
6479,453839,0.10480021964937919,8.0
6479,104793,0.04015503230297229,10.0
6479,257656,0.26478892779687974,4.0
6479,491969,0.19981085489673236,6.0
6479,114439,0.06026758217729871,9.0
6479,340210,0.22878062398178867,5.0
8513,175821,1.0,1.0
8513,69790,0.8090083938134902,2.0
8513,167950,0.41813490959671207,3.0
8513,183612,0.15684424466722863,9.0
8513,449039,0.19454570446451475,7.0
8513,267113,0.25657999758057204,4.0
8513,167896,0.23949227574114598,6.0
8513,417840,0.18900727447005897,8.0
8513,232712,0.24165230136893798,5.0
8513,87667,0.1529293920367084,10.0
10109,93231,0.978819029847787,1.0
10109,28314,0.9585226645865965,2.0
10109,535317,0.5272167122077784,3.0
10109,395357,0.36399015992244105,4.0
10109,124630,0.1430859297965677,7.0
10109,244749,0.10777126583965317,8.0
10109,305467,0.09230438761026295,9.0
10109,116420,0.27786968284326585,6.0
10109,474384,0.306670176293952,5.0
10109,105818,0.0825308754881695,10.0
4844,275257,1.0,1.0
4844,367137,0.7186943771826534,2.0
4844,192193,0.6899365188339476,3.0
4844,111033,0.42659591944591085,4.0
4844,235522,0.40660719152523994,5.0
4844,549741,0.15332551020202934,8.0
4844,140088,0.2669050237061755,6.0
4844,386423,0.030626970678463955,9.0
4844,144177,0.20626035183489405,7.0
4844,409432,0.008317958316297685,10.0
8544,214003,1.0,1.0
8544,37517,0.5332025612662336,2.0
8544,336541,0.483870028362434,3.0
8544,75437,0.35734495782932896,5.0
8544,13260,0.32824771355287746,7.0
8544,100103,0.41615221544718994,4.0
8544,416307,0.16949107168194388,8.0
8544,12432,0.06387375213078808,9.0
8544,561884,0.3349247209526548,6.0
8544,111768,0.03137086872521564,10.0
4823,561929,1.0,1.0
4823,362919,0.6388457198109063,2.0
4823,340131,0.33298141557889094,6.0
4823,104726,0.4971484580882415,3.0
4823,11572,0.39536347195295285,4.0
4823,7094,0.3742566531475968,5.0
4823,2860,0.2273919036889569,9.0
4823,459423,0.2758673095682979,8.0
4823,252716,0.2879628185503494,7.0
4823,271118,0.0,10.0
1085,366597,0.8549073263246403,2.0
1085,405702,0.9371616732321092,1.0
1085,485195,0.5089606349823218,3.0
1085,374334,0.40996594577972123,4.0
1085,108302,0.21114812277084297,7.0
1085,581889,0.04026454125767584,10.0
1085,94586,0.08473095446035042,9.0
1085,184175,0.24355987977865493,6.0
1085,401125,0.2646434210502993,5.0
1085,315275,0.10909675333428222,8.0
2388,104988,1.0,1.0
2388,300287,0.38967509970206476,2.0
2388,13657,0.2884397245610831,4.0
2388,123733,0.1444790714530797,8.0
2388,459423,0.30688894214432366,3.0
2388,565698,0.2087179301330784,6.0
2388,423403,0.24088520717758258,5.0
2388,157702,0.14247261089731186,9.0
2388,141320,0.19494029191184348,7.0
2388,429978,0.06938076511039953,10.0
6891,474351,1.0,1.0
6891,492506,0.3149307520450039,3.0
6891,504497,0.10782899324644335,8.0
6891,558924,0.31914420679509636,2.0
6891,264095,0.2136924374039021,6.0
6891,381757,0.18072497148563021,7.0
6891,323363,0.2511924238600553,4.0
6891,579543,0.06304362767229982,9.0
6891,143425,0.2303281847048705,5.0
6891,73434,0.0,10.0
2568,346042,1.0,1.0
2568,164702,0.5764311042920686,2.0
2568,170141,0.4997943688495907,3.0
2568,13975,0.3428878794672515,7.0
2568,544654,0.37113567436564265,6.0
2568,130209,0.413702940721801,5.0
2568,428150,0.15446798753862914,9.0
2568,269898,0.4594841705249506,4.0
2568,368802,0.20770849551393222,8.0
2568,213370,0.00046571781307092985,10.0
7702,558924,0.9579087208313612,1.0
7702,133093,0.8973753887207248,2.0
7702,387277,0.7819114421854487,3.0
7702,592636,0.2394543450593133,7.0
7702,214542,0.3660929577781372,4.0
7702,192193,0.2707712710598471,5.0
7702,108721,0.18588406252105266,8.0
7702,140088,0.24494027490002696,6.0
7702,367137,0.1361228105127113,9.0
7702,259317,0.02110937103073862,10.0
2376,91545,0.9987321428879887,1.0
2376,402249,0.8809513143580942,2.0
2376,244961,0.7575374451073941,4.0
2376,114417,0.78521237120929,3.0
2376,549833,0.7273588034163687,5.0
2376,324411,0.7048357712921086,6.0
2376,407455,0.5875448366733348,8.0
2376,64263,0.5915047490860739,7.0
2376,582521,0.32787556515127647,9.0
2376,44110,0.0,10.0
4339,386531,1.0,1.0
4339,488615,0.5965516890172957,2.0
4339,16392,0.3294143445085146,3.0
4339,242076,0.23417744005116953,6.0
4339,240645,0.23296410528941788,7.0
4339,473540,0.32755425116523473,4.0
4339,260328,0.2678791155809712,5.0
4339,455398,0.050770655365411164,9.0
4339,242294,0.15301601070424822,8.0
4339,103256,0.010999495196329362,10.0
5427,387854,0.8484382159147523,1.0
5427,580709,0.605551035919683,2.0
5427,55666,0.5271143534141122,5.0
5427,200338,0.2175673260464192,10.0
5427,597467,0.5780401627853664,3.0
5427,142876,0.5378763634888716,4.0
5427,522358,0.2263635608170826,9.0
5427,273084,0.23053732368009694,8.0
5427,200603,0.4044853548822948,6.0
5427,549759,0.26853626910535927,7.0
7734,226070,1.0,1.0
7734,96013,0.5922804309248144,2.0
7734,87667,0.41377093022820227,3.0
7734,94591,0.287359614903695,4.0
7734,10703,0.27307627006851015,5.0
7734,150544,0.09321709596622753,9.0
7734,421371,0.2548228304902176,6.0
7734,232712,0.18426135008138994,8.0
7734,247486,0.05200091015938977,10.0
7734,433905,0.2271706606397006,7.0
2486,487791,1.0,1.0
2486,58937,0.4885023457400498,2.0
2486,388575,0.27231061340492196,6.0
2486,101604,0.32620278601048974,3.0
2486,216327,0.14308474383022746,9.0
2486,250702,0.3261898343250532,4.0
2486,357914,0.24578900814761984,7.0
2486,234436,0.2998184647010107,5.0
2486,518563,0.006081312031398945,10.0
2486,130021,0.16367852445248957,8.0
7071,238629,0.8499897629416524,1.0
7071,99857,0.40244568230841765,4.0
7071,178684,0.607837406945688,2.0
7071,14543,0.3870487667338302,5.0
7071,588384,0.16621246055763977,8.0
7071,246221,0.29348738216276277,6.0
7071,403899,0.07934792318884416,10.0
7071,434812,0.4251008415314701,3.0
7071,319793,0.21722536674973839,7.0
7071,378173,0.15929433322084333,9.0
8537,511093,0.9820431423512492,1.0
8537,416307,0.8303792466293133,2.0
8537,572842,0.4222372758738398,8.0
8537,281707,0.4389399110107833,7.0
8537,374020,0.5683487022800331,4.0
8537,96467,0.46461064155990134,5.0
8537,557356,0.44835856511697714,6.0
8537,472516,0.5737707769433635,3.0
8537,472014,0.2137406231081927,9.0
8537,501384,0.09170142282005532,10.0
7178,70096,0.7374156936499734,1.0
7178,401329,0.6697491700574567,2.0
7178,420851,0.3245866149013762,3.0
7178,518563,0.12813025705251513,5.0
7178,58851,0.04878946889128977,9.0
7178,474384,0.19737756180999777,4.0
7178,88892,0.10002997069105829,7.0
7178,193312,0.07380665081699765,8.0
7178,484055,0.006657967120256572,10.0
7178,554568,0.10808148369141297,6.0
4777,2860,1.0,1.0
4777,409535,0.8643254055930524,2.0
4777,228983,0.39365242749428453,4.0
4777,429378,0.2910717083312121,5.0
4777,407455,0.23190154523715506,6.0
4777,167896,0.5136973517468917,3.0
4777,525231,0.22482507935524337,7.0
4777,570155,0.14807429759002394,8.0
4777,413041,0.03531114543595335,10.0
4777,164008,0.06723617661898636,9.0
2398,168922,0.6000000000000001,4.0
2398,96538,0.9099974161150324,1.0
2398,443246,0.6268901003830186,3.0
2398,490443,0.6425209390960167,2.0
2398,527698,0.5221134525109465,5.0
2398,548465,0.46042790534852807,6.0
2398,107092,0.27344931533543004,7.0
2398,505959,0.1944141066677864,8.0
2398,403515,0.13110350304275978,10.0
2398,342212,0.18182364137736393,9.0
849,557186,1.0,1.0
849,528564,0.7155820251787175,4.0
849,232199,0.7782766940652401,2.0
849,183612,0.7604960867574806,3.0
849,234436,0.3129256195103731,7.0
849,366830,0.416937714471488,5.0
849,24890,0.24086965585978767,9.0
849,327263,0.2826844865842282,8.0
849,454810,0.015887626008941502,10.0
849,273947,0.3350584073655322,6.0
7534,175821,1.0,1.0
7534,301224,0.5733099320229772,2.0
7534,498378,0.41372037601544265,3.0
7534,46099,0.17982950056586322,6.0
7534,147765,0.09470026131770241,8.0
7534,89714,0.2870322685325576,4.0
7534,51046,0.17994170556075412,5.0
7534,211839,0.00996094514871327,10.0
7534,255491,0.10849233410162966,7.0
7534,169062,0.07648987928401356,9.0
5021,226070,0.8383085258579919,1.0
5021,423034,0.7859617062584361,2.0
5021,588607,0.34287078181480835,4.0
5021,79357,0.5645651808944835,3.0
5021,494939,0.3234988011579279,5.0
5021,3118,0.13695956568751005,7.0
5021,339640,0.31421046459565366,6.0
5021,289813,0.037607722366086546,10.0
5021,481308,0.08614195870000545,9.0
5021,136825,0.13199206073386596,8.0
6131,326094,0.91100474556194,1.0
6131,334111,0.6967978477984781,2.0
6131,44223,0.3781920557924513,5.0
6131,258465,0.48628467244588347,4.0
6131,123733,0.18512468030086549,7.0
6131,368806,0.5039168645566268,3.0
6131,315275,0.12265365501765634,8.0
6131,470024,0.3072064859256657,6.0
6131,483441,0.08446624503229495,9.0
6131,169699,0.032341990095234766,10.0
10136,152316,0.9190284244045916,1.0
10136,32744,0.7353355237150365,3.0
10136,290930,0.890131660400884,2.0
10136,277179,0.4943289326604688,4.0
10136,18509,0.3125166854136776,6.0
10136,198349,0.34743845222672626,5.0
10136,302792,0.21147562288291227,8.0
10136,507284,0.15564793818078032,9.0
10136,280204,0.2936341558816964,7.0
10136,144177,0.0,10.0
9548,423658,0.9973913274485253,1.0
9548,523810,0.7611675037176254,3.0
9548,297290,0.7708686856512277,2.0
9548,231227,0.7164838519245595,4.0
9548,61022,0.2699331869943695,7.0
9548,72160,0.3392980412829794,5.0
9548,539263,0.2905936747707659,6.0
9548,32811,0.14414798927271277,10.0
9548,583203,0.18803015509827972,9.0
9548,482544,0.22998261834024522,8.0
4942,314898,1.0,1.0
4942,433490,0.6765272442119803,2.0
4942,295864,0.4601565170863483,3.0
4942,70853,0.3310835984074094,6.0
4942,420556,0.3575942323962573,5.0
4942,94689,0.4186508222098606,4.0
4942,486333,0.2753157965915863,8.0
4942,62966,0.28123905703982743,7.0
4942,55999,0.15764327034534292,9.0
4942,539263,0.030687867438008307,10.0
5090,572272,0.7449982643354094,2.0
5090,12988,0.8727619966089051,1.0
5090,270856,0.46179663076917965,3.0
5090,468777,0.28636196611452985,6.0
5090,507544,0.3195902460791469,4.0
5090,551423,0.2276313736531667,9.0
5090,149500,0.3149698434424741,5.0
5090,247721,0.23904810595394999,8.0
5090,169688,0.24926629309350842,7.0
5090,414534,0.22161173040672735,10.0
6005,149500,1.0,1.0
6005,507544,0.5841189913626756,2.0
6005,572272,0.5063412660068978,3.0
6005,551423,0.23925598642697132,6.0
6005,140947,0.059663160979564,10.0
6005,30311,0.13373026794109033,7.0
6005,176498,0.29956060379882654,4.0
6005,414288,0.24172492642486992,5.0
6005,515060,0.07838041856053589,9.0
6005,377223,0.10310831304832865,8.0
7533,162668,1.0,1.0
7533,461084,0.7376184630094613,2.0
7533,438680,0.6501328525253802,3.0
7533,284411,0.5896872185560605,4.0
7533,167356,0.509242223889407,5.0
7533,257016,0.3217090045706317,8.0
7533,201495,0.47229018054060967,6.0
7533,213435,0.4258537045748856,7.0
7533,167950,0.034930866811018424,10.0
7533,407654,0.16808273437481466,9.0
8034,284075,0.6602822347359263,2.0
8034,327978,0.727684373073487,1.0
8034,415340,0.42512657334030857,4.0
8034,307999,0.43589560682996253,3.0
8034,292991,0.21281774524151914,9.0
8034,198764,0.3289599036118491,6.0
8034,13153,0.24794062855999877,8.0
8034,22221,0.2561169866317772,7.0
8034,213435,0.19052861735884652,10.0
8034,579557,0.3999999999999999,5.0
2330,478514,1.0,1.0
2330,260014,0.16308790658810307,6.0
2330,370334,0.3518905300709427,2.0
2330,345895,0.2281490439147962,3.0
2330,156873,0.07763494978718924,9.0
2330,572272,0.09945710628048506,8.0
2330,488334,0.16287215941317273,7.0
2330,94586,0.19485568692928656,4.0
2330,167684,0.18234993240741956,5.0
2330,9656,0.03378457966041127,10.0
7803,62151,1.0,1.0
7803,572205,0.5963913551684944,2.0
7803,327127,0.4724388754944234,4.0
7803,216065,0.5141657670595695,3.0
7803,214003,0.4478731251391166,5.0
7803,100103,0.3466636069133018,7.0
7803,336541,0.4362351739295013,6.0
7803,324037,0.0795965580420698,9.0
7803,583651,0.014357033258171075,10.0
7803,12432,0.29550774665108415,8.0
1933,183612,1.0,1.0
1933,446984,0.34373887371696954,2.0
1933,141738,0.17048828803717841,7.0
1933,352640,0.21998067239534225,5.0
1933,445298,0.2558644238991567,3.0
1933,413041,0.02968736764439394,10.0
1933,466718,0.16259376512072388,8.0
1933,234436,0.1854151040061243,6.0
1933,264554,0.24506785167090148,4.0
1933,134794,0.1495793085392236,9.0
6849,44601,1.0,1.0
6849,59714,0.6129916403070876,2.0
6849,78675,0.5908604478032293,3.0
6849,578427,0.38517755885056176,4.0
6849,172703,0.1360470754715354,8.0
6849,79998,0.22895444200532966,6.0
6849,112208,0.08901629546756842,9.0
6849,418150,0.37224688469165446,5.0
6849,328086,0.014550701320503477,10.0
6849,61962,0.15373498584560727,7.0
7448,418150,1.0,1.0
7448,100485,0.24711383791956182,3.0
7448,273861,0.07492514754811204,9.0
7448,112208,0.23799105308001361,4.0
7448,377429,0.16470035117628065,6.0
7448,387277,0.13496023400912077,8.0
7448,307095,0.15368835404629685,7.0
7448,133093,0.20393260686035286,5.0
7448,44601,0.28070314543639174,2.0
7448,172703,0.052968566480938284,10.0
42,283079,0.9938902129926488,1.0
42,278824,0.684190675371581,3.0
42,528564,0.7637692754122257,2.0
42,327002,0.49673869439644425,4.0
42,141738,0.15948285660241315,9.0
42,124630,0.11795985299576638,10.0
42,366830,0.39789610192172575,6.0
42,467509,0.16918035670646794,7.0
42,536849,0.4574328569313086,5.0
42,583956,0.16691574249156865,8.0
4102,125940,0.6000000000000001,5.0
4102,293320,0.6309389330121693,4.0
4102,572340,0.6817493801548373,3.0
4102,554734,0.8175579051488491,1.0
4102,275925,0.5304342091928375,6.0
4102,327978,0.6824627473328871,2.0
4102,326142,0.49801790462449236,7.0
4102,460457,0.25064261015700257,8.0
4102,356987,0.11125041754593092,9.0
4102,324779,0.08322358062994017,10.0
7269,474351,0.7075129167805446,1.0
7269,588607,0.5783123398547094,2.0
7269,72402,0.27943868459536425,5.0
7269,226070,0.23734587776063593,6.0
7269,301580,0.10181041343424281,8.0
7269,486696,0.4639452485959673,3.0
7269,386173,0.04650724131953089,9.0
7269,392894,0.21426257290217784,7.0
7269,129319,0.28364432248390026,4.0
7269,90294,0.045894132762249205,10.0
10975,363591,0.8699311178921447,1.0
10975,17166,0.8331923256108265,2.0
10975,72160,0.6908224795274202,3.0
10975,545759,0.2738817341668296,7.0
10975,384564,0.15832401863073614,9.0
10975,482544,0.46081709940660376,4.0
10975,528522,0.3800007909974727,6.0
10975,61022,0.08291851140338072,10.0
10975,452870,0.44422643659143995,5.0
10975,341493,0.1903538630291776,8.0
715,93936,0.626418136866058,1.0
715,232262,0.446181582589236,5.0
715,377223,0.46455947414767884,4.0
715,590489,0.5199721425951221,2.0
715,560872,0.5038912491066533,3.0
715,127316,0.3186566207092234,7.0
715,273925,0.40456456421809833,6.0
715,524752,0.12257312477472601,9.0
715,212028,0.01303307496025393,10.0
715,167896,0.2127281113028272,8.0
4037,557186,0.925786347960017,1.0
4037,408327,0.37076456291740145,3.0
4037,81483,0.12972251298001583,8.0
4037,264554,0.23494929570732534,4.0
4037,70488,0.15263229946658957,5.0
4037,73427,0.14201740588105,6.0
4037,141738,0.035881490797754725,10.0
4037,327002,0.14076797188307108,7.0
4037,298099,0.4029079926263734,2.0
4037,278824,0.10796009616136577,9.0
4047,159836,0.7302189654571277,2.0
4047,538352,0.8578890112528266,1.0
4047,124230,0.5963189541596461,3.0
4047,457294,0.4306509989129439,5.0
4047,227423,0.5566053561841771,4.0
4047,488258,0.2816277454008941,7.0
4047,186453,0.3555805830548497,6.0
4047,560872,0.1636744827207503,9.0
4047,304477,0.011693507027274657,10.0
4047,472585,0.22382741764579403,8.0
8072,31465,0.8219492002725494,2.0
8072,127452,0.8461004331041581,1.0
8072,164008,0.6507370652422926,4.0
8072,413041,0.49062828904624955,6.0
8072,394244,0.7113281654038669,3.0
8072,284235,0.5833091385299423,5.0
8072,494727,0.37564052842872775,8.0
8072,294867,0.4124502674776849,7.0
8072,316838,0.23394958072001315,9.0
8072,169062,0.0,10.0
5906,258465,0.8576305663533927,1.0
5906,409907,0.7096855221624088,2.0
5906,318520,0.6616250074263643,3.0
5906,470024,0.32534697286391057,6.0
5906,289231,0.4436314951410347,4.0
5906,273528,0.40228423089366794,5.0
5906,326094,0.041333834475022334,10.0
5906,2460,0.13988847902480311,9.0
5906,394467,0.1571234892608201,8.0
5906,15172,0.23271453525562164,7.0
8378,178684,1.0,1.0
8378,246221,0.6908928852487936,2.0
8378,238629,0.6858564914474312,3.0
8378,434812,0.681480790808364,4.0
8378,102237,0.472536812789497,5.0
8378,43497,0.2996217584780513,6.0
8378,403025,0.13554449268089044,8.0
8378,382381,0.1637151650511372,7.0
8378,554568,0.06950585090281872,9.0
8378,597401,0.0,10.0
885,315275,0.6908413912410755,1.0
885,273528,0.6141109681261832,2.0
885,173929,0.2509939145082358,7.0
885,394467,0.251922239270683,6.0
885,485195,0.25214262481088046,5.0
885,326094,0.4963025685772714,3.0
885,483441,0.265808113283705,4.0
885,258465,0.24589335065351967,8.0
885,399013,0.10493117989929161,9.0
885,246459,0.06275642357384033,10.0
2423,529444,0.9134772442967263,2.0
2423,396127,0.9446623470716349,1.0
2423,89049,0.5114082363671398,3.0
2423,124027,0.4367033630230691,4.0
2423,461084,0.21535332767263932,8.0
2423,388646,0.28594540379028865,7.0
2423,553288,0.3686375539516352,5.0
2423,428150,0.29645409405380596,6.0
2423,370334,0.010079545094266194,9.0
2423,175232,0.0,10.0
4414,235522,1.0,1.0
4414,367137,0.7352358754465658,2.0
4414,133093,0.4217112152982324,5.0
4414,144177,0.6036037745008471,3.0
4414,111033,0.37355908343838373,6.0
4414,275257,0.297260139271192,8.0
4414,29073,0.47742941346934054,4.0
4414,140088,0.17338752566968552,9.0
4414,76776,0.011134273540618522,10.0
4414,577578,0.3300210746539329,7.0
1297,313909,0.8781303898970785,2.0
1297,171761,0.9907851312441747,1.0
1297,219758,0.5904632258693624,5.0
1297,289813,0.6360137456877251,3.0
1297,90712,0.5770564837063984,6.0
1297,146021,0.6228139409556122,4.0
1297,370663,0.3707435547761745,7.0
1297,66246,0.13767811563268262,8.0
1297,545434,0.019328889936230446,10.0
1297,521712,0.11636950266281162,9.0
8512,32811,1.0,1.0
8512,61022,0.5406585971884146,2.0
8512,149696,0.39955691244652525,3.0
8512,320101,0.20542508182394228,8.0
8512,528522,0.31597574976005754,5.0
8512,231227,0.25930653410068705,6.0
8512,461592,0.35628761154595157,4.0
8512,474384,0.20648780638755362,7.0
8512,214901,0.20479121195098715,9.0
8512,452870,0.1901875963404312,10.0
3822,290930,0.979465113711157,1.0
3822,454157,0.7038775681831193,2.0
3822,586151,0.7024766189575621,3.0
3822,318583,0.27810949866195456,9.0
3822,592636,0.5948454629906591,4.0
3822,476834,0.5211668706575266,5.0
3822,597880,0.3406707390749441,7.0
3822,309269,0.30651473211790814,8.0
3822,431814,0.12349135718297641,10.0
3822,369355,0.3999999999999999,6.0
859,32530,0.9965438186602585,1.0
859,326094,0.5938504647866463,2.0
859,171720,0.4523445652313589,3.0
859,377223,0.3434223014450655,5.0
859,310215,0.22769474684113977,9.0
859,308837,0.3251744228008749,6.0
859,513258,0.05412446521357609,10.0
859,388201,0.32225669261213075,7.0
859,506374,0.29546555245892,8.0
859,217683,0.3999999999999999,4.0
6668,457294,1.0,1.0
6668,93971,0.39290492186785897,2.0
6668,301570,0.23133677699451408,5.0
6668,228403,0.2851254450084821,3.0
6668,159703,0.26272617231154854,4.0
6668,326991,0.04162244985074182,10.0
6668,526110,0.20862322371113604,7.0
6668,88892,0.11429891545019885,9.0
6668,241337,0.2279406863259189,6.0
6668,11988,0.1473330601343659,8.0
604,38711,0.8524597468534563,1.0
604,571430,0.7593636551577676,2.0
604,224869,0.32781500161317273,5.0
604,115553,0.2140316962357258,8.0
604,197222,0.28881329544909096,7.0
604,348353,0.324309954314415,6.0
604,561377,0.4799764823634083,3.0
604,195191,0.08550809113376348,9.0
604,342307,0.03191879447243419,10.0
604,486333,0.3886899178215361,4.0
3177,539263,0.9569621492692899,1.0
3177,172703,0.7791506574303556,2.0
3177,536120,0.7424145221824578,4.0
3177,377429,0.6702806292043559,5.0
3177,480315,0.7566028724600817,3.0
3177,87722,0.42076230861648284,7.0
3177,17208,0.46002324659448357,6.0
3177,467575,0.3067284741691192,8.0
3177,328086,0.05936759261802193,9.0
3177,423658,0.0,10.0
721,496225,1.0,1.0
721,51615,0.22220588880099706,3.0
721,298128,0.23289716640371855,2.0
721,568526,0.1833537142601353,4.0
721,251824,0.11596579386747673,6.0
721,196427,0.09605528593237475,7.0
721,597880,0.028760484495233333,10.0
721,150650,0.1605677616287567,5.0
721,447353,0.07486272106005032,8.0
721,358661,0.03270013737100504,9.0
7124,427726,0.7991533397912111,1.0
7124,242524,0.7260994897839571,2.0
7124,62151,0.5879271695571351,4.0
7124,265314,0.4344857160538602,6.0
7124,226070,0.4729855853123378,5.0
7124,558617,0.6733042185327528,3.0
7124,433905,0.42643423776981737,7.0
7124,421371,0.30127865357331113,8.0
7124,96013,0.23900478856197122,9.0
7124,162668,0.0,10.0
4500,236482,0.8545524407412359,1.0
4500,533623,0.8006729221632622,2.0
4500,474234,0.3525554048252901,6.0
4500,166487,0.30560611256150066,7.0
4500,231781,0.46410785241488817,3.0
4500,80031,0.22035084484430345,8.0
4500,163048,0.3991069946173318,5.0
4500,62897,0.07227191006516842,10.0
4500,275929,0.4002544762458701,4.0
4500,81101,0.2068851226693566,9.0
603,64103,0.810747974333509,1.0
603,399013,0.6479629852473019,2.0
603,535651,0.45759714809553553,4.0
603,120090,0.5910366969670838,3.0
603,279897,0.4440855349149323,5.0
603,55022,0.34195719796127455,6.0
603,35736,0.08589081108224035,9.0
603,544486,0.20686777581265217,8.0
603,77503,0.038496403068965165,10.0
603,139047,0.27696473639564684,7.0
6647,462265,1.0,1.0
6647,13260,0.5316938644005406,2.0
6647,96013,0.5281471729000357,3.0
6647,464533,0.23061201107682924,6.0
6647,562171,0.19083422743033138,7.0
6647,326233,0.2387288049741334,5.0
6647,209188,0.3090494244962645,4.0
6647,231068,0.1268556836374014,8.0
6647,391988,0.030073899741615756,9.0
6647,531990,0.0,10.0
5369,258465,0.8925059484427127,1.0
5369,172128,0.6734680669582209,2.0
5369,184175,0.6557516403891563,3.0
5369,399013,0.39721009056836354,4.0
5369,173929,0.14387853224211594,8.0
5369,171339,0.332529201193508,5.0
5369,414288,0.24401729445716155,6.0
5369,500946,0.2007457245831453,7.0
5369,70724,0.0319110630310785,9.0
5369,118280,0.031486328121759416,10.0
932,48722,0.9231303894555634,2.0
932,387010,0.9253683553891557,1.0
932,442110,0.38951617202880123,4.0
932,292769,0.24549427771983812,7.0
932,593085,0.11454980292575553,9.0
932,23747,0.40582931946299583,3.0
932,418630,0.3460813040935799,5.0
932,281045,0.188489938904688,8.0
932,196427,0.02958037157300348,10.0
932,571430,0.2729958268115422,6.0
9633,259081,0.9507551014753717,1.0
9633,534418,0.8976569679648595,2.0
9633,481166,0.3847162672877095,3.0
9633,185909,0.30847785684606255,4.0
9633,552479,0.239172196138577,6.0
9633,590578,0.1408137011616834,8.0
9633,484055,0.3074704437885308,5.0
9633,474351,0.22373003040653588,7.0
9633,363741,0.0803129406458532,9.0
9633,262441,0.02980441895960684,10.0
1676,394871,1.0,1.0
1676,234436,0.7053150212563802,2.0
1676,77245,0.6567567032464425,3.0
1676,487791,0.6054013776229686,4.0
1676,58937,0.4953897934893118,5.0
1676,352640,0.36641992764772247,6.0
1676,279538,0.3349523327093137,7.0
1676,196920,0.21264276644902927,8.0
1676,555732,1.3306471650591427e-05,10.0
1676,136804,0.0936150785831651,9.0
4804,222153,0.8934058171847821,1.0
4804,325892,0.30314186431191975,6.0
4804,255795,0.45801531897043735,3.0
4804,285255,0.4556870436507736,4.0
4804,45218,0.21915497657872893,7.0
4804,162456,0.46129576555981744,2.0
4804,143100,0.10205175366365526,8.0
4804,51583,0.09379225930647538,9.0
4804,116574,0.34477443376983685,5.0
4804,393132,0.0,10.0
2747,445298,0.9775069756525611,1.0
2747,431685,0.5080121154827314,3.0
2747,535705,0.5575952895416683,2.0
2747,583635,0.24708008665150827,7.0
2747,387010,0.4699448754411357,4.0
2747,571430,0.13301666910582438,10.0
2747,418630,0.34845044142717196,5.0
2747,279538,0.2912679510106058,6.0
2747,582864,0.21780786379302153,9.0
2747,123468,0.23358194872315335,8.0
8632,43497,1.0,1.0
8632,382381,0.6340881188475935,2.0
8632,344372,0.47639296835902173,3.0
8632,575741,0.22767104563034102,5.0
8632,458385,0.20629183125147232,6.0
8632,416307,0.20124219549198802,7.0
8632,102436,0.4029464888509116,4.0
8632,223070,0.15740991666810641,9.0
8632,363043,0.1613907540126466,8.0
8632,186453,0.0,10.0
4981,102684,0.9207355116655398,1.0
4981,45218,0.7896366262085031,2.0
4981,578585,0.22125703615096592,5.0
4981,341625,0.26989577545569515,3.0
4981,590710,0.14462994980195595,6.0
4981,264800,0.04215322632026739,8.0
4981,475541,0.02666350462773673,10.0
4981,212481,0.1261958915078097,7.0
4981,567362,0.25794546871756663,4.0
4981,319692,0.03660676985257873,9.0
6146,289231,0.7226068777162542,1.0
6146,2460,0.5588491646949831,4.0
6146,470024,0.5651236592092684,3.0
6146,394467,0.45578609946343324,6.0
6146,160125,0.6822971750511092,2.0
6146,581889,0.5147454266467095,5.0
6146,326094,0.2067075931080004,8.0
6146,580709,0.05662990076734362,10.0
6146,273528,0.13688312160860425,9.0
6146,7403,0.3979271564840291,7.0
10674,328556,0.6689418210782421,1.0
10674,435963,0.5225253945921586,2.0
10674,89460,0.48489888929556646,3.0
10674,109860,0.2286170429683505,7.0
10674,88813,0.3844164414945087,6.0
10674,319793,0.4095737479614829,5.0
10674,99857,0.4626519168303278,4.0
10674,99757,0.005914171524051232,9.0
10674,431814,0.012720945533281193,8.0
10674,363043,0.0,10.0
3683,276975,1.0,1.0
3683,105973,0.6724147525288253,2.0
3683,421538,0.32835140040114574,4.0
3683,522713,0.41985676224783824,3.0
3683,303977,0.18089205653593896,7.0
3683,178521,0.20910480048929114,6.0
3683,500460,0.24594886515728823,5.0
3683,116865,0.04981190941062841,9.0
3683,158717,0.009836378482522702,10.0
3683,349866,0.0700438472224796,8.0
928,394460,0.8151523940444051,2.0
928,349866,0.9256355520341263,1.0
928,400009,0.2327123992922316,4.0
928,573276,0.18195195960591937,6.0
928,490443,0.16696657544302682,7.0
928,305509,0.08612779951835937,10.0
928,11572,0.2891577791115221,3.0
928,253563,0.13916933567314352,8.0
928,422770,0.20784503365526505,5.0
928,409573,0.13822198951397036,9.0
5054,21311,0.8811313663165365,1.0
5054,485863,0.5329941538815565,2.0
5054,542521,0.4585083536634257,4.0
5054,144660,0.18887473929646198,9.0
5054,307113,0.33816263147451386,7.0
5054,305901,0.4556347606222777,5.0
5054,406457,0.499574289968969,3.0
5054,366219,0.04650271523985065,10.0
5054,340131,0.4166632772794138,6.0
5054,15172,0.26866191495387,8.0
6554,583203,1.0,1.0
6554,226967,0.2885717660160547,2.0
6554,377429,0.1480023495275567,4.0
6554,122012,0.2591038929740282,3.0
6554,403755,0.12047308235949894,6.0
6554,574327,0.14055979097980098,5.0
6554,275902,0.10673387533369462,7.0
6554,536120,0.1002657163422931,8.0
6554,480315,0.09912058185074069,9.0
6554,21103,0.024566525708007936,10.0
7377,579557,1.0,1.0
7377,6666,0.49526373575537697,2.0
7377,328086,0.30835126108526434,7.0
7377,345895,0.3613634513981929,5.0
7377,293679,0.48732353857757604,3.0
7377,81304,0.3177104650292939,6.0
7377,172703,0.40871370448121946,4.0
7377,17208,0.2816676087900447,8.0
7377,505027,0.034243081287086155,10.0
7377,453542,0.16705233949357817,9.0
1309,15824,0.8647943160058806,1.0
1309,438869,0.7752902054071296,2.0
1309,279845,0.2976806162663318,4.0
1309,266319,0.24036125246195106,6.0
1309,110386,0.1581239076003546,9.0
1309,366594,0.294459659898966,5.0
1309,443795,0.0504886203522986,10.0
1309,135415,0.1779215680570733,7.0
1309,16778,0.16118779155391447,8.0
1309,471630,0.3999999999999999,3.0
8351,273142,1.0,1.0
8351,469776,0.32883314127372626,2.0
8351,171720,0.2272739461689267,5.0
8351,213331,0.06960929187313751,9.0
8351,528132,0.22406706759414036,7.0
8351,191977,0.039641921315464464,10.0
8351,71873,0.2628875629979983,4.0
8351,405374,0.264381308247824,3.0
8351,568526,0.16042586085491684,8.0
8351,304009,0.22671643306113934,6.0
6441,254279,1.0,1.0
6441,156029,0.6153434024765998,2.0
6441,28314,0.4984458054848957,3.0
6441,529993,0.17694441168375905,6.0
6441,87722,0.25834241919213635,4.0
6441,536120,0.25359274897277806,5.0
6441,593644,0.12261330532848445,8.0
6441,108721,0.014639323062473683,10.0
6441,174619,0.15867225357413434,7.0
6441,90712,0.081269586221464,9.0
4837,426223,0.7588368376860887,2.0
4837,95778,0.8441446842538858,1.0
4837,565330,0.5594557008834086,5.0
4837,159936,0.7049686926197887,3.0
4837,187739,0.6033195903109538,4.0
4837,254454,0.24676682650662912,7.0
4837,167896,0.10495375171468592,9.0
4837,565698,0.16772143130255301,8.0
4837,275410,0.048239910115531484,10.0
4837,274870,0.3900147031404656,6.0
9871,553288,0.8000839502417293,1.0
9871,76562,0.7628505414873772,2.0
9871,322771,0.42216699833774435,3.0
9871,240645,0.3402904049738873,6.0
9871,547301,0.3814648807518332,4.0
9871,213755,0.17099257964779555,8.0
9871,488366,0.30402552798830657,7.0
9871,305907,0.36085221539995327,5.0
9871,172718,0.08598071603899973,9.0
9871,271832,0.0,10.0
3067,423403,1.0,1.0
3067,372921,0.6620791879576197,2.0
3067,578488,0.5488814529743056,4.0
3067,104726,0.5513555255315623,3.0
3067,104788,0.27502160657639085,7.0
3067,582005,0.32706362347266266,6.0
3067,467135,0.3325530014490057,5.0
3067,318473,0.04154458556380748,10.0
3067,187739,0.20535086101262529,8.0
3067,167896,0.1843365657681348,9.0
5741,124219,0.9050473467592632,1.0
5741,328086,0.512984303464776,3.0
5741,43781,0.3315207542269472,5.0
5741,259081,0.5280389898553853,2.0
5741,568200,0.23245892866311268,8.0
5741,107688,0.316745124697528,6.0
5741,301224,0.28063374545644204,7.0
5741,329337,0.0276205017859215,9.0
5741,136825,0.3664475191910157,4.0
5741,437427,0.0,10.0
3566,45029,0.8145625170606858,1.0
3566,195191,0.5997524812048237,5.0
3566,149306,0.6166963718817714,4.0
3566,408123,0.634755850113427,3.0
3566,152286,0.6812618353730939,2.0
3566,519390,0.2078692208767917,8.0
3566,65782,0.09373187603826207,10.0
3566,595211,0.1440825266655815,9.0
3566,317493,0.32141787102467095,6.0
3566,284075,0.22084564515270344,7.0
5862,562511,1.0,1.0
5862,21194,0.6963952245801077,2.0
5862,273947,0.21616419634393674,7.0
5862,170141,0.4180849247364571,3.0
5862,29790,0.17430578094837035,8.0
5862,253563,0.3649162846348636,5.0
5862,269898,0.3911380216832366,4.0
5862,346042,0.2768528538471396,6.0
5862,258465,0.04910737586557867,9.0
5862,78176,0.0,10.0
8779,209730,1.0,1.0
8779,180571,0.576557419422142,2.0
8779,17166,0.41902335261450113,3.0
8779,213591,0.2743588189392908,4.0
8779,279538,0.17654227032757158,6.0
8779,72160,0.23161174935906415,5.0
8779,319954,0.13953139176411994,7.0
8779,452870,0.1182318045362051,8.0
8779,491964,0.10529302905633635,9.0
8779,214901,0.0,10.0
4714,505057,0.9859086368877057,1.0
4714,584450,0.7664201551218437,2.0
4714,324833,0.44970586862642564,3.0
4714,184506,0.254164649490473,4.0
4714,295980,0.1733903814710938,6.0
4714,249450,0.17821329823465495,5.0
4714,118374,0.11091545418859033,8.0
4714,424585,0.004515356943802758,9.0
4714,473809,0.0012342399033524094,10.0
4714,46211,0.13052372630407053,7.0
7311,125355,0.7989248022543324,1.0
7311,279897,0.2829350275158178,5.0
7311,183349,0.09725775669037108,8.0
7311,523279,0.038708400509153536,9.0
7311,33576,0.10059777865860087,7.0
7311,215154,0.19121425547675802,6.0
7311,344267,0.4225481362810494,2.0
7311,238421,0.3559509037863161,3.0
7311,334696,0.297044282808196,4.0
7311,100485,0.011325433696506217,10.0
109,73427,1.0,1.0
109,213331,0.17423831642714185,5.0
109,538023,0.2789252713880134,3.0
109,461084,0.15762511672387589,6.0
109,563025,0.34888648199931627,2.0
109,406457,0.0937226643439345,9.0
109,342212,0.14344038443114693,7.0
109,535705,0.14263713648805101,8.0
109,547301,0.25170081664109667,4.0
109,18509,0.0,10.0
570,21311,0.8605676809903526,1.0
570,103593,0.630858197571936,2.0
570,232199,0.3811973791263538,7.0
570,341493,0.5849036660182904,3.0
570,565684,0.16616683887779876,10.0
570,156358,0.3917186517532807,5.0
570,79888,0.362850544303704,8.0
570,335991,0.42814934361111695,4.0
570,349384,0.19132646568443543,9.0
570,17166,0.3904321505202777,6.0
6959,301570,0.8460632110871085,1.0
6959,69790,0.826879634500173,2.0
6959,293767,0.5850797650192496,3.0
6959,482415,0.310352671413532,7.0
6959,330041,0.45033808071509485,5.0
6959,88813,0.4653218083003886,4.0
6959,427726,0.33701678408363833,6.0
6959,266480,0.21371371165513528,10.0
6959,431814,0.3103333508659544,8.0
6959,231781,0.30923239161710286,9.0
90,56718,0.8868023071372919,1.0
90,150219,0.5904580628933551,3.0
90,31793,0.7572470180924231,2.0
90,385073,0.5246355462585225,4.0
90,234436,0.47968378840904213,5.0
90,153541,0.31952548914859624,6.0
90,172594,0.1466741696034498,7.0
90,366830,0.022770672513136078,10.0
90,34731,0.1102105840791888,8.0
90,314898,0.049124907161311335,9.0
5064,2003,1.0,1.0
5064,455614,0.7712955241558007,2.0
5064,135514,0.4269097775349329,5.0
5064,192811,0.48499313250429216,3.0
5064,551423,0.45541763208761976,4.0
5064,414288,0.3535613767393807,7.0
5064,377223,0.3794512154925384,6.0
5064,393278,0.10482955283005643,9.0
5064,524888,0.0981506651415929,10.0
5064,176498,0.2853252745141123,8.0
4103,307380,0.9432665985369918,2.0
4103,29073,0.9649302006144544,1.0
4103,577578,0.7119323733069406,3.0
4103,482415,0.5908570968073632,4.0
4103,175265,0.37376531320157946,5.0
4103,370879,0.30735741208041,6.0
4103,163590,0.08769830493827403,9.0
4103,133093,0.09681188932376256,8.0
4103,169921,0.02369091745368743,10.0
4103,192193,0.20450202215994245,7.0
1198,56718,1.0,1.0
1198,232199,0.1864521091417468,2.0
1198,175272,0.17225736252772533,3.0
1198,103593,0.09523572607896116,8.0
1198,366761,0.10228024074633847,7.0
1198,105872,0.15533596746434541,4.0
1198,467390,0.10282521953371847,6.0
1198,352120,0.09094469592051929,9.0
1198,58937,0.10379591478116806,5.0
1198,434769,0.0,10.0
4539,32744,0.9043249782910322,1.0
4539,61792,0.700477935749958,2.0
4539,275925,0.5617606694049745,3.0
4539,61346,0.4333067148859972,5.0
4539,370879,0.18319556888579996,8.0
4539,426461,0.25848709110043844,6.0
4539,235522,0.1927645611133386,7.0
4539,440270,0.14612209926090963,9.0
4539,83330,0.4336963435157009,4.0
4539,572272,0.10233808386775767,10.0
9391,248158,0.8742310069149826,1.0
9391,136270,0.620599083500025,3.0
9391,108859,0.5689452319987851,4.0
9391,136515,0.8385069350600188,2.0
9391,142631,0.5677783612027634,5.0
9391,301580,0.46241174609802277,6.0
9391,127263,0.20217753295934376,7.0
9391,105973,0.03811583790275002,10.0
9391,429579,0.13095520850154255,8.0
9391,163590,0.12989284674707993,9.0
4600,577578,0.9690672960746767,1.0
4600,61792,0.35906690838476174,4.0
4600,482415,0.584993917357021,2.0
4600,257633,0.39448859321715946,3.0
4600,133093,0.2565137656242877,6.0
4600,76515,0.07256307953764439,10.0
4600,367137,0.3463207249727377,5.0
4600,214542,0.09737191182770591,9.0
4600,34925,0.22133898166873694,7.0
4600,275257,0.13928476741026008,8.0
3735,125659,0.8928429411319188,1.0
3735,93231,0.8338960604440492,2.0
3735,537418,0.7564189360184229,3.0
3735,330041,0.6028783065487495,4.0
3735,344065,0.4085296318237931,6.0
3735,511093,0.2949585915651992,8.0
3735,32290,0.6014983633948372,5.0
3735,504996,0.3327970200982422,7.0
3735,266900,0.2629140701754515,9.0
3735,40447,0.0,10.0
5422,483299,0.7003291912658576,1.0
5422,108,0.5181715255984494,3.0
5422,55022,0.4797810788224197,5.0
5422,528034,0.49811879379281077,4.0
5422,81304,0.4226275795684418,7.0
5422,259081,0.5655708030486054,2.0
5422,579235,0.445693782667539,6.0
5422,136270,0.3316899642209446,9.0
5422,22221,0.12248262071246524,10.0
5422,124219,0.3323105325945718,8.0
744,573276,0.9923852513430966,1.0
744,138845,0.4380805303573211,4.0
744,409573,0.4078285136558133,5.0
744,171339,0.45216595547998395,3.0
744,289231,0.5682127536631729,2.0
744,273528,0.3004214191631992,6.0
744,172305,0.10647413721163154,10.0
744,350819,0.22427541029207798,8.0
744,120852,0.20469047276336727,9.0
744,118280,0.28419174453655605,7.0
515,372909,1.0,1.0
515,328341,0.8302173028175881,2.0
515,431685,0.6450144575218508,3.0
515,352838,0.6120002029071261,4.0
515,231614,0.39165339153507006,5.0
515,195081,0.22732983424735184,6.0
515,98112,0.0971278812096886,7.0
515,60443,0.08853286083880256,8.0
515,123733,0.012044641941925503,10.0
515,360011,0.06436963755534526,9.0
2443,331253,0.821011912352624,1.0
2443,44609,0.7867426962346129,2.0
2443,305579,0.639226636177407,3.0
2443,306800,0.5738110761931104,4.0
2443,446647,0.5369824565409975,5.0
2443,313437,0.13496191098377372,9.0
2443,426216,0.5089953261505913,6.0
2443,208051,0.2835829300259076,8.0
2443,305907,0.32827735180884043,7.0
2443,510130,0.11478588863466795,10.0
4265,157553,1.0,1.0
4265,392163,0.4913315692163396,2.0
4265,584273,0.41989866383481356,3.0
4265,149974,0.32678697577626914,5.0
4265,523158,0.047538773515951545,10.0
4265,140947,0.3536291886155516,4.0
4265,386229,0.05525862525193777,9.0
4265,575729,0.10986868974638864,8.0
4265,93881,0.3183911265118349,6.0
4265,577517,0.1987432756730187,7.0
4865,223032,0.7135779474706909,2.0
4865,370569,0.9811954456865999,1.0
4865,251824,0.5279471667666241,4.0
4865,435963,0.5419319637275205,3.0
4865,508821,0.3888904645141197,6.0
4865,481166,0.42923562344783295,5.0
4865,305117,0.32058126985820534,7.0
4865,110515,0.14418436691484218,8.0
4865,565698,0.025351785606016645,9.0
4865,585738,0.003350317644439919,10.0
2968,187196,0.8424534447195511,2.0
2968,388646,0.9231289687836502,1.0
2968,242124,0.7114209117836662,3.0
2968,176498,0.13641975672487447,6.0
2968,198371,0.32664698563831374,4.0
2968,583640,0.21129991969864723,5.0
2968,280967,0.10209132629826433,8.0
2968,287991,0.12095567789829169,7.0
2968,455398,0.04332275698407566,10.0
2968,329757,0.08980050657182342,9.0
7221,305117,0.8317688472465466,2.0
7221,473809,0.9519282603666668,1.0
7221,481166,0.6666595675499821,3.0
7221,71873,0.4934422854002522,4.0
7221,537418,0.3806000954825527,6.0
7221,307315,0.06812208482097962,10.0
7221,81542,0.2508008009245812,7.0
7221,452175,0.21524712470520457,8.0
7221,570664,0.1946915252920996,9.0
7221,77652,0.3999999999999999,5.0
2407,2064,1.0,1.0
2407,78176,0.5495715294516641,3.0
2407,173929,0.5522248590919268,2.0
2407,516444,0.33405756672027265,5.0
2407,255491,0.29202543869103004,7.0
2407,273528,0.3755916961135671,4.0
2407,514425,0.18080907848706276,8.0
2407,367641,0.054858021795409384,9.0
2407,566480,0.3254392816890418,6.0
2407,63678,0.0,10.0
3039,136804,1.0,1.0
3039,467390,0.7770812095395894,2.0
3039,147080,0.6153026401782975,3.0
3039,387010,0.40313628851384475,4.0
3039,442110,0.31656757350750914,6.0
3039,483274,0.0569829931492548,10.0
3039,510409,0.32011797653386326,5.0
3039,106501,0.2617175452736117,8.0
3039,4947,0.1984831355408394,9.0
3039,398622,0.2770783032990076,7.0
1748,18001,1.0,1.0
1748,528564,0.6551477589196013,2.0
1748,418135,0.4759537352971521,3.0
1748,462892,0.42389647407598674,4.0
1748,298427,0.3894548821077277,5.0
1748,429378,0.19964033197968434,7.0
1748,223206,0.1275519804155654,9.0
1748,517372,0.14670275493149204,8.0
1748,171780,0.02588147662022887,10.0
1748,124027,0.24781013410575328,6.0
10547,404339,1.0,1.0
10547,536120,0.35246238353999415,3.0
10547,272008,0.4613098163252476,2.0
10547,4666,0.12746591152786665,8.0
10547,597351,0.23686974657168225,5.0
10547,112714,0.35164753326533865,4.0
10547,32290,0.13911922202990779,7.0
10547,23609,0.23298702188090126,6.0
10547,392037,0.004517429783552604,10.0
10547,491969,0.1255146731592681,9.0
10596,164008,0.8188893459534503,2.0
10596,284235,0.752389667423627,3.0
10596,208070,0.8609172296333698,1.0
10596,413041,0.5432512490780846,5.0
10596,316838,0.5580674575381612,4.0
10596,494727,0.32701141684665774,7.0
10596,394244,0.36689233757488326,6.0
10596,127452,0.19323150650559764,8.0
10596,69197,0.04038063775002708,10.0
10596,169062,0.08926360597057731,9.0
5061,352838,0.7663778273209878,1.0
5061,242124,0.67094902202815,2.0
5061,329757,0.541570908167383,7.0
5061,447353,0.4784394003509832,8.0
5061,149974,0.6246357378039324,3.0
5061,380863,0.5439603722930542,6.0
5061,261189,0.5800981326886507,4.0
5061,46755,0.5483752979290184,5.0
5061,158845,0.0818780363291864,10.0
5061,287991,0.1534947582247202,9.0
853,510373,0.8349819027652499,2.0
853,510409,0.9950407879499891,1.0
853,314984,0.7412044487274606,3.0
853,106501,0.6418075792732367,4.0
853,263361,0.20186623677609147,7.0
853,131996,0.10207306648303076,9.0
853,72402,0.16712482263507034,8.0
853,150219,0.24047306853154393,6.0
853,582864,0.3568666138702112,5.0
853,303929,0.00890862661672986,10.0
6803,544053,1.0,1.0
6803,193012,0.7040206804501671,2.0
6803,42620,0.42693019405050003,3.0
6803,316045,0.07241253939093428,9.0
6803,271243,0.18148532853376634,5.0
6803,10703,0.13609644427963757,7.0
6803,142726,0.25896593152873537,4.0
6803,78675,0.10041697260349532,8.0
6803,60355,0.13927556324145282,6.0
6803,272784,0.059412717309173864,10.0
6644,187497,1.0,1.0
6644,572842,0.6014452237858354,4.0
6644,308837,0.6475383544058856,2.0
6644,426216,0.5560602407083127,5.0
6644,578954,0.6471512404881029,3.0
6644,305907,0.4535013705684392,6.0
6644,293687,0.3384382058595411,8.0
6644,373271,0.44844673524959633,7.0
6644,31793,0.11093529127667556,9.0
6644,238421,0.056322907595969585,10.0
699,107092,1.0,1.0
699,169688,0.5534953230005466,2.0
699,68357,0.42176528464665497,4.0
699,446679,0.5436293315673234,3.0
699,385658,0.11321983765669538,8.0
699,472924,0.2586535133587736,6.0
699,521010,0.26789290520073605,5.0
699,586920,0.054180886452388916,10.0
699,414598,0.07594755385449366,9.0
699,96538,0.14775663038500644,7.0
549,214024,1.0,1.0
549,67167,0.6938459552928486,2.0
549,446647,0.3128450642727821,5.0
549,546020,0.4664210414773514,3.0
549,73427,0.34465223149491314,4.0
549,547301,0.19594375737781866,8.0
549,563025,0.10627973558024767,10.0
549,397449,0.1623678529616579,9.0
549,449630,0.256859249862937,6.0
549,443795,0.21284474638975265,7.0
904,415514,1.0,1.0
904,85229,0.6685042970652342,2.0
904,433905,0.3832342323226751,3.0
904,120852,0.3400073921882383,4.0
904,101369,0.21816065511203858,5.0
904,359579,0.12478314228076812,8.0
904,169824,0.15250752403779408,7.0
904,320579,0.15650502930999768,6.0
904,75235,0.007926168706279706,10.0
904,29360,0.030829671204691142,9.0
2590,583635,0.8106847077032546,1.0
2590,296528,0.5978262623908744,2.0
2590,55999,0.45384058038205805,3.0
2590,307095,0.23946675127910527,5.0
2590,209493,0.37078865538766703,4.0
2590,106424,0.10347200169492171,9.0
2590,471964,0.1926343293431079,6.0
2590,387010,0.008811034430595329,10.0
2590,26203,0.17972575439768623,7.0
2590,454222,0.1504588293908463,8.0
1451,538005,1.0,1.0
1451,559482,0.3107353869925418,5.0
1451,98112,0.6118845871145104,2.0
1451,377571,0.3786438112881361,3.0
1451,313437,0.29696206960820926,7.0
1451,94689,0.30862907501142356,6.0
1451,433809,0.365858761332299,4.0
1451,522481,0.12809126787488007,10.0
1451,51729,0.14613548722579062,9.0
1451,440910,0.20021258805066391,8.0
5790,469776,0.7459708575861663,1.0
5790,97348,0.6955651763673875,2.0
5790,101369,0.3621041250208728,5.0
5790,363810,0.2611600250674142,6.0
5790,141738,0.5736993746585437,3.0
5790,241136,0.42430053684698643,4.0
5790,305287,0.2239734575623003,7.0
5790,277353,0.10139588924157719,8.0
5790,149305,0.07965162114255582,9.0
5790,75235,0.014491431999221429,10.0
7295,435125,0.7616186971706346,1.0
7295,403755,0.26156546788875173,9.0
7295,93971,0.3140039418526831,5.0
7295,193398,0.2907433714571548,6.0
7295,39478,0.4771925727145457,2.0
7295,513258,0.41497023884123846,3.0
7295,456470,0.2727307900891674,7.0
7295,115553,0.33177063229019915,4.0
7295,3118,0.26395816114791665,8.0
7295,102436,0.0,10.0
5083,142876,0.9863580647357252,1.0
5083,13975,0.651960541477898,3.0
5083,368802,0.6706042353785029,2.0
5083,433197,0.2301454272086728,4.0
5083,333184,0.1583028932973728,8.0
5083,21103,0.0,10.0
5083,579473,0.18973192880451306,7.0
5083,305360,0.06043005851006256,9.0
5083,20958,0.20456162411827186,6.0
5083,19183,0.22952045530790136,5.0
7936,363043,0.9150312266713267,2.0
7936,336541,0.9441251468552065,1.0
7936,293767,0.6373332177438532,4.0
7936,320101,0.642763084011853,3.0
7936,43087,0.5902325150225836,5.0
7936,561884,0.5688387633181731,6.0
7936,416307,0.41854733025312196,7.0
7936,187404,0.24351798308862938,8.0
7936,127585,0.07740607737300191,10.0
7936,214003,0.10041936869189698,9.0
8296,78675,1.0,1.0
8296,79998,0.6666635844533627,2.0
8296,146315,0.058012651738711535,8.0
8296,180571,0.0501145509901731,9.0
8296,26203,0.11235186581614104,5.0
8296,371720,0.13548490363727264,4.0
8296,61962,0.13862847932337716,3.0
8296,392037,0.07557219707338893,7.0
8296,99757,0.004455857379133486,10.0
8296,3118,0.08400505064195538,6.0
475,431685,0.967840872437193,1.0
475,88124,0.8169162768012447,2.0
475,366761,0.7122703869760832,3.0
475,232199,0.30793596587719224,4.0
475,60637,0.03826820210351703,10.0
475,328341,0.26078587200404235,7.0
475,352640,0.2894679824494551,5.0
475,232563,0.21125718740627414,8.0
475,433,0.051579053466502975,9.0
475,372909,0.2806516537852998,6.0
3759,384631,0.6757783826175431,1.0
3759,152250,0.33678766139584904,6.0
3759,105634,0.4996971469615026,3.0
3759,414188,0.5589032815086599,2.0
3759,101369,0.3052158113882492,9.0
3759,445794,0.1334410895151851,10.0
3759,405217,0.38147465915239653,5.0
3759,264800,0.31506717159706926,8.0
3759,130877,0.3908532605359546,4.0
3759,146181,0.31982962733104076,7.0
4615,596196,0.942389844771572,1.0
4615,425595,0.8733056842708978,2.0
4615,69523,0.8406981012906318,3.0
4615,496427,0.7854263626468292,4.0
4615,261900,0.7168384259710905,5.0
4615,226060,0.5423731109672691,7.0
4615,421365,0.6094026776693358,6.0
4615,19179,0.4423053513159715,8.0
4615,341493,0.031224876053563937,9.0
4615,15891,0.0,10.0
8874,403025,1.0,1.0
8874,251704,0.4694692879983283,2.0
8874,527231,0.34672375872432537,3.0
8874,66631,0.10471084168841535,7.0
8874,357685,0.0562973961095285,9.0
8874,370569,0.1355701080514092,6.0
8874,556976,0.04620737362546566,10.0
8874,349160,0.09758492543631428,8.0
8874,319793,0.1687396233736388,5.0
8874,571362,0.1703904833276966,4.0
26,399013,0.8269537929072429,1.0
26,528132,0.5499778869290317,3.0
26,409611,0.3907046999796355,5.0
26,565330,0.3776463004592686,6.0
26,563025,0.6053150706943524,2.0
26,2064,0.43406067061349685,4.0
26,401254,0.31176246363576465,7.0
26,452544,0.059212391241886195,10.0
26,367641,0.2229312688812488,8.0
26,71898,0.13905040619320214,9.0
3875,249859,1.0,1.0
3875,136315,0.6748418054819034,2.0
3875,442110,0.43328607431423705,3.0
3875,571258,0.40279071319863025,4.0
3875,158185,0.2971653509977735,6.0
3875,426570,0.35765370347484826,5.0
3875,76515,0.17989277697863587,7.0
3875,143100,0.04363211474098752,9.0
3875,518406,0.1317034628099347,8.0
3875,414288,0.0,10.0
6835,159703,0.7749719298607587,1.0
6835,246221,0.5322511498117372,3.0
6835,149305,0.7239958395049402,2.0
6835,195767,0.47047486574005337,4.0
6835,403755,0.2879010741818316,5.0
6835,592636,0.1409404756987633,8.0
6835,108721,0.14037380993978263,9.0
6835,238629,0.24611658694963856,6.0
6835,196427,0.21980504158706557,7.0
6835,467575,0.08422334261672629,10.0
4433,301580,0.9374470373065918,1.0
4433,172703,0.6300310470571928,4.0
4433,539263,0.6910707399065057,3.0
4433,297290,0.6996496490832302,2.0
4433,21311,0.3964748345604592,5.0
4433,379311,0.37990480187728826,6.0
4433,453542,0.1088909262951039,10.0
4433,451855,0.2271094975001155,8.0
4433,146181,0.3515986604911897,7.0
4433,536120,0.16292808499770317,9.0
5374,115553,0.710649714701706,2.0
5374,92267,0.9992962516607943,1.0
5374,251704,0.40859104499472343,3.0
5374,44601,0.26318864667095765,9.0
5374,60175,0.3871459538662271,4.0
5374,294295,0.0506049801792365,10.0
5374,99857,0.356097254495034,5.0
5374,537418,0.33910228234013184,6.0
5374,576564,0.31293301775270826,8.0
5374,186453,0.31766733957663856,7.0
6221,529551,0.9239807959410178,1.0
6221,551423,0.9188204305005054,2.0
6221,240261,0.5875117968682383,3.0
6221,128698,0.4514095766303313,5.0
6221,270856,0.5506384073765035,4.0
6221,66901,0.09676872979919962,9.0
6221,578488,0.283657867276555,8.0
6221,384626,0.4415014406010717,6.0
6221,405352,0.330366745522495,7.0
6221,494753,0.08269832249881078,10.0
672,593283,1.0,1.0
672,563025,0.8272446435351888,2.0
672,213370,0.6991833830782102,3.0
672,40966,0.6668348712391661,5.0
672,273947,0.6841972906115978,4.0
672,15824,0.6000311740727734,6.0
672,67167,0.3573520766014862,7.0
672,170141,0.16195136016130918,9.0
672,201800,0.029393486807531795,10.0
672,494689,0.2582474307570333,8.0
2593,231614,0.869440201453912,1.0
2593,169688,0.15849623384566575,9.0
2593,147343,0.46244443844753524,3.0
2593,73427,0.2706062300229316,6.0
2593,528132,0.4762391202288906,2.0
2593,399013,0.22136658012364896,7.0
2593,387573,0.33148216588179447,5.0
2593,449630,0.41338609472885934,4.0
2593,394460,0.12807932884426698,10.0
2593,171339,0.18565179812302404,8.0
4019,287991,0.968039338535102,1.0
4019,553288,0.9177508988396399,2.0
4019,332749,0.8376561899911654,3.0
4019,94423,0.1570671275524314,8.0
4019,561056,0.36814157755221766,5.0
4019,448699,0.2838967400775836,7.0
4019,377223,0.44718010250339113,4.0
4019,126134,0.04070932218151008,10.0
4019,1164,0.15583144211383043,9.0
4019,468879,0.3582638714151334,6.0
7205,370569,0.86468643129611,1.0
7205,159966,0.8610631825260114,2.0
7205,186453,0.3747334465378864,3.0
7205,100103,0.28295534033402536,5.0
7205,62151,0.24907378788040319,6.0
7205,565926,0.33853710244578267,4.0
7205,336541,0.17170055461869543,8.0
7205,442048,0.22852852230314763,7.0
7205,558370,0.017735152337477706,10.0
7205,12432,0.13072770806645792,9.0
6611,329425,0.7130017958280754,2.0
6611,293679,0.9955881387262915,1.0
6611,142631,0.3646348397615483,4.0
6611,39819,0.19377538114051102,8.0
6611,81304,0.2906211737234252,5.0
6611,198764,0.4676244104982217,3.0
6611,297290,0.24069391787586691,6.0
6611,17208,0.188086281063009,9.0
6611,112208,0.23179364252002047,7.0
6611,345533,0.0,10.0
7911,131996,0.9549059291360724,1.0
7911,57711,0.8613734638787409,2.0
7911,553304,0.274046698170329,4.0
7911,69197,0.22556091126396086,5.0
7911,386173,0.08871590028744873,9.0
7911,506617,0.2827759580117325,3.0
7911,597401,0.19121105695941934,7.0
7911,543714,0.13834321783730175,8.0
7911,116647,0.07742235915990461,10.0
7911,385574,0.19490288234340314,6.0
7463,577951,1.0,1.0
7463,387277,0.727756817097044,2.0
7463,176498,0.6618096805841711,3.0
7463,423403,0.6197734827495667,4.0
7463,565698,0.2321422050948755,8.0
7463,328086,0.12976878730267066,10.0
7463,350145,0.2775179973785078,6.0
7463,216384,0.267403330692925,7.0
7463,188015,0.22355781308159367,9.0
7463,528034,0.3028918869141108,5.0
4999,9938,1.0,1.0
4999,305117,0.4115046390900776,3.0
4999,46211,0.41159051254138845,2.0
4999,350680,0.29860190959602007,4.0
4999,216327,0.1512621406629043,5.0
4999,411061,0.0897800034971804,7.0
4999,406185,0.1474679438373589,6.0
4999,13657,0.03967504213753118,10.0
4999,580920,0.04197057607264144,9.0
4999,222153,0.06961536114814197,8.0
7344,14368,1.0,1.0
7344,418150,0.6472517006803269,2.0
7344,327978,0.3227524048992677,3.0
7344,392851,0.2779237016221609,4.0
7344,301224,0.10338046377705518,9.0
7344,39247,0.2288821860364899,5.0
7344,527231,0.12136697860460019,8.0
7344,72652,0.14308513820410262,6.0
7344,58753,0.008009348761588531,10.0
7344,266319,0.12525194780032442,7.0
7705,377429,0.8532546173423288,1.0
7705,539263,0.7907387154843091,2.0
7705,480315,0.5828641914018919,3.0
7705,467575,0.4135842431684543,5.0
7705,172703,0.3745353095007409,6.0
7705,536120,0.4619513669377355,4.0
7705,87722,0.3448958014135167,7.0
7705,345199,0.057463480824519346,10.0
7705,96926,0.2647915304509477,8.0
7705,387277,0.25836270051909277,9.0
1815,372909,0.9030879641863236,2.0
1815,446928,0.9702479060528914,1.0
1815,363591,0.8436368964772051,3.0
1815,432080,0.7332576860645659,4.0
1815,88124,0.6176263898789264,5.0
1815,457701,0.5761104584693297,6.0
1815,328341,0.47014502485387205,7.0
1815,528522,0.327579135282029,9.0
1815,539133,0.33659309455651953,8.0
1815,459677,0.0,10.0
7467,193312,1.0,1.0
7467,371720,0.8585956359117163,2.0
7467,26203,0.3948330218799365,4.0
7467,457532,0.49084269565897465,3.0
7467,55999,0.24313830665657826,7.0
7467,428017,0.3460953780519569,6.0
7467,435963,0.355084728898106,5.0
7467,431814,0.039662031852243367,9.0
7467,253024,0.07158246318607783,8.0
7467,99757,0.018984618327719385,10.0
8013,198349,0.7699442326649489,2.0
8013,383978,0.7862866768514318,1.0
8013,374151,0.5516441037686014,4.0
8013,244433,0.6262415632205384,3.0
8013,251824,0.4791086579008926,6.0
8013,241101,0.48526636811351753,5.0
8013,398123,0.38382241591203325,7.0
8013,31793,0.033034681665213166,10.0
8013,498378,0.310742766190103,8.0
8013,588247,0.13211898521671964,9.0
1415,66246,0.8585663579208032,1.0
1415,306144,0.7800057296589347,4.0
1415,393953,0.8160591928400591,3.0
1415,591940,0.6095004633330267,5.0
1415,387165,0.851662821591687,2.0
1415,583956,0.452278032115783,6.0
1415,110515,0.10390721784169252,10.0
1415,318266,0.20413096311011994,7.0
1415,183612,0.11937752649437934,9.0
1415,232063,0.14772566893837083,8.0
7758,480315,0.7543158839520832,2.0
7758,574327,0.8810923986420982,1.0
7758,69696,0.3189834228612644,4.0
7758,112714,0.4824948331785682,3.0
7758,379311,0.0682773894398323,8.0
7758,122432,0.08151938925966246,6.0
7758,322826,0.08523281030185348,5.0
7758,112208,0.006854965112644003,10.0
7758,17923,0.07861659813673469,7.0
7758,172703,0.030628350994054542,9.0
1915,306144,0.8713239559457149,1.0
1915,182168,0.717375073214792,2.0
1915,78176,0.3138262996527347,8.0
1915,393953,0.7075322582602803,3.0
1915,140038,0.48434690894584165,5.0
1915,583956,0.5309939572855092,4.0
1915,318266,0.4171642449396429,6.0
1915,66246,0.37026097715550654,7.0
1915,505580,0.05495042994141101,10.0
1915,591940,0.24145686618148549,9.0
4415,108859,0.6000000000000001,4.0
4415,32744,0.7036980165936163,1.0
4415,61792,0.6507862723088624,2.0
4415,370879,0.5170481434497705,7.0
4415,14926,0.6298065336901721,3.0
4415,244427,0.5225297652068613,6.0
4415,399751,0.44371465769913043,8.0
4415,147646,0.5337481273641742,5.0
4415,309550,0.3918184628191023,9.0
4415,235522,0.13856360098854392,10.0
10482,201495,0.9659666554030258,2.0
10482,439757,0.9674475370541319,1.0
10482,387277,0.6197490622917056,3.0
10482,518379,0.48885374069312415,4.0
10482,175821,0.40808780852723603,5.0
10482,142696,0.24669244622516698,7.0
10482,535317,0.11161002023770832,9.0
10482,364575,0.006871481425589346,10.0
10482,72402,0.17296079708083928,8.0
10482,34925,0.36853929073540165,6.0
2296,119298,0.9682879308805579,1.0
2296,279897,0.7252870238506592,2.0
2296,460357,0.29264563117398285,6.0
2296,396853,0.5240059347468523,3.0
2296,577201,0.34644735262716175,5.0
2296,410119,0.15528112293404137,8.0
2296,275410,0.07988045885117455,10.0
2296,120090,0.24511358504051894,7.0
2296,169688,0.15465920875546824,9.0
2296,175982,0.3999999999999999,4.0
6787,58290,0.7464641227964179,1.0
6787,456436,0.6963699489743886,2.0
6787,124230,0.6505497816384627,3.0
6787,457294,0.46298988639898486,4.0
6787,261189,0.342727510769992,6.0
6787,220022,0.17792742303817388,9.0
6787,382381,0.2542060628342863,8.0
6787,552707,0.26908730106064466,7.0
6787,309555,0.01471938305544871,10.0
6787,223070,0.3999999999999999,5.0
2857,117451,1.0,1.0
2857,123659,0.5563922504864459,3.0
2857,590917,0.6313588931425187,2.0
2857,295864,0.42519902408615523,6.0
2857,19606,0.4337489559352532,5.0
2857,60175,0.5437236967474177,4.0
2857,348733,0.07307149466940333,8.0
2857,464502,0.050074564172206716,9.0
2857,581038,0.3881304590648015,7.0
2857,482335,0.002704151073589046,10.0
753,114418,1.0,1.0
753,51729,0.7435175091543306,2.0
753,581509,0.7033170494282891,3.0
753,72046,0.3418874284935146,6.0
753,466718,0.48429212943393674,4.0
753,504255,0.3423250574893463,5.0
753,297290,0.05413243698754037,9.0
753,125355,0.1887354325695882,8.0
753,177648,0.2723817726853023,7.0
753,61792,0.05036761421504027,10.0
2676,55666,1.0,1.0
2676,13975,0.6317246264564556,2.0
2676,264408,0.40260116543913954,5.0
2676,44110,0.4679417592811519,4.0
2676,182168,0.5389876410588372,3.0
2676,313171,0.33622269792303183,6.0
2676,244749,0.1400372812498524,8.0
2676,218845,0.15515525314173959,7.0
2676,279897,0.11075669097241558,10.0
2676,196427,0.11360067106977212,9.0
7456,164008,0.9113614396959357,2.0
7456,494727,0.9479291594587691,1.0
7456,284235,0.770140757112076,3.0
7456,169062,0.40994270334730054,6.0
7456,413041,0.2735647917284665,9.0
7456,316838,0.5515230501746771,5.0
7456,112714,0.6098173638198472,4.0
7456,69197,0.24559146366539497,10.0
7456,127452,0.3705633825490098,8.0
7456,394244,0.3999999999999999,7.0
2579,524471,1.0,1.0
2579,280838,0.6702410641070794,2.0
2579,229809,0.5105737784148396,3.0
2579,570155,0.24980025274656967,6.0
2579,263481,0.4244304980763344,4.0
2579,197052,0.38137389426184404,5.0
2579,55064,0.1872418060007181,7.0
2579,579473,0.15809462858754708,8.0
2579,566480,0.11713950363344436,9.0
2579,410119,0.0,10.0
687,506831,0.8861837668163881,1.0
687,342258,0.5718098548913242,2.0
687,449630,0.3873870768609428,5.0
687,214024,0.3318225114336987,7.0
687,478186,0.4839157960193136,3.0
687,579473,0.4832954936423588,4.0
687,406457,0.3625549505559075,6.0
687,508895,0.23134236708122521,8.0
687,494926,0.005401322165450316,10.0
687,16670,0.19853518901428518,9.0
2445,431685,1.0,1.0
2445,328341,0.4208007089329041,2.0
2445,352838,0.410292505375938,3.0
2445,372909,0.34606445999492536,5.0
2445,366761,0.39009587238629967,4.0
2445,195081,0.053428260223553944,9.0
2445,88124,0.14780933806128896,6.0
2445,114418,0.13634807152538103,7.0
2445,360011,0.014281000939571032,10.0
2445,539133,0.10407609291595969,8.0
2885,17651,0.8183001561164069,1.0
2885,460398,0.7054066925285454,2.0
2885,429579,0.5731926929869318,6.0
2885,516444,0.629250372256468,4.0
2885,102081,0.6558277261716909,3.0
2885,540539,0.3315631118135649,8.0
2885,118730,0.6022558942573368,5.0
2885,279865,0.5316691577450856,7.0
2885,101453,0.04025178449983993,10.0
2885,167356,0.16565392904255943,9.0
5264,431814,0.8083246847897176,1.0
5264,42438,0.2376566596210228,5.0
5264,52579,0.6305159310786049,2.0
5264,505694,0.43577435590895947,3.0
5264,114439,0.11775611043748513,8.0
5264,580920,0.3357398592272585,4.0
5264,481166,0.09666605443507321,10.0
5264,400841,0.13889151795858923,7.0
5264,371720,0.1492590373055852,6.0
5264,186453,0.10302735771464003,9.0
7633,494727,1.0,1.0
7633,284235,0.7268568703499292,2.0
7633,164008,0.5052817336119074,4.0
7633,175831,0.5578020922212338,3.0
7633,228983,0.48397554029579526,5.0
7633,413041,0.19096003185540272,9.0
7633,112714,0.25152525270467707,8.0
7633,127452,0.34186034759307976,7.0
7633,31465,0.10895196713974964,10.0
7633,394244,0.37512865139342455,6.0
9291,17208,1.0,1.0
9291,480315,0.5408603596704951,3.0
9291,536120,0.6179436657574596,2.0
9291,377429,0.4789432817929008,4.0
9291,539263,0.3613812838824098,5.0
9291,423658,0.24319437694412752,7.0
9291,172703,0.26129169256639656,6.0
9291,345199,0.11052927857307432,8.0
9291,61022,0.009621815456070425,10.0
9291,328086,0.06236588353589753,9.0
4640,331534,1.0,1.0
4640,367785,0.569984824550562,2.0
4640,104788,0.4910380717895133,3.0
4640,183612,0.2928370886825568,6.0
4640,526110,0.28938138236080874,7.0
4640,298099,0.4164996413497857,4.0
4640,454810,0.22226701819442513,8.0
4640,153541,0.29631963201651834,5.0
4640,49797,0.056047371724481106,10.0
4640,468923,0.17992589702746173,9.0
939,366761,0.8661574825263028,1.0
939,466084,0.23438290969957692,4.0
939,31793,0.3323835958067556,3.0
939,392434,0.5147563305094159,2.0
939,55666,0.07565433157915791,9.0
939,19183,0.22743802176459954,5.0
939,565181,0.11769982580776969,8.0
939,467575,0.022658115431800786,10.0
939,115333,0.11888648336968725,7.0
939,250702,0.16872021780015592,6.0
1306,387022,0.983376352871704,1.0
1306,266952,0.555477227986647,3.0
1306,594206,0.5728155162136409,2.0
1306,472243,0.5466438149989239,4.0
1306,447353,0.2782128632850215,5.0
1306,410119,0.17691592858895894,7.0
1306,460457,0.2738768896560085,6.0
1306,18003,0.12586670873097955,9.0
1306,372204,0.014279160816423941,10.0
1306,583203,0.14777621785966244,8.0
8475,104793,0.8969160843064083,1.0
8475,494655,0.8810510928665072,2.0
8475,240562,0.7357590802173128,3.0
8475,21311,0.42936959594964386,4.0
8475,437427,0.40088292879349124,5.0
8475,361028,0.11470507541969395,8.0
8475,51615,0.13548540783180343,7.0
8475,444107,0.32180526757892836,6.0
8475,72402,0.06509223500180014,10.0
8475,174335,0.09962057370355308,9.0
6807,332567,1.0,1.0
6807,402466,0.23243204981841384,3.0
6807,187583,0.16720126230261198,5.0
6807,459351,0.2472227924589068,2.0
6807,535697,0.18508748920613863,4.0
6807,59714,0.12258583230342335,6.0
6807,211622,0.1048563829604203,7.0
6807,11184,0.020983822176353483,10.0
6807,565765,0.05495697553197592,8.0
6807,93971,0.030801175515977174,9.0
5228,259476,1.0,1.0
5228,158732,0.7815819239276024,3.0
5228,131774,0.7891650244295723,2.0
5228,331534,0.5805854262850969,5.0
5228,341947,0.6370243331813203,4.0
5228,366594,0.38929504582115426,6.0
5228,140038,0.35060256080411717,7.0
5228,156194,0.11531880015876764,9.0
5228,352120,0.2686490375840231,8.0
5228,414534,0.0,10.0
2856,108739,0.7673462944928717,1.0
2856,296769,0.7051550110744274,2.0
2856,346042,0.6968742169647304,3.0
2856,219033,0.5766835643275162,4.0
2856,361028,0.4412534972712292,5.0
2856,23340,0.34115526628303494,8.0
2856,386173,0.13441018286934178,10.0
2856,231727,0.385078777959713,7.0
2856,110848,0.43884241984885863,6.0
2856,213331,0.21679915454454757,9.0
3791,212222,1.0,1.0
3791,301570,0.10652399373977228,9.0
3791,521641,0.1220550595371682,8.0
3791,10790,0.16190149669277767,6.0
3791,197494,0.1756004387453509,5.0
3791,482415,0.2875486319554262,2.0
3791,572272,0.1039163526562171,10.0
3791,34925,0.14594653486094925,7.0
3791,440270,0.1812773416083086,4.0
3791,577201,0.2668472510597206,3.0
4514,1642,0.8650644425808114,2.0
4514,156211,0.9978719480719617,1.0
4514,426270,0.7130393183326862,3.0
4514,317429,0.6559966173564791,4.0
4514,352485,0.5376374912492868,5.0
4514,197222,0.24338376977500487,7.0
4514,117451,0.22495425613608214,8.0
4514,565782,0.1964903224375683,9.0
4514,514417,0.2576031468725892,6.0
4514,134722,0.0,10.0
6122,496166,1.0,1.0
6122,118280,0.20929741214414996,5.0
6122,117274,0.21290006126780597,4.0
6122,305509,0.229816989643087,2.0
6122,42533,0.21766337825526016,3.0
6122,219504,0.1813621241080423,6.0
6122,283072,0.01788076289290466,10.0
6122,428829,0.11812951413483974,7.0
6122,39819,0.064833884325888,9.0
6122,102081,0.09832371500383727,8.0
8832,108059,0.6255597248666764,2.0
8832,94689,0.9947436704441317,1.0
8832,597351,0.3878148732953362,3.0
8832,268289,0.2877534080895054,5.0
8832,170594,0.3513911453329106,4.0
8832,133093,0.2184877705518053,6.0
8832,259317,0.19207218382332675,7.0
8832,234103,0.03351203245126082,8.0
8832,195767,0.010412986638471068,9.0
8832,387141,0.0,10.0
7145,301580,1.0,1.0
7145,379311,0.7825383120614127,2.0
7145,62966,0.201382455376859,6.0
7145,297290,0.44941343446863524,3.0
7145,451855,0.15592933477192117,7.0
7145,471964,0.24993180802124895,5.0
7145,453542,0.029392803468337673,10.0
7145,387277,0.09037138873169853,9.0
7145,81458,0.3656829931018683,4.0
7145,172703,0.10743125483725117,8.0
7674,164008,0.772685079596241,2.0
7674,249279,0.9258199206994812,1.0
7674,367641,0.3929429419249637,6.0
7674,89460,0.5830754634404971,3.0
7674,65120,0.4665546955847654,4.0
7674,494295,0.42224336541028473,5.0
7674,223206,0.23590001851574968,7.0
7674,452870,0.13280011569419845,8.0
7674,172443,0.0620589187192615,9.0
7674,2064,0.0,10.0
8202,115553,0.7978375907034969,2.0
8202,92267,0.9543310654172006,1.0
8202,251704,0.4694399991220581,3.0
8202,514500,0.4557547577516223,4.0
8202,60175,0.3091735970494157,7.0
8202,99857,0.4360793680280455,6.0
8202,186453,0.44322645190750853,5.0
8202,31465,0.2483854669944423,9.0
8202,59714,0.2733366262076103,8.0
8202,265213,0.0,10.0
3682,233497,0.6000000000000001,5.0
3682,329662,0.9906588185919144,1.0
3682,426223,0.6040304412195456,4.0
3682,537418,0.7871503898541313,2.0
3682,388613,0.5084840685085288,6.0
3682,336018,0.7653777576772985,3.0
3682,27401,0.46329932338454893,7.0
3682,281707,0.2340199996152445,9.0
3682,55022,0.149645315942209,10.0
3682,330041,0.2936989029255581,8.0
3446,323498,1.0,1.0
3446,211839,0.9237662214990885,2.0
3446,31550,0.7203380036570398,3.0
3446,505027,0.6370868767499591,4.0
3446,367785,0.44418662862130975,5.0
3446,204176,0.33918219692603185,7.0
3446,366685,0.372899492110963,6.0
3446,157702,0.20172318559044256,8.0
3446,241099,0.10998760688895216,10.0
3446,511386,0.18639185411637796,9.0
7592,40966,0.9468597303863655,1.0
7592,273947,0.7640663311197873,2.0
7592,593283,0.6150643879062374,3.0
7592,170141,0.2892187287507398,9.0
7592,208219,0.6045399216635189,4.0
7592,563025,0.5583318716718575,5.0
7592,73427,0.298316012967622,8.0
7592,213370,0.3877104864648873,6.0
7592,15824,0.3478964769623842,7.0
7592,198349,0.0,10.0
6715,13732,0.9671741961719569,1.0
6715,568526,0.7693419203646624,2.0
6715,275902,0.3394032177770211,4.0
6715,193312,0.3952647535315304,3.0
6715,518563,0.16303957628756452,9.0
6715,51729,0.2102031106081354,7.0
6715,457294,0.17543404630357115,8.0
6715,149306,0.2495511955559878,5.0
6715,526110,0.15071277752504988,10.0
6715,113619,0.21668870751679084,6.0
2264,534454,0.9526515745799005,1.0
2264,556976,0.46288676198311285,3.0
2264,244104,0.6096714868917228,2.0
2264,350819,0.20896531089307668,7.0
2264,588247,0.1608654644924276,8.0
2264,488574,0.4034920150200662,4.0
2264,31793,0.13619543540853807,9.0
2264,352838,0.10982846978421983,10.0
2264,450808,0.21937687063979847,6.0
2264,498834,0.3354948797424118,5.0
6121,315275,0.8749278700381597,2.0
6121,289231,0.9246955453535061,1.0
6121,523158,0.26257779604619785,7.0
6121,184175,0.43728697754716916,3.0
6121,333184,0.23054508811891894,8.0
6121,524801,0.34152762215563204,4.0
6121,235545,0.3107130342158836,5.0
6121,570964,0.19757118740334428,10.0
6121,171339,0.29435344870303387,6.0
6121,344573,0.21677314505111123,9.0
3453,418626,0.9904622443297005,1.0
3453,156211,0.6525917502712792,2.0
3453,1642,0.4340590815558676,4.0
3453,296516,0.12482870916561062,9.0
3453,233635,0.4997319712393015,3.0
3453,317429,0.25950681354483407,5.0
3453,352485,0.14581836703310858,7.0
3453,565782,0.13311420903678448,8.0
3453,337764,0.10353167684364488,10.0
3453,209804,0.2346504216541668,6.0
6985,561884,0.6101905552491187,2.0
6985,149305,0.5058427402871869,3.0
6985,456436,0.7146048336978843,1.0
6985,78029,0.3298607028384307,4.0
6985,403755,0.17181956697075007,7.0
6985,538023,0.2229239740385634,5.0
6985,464533,0.14715921490970701,9.0
6985,196427,0.2208490716526667,6.0
6985,54584,0.17018243796959764,8.0
6985,587120,0.12177455040984139,10.0
2181,77245,0.7039025998319255,3.0
2181,234436,0.7981580946615963,2.0
2181,470289,0.9371211486794783,1.0
2181,136315,0.21577717982546019,9.0
2181,101604,0.40511175259457854,4.0
2181,288189,0.3085951045070615,7.0
2181,391988,0.3757821161467186,5.0
2181,56718,0.36947643630262217,6.0
2181,555732,0.22717731212102707,8.0
2181,499782,0.0,10.0
8532,40702,0.767291915249905,2.0
8532,416307,0.9913072918097664,1.0
8532,427726,0.5259048378443871,4.0
8532,543714,0.48123857453902785,5.0
8532,42438,0.7122098159684623,3.0
8532,344372,0.4034015289823864,6.0
8532,125355,0.2766069728376027,8.0
8532,483299,0.2658448877017179,9.0
8532,100103,0.14874031108095095,10.0
8532,6574,0.3277609507055941,7.0
4312,222639,0.8833331896333485,2.0
4312,282435,0.9325490013794047,1.0
4312,167950,0.747951364289973,3.0
4312,324779,0.14798985236585988,9.0
4312,507284,0.2669314049281473,5.0
4312,116647,0.2793859468352423,4.0
4312,218759,0.19878127376061802,7.0
4312,535998,0.05941747024303634,10.0
4312,228341,0.19719068161702022,8.0
4312,535651,0.22728763491103038,6.0
9108,415976,0.6000000000000001,3.0
9108,123702,0.8203382341659988,1.0
9108,133468,0.31845583916483494,7.0
9108,258291,0.6558831889888562,2.0
9108,461592,0.49041323390001246,5.0
9108,579763,0.5114482235807888,4.0
9108,472051,0.2739905328643496,9.0
9108,298128,0.300996805193322,8.0
9108,305579,0.11822780865682109,10.0
9108,22221,0.3565347844253109,6.0
8116,433032,1.0,1.0
8116,319793,0.6495529054180162,2.0
8116,236482,0.5752166994244855,3.0
8116,182297,0.2728527091154755,6.0
8116,533457,0.449004414037215,4.0
8116,403186,0.11911128007769031,9.0
8116,433197,0.31761675574913706,5.0
8116,38711,0.14901963119973213,8.0
8116,374867,0.19273807984481287,7.0
8116,314478,0.08553937857854556,10.0
9403,243148,0.6409416005133467,1.0
9403,228403,0.4772635888895445,2.0
9403,175982,0.3033075052776035,5.0
9403,562793,0.2577946994059567,6.0
9403,81924,0.07356782946183578,8.0
9403,472516,0.017788968974987798,10.0
9403,513258,0.025777149336684353,9.0
9403,150650,0.3387791915347631,4.0
9403,269898,0.40417442178005747,3.0
9403,29790,0.2032185542338037,7.0
776,124027,1.0,1.0
776,597247,0.39039111249525715,2.0
776,597880,0.28402150512452246,4.0
776,592680,0.2655970455545136,5.0
776,10440,0.33905915897066824,3.0
776,276411,0.026997112131582145,10.0
776,496899,0.2495273128243229,6.0
776,418864,0.2403441971940253,7.0
776,454810,0.2254003439793582,9.0
776,136270,0.2269245397939778,8.0
6199,473322,1.0,1.0
6199,157553,0.7588214694148219,2.0
6199,332314,0.6058034314472533,3.0
6199,521641,0.5465591102603813,4.0
6199,433801,0.43256770314422865,5.0
6199,93231,0.28036616440588014,7.0
6199,525827,0.4285473097341573,6.0
6199,409120,0.08243808588904913,10.0
6199,279845,0.22588288834981385,8.0
6199,366448,0.18384350602512647,9.0
1393,234436,0.9466607073739508,1.0
1393,220022,0.7789622905163651,2.0
1393,532932,0.6067923587593544,3.0
1393,394871,0.4612888598219642,6.0
1393,77245,0.5198014081609004,5.0
1393,352640,0.5222094954986786,4.0
1393,499782,0.18211219978123966,8.0
1393,326665,0.10585983454758616,9.0
1393,196920,0.2619845785882042,7.0
1393,555732,0.0988036071565431,10.0
9668,111768,1.0,1.0
9668,75437,0.4669981601552877,4.0
9668,55022,0.22327711100882364,7.0
9668,6574,0.5851250135917561,2.0
9668,62151,0.4281608297930846,6.0
9668,594655,0.19543430123164565,9.0
9668,13260,0.4767817671789527,3.0
9668,79998,0.2089986531805531,8.0
9668,42438,0.4473675712803624,5.0
9668,416307,0.18379595226894002,10.0
9088,557219,0.8845029066113843,1.0
9088,224654,0.8531466447718371,2.0
9088,536120,0.6471978289156958,4.0
9088,226303,0.6791330684188246,3.0
9088,539263,0.2546724221586141,10.0
9088,511093,0.39390462876868404,6.0
9088,433809,0.33339550318730626,8.0
9088,472516,0.4463179108444627,5.0
9088,461051,0.3619490386498507,7.0
9088,344041,0.2663809738888214,9.0
3091,159936,0.8892131585778706,1.0
3091,187739,0.8160078258525314,2.0
3091,95778,0.59798273192676,3.0
3091,416796,0.28005021749310255,7.0
3091,437538,0.3129060487337221,6.0
3091,254454,0.193047590577275,8.0
3091,274870,0.406457486175411,4.0
3091,426223,0.005185775711044604,10.0
3091,366448,0.4032681659587813,5.0
3091,216384,0.12826827889423317,9.0
1157,405777,1.0,1.0
1157,266952,0.3146669273557666,4.0
1157,251411,0.3668046917044229,3.0
1157,243503,0.37863472129169684,2.0
1157,452544,0.30335589925066075,5.0
1157,564618,0.13883105589180633,7.0
1157,295980,0.13008569576013077,9.0
1157,388455,0.20090554985117573,6.0
1157,350819,0.00018604926556398636,10.0
1157,97348,0.13676983002152107,8.0
4335,318583,1.0,1.0
4335,322246,0.677141455568008,2.0
4335,416225,0.301446045621968,3.0
4335,109860,0.14749508287499957,6.0
4335,382381,0.121474309928226,7.0
4335,110515,0.15910074706030167,5.0
4335,126134,0.11787522588524885,8.0
4335,190169,0.00709141765755082,10.0
4335,158185,0.22310690544398631,4.0
4335,274359,0.03951975461626868,9.0
8947,545759,0.6819744909794775,1.0
8947,61022,0.6098920859822525,3.0
8947,532657,0.4986635225374658,4.0
8947,461592,0.6773274460358474,2.0
8947,461084,0.19681545493804317,7.0
8947,127134,0.35384085112397223,5.0
8947,384564,0.1421254214861885,8.0
8947,388646,0.060436238641386086,10.0
8947,452870,0.20099859209748847,6.0
8947,214901,0.09682777457542124,9.0
6410,418150,1.0,1.0
6410,112208,0.5461899089946434,2.0
6410,273861,0.37219187680531834,6.0
6410,172703,0.45184223041826993,3.0
6410,59994,0.42922511374464106,4.0
6410,528034,0.3917759323817518,5.0
6410,107092,0.09783656397777012,10.0
6410,100485,0.31214222706332945,7.0
6410,133093,0.293009552182216,8.0
6410,87722,0.2821250986750625,9.0
5196,565745,1.0,1.0
5196,219033,0.8548892047818404,2.0
5196,213370,0.6059318993799157,3.0
5196,171339,0.5646008390854806,4.0
5196,356928,0.5488523815956922,5.0
5196,581889,0.31137835145810805,7.0
5196,273528,0.37219380510864497,6.0
5196,114829,0.24655864909811426,8.0
5196,555101,0.11302220457889504,9.0
5196,474050,0.0,10.0
8789,87349,1.0,1.0
8789,41912,0.44870278829869725,2.0
8789,102436,0.1833700250156095,4.0
8789,58290,0.17252803073473766,5.0
8789,14870,0.22513096694404106,3.0
8789,328341,0.17169692776004378,6.0
8789,152014,0.03894159593309297,9.0
8789,296528,0.008418836753047894,10.0
8789,213526,0.07750239856084087,8.0
8789,316838,0.08086875296670004,7.0
5808,251824,1.0,1.0
5808,51615,0.37302106278458036,4.0
5808,535697,0.6483004406183459,2.0
5808,43781,0.33620152079253207,5.0
5808,226053,0.30867743723125296,7.0
5808,226070,0.31847223412834524,6.0
5808,271243,0.37475488082551195,3.0
5808,88477,0.06474827031576715,9.0
5808,350145,0.0001789945553072318,10.0
5808,72652,0.11033390272711023,8.0
9701,225682,1.0,1.0
9701,19711,0.3104721080915742,3.0
9701,494926,0.25648417104097865,6.0
9701,384230,0.28582674310703937,4.0
9701,457416,0.2747478608814165,5.0
9701,279865,0.35142784700299545,2.0
9701,473540,0.2552743445767404,7.0
9701,76054,0.19628606647914554,8.0
9701,533515,0.09399662673882167,9.0
9701,321969,0.0,10.0
3179,56718,0.8697236012726457,2.0
3179,385073,0.9428776284590117,1.0
3179,150219,0.7956674168393547,3.0
3179,243503,0.31317942950294425,4.0
3179,442142,0.28129764769008536,6.0
3179,352838,0.29410640771374374,5.0
3179,124630,0.03470527559249135,10.0
3179,431685,0.10836993386252605,7.0
3179,597247,0.07467558279473,9.0
3179,174335,0.08572627215248195,8.0
6896,196427,0.9564039649777162,1.0
6896,330041,0.8595311881762983,2.0
6896,244749,0.5710944551365347,4.0
6896,223070,0.7293548719265563,3.0
6896,403755,0.2664800091686281,9.0
6896,38711,0.3781157908847005,7.0
6896,149305,0.4482154360619715,5.0
6896,106501,0.2239501997989466,10.0
6896,587120,0.4375781150484593,6.0
6896,102443,0.32361612621627855,8.0
2513,25762,0.8627514079151675,1.0
2513,518624,0.4330181685373197,3.0
2513,588247,0.3972459283904526,4.0
2513,82344,0.5866260765491282,2.0
2513,97348,0.300053635383151,5.0
2513,102443,0.17205134229164387,6.0
2513,405777,0.1702034144667237,7.0
2513,352838,0.1253020250193453,8.0
2513,147646,0.01227102741333113,10.0
2513,120090,0.07135302089900863,9.0
8937,294295,0.8344318822427428,1.0
8937,13260,0.24630889828997737,7.0
8937,336541,0.4428594440785748,2.0
8937,320101,0.430494764801067,4.0
8937,416307,0.27057276024880206,6.0
8937,100103,0.4306193495206604,3.0
8937,363043,0.38166341458761605,5.0
8937,429378,0.02301742352345695,10.0
8937,88892,0.1251124735530236,9.0
8937,214003,0.19340994252334615,8.0
9643,112208,1.0,1.0
9643,100485,0.7146236213355043,2.0
9643,480315,0.32198190150807193,5.0
9643,428082,0.13292211643669377,10.0
9643,467575,0.3493657083766044,3.0
9643,87722,0.28380632579451515,7.0
9643,581038,0.33597540155499894,4.0
9643,214542,0.28884251191991384,6.0
9643,539263,0.25410599140037077,8.0
9643,156816,0.25209206227578057,9.0
5653,588247,1.0,1.0
5653,483456,0.24701722971951473,3.0
5653,14543,0.19557214029727,5.0
5653,87722,0.21992608912674566,4.0
5653,290930,0.2633141449682904,2.0
5653,461592,0.12902854552322685,7.0
5653,446984,0.11331839688041939,8.0
5653,583635,0.1022958852634029,9.0
5653,31377,0.15750396926711227,6.0
5653,66631,0.0,10.0
2551,143100,1.0,1.0
2551,479276,0.6064870981164168,2.0
2551,202990,0.3033555490082093,3.0
2551,9938,0.16797599689398346,7.0
2551,394460,0.24777337791184867,4.0
2551,242124,0.1942225646600958,6.0
2551,523158,0.2183182295975548,5.0
2551,384642,0.049633611615974564,10.0
2551,572272,0.0945813441747444,9.0
2551,362805,0.13310064902719523,8.0
1948,467509,1.0,1.0
1948,108739,0.584561140645972,3.0
1948,356928,0.6178666573571282,2.0
1948,223206,0.2805876354429665,7.0
1948,219033,0.4811590809156747,4.0
1948,443795,0.38853358924161446,6.0
1948,362215,0.4338584032530696,5.0
1948,377571,0.1818884496870761,9.0
1948,399700,0.06825773657149926,10.0
1948,213331,0.238200389527604,8.0
4920,228341,1.0,1.0
4920,82294,0.79217897554435,2.0
4920,277217,0.6470537301942789,4.0
4920,306815,0.7568754328866096,3.0
4920,22221,0.12370460334479022,6.0
4920,371720,0.06618139727346614,8.0
4920,415340,0.08327114963379148,7.0
4920,323363,0.04154938821896097,9.0
4920,283202,0.031803875398030264,10.0
4920,115517,0.13939104649182976,5.0
2589,450577,0.8964964284491203,1.0
2589,43961,0.8485868042172202,2.0
2589,468144,0.5957217702247405,3.0
2589,437969,0.23207886859417348,6.0
2589,581889,0.32878796140026556,4.0
2589,509650,0.24164447432014857,5.0
2589,75252,0.20093896599910627,7.0
2589,307610,0.19300541771399282,8.0
2589,557877,0.01298913992202479,10.0
2589,527698,0.1534888058523732,9.0
7513,112208,1.0,1.0
7513,172703,0.7933379646272749,2.0
7513,328086,0.6283450716625132,3.0
7513,115372,0.5390150279694944,4.0
7513,273861,0.40783898346549186,6.0
7513,87722,0.24817322731014899,9.0
7513,377429,0.2946674999673729,7.0
7513,387277,0.25792647985727707,8.0
7513,62966,0.4277198797359988,5.0
7513,418150,0.0,10.0
5410,13975,1.0,1.0
5410,371720,0.5130609845586133,3.0
5410,494323,0.694313963220072,2.0
5410,249844,0.3501081163328417,6.0
5410,488258,0.39108130353660014,4.0
5410,75235,0.22924376409666244,8.0
5410,488732,0.3528916845150231,5.0
5410,457532,0.17729815425930542,9.0
5410,108739,0.32397945687430557,7.0
5410,193312,0.05744703036796909,10.0
2334,228403,1.0,1.0
2334,107092,0.3138739094962906,6.0
2334,150650,0.45405112707724804,2.0
2334,93936,0.3702381387718916,4.0
2334,2304,0.4074551508192932,3.0
2334,208219,0.3411743188929419,5.0
2334,274870,0.0355365710328174,9.0
2334,156194,0.012025154103241769,10.0
2334,204917,0.1873834486708027,7.0
2334,385506,0.1354977826800827,8.0
1783,445298,1.0,1.0
1783,306800,0.8213170068683567,2.0
1783,309555,0.5739084332054547,4.0
1783,167660,0.6090774419657035,3.0
1783,272425,0.43024828522446934,5.0
1783,43497,0.2261547386187482,8.0
1783,57320,0.2993940885038324,7.0
1783,384631,0.12937187090207897,9.0
1783,179066,0.33395169751525267,6.0
1783,102237,0.0,10.0
4641,494753,0.7534587059335415,1.0
4641,213673,0.6821748894638721,2.0
4641,237580,0.630260471490233,4.0
4641,44594,0.6779857972779852,3.0
4641,211867,0.18341741761020774,8.0
4641,406219,0.4586214236388113,5.0
4641,409120,0.21896667276867082,7.0
4641,461592,0.09876916618313715,10.0
4641,450228,0.11157230958118192,9.0
4641,192811,0.23775925049027993,6.0
1469,444589,1.0,1.0
1469,243503,0.5327978993522301,2.0
1469,426570,0.4599158818185096,3.0
1469,469776,0.2372257946031821,7.0
1469,18003,0.26249581719076087,5.0
1469,421371,0.3832823015089271,4.0
1469,335336,0.011197735156578844,10.0
1469,484649,0.1979370159015752,8.0
1469,56320,0.25400400310502663,6.0
1469,451737,0.10006293164195912,9.0
10267,569632,1.0,1.0
10267,487348,0.6993969939940489,2.0
10267,22036,0.41748237213389694,5.0
10267,522713,0.46582037211352034,4.0
10267,457108,0.5624178780281485,3.0
10267,379667,0.13654997657236606,9.0
10267,330379,0.1518555321080101,7.0
10267,108859,0.1434499334019859,8.0
10267,186578,0.23908617734716048,6.0
10267,17652,0.11782848816663342,10.0
3771,59994,0.9784944677130498,1.0
3771,95966,0.31210451830849845,4.0
3771,13346,0.5474897161154886,2.0
3771,40062,0.38118805139278494,3.0
3771,95762,0.05489448728605669,10.0
3771,97764,0.2107579797789716,6.0
3771,478890,0.1469930490653222,8.0
3771,515072,0.1700543827520269,7.0
3771,303025,0.24674555573421447,5.0
3771,346450,0.08911748857038436,9.0
10497,147765,0.9303336901406403,1.0
10497,159880,0.9015605713550041,2.0
10497,445230,0.8091077340023333,3.0
10497,535705,0.3676028019967093,7.0
10497,575729,0.5434018900134266,5.0
10497,71898,0.5558700980668844,4.0
10497,569461,0.20753551215463173,8.0
10497,31483,0.4318835655060565,6.0
10497,456436,0.027372129150667973,10.0
10497,160301,0.07712908789768819,9.0
2472,337165,0.6255029842204237,2.0
2472,584273,0.7338522449589326,1.0
2472,138151,0.3357228087702012,7.0
2472,534099,0.6073822915208285,3.0
2472,416796,0.3575811433062488,6.0
2472,366597,0.3705026138102318,5.0
2472,216384,0.11424728799571615,10.0
2472,187739,0.23368108491300515,8.0
2472,169921,0.16336500295110792,9.0
2472,518563,0.3999999999999999,4.0
503,171761,1.0,1.0
503,257656,0.31349367437122977,3.0
503,405374,0.5597363884702425,2.0
503,433032,0.1270620788732032,7.0
503,343489,0.16635131034582493,5.0
503,531990,0.04791211598667547,9.0
503,156816,0.2707250590769329,4.0
503,100485,0.0921000549236218,8.0
503,69965,0.0024724155378031704,10.0
503,350680,0.13595469552982614,6.0
6832,552346,0.9264323115525606,1.0
6832,573874,0.6405205232196209,2.0
6832,244749,0.33499030165619625,5.0
6832,377853,0.5177940561229075,3.0
6832,116694,0.15163580566259893,8.0
6832,108040,0.1976424253724843,7.0
6832,349554,0.410299452192198,4.0
6832,459351,0.25913027183889503,6.0
6832,42533,0.0022829372226557954,10.0
6832,239214,0.14514635452543703,9.0
864,24890,0.8967174905018753,2.0
864,30142,0.9253418338380579,1.0
864,450808,0.46491273443818704,5.0
864,472924,0.7909707435341762,3.0
864,566337,0.5071515547400971,4.0
864,291726,0.37433132891393295,6.0
864,479625,0.3442557578714222,7.0
864,175339,0.19361494024474293,8.0
864,231947,0.18621249309309257,9.0
864,244104,0.16826110857856358,10.0
2580,11988,0.8592984393476482,1.0
2580,344118,0.7848833789055614,2.0
2580,371720,0.5562504248495186,3.0
2580,87722,0.2193932945788883,4.0
2580,360481,0.12499867110993482,8.0
2580,75764,0.10492919996417568,9.0
2580,585447,0.20631528980129538,5.0
2580,114439,0.185790056137731,6.0
2580,272738,0.03173206452498058,10.0
2580,503934,0.1724978101075511,7.0
6625,416307,0.8027172069663423,2.0
6625,88892,0.8324504548916384,1.0
6625,336541,0.5567146131256184,3.0
6625,27401,0.507541340950008,4.0
6625,320101,0.43762362790245235,5.0
6625,557356,0.27562660748890155,7.0
6625,138703,0.1586890544606136,9.0
6625,13260,0.3010695219492825,6.0
6625,595133,0.016447989264684625,10.0
6625,75437,0.1736227238564327,8.0
2685,308837,0.6656164642872467,1.0
2685,539133,0.1785003255439716,9.0
2685,302792,0.3680009228497453,3.0
2685,243499,0.22608205473107587,8.0
2685,575497,0.24941479556054294,6.0
2685,158845,0.14166705977301774,10.0
2685,284075,0.3660088423907529,4.0
2685,382005,0.4731165356980658,2.0
2685,136825,0.2335783903962533,7.0
2685,395357,0.29914483232080513,5.0
68,123634,0.7569847783701584,3.0
68,296098,0.8183373382431389,2.0
68,528564,0.9080993788457242,1.0
68,197839,0.3191220690345189,7.0
68,532932,0.5901950505453696,4.0
68,352640,0.364962227578868,6.0
68,327002,0.42109569967837035,5.0
68,55666,0.22293650070532237,9.0
68,232199,0.22942787349645782,8.0
68,259766,0.11958476594247651,10.0
813,548705,1.0,1.0
813,284411,0.6785340249680987,2.0
813,196427,0.6436481300655728,3.0
813,2809,0.4141071183948269,4.0
813,127974,0.20040902397184882,6.0
813,171596,0.27789863862582687,5.0
813,318583,0.0919864190563905,9.0
813,459677,0.05082265427438635,10.0
813,418630,0.14337802018352389,7.0
813,123468,0.12211235768181107,8.0
7345,69790,0.7565075670285826,1.0
7345,254288,0.5443038898509451,4.0
7345,67063,0.5810575251935728,3.0
7345,98130,0.5829569114064631,2.0
7345,416727,0.358861786503204,6.0
7345,417840,0.24527102520997446,8.0
7345,108,0.4933910510336732,5.0
7345,90447,0.3534910782302268,7.0
7345,348405,0.04117219492919566,9.0
7345,504996,0.0,10.0
8970,96121,1.0,1.0
8970,108040,0.8214940001165582,2.0
8970,187583,0.6769987042591329,3.0
8970,496899,0.5378833602431827,5.0
8970,537857,0.6408704329507865,4.0
8970,314478,0.2141642795693975,8.0
8970,167356,0.21823279831923015,6.0
8970,11988,0.2145935270975211,7.0
8970,128574,0.09201542112572832,9.0
8970,514500,0.0,10.0
7105,72652,1.0,1.0
7105,307380,0.6747412011300978,2.0
7105,220060,0.4175615665937991,3.0
7105,455891,0.3259239161054268,6.0
7105,490294,0.3418976150600922,5.0
7105,314919,0.38472756050728313,4.0
7105,324037,0.21322670212928857,8.0
7105,228341,0.24259898609352423,7.0
7105,479384,0.1561755624317841,9.0
7105,366488,0.0,10.0
1310,535651,0.9589122547039255,1.0
1310,471870,0.3020176817458304,5.0
1310,565698,0.44535510204838624,2.0
1310,344648,0.14783023119198527,7.0
1310,55022,0.32970828407258157,4.0
1310,346622,0.11350204756043972,9.0
1310,24567,0.4169564630788781,3.0
1310,489401,0.031784195912768425,10.0
1310,297831,0.1476401677759881,8.0
1310,44492,0.16308715735909704,6.0
9060,12432,0.6770824386306733,2.0
9060,511093,0.9049856685953137,1.0
9060,108,0.38514585049732664,3.0
9060,13260,0.30765480809106344,4.0
9060,511515,0.2520198017881312,6.0
9060,304304,0.17858494824476265,8.0
9060,37517,0.2037860879741182,7.0
9060,75437,0.283168662710932,5.0
9060,43087,0.07366778516314534,9.0
9060,111768,0.03940695985115298,10.0
2549,418150,0.8921483963807915,1.0
2549,327978,0.6385354187428403,2.0
2549,14368,0.5262410365885769,3.0
2549,307380,0.46804353503338125,4.0
2549,301224,0.22591000986872037,5.0
2549,59714,0.14485898383950369,7.0
2549,44601,0.10752241358790751,9.0
2549,265874,0.15496921334912928,6.0
2549,17923,0.11658447765227907,8.0
2549,350145,0.0,10.0
559,401254,0.8574183250513137,1.0
559,213370,0.4835472868865817,3.0
559,151639,0.564078726025055,2.0
559,198349,0.3892360435766774,6.0
559,485195,0.0773585888097709,9.0
559,494689,0.41365924041097596,4.0
559,21194,0.10263888367943931,8.0
559,281977,0.27458775729247287,7.0
559,61706,0.06936014188341162,10.0
559,75252,0.3999999999999999,5.0
7218,266900,0.8016167086679801,2.0
7218,32290,0.8526078384604002,1.0
7218,117576,0.4256183058690479,4.0
7218,537418,0.4312475096508378,3.0
7218,482517,0.1885121551578646,8.0
7218,125659,0.30531851244461916,5.0
7218,40447,0.0608000650013837,10.0
7218,6701,0.07138539578094416,9.0
7218,158520,0.28477004515278187,6.0
7218,314478,0.24411932467062097,7.0
2400,158523,0.63728075761814,2.0
2400,456470,0.7474204952430537,1.0
2400,29306,0.6140149492324908,3.0
2400,22469,0.41653996225112483,7.0
2400,3118,0.5033216136742424,4.0
2400,226967,0.42936980116969925,6.0
2400,571258,0.23296077330493853,8.0
2400,1198,0.44532235259425135,5.0
2400,307424,0.004493602073732895,10.0
2400,535697,0.17152853946747187,9.0
2348,447619,1.0,1.0
2348,112591,0.6665636984372401,2.0
2348,306430,0.6144168452118495,3.0
2348,244433,0.4929618680046399,4.0
2348,268261,0.33982721179899866,5.0
2348,265874,0.33711048468743143,6.0
2348,403025,0.18596049585055469,9.0
2348,117576,0.29974239362353,7.0
2348,14870,0.2751656413839189,8.0
2348,12432,0.0,10.0
3615,335991,0.9876701178232279,1.0
3615,518379,0.8845042779680983,2.0
3615,72402,0.5370690533736019,3.0
3615,72160,0.47901342423081317,4.0
3615,156358,0.3056662417114746,6.0
3615,482544,0.2748531326269551,8.0
3615,174335,0.30024112310752776,7.0
3615,341493,0.3353408843920362,5.0
3615,17166,0.2253977132076063,9.0
3615,489401,0.0,10.0
8102,314478,0.8520196299788678,1.0
8102,149305,0.44993301927407303,5.0
8102,416307,0.4508090697880343,4.0
8102,99857,0.5413114572873657,3.0
8102,552707,0.5438236745906808,2.0
8102,223309,0.16811515294566856,10.0
8102,481166,0.2933986048543228,9.0
8102,320101,0.39690808762665175,7.0
8102,344372,0.2955926093779659,8.0
8102,408123,0.3999999999999999,6.0
5155,462892,1.0,1.0
5155,367785,0.41569248073411386,4.0
5155,69495,0.444759141165198,2.0
5155,280805,0.41871449810229955,3.0
5155,175265,0.13316279095470993,8.0
5155,305671,0.1341047571762504,7.0
5155,191495,0.2439118249538174,6.0
5155,537725,0.010070475542336858,10.0
5155,157702,0.26239230316478,5.0
5155,409573,0.030675462590028527,9.0
2460,530037,0.9178996651909423,2.0
2460,584337,0.920346907274612,1.0
2460,279346,0.6228944051647184,3.0
2460,549180,0.5715832404698138,4.0
2460,196427,0.10803310070520286,8.0
2460,502281,0.20678582438219112,6.0
2460,512803,0.33850169660272,5.0
2460,505028,0.1276496807495717,7.0
2460,295980,0.055416973449026546,10.0
2460,38711,0.09037922301091565,9.0
2399,343489,1.0,1.0
2399,583124,0.43029987773554146,2.0
2399,468743,0.22799055583698588,5.0
2399,29790,0.22686237802124926,6.0
2399,19606,0.24858883140362148,4.0
2399,521712,0.2880063479560101,3.0
2399,510314,0.11627497529547519,9.0
2399,476834,0.1304030986923608,8.0
2399,457419,0.18267733108205897,7.0
2399,442489,0.10278086475089894,10.0
4071,170594,0.8697978607761279,1.0
4071,328556,0.8381993867212084,2.0
4071,337764,0.57738511730558,4.0
4071,296516,0.5165298641073384,6.0
4071,135113,0.6550295190236777,3.0
4071,565782,0.461664045010461,7.0
4071,352485,0.5589338271749847,5.0
4071,368150,0.22947560415791624,9.0
4071,317429,0.4550181860069354,8.0
4071,543589,0.0,10.0
18,431685,0.8402914529715827,1.0
18,88124,0.6140725181116593,2.0
18,161162,0.1943219289588412,4.0
18,528564,0.09024972088323914,6.0
18,227098,0.08425937763340922,8.0
18,172594,0.09511213371711406,5.0
18,152218,0.09021005078438449,7.0
18,349554,0.02208954691322851,9.0
18,366761,0.23109636456934568,3.0
18,143622,0.009833870638531207,10.0
2306,581889,1.0,1.0
2306,509650,0.459440102048903,3.0
2306,494689,0.49804369015989103,2.0
2306,75252,0.4358958477322834,4.0
2306,368806,0.2836771595165965,7.0
2306,246459,0.28562561543006837,6.0
2306,485195,0.28982014936324435,5.0
2306,401254,0.14234559748541906,8.0
2306,399013,0.0002752627195901827,10.0
2306,160125,0.1416752031983764,9.0
3051,232063,0.9932549330049297,1.0
3051,591940,0.768017955315502,2.0
3051,306144,0.5221829481264999,3.0
3051,318266,0.364356008302252,4.0
3051,583956,0.3596036400819887,5.0
3051,73434,0.06241595015039353,10.0
3051,66246,0.3073104870179858,6.0
3051,110515,0.1488725993107832,9.0
3051,393953,0.1752265026134239,8.0
3051,387165,0.17918048043075607,7.0
2395,594182,0.947555415979388,1.0
2395,149306,0.8413935698345014,2.0
2395,568526,0.5622952785976492,3.0
2395,308837,0.32635663966614803,5.0
2395,13732,0.47650572118139223,4.0
2395,307999,0.27072738672809654,7.0
2395,387010,0.1401540220731604,9.0
2395,414192,0.0005374066494994539,10.0
2395,13153,0.2838066209739458,6.0
2395,204176,0.1958414396675404,8.0
5134,17208,0.761912986609852,1.0
5134,579557,0.6742876607352486,2.0
5134,536120,0.5984197568103536,4.0
5134,100485,0.5455351607552418,5.0
5134,172703,0.3938760411220495,6.0
5134,206727,0.6081774952391874,3.0
5134,122012,0.33154839095890376,7.0
5134,453542,0.2749366681300601,8.0
5134,328086,0.034564903736754,10.0
5134,539263,0.03806256837573443,9.0
5343,204075,1.0,1.0
5343,296528,0.5829152814182036,5.0
5343,366597,0.5940001531518647,4.0
5343,581889,0.6653278262472111,3.0
5343,184175,0.6843322091823374,2.0
5343,367641,0.5648802682704585,6.0
5343,157553,0.2487468884985552,8.0
5343,405702,0.27083730131638495,7.0
5343,548433,0.20230829752319682,9.0
5343,17443,0.0,10.0
5254,471723,0.6306186450526948,2.0
5254,59714,0.43726912348668245,3.0
5254,402466,0.6886564366864136,1.0
5254,383978,0.3850853108467881,4.0
5254,78675,0.22098854270757512,7.0
5254,14368,0.2719620176654029,5.0
5254,467390,0.10010626224923824,8.0
5254,327978,0.23187773418363958,6.0
5254,44601,0.09562977973749628,9.0
5254,297290,0.0,10.0
3049,582864,1.0,1.0
3049,352640,0.892720161592654,3.0
3049,77245,0.8973896136158961,2.0
3049,536849,0.35581632219679143,5.0
3049,220022,0.3220349690971637,7.0
3049,127974,0.3676374459986636,4.0
3049,132780,0.2960380751731537,8.0
3049,445052,0.32285390027714245,6.0
3049,263361,0.00964232116354756,10.0
3049,555732,0.2340090452688968,9.0
7509,61191,0.7158377793292977,1.0
7509,423034,0.436673462891363,2.0
7509,472051,0.36209012831519405,8.0
7509,298128,0.3990460411149158,4.0
7509,461592,0.3657113998264899,7.0
7509,22221,0.3861709078194191,5.0
7509,480944,0.08918442901308136,10.0
7509,301580,0.0893992566194185,9.0
7509,323363,0.36911558495361035,6.0
7509,392826,0.3999999999999999,3.0
5067,328341,0.9661610743755651,1.0
5067,366830,0.8264394551510893,3.0
5067,547301,0.8206957445500573,4.0
5067,539133,0.8405190239937084,2.0
5067,231227,0.441239401221901,7.0
5067,88124,0.4629743438438718,6.0
5067,172594,0.494546219031908,5.0
5067,460357,0.14624796486737757,9.0
5067,18001,0.41593943977779513,8.0
5067,574327,0.11714520018955991,10.0
8456,257853,1.0,1.0
8456,115141,0.5285440181435328,3.0
8456,125659,0.5058890004968177,6.0
8456,486696,0.5103759891533579,5.0
8456,81924,0.37602438406633765,7.0
8456,159703,0.5575857458200935,2.0
8456,193398,0.5251708482004366,4.0
8456,431507,0.22710949927107335,8.0
8456,290156,0.135505970759252,9.0
8456,367137,0.0,10.0
10734,62882,0.8070082215745917,2.0
10734,426278,0.8228037233159212,1.0
10734,461261,0.2781159336517187,5.0
10734,207354,0.3061514420556498,4.0
10734,467044,0.18860566565924594,6.0
10734,589970,0.5177951918893309,3.0
10734,549759,0.15363254790222028,8.0
10734,55064,0.1399331298648207,9.0
10734,58937,0.1583919696867862,7.0
10734,551934,0.0,10.0
5178,507544,0.7706580447871271,1.0
5178,257016,0.7660959315575226,2.0
5178,572272,0.4005302141031969,3.0
5178,9656,0.18988605197323943,7.0
5178,76414,0.3032584083856414,5.0
5178,60355,0.07653355792461647,8.0
5178,437538,0.27842906341411,6.0
5178,268553,0.3616461746264945,4.0
5178,579235,0.046465961459605125,9.0
5178,216384,0.0,10.0
9174,303025,0.8736863721265398,1.0
9174,404339,0.781541042573596,2.0
9174,149306,0.5892862215248562,3.0
9174,313437,0.09351358511744436,10.0
9174,272008,0.36644320076663867,5.0
9174,374750,0.39706860367153796,4.0
9174,21194,0.15253427933965807,9.0
9174,265098,0.2232267891143409,6.0
9174,479625,0.1823255942108523,8.0
9174,434812,0.18306374695961922,7.0
988,501384,1.0,1.0
988,280967,0.6056521929614285,2.0
988,301224,0.45578069755660783,3.0
988,187196,0.1781413354246513,8.0
988,45029,0.25403268487735176,5.0
988,287991,0.24743252101401064,6.0
988,236899,0.10700814334625289,9.0
988,201495,0.3138476146377643,4.0
988,345199,0.19521393608785917,7.0
988,455398,0.03368623836443021,10.0
2154,476632,1.0,1.0
2154,132371,0.6202562981052385,3.0
2154,153541,0.7132647102018009,2.0
2154,366761,0.3870515336855213,4.0
2154,62966,0.07097548887869402,10.0
2154,24890,0.3266069648500103,6.0
2154,147080,0.30150791556653556,7.0
2154,450808,0.3485144939002182,5.0
2154,150219,0.08713094923945455,9.0
2154,148757,0.13660179749181858,8.0
9646,272784,1.0,1.0
9646,236482,0.764002621744881,2.0
9646,29306,0.6823849974903613,4.0
9646,556191,0.718991632524868,3.0
9646,395437,0.18139092030334514,6.0
9646,96121,0.11349774612241523,7.0
9646,26203,0.20483116519951944,5.0
9646,257853,0.08836852905615283,9.0
9646,323768,0.013675774594596079,10.0
9646,535697,0.09331999288321301,8.0
3033,571430,1.0,1.0
3033,518624,0.6561933526973882,2.0
3033,318583,0.44358345622958917,3.0
3033,123468,0.4435638026053591,4.0
3033,295980,0.19649752447139093,6.0
3033,481102,0.3587224542489032,5.0
3033,398622,0.15327982646522814,9.0
3033,570453,0.16406112824081515,8.0
3033,387010,0.18181040528074366,7.0
3033,62966,0.0,10.0
15,583956,0.6686997700376857,2.0
15,119213,0.5849358834494645,3.0
15,170294,0.3951354243907731,4.0
15,325273,0.7042742571270881,1.0
15,570155,0.393483367910268,5.0
15,509723,0.33217325211690496,6.0
15,18509,0.23049412870009908,7.0
15,298159,0.07380012709239743,9.0
15,338313,0.06576482652471725,10.0
15,387165,0.1457584376040574,8.0
6612,274870,0.8009350877032418,2.0
6612,254454,0.9174207474258956,1.0
6612,216384,0.7992103316162058,3.0
6612,187739,0.7057188374072121,4.0
6612,366448,0.45827535602284875,5.0
6612,95778,0.21319566614573654,8.0
6612,205522,0.2958671145514795,6.0
6612,416796,0.2807731413238156,7.0
6612,159936,0.20429318723585732,9.0
6612,108302,0.0,10.0
5940,304743,0.9364117438715222,1.0
5940,326665,0.4626951418034907,3.0
5940,226303,0.37874240445293855,5.0
5940,438243,0.6266831513727726,2.0
5940,428082,0.24312043581827641,7.0
5940,433490,0.3970494910624383,4.0
5940,167684,0.3575087170244508,6.0
5940,16670,0.2292518270950296,8.0
5940,150650,0.11140451494123911,10.0
5940,546313,0.18455116944280278,9.0
9385,403755,1.0,1.0
9385,442127,0.8559110602031073,2.0
9385,1198,0.5921261981233716,3.0
9385,379667,0.41223653265572546,6.0
9385,341579,0.5174597698619975,4.0
9385,70853,0.3341446313622374,7.0
9385,57138,0.41435453658793203,5.0
9385,407654,0.07204503622418848,9.0
9385,208070,0.10584142873576939,8.0
9385,62151,0.040952628507204,10.0
9332,159577,0.9097614464932254,1.0
9332,293687,0.695788664822774,2.0
9332,271243,0.6748041655552908,3.0
9332,212770,0.3830038598829394,5.0
9332,178521,0.5752150676002732,4.0
9332,286074,0.19353370424741803,8.0
9332,271766,0.31387130508261907,6.0
9332,123418,0.23219530320240306,7.0
9332,236389,0.017160350223457556,10.0
9332,444107,0.09099597975122158,9.0
8275,435963,1.0,1.0
8275,26203,0.45939252911072487,4.0
8275,514500,0.39712688830824955,5.0
8275,294867,0.560541794921735,2.0
8275,571306,0.5022208315870704,3.0
8275,114439,0.28921166341783333,8.0
8275,576564,0.34976132692504724,6.0
8275,99757,0.218798868604496,9.0
8275,44601,0.08761496126950863,10.0
8275,554568,0.33907440683593476,7.0
4785,435021,0.6929979517573857,2.0
4785,37517,0.9670564068315405,1.0
4785,326991,0.24713102813920815,4.0
4785,85522,0.11078353643182748,9.0
4785,34789,0.17046320588196262,6.0
4785,564841,0.17278022100722262,5.0
4785,162456,0.2937884080204907,3.0
4785,69696,0.022972592998610156,10.0
4785,140170,0.12178845221332928,8.0
4785,385574,0.12204556202166289,7.0
4465,569461,0.8761322375773506,1.0
4465,561377,0.7416026161967549,3.0
4465,299242,0.8541347168814118,2.0
4465,349710,0.4166381820942304,7.0
4465,344041,0.5674584263809762,4.0
4465,109860,0.500885609310457,5.0
4465,226303,0.4783642518215129,6.0
4465,170294,0.26482503182265127,9.0
4465,213591,0.10362698362538508,10.0
4465,461051,0.34669149430927154,8.0
7279,476834,1.0,1.0
7279,214542,0.5421948553839289,2.0
7279,412502,0.4777827768806466,3.0
7279,50744,0.43592086988669204,4.0
7279,27081,0.37984728514760646,5.0
7279,322456,0.32745601025179316,6.0
7279,442489,0.196667258984467,7.0
7279,19606,0.19450321931320988,8.0
7279,343489,0.0006053172617305152,10.0
7279,29790,0.09863319342071722,9.0
7431,281707,1.0,1.0
7431,372921,0.5906733605433793,2.0
7431,292991,0.2797225718360802,5.0
7431,501384,0.34394994033926035,4.0
7431,423403,0.5666702667905451,3.0
7431,44594,0.15837564979567398,7.0
7431,305287,0.15431213347343792,8.0
7431,114768,0.1512406554213495,9.0
7431,178303,0.11941812128621812,10.0
7431,257248,0.19164467525772744,6.0
2118,76515,0.9186691195810397,1.0
2118,338313,0.6082209358330068,4.0
2118,384322,0.7436701115037132,2.0
2118,467509,0.309175990190243,6.0
2118,411061,0.6176159773097615,3.0
2118,191977,0.40233387166867873,5.0
2118,328556,0.12062866982508486,8.0
2118,528661,0.13778981316571393,7.0
2118,361028,0.025712305810134027,10.0
2118,373271,0.09106605091916434,9.0
5380,549254,1.0,1.0
5380,216196,0.5719795543987078,2.0
5380,46099,0.14031727735010094,6.0
5380,360481,0.16245299906310423,5.0
5380,175771,0.07448572567133023,8.0
5380,242524,0.17135618258666274,4.0
5380,507284,0.2597935606733498,3.0
5380,416307,0.05644298092693907,9.0
5380,345895,0.039557852600280274,10.0
5380,336772,0.11040817608433252,7.0
3404,62966,0.9722461147366785,1.0
3404,322246,0.7261028844292201,2.0
3404,583635,0.3939296593970835,6.0
3404,272425,0.6177448001011825,3.0
3404,153541,0.538325848295856,4.0
3404,251411,0.26078480296150125,9.0
3404,488574,0.5152944011062163,5.0
3404,241136,0.14182743809734144,10.0
3404,442110,0.282701155182249,8.0
3404,298128,0.36374845287728325,7.0
6420,565568,1.0,1.0
6420,480315,0.5416538709499572,3.0
6420,294295,0.661854057565324,2.0
6420,394244,0.49149951943192605,4.0
6420,69696,0.18902793519519057,9.0
6420,122432,0.24595562503431478,7.0
6420,269898,0.25316415994774877,6.0
6420,279897,0.2094741862616813,8.0
6420,442048,0.14090401154234647,10.0
6420,112714,0.28232593221602886,5.0
9961,21311,0.9549315335767137,1.0
9961,72402,0.6627536489617769,2.0
9961,335991,0.3880950621684539,6.0
9961,518379,0.5705696617378065,3.0
9961,174335,0.43094164144404506,4.0
9961,341493,0.29062725418280555,8.0
9961,17166,0.35941352988166486,7.0
9961,528522,0.4073596723912024,5.0
9961,565684,0.007274886761433868,10.0
9961,156358,0.15493829280631968,9.0
8079,125940,0.6042741887883414,2.0
8079,95278,0.8132039189805732,1.0
8079,187583,0.4953394719780316,5.0
8079,57138,0.5917271449407433,3.0
8079,11184,0.36842396103536323,6.0
8079,108040,0.4969741887006691,4.0
8079,39478,0.28748856610247187,7.0
8079,224231,0.131934509562962,8.0
8079,93971,0.00431980527283733,10.0
8079,1198,0.0796644329367665,9.0
