query_id,doc_id,score_hybrid,rank
3394,112208,0.6888633009978317,2.0
3394,172703,0.17845943525781763,4.0
3394,87722,0.08358266957937072,8.0
3394,445971,0.9528487679598014,1.0
3394,345199,0.1476448706215595,5.0
3394,377429,0.09488070947468402,7.0
3394,387277,0.18280318807239962,3.0
3394,133093,0.1086126605715802,6.0
3394,418150,0.029897175714925617,10.0
3394,539263,0.06046470623442046,9.0
5505,100387,1.0,1.0
5505,141738,0.1550237863524086,6.0
5505,278824,0.23766775354698866,3.0
5505,70488,0.4193708181781509,2.0
5505,349160,0.05857888827663082,8.0
5505,478457,0.02095054386165196,9.0
5505,200338,0.21493113221881527,4.0
5505,408327,0.2142356735123037,5.0
5505,442142,0.07403890457755768,7.0
5505,593085,0.0,10.0
6792,558617,1.0,1.0
6792,400841,0.6163964319557252,6.0
6792,29306,0.6589640073277525,2.0
6792,136825,0.62839853501738,4.0
6792,259081,0.5646530391323983,7.0
6792,40447,0.31104734345850377,8.0
6792,480515,0.621882047827393,5.0
6792,156467,0.6346925129882924,3.0
6792,545434,0.00960496471262491,10.0
6792,585447,0.2804268006328443,9.0
6909,452175,0.43795363952608235,6.0
6909,13260,0.43014093762658334,7.0
6909,435963,0.6430948066895444,3.0
6909,375019,0.7808897656398417,2.0
6909,266900,0.4720627577029599,5.0
6909,464502,0.07818898068436975,9.0
6909,214003,0.007527558240677025,10.0
6909,79357,0.9061666337098195,1.0
6909,535697,0.5589156280277223,4.0
6909,330041,0.4248885978108196,8.0
4946,121690,1.0,1.0
4946,156816,0.6820458177127358,3.0
4946,79357,0.5520913850938284,4.0
4946,9938,0.5054715009600058,5.0
4946,350680,0.30234846904357127,7.0
4946,28119,0.257062380677441,8.0
4946,343489,0.4230491160556899,6.0
4946,100485,0.7290475104191408,2.0
4946,88105,0.0032691211467260786,10.0
4946,496935,0.0957640452220412,9.0
4125,283079,0.18255006034704263,9.0
4125,232199,0.29244164679296214,4.0
4125,363591,0.48524716086097264,3.0
4125,452987,0.21520401365723746,8.0
4125,571362,0.9392000199889329,1.0
4125,292769,0.25783137106002396,5.0
4125,340044,0.7233169354287656,2.0
4125,103593,0.004188339298635226,10.0
4125,276400,0.25228916606970064,6.0
4125,7632,0.2153634318137351,7.0
6009,62151,0.4500777655840156,7.0
6009,175831,0.6030524501428731,5.0
6009,303325,0.8523618809953446,2.0
6009,228983,0.9564933988664427,1.0
6009,158717,0.8240664232776924,3.0
6009,472585,0.010999488802240201,10.0
6009,178684,0.24291842568610156,8.0
6009,442048,0.6427540412506791,4.0
6009,125298,0.20966077041684633,9.0
6009,99857,0.45159766978775007,6.0
9598,528034,0.33359503579317806,4.0
9598,379311,0.6392943181803654,3.0
9598,322826,0.036303566293470084,9.0
9598,136270,0.08541538617408109,8.0
9598,574327,0.9217817478673366,1.0
9598,112208,0.3253850954515067,5.0
9598,17923,0.2329335419588465,6.0
9598,172703,0.1774369298017639,7.0
9598,297290,0.8281962934563813,2.0
9598,383978,0.015399997306275654,10.0
10645,22221,1.0,1.0
10645,340131,0.6744712024660942,5.0
10645,441176,0.9243831996106251,2.0
10645,183349,0.199227056125144,9.0
10645,102684,0.4760967257639799,6.0
10645,248799,0.7127988926294657,4.0
10645,317354,0.40590874249785963,7.0
10645,293679,0.7278786025071737,3.0
10645,415340,0.345714015414319,8.0
10645,487791,0.0,10.0
7441,125659,0.473028672085415,7.0
7441,192900,0.6768255050945889,4.0
7441,537418,0.9228788064460473,3.0
7441,231781,0.9766774346556091,1.0
7441,117576,0.9365923838310246,2.0
7441,404339,0.03119302059378176,10.0
7441,329662,0.5090215545784897,5.0
7441,504996,0.44047402064272945,8.0
7441,336018,0.4734544986562042,6.0
7441,180733,0.0862837315679082,9.0
5080,305901,0.41347078569877993,5.0
5080,553304,0.48610071375063846,4.0
5080,392434,0.3160250179676931,8.0
5080,514512,0.3593099686773273,7.0
5080,67063,0.9473490456363154,1.0
5080,488334,0.8053470128139163,2.0
5080,356928,0.8046967850332897,3.0
5080,271026,0.01834092252940627,10.0
5080,88912,0.19356606678656846,9.0
5080,167950,0.37370598967764357,6.0
9329,326991,1.0,1.0
9329,385574,0.2976497280464572,8.0
9329,340210,0.5238222389606939,4.0
9329,394924,0.5230306840432595,5.0
9329,265098,0.6148415758794642,3.0
9329,586018,0.6595445450554334,2.0
9329,179103,0.07980044396119597,9.0
9329,192900,0.3791997772211858,6.0
9329,209493,0.317207733235853,7.0
9329,209065,0.0,10.0
6479,404339,1.0,1.0
6479,272008,0.9423193006731405,2.0
6479,536120,0.30724285613118346,6.0
6479,9938,0.06149687444385463,9.0
6479,453839,0.2303862317965042,7.0
6479,104793,0.006692505383828715,10.0
6479,257656,0.5611314919311081,3.0
6479,491969,0.4746681886090327,4.0
6479,114439,0.1710580551780306,8.0
6479,340210,0.35841504164122256,5.0
8513,175821,1.0,1.0
8513,69790,0.6024665418905104,2.0
8513,167950,0.4508334276131467,6.0
8513,183612,0.026140707444538103,10.0
8513,449039,0.29186536112376327,8.0
8513,267113,0.5088420413229742,4.0
8513,167896,0.27932215393787624,9.0
8513,417840,0.5044089270907978,5.0
8513,232712,0.5672104461242841,3.0
8513,87667,0.3910294198178443,7.0
10109,93231,1.0,1.0
10109,28314,0.807305670494253,2.0
10109,535317,0.2820989233618082,5.0
10109,395357,0.29727046499753856,4.0
10109,124630,0.16018683936209094,6.0
10109,244749,0.07913776481613789,9.0
10109,305467,0.14436211558746256,7.0
10109,116420,0.11690931192039894,8.0
10109,474384,0.31275694978428853,3.0
10109,105818,0.0,10.0
4844,275257,1.0,1.0
4844,367137,0.5148001917319953,4.0
4844,192193,0.6908780925957194,2.0
4844,111033,0.5992575162352899,3.0
4844,235522,0.47087288094953494,5.0
4844,549741,0.17257557600018347,8.0
4844,140088,0.3931569251934759,6.0
4844,386423,0.12925778044669128,9.0
4844,144177,0.2735542563163389,7.0
4844,409432,0.0,10.0
8544,214003,1.0,1.0
8544,37517,0.08886709354437225,7.0
8544,336541,0.3378299133013037,4.0
8544,75437,0.25569660222760204,6.0
8544,13260,0.361315855398467,3.0
8544,100103,0.5537854953470754,2.0
8544,416307,0.08337990987962249,8.0
8544,12432,0.03633626870323728,10.0
8544,561884,0.32435675127549407,5.0
8544,111768,0.07779630282640097,9.0
4823,561929,1.0,1.0
4823,362919,0.692802598349071,3.0
4823,340131,0.2567972786398352,8.0
4823,104726,0.7081224688959799,2.0
4823,11572,0.5682479560432415,6.0
4823,7094,0.6859723432374247,4.0
4823,2860,0.2134415955821908,9.0
4823,459423,0.599010560060028,5.0
4823,252716,0.4542993363095644,7.0
4823,271118,0.0,10.0
1085,366597,1.0,1.0
1085,405702,0.7408913854455703,2.0
1085,485195,0.09391037447066998,9.0
1085,374334,0.17210226354680574,8.0
1085,108302,0.3071302554056661,5.0
1085,581889,0.29061179512169294,6.0
1085,94586,0.005177124853967026,10.0
1085,184175,0.6030905436682541,4.0
1085,401125,0.7137300137288609,3.0
1085,315275,0.26361401817690144,7.0
2388,104988,1.0,1.0
2388,300287,0.5203245365899539,2.0
2388,13657,0.2564778841991129,8.0
2388,123733,0.024079845242179945,10.0
2388,459423,0.48215709077362395,3.0
2388,565698,0.3543989591118304,5.0
2388,423403,0.29256269645437544,6.0
2388,157702,0.4650354501740081,4.0
2388,141320,0.28836636498847823,7.0
2388,429978,0.18621116636613486,9.0
6891,474351,1.0,1.0
6891,492506,0.43339918295017876,2.0
6891,504497,0.02704886253011813,9.0
6891,558924,0.30296492491272714,5.0
6891,264095,0.22499645506281013,7.0
6891,381757,0.3630662835630945,4.0
6891,323363,0.3755585552572176,3.0
6891,579543,0.07881465137869857,8.0
6891,143425,0.2612576048776891,6.0
6891,73434,0.0,10.0
2568,346042,1.0,1.0
2568,164702,0.24455315675187808,5.0
2568,170141,0.6867527587594857,3.0
2568,13975,0.1911916705810847,7.0
2568,544654,0.033990287614403085,10.0
2568,130209,0.453983516496279,4.0
2568,428150,0.10084253288556272,9.0
2568,269898,0.8528250858338209,2.0
2568,368802,0.21048652798732537,6.0
2568,213370,0.1515867321830523,8.0
7702,558924,0.7911021474217137,2.0
7702,133093,0.698744258941349,3.0
7702,387277,0.9636519070309082,1.0
7702,592636,0.1597445867694422,7.0
7702,214542,0.19870001197280393,6.0
7702,192193,0.26125801355408784,5.0
7702,108721,0.06169256246846512,9.0
7702,140088,0.33931958546154256,4.0
7702,367137,0.1299367221826405,8.0
7702,259317,0.0,10.0
2376,91545,0.8836388852746402,4.0
2376,402249,0.9172167125853812,2.0
2376,244961,0.7184585617326789,7.0
2376,114417,0.6821534310791108,8.0
2376,549833,0.9585677525354419,1.0
2376,324411,0.7225301958784052,6.0
2376,407455,0.7606461513027493,5.0
2376,64263,0.897017185136021,3.0
2376,582521,0.5320119610580892,9.0
2376,44110,0.0,10.0
4339,386531,1.0,1.0
4339,488615,0.9291464443528481,2.0
4339,16392,0.3844823653492233,5.0
4339,242076,0.20212515475929768,7.0
4339,240645,0.1658517321834972,8.0
4339,473540,0.43696509505404774,3.0
4339,260328,0.40789510724402883,4.0
4339,455398,0.008461775894235194,10.0
4339,242294,0.2302600010783771,6.0
4339,103256,0.0881209847342594,9.0
5427,387854,0.4780436427730076,5.0
5427,580709,0.513970869267915,4.0
5427,55666,0.5957541307961944,3.0
5427,200338,0.03626122100773653,10.0
5427,597467,0.4376764720452208,6.0
5427,142876,0.6292603568787997,2.0
5427,522358,0.1033228738887885,9.0
5427,273084,0.3078963206963888,8.0
5427,200603,0.9007475591470492,1.0
5427,549759,0.333687758511953,7.0
7734,226070,1.0,1.0
7734,96013,0.6804751493508233,2.0
7734,87667,0.4249382092540054,7.0
7734,94591,0.4621682948081492,6.0
7734,10703,0.5765311435871927,3.0
7734,150544,0.04771811575643494,9.0
7734,421371,0.419386374404691,8.0
7734,232712,0.48741391052612726,5.0
7734,247486,0.002340709192912873,10.0
7734,433905,0.5282777018408992,4.0
2486,487791,1.0,1.0
2486,58937,0.6503663644473973,3.0
2486,388575,0.3251770419107117,7.0
2486,101604,0.37894850447069883,6.0
2486,216327,0.17387941321286995,9.0
2486,250702,0.5091175034550781,4.0
2486,357914,0.30660298286794374,8.0
2486,234436,0.7343348955287021,2.0
2486,518563,0.0010135520052331575,10.0
2486,130021,0.4939631553235879,5.0
7071,238629,0.6305169192111426,3.0
7071,99857,0.17249530219810377,8.0
7071,178684,0.724704151535766,2.0
7071,14543,0.36368023038871083,7.0
7071,588384,0.10107580755260834,9.0
7071,246221,0.5379242295676341,4.0
7071,403899,0.008377542651485973,10.0
7071,434812,0.9041834735885784,1.0
7071,319793,0.524146453468943,5.0
7071,378173,0.447088062840134,6.0
8537,511093,0.9227200595861476,2.0
8537,416307,0.9717298744382189,1.0
8537,572842,0.12849774211601708,7.0
8537,281707,0.058549969701982646,10.0
8537,374020,0.5534233105412654,6.0
8537,96467,0.7084703784271137,5.0
8537,557356,0.7287926011805259,4.0
8537,472516,0.9029608495240073,3.0
8537,472014,0.07996853816794876,9.0
8537,501384,0.11857274016111881,8.0
7178,70096,0.3898678135933906,3.0
7178,401329,0.9449581950095761,1.0
7178,420851,0.4341261408961626,2.0
7178,518563,0.163858961215842,9.0
7178,58851,0.008131578148548294,10.0
7178,474384,0.28480559484955753,6.0
7178,88892,0.1727324959092334,8.0
7178,193312,0.2964232895260699,5.0
7178,484055,0.3410943822428658,4.0
7178,554568,0.21798788313892598,7.0
4777,2860,0.8828843362551674,2.0
4777,409535,0.9800845907025948,1.0
4777,228983,0.0841947208912735,8.0
4777,429378,0.12321115685495594,5.0
4777,407455,0.13845063040316385,4.0
4777,167896,0.7948872489084358,3.0
4777,525231,0.10016852804207596,7.0
4777,570155,0.12044446087541484,6.0
4777,413041,0.005885190905992224,10.0
4777,164008,0.04883779227135503,9.0
2398,168922,0.1,10.0
2398,96538,0.8892485237756709,2.0
2398,443246,0.7352969589580144,3.0
2398,490443,0.6346626839898072,5.0
2398,527698,0.9374714286237629,1.0
2398,548465,0.6495909041446366,4.0
2398,107092,0.4960080634539079,8.0
2398,505959,0.6036171356346958,6.0
2398,403515,0.24083799324949698,9.0
2398,342212,0.5667238993021555,7.0
849,557186,1.0,1.0
849,528564,0.6876985866043908,4.0
849,232199,0.7951264258905291,2.0
849,183612,0.7011583708749541,3.0
849,234436,0.3405157102275126,9.0
849,366830,0.6335897071001662,6.0
849,24890,0.3579942634873955,8.0
849,327263,0.5890821943357822,7.0
849,454810,0.002647937668156917,10.0
849,273947,0.6475828200908748,5.0
7534,175821,1.0,1.0
7534,301224,0.34698141666107457,4.0
7534,498378,0.368872353984341,3.0
7534,46099,0.02639077176492592,9.0
7534,147765,0.13510373093057107,7.0
7534,89714,0.6218493225771363,2.0
7534,51046,0.2866268892498698,5.0
7534,211839,0.0016601575247855449,10.0
7534,255491,0.1142109848117467,8.0
7534,169062,0.2329696589878084,6.0
5021,226070,0.39756426227513564,4.0
5021,423034,0.9643269510430728,1.0
5021,588607,0.09092508667041077,9.0
5021,79357,0.7381409953033421,2.0
5021,494939,0.7182762232169757,3.0
5021,3118,0.01558268926214421,10.0
5021,339640,0.31273058948229576,6.0
5021,289813,0.16189942031650903,8.0
5021,481308,0.31711839208757947,5.0
5021,136825,0.24484484384307462,7.0
6131,326094,0.9314644590096475,1.0
6131,334111,0.9065582384631743,3.0
6131,44223,0.41128996427867365,6.0
6131,258465,0.7930963902860856,4.0
6131,123733,0.03085411338347758,10.0
6131,368806,0.9173194774261045,2.0
6131,315275,0.11405563987624853,8.0
6131,470024,0.5678550144487239,5.0
6131,483441,0.381861382779118,7.0
6131,169699,0.031732988207838944,9.0
10136,152316,0.8720182870777862,2.0
10136,32744,0.5080847289607706,3.0
10136,290930,0.9816886100668141,1.0
10136,277179,0.40408064254241266,5.0
10136,18509,0.03851108324127749,10.0
10136,198349,0.28386051566507436,6.0
10136,302792,0.08504269250984871,8.0
10136,507284,0.4428139543124351,4.0
10136,280204,0.2527145157467378,7.0
10136,144177,0.06664664455345339,9.0
9548,423658,0.9185586223887684,2.0
9548,523810,0.45758812163598767,4.0
9548,297290,0.961811447608538,1.0
9548,231227,0.8624880567795709,3.0
9548,61022,0.04498886449906159,9.0
9548,72160,0.19760702738289324,8.0
9548,539263,0.2582388899549728,6.0
9548,32811,0.035960887291979333,10.0
9548,583203,0.22445533833356138,7.0
9548,482544,0.3309581008107561,5.0
4942,314898,1.0,1.0
4942,433490,0.6913561333968485,2.0
4942,295864,0.0587308762495499,8.0
4942,70853,0.33660709882998135,3.0
4942,420556,0.15571452721763498,7.0
4942,94689,0.20452874774438323,6.0
4942,486333,0.3024576427883237,4.0
4942,62966,0.2630905855956863,5.0
4942,55999,0.00646116320688102,10.0
4942,539263,0.017124857771382528,9.0
5090,572272,0.5538708390994604,2.0
5090,12988,0.9787936661014842,1.0
5090,270856,0.48049768734663056,4.0
5090,468777,0.04772699435242164,10.0
5090,507544,0.4891525873191777,3.0
5090,551423,0.296484744157428,8.0
5090,149500,0.3903142219131225,6.0
5090,247721,0.14527936761800805,9.0
5090,169688,0.3731451060229912,7.0
5090,414534,0.4391493462861812,5.0
6005,149500,1.0,1.0
6005,507544,0.8137246671901087,2.0
6005,572272,0.7878846230969136,3.0
6005,551423,0.2559010847279679,6.0
6005,140947,0.009943860163260666,10.0
6005,30311,0.12744961553377684,9.0
6005,176498,0.6217270797296248,4.0
6005,414288,0.5171503793561713,5.0
6005,515060,0.13843872237968072,8.0
6005,377223,0.15418243049635572,7.0
7533,162668,1.0,1.0
7533,461084,0.557129492858771,4.0
7533,438680,0.42535119649016656,7.0
7533,284411,0.6338839881070796,2.0
7533,167356,0.29438491560019775,8.0
7533,257016,0.49222843136722466,5.0
7533,201495,0.5854221822509934,3.0
7533,213435,0.47598445669651135,6.0
7533,167950,0.005821811135169737,10.0
7533,407654,0.017731679374657885,9.0
8034,284075,0.1,10.0
8034,327978,0.3395208685270987,6.0
8034,415340,0.1518670440851575,8.0
8034,307999,0.9517613493666165,1.0
8034,292991,0.11714883724844621,9.0
8034,198764,0.44573048315138636,4.0
8034,13153,0.6987420153890221,2.0
8034,22221,0.681461778451674,3.0
8034,213435,0.32862875307217626,7.0
8034,579557,0.381430576561475,5.0
2330,478514,1.0,1.0
2330,260014,0.08455843201040232,8.0
2330,370334,0.5334062642773422,2.0
2330,345895,0.2203138443736793,6.0
2330,156873,0.22215357747253317,5.0
2330,572272,0.02674713092951614,9.0
2330,488334,0.24172709210756865,4.0
2330,94586,0.12838659435051383,7.0
2330,167684,0.2966705161112526,3.0
2330,9656,0.0,10.0
7803,62151,1.0,1.0
7803,572205,0.39989345642517976,5.0
7803,327127,0.33928793394704526,7.0
7803,216065,0.5293123972629241,3.0
7803,214003,0.45238311172124973,4.0
7803,100103,0.32173714695353905,8.0
7803,336541,0.3681706179884558,6.0
7803,324037,0.1130159885743591,9.0
7803,583651,0.0023928388763618455,10.0
7803,12432,0.5623053979385033,2.0
1933,183612,1.0,1.0
1933,446984,0.43962798030719163,3.0
1933,141738,0.04035295838611696,9.0
1933,352640,0.2744213772824342,7.0
1933,445298,0.3897681432480529,4.0
1933,413041,0.00494789460739899,10.0
1933,466718,0.5350389487940137,2.0
1933,234436,0.24632889083589088,8.0
1933,264554,0.34074037784157646,6.0
1933,134794,0.35079534079807617,5.0
6849,44601,1.0,1.0
6849,59714,0.3289888297071899,5.0
6849,78675,0.40694889212281177,4.0
6849,578427,0.6178125703593261,2.0
6849,172703,0.22744950256416213,6.0
6849,79998,0.21527073619129652,7.0
6849,112208,0.10741364982628634,8.0
6849,418150,0.5597294302938085,3.0
6849,328086,0.0024251168867505794,10.0
6849,61962,0.004381644841567535,9.0
7448,418150,1.0,1.0
7448,100485,0.11511352462148511,9.0
7448,273861,0.012487524591352005,10.0
7448,112208,0.359201577776062,3.0
7448,377429,0.19829070707852972,5.0
7448,387277,0.15012801551479257,7.0
7448,307095,0.248755698797354,4.0
7448,133093,0.1210172382206069,8.0
7448,44601,0.3614299257207955,2.0
7448,172703,0.15561624378799488,6.0
42,283079,0.9709785394043674,1.0
42,278824,0.6034045147309719,6.0
42,528564,0.7051953317215083,4.0
42,327002,0.9138983818605537,2.0
42,141738,0.2501181920934139,8.0
42,124630,0.1367505274151904,9.0
42,366830,0.6955146666352514,5.0
42,467509,0.015939475262356673,10.0
42,536849,0.9095721428218848,3.0
42,583956,0.4807911019615239,7.0
4102,125940,0.24329963102872867,8.0
4102,293320,0.2851794462156103,7.0
4102,572340,0.7118052847870051,2.0
4102,554734,0.9695929841914749,1.0
4102,275925,0.3561306382320153,6.0
4102,327978,0.5822826646297231,4.0
4102,326142,0.6217297960828447,3.0
4102,460457,0.18709593368386646,9.0
4102,356987,0.007199415306330574,10.0
4102,324779,0.3831622307622364,5.0
7269,474351,0.36422340718172164,6.0
7269,588607,0.37297363018564633,5.0
7269,72402,0.29302736436192434,7.0
7269,226070,0.12820140855530746,9.0
7269,301580,0.01696840223904047,10.0
7269,486696,0.8240626754108646,2.0
7269,386173,0.15442673075672428,8.0
7269,392894,0.9061866211060513,1.0
7269,129319,0.4227994219056338,4.0
7269,90294,0.4748290092780616,3.0
10975,363591,0.17067915572185086,9.0
10975,17166,0.973017919391453,1.0
10975,72160,0.3843197268053405,4.0
10975,545759,0.2816621551532589,7.0
10975,384564,0.25843587294152204,8.0
10975,482544,0.8432265317767941,2.0
10975,528522,0.018620428184280138,10.0
10975,61022,0.29368999901036186,6.0
10975,452870,0.7366640390120074,3.0
10975,341493,0.32435385634274316,5.0
715,93936,0.1534137639343459,8.0
715,232262,0.8239497168038326,3.0
715,377223,0.8879798010226552,2.0
715,590489,0.7957646085298022,4.0
715,560872,0.9173152081844422,1.0
715,127316,0.47707149552287587,7.0
715,273925,0.7421163118339713,5.0
715,524752,0.025424507878865115,9.0
715,212028,0.0021721791600423216,10.0
715,167896,0.6318473576364687,6.0
4037,557186,0.7623935348983227,2.0
4037,408327,0.48310416307602966,3.0
4037,81483,0.01895795228648496,10.0
4037,264554,0.3241875009585233,6.0
4037,70488,0.13491413026424964,8.0
4037,73427,0.4081862980461877,4.0
4037,141738,0.06956749040741934,9.0
4037,327002,0.34540016549742464,5.0
4037,298099,0.900484665437729,1.0
4037,278824,0.22624168120843646,7.0
4047,159836,0.29719951736580374,6.0
4047,538352,0.9763148352088045,1.0
4047,124230,0.5787925727734039,4.0
4047,457294,0.22755780314607837,7.0
4047,227423,0.7711164405026896,2.0
4047,488258,0.12535749604614044,8.0
4047,186453,0.5884600954165493,3.0
4047,560872,0.09564860784885437,9.0
4047,304477,0.0019489178378791093,10.0
4047,472585,0.31353249316967946,5.0
8072,31465,1.0,1.0
8072,127452,0.5332035460119011,4.0
8072,164008,0.44357490941262007,6.0
8072,413041,0.06662303949419544,10.0
8072,394244,0.5565843673755257,3.0
8072,284235,0.6051564647914361,2.0
8072,494727,0.36521257473576013,7.0
8072,294867,0.5185580272099982,5.0
8072,316838,0.23275445547790777,9.0
8072,169062,0.24978444898666954,8.0
5906,258465,0.4727925941687331,5.0
5906,409907,0.9516142536937349,1.0
5906,318520,0.780777116550242,2.0
5906,470024,0.12579067935271737,9.0
5906,289231,0.03646734714159038,10.0
5906,273528,0.4953563637542333,4.0
5906,326094,0.13839180327948106,8.0
5906,2460,0.30605458807145774,6.0
5906,394467,0.15000146299926817,7.0
5906,15172,0.7010891887613326,3.0
8378,178684,1.0,1.0
8378,246221,0.7037311033007966,5.0
8378,238629,0.7657261501878372,3.0
8378,434812,0.8212762945127793,2.0
8378,102237,0.751625246401072,4.0
8378,43497,0.21305060775027915,7.0
8378,403025,0.07338198775256533,9.0
8378,382381,0.2868259166689361,6.0
8378,554568,0.19010954383102854,8.0
8378,597401,0.0,10.0
885,315275,0.4236361640530799,4.0
885,273528,0.324857204078306,7.0
885,173929,0.22427653983745785,8.0
885,394467,0.36797222783068506,6.0
885,485195,0.03612133853249979,10.0
885,326094,0.916050428096212,1.0
885,483441,0.41764883932041025,5.0
885,258465,0.7912917384152417,2.0
885,399013,0.1132845579041411,9.0
885,246459,0.4514874686995363,3.0
2423,529444,0.8924980559639815,2.0
2423,396127,0.9907770578452725,1.0
2423,89049,0.5545304143211809,6.0
2423,124027,0.6151433644449156,5.0
2423,461084,0.45208198546311734,8.0
2423,388646,0.5051259559104323,7.0
2423,553288,0.8039753521632625,3.0
2423,428150,0.7260662097726762,4.0
2423,370334,0.07189690155882733,9.0
2423,175232,0.0,10.0
4414,235522,0.935274085165437,2.0
4414,367137,0.9720733430589354,1.0
4414,133093,0.18668797991259495,8.0
4414,144177,0.6490518045940992,5.0
4414,111033,0.5281991144015582,6.0
4414,275257,0.13018219894331093,9.0
4414,29073,0.8589604070282653,3.0
4414,140088,0.31095739329143357,7.0
4414,76776,0.0018557122567697535,10.0
4414,577578,0.6623767621064931,4.0
1297,313909,0.3369746295127025,5.0
1297,171761,0.9984641885406957,1.0
1297,219758,0.28683039395867416,7.0
1297,289813,0.32598511530448315,6.0
1297,90712,0.3643829614232965,4.0
1297,146021,0.5837324453382199,3.0
1297,370663,0.5891008188770924,2.0
1297,66246,0.05942243025956023,9.0
1297,545434,0.0032214816560384076,10.0
1297,521712,0.2164161334273036,8.0
8512,32811,1.0,1.0
8512,61022,0.6588133994385612,2.0
8512,149696,0.3831250645381633,5.0
8512,320101,0.03423751363732371,10.0
8512,528522,0.2751405792071879,7.0
8512,231227,0.12625699148060482,9.0
8512,461592,0.47451096997542286,4.0
8512,474384,0.29466915890191003,6.0
8512,214901,0.1569806835335574,8.0
8512,452870,0.48663210709246857,3.0
3822,290930,0.5977365989326955,4.0
3822,454157,0.4946963017994849,7.0
3822,586151,0.9520793346490842,1.0
3822,318583,0.04635158311032576,9.0
3822,592636,0.5817156441455172,5.0
3822,476834,0.5277842630159373,6.0
3822,597880,0.3915258197206381,8.0
3822,309269,0.6087235138317707,3.0
3822,431814,0.036013657356454856,10.0
3822,369355,0.7427593191076709,2.0
859,32530,0.888723573371109,2.0
859,326094,0.9392197689385996,1.0
859,171720,0.6988086305961667,4.0
859,377223,0.6447364435178533,6.0
859,310215,0.32432695915741067,9.0
859,308837,0.4326046262398731,8.0
859,513258,0.009020744202262681,10.0
859,388201,0.5770862365455063,7.0
859,506374,0.6654250354443475,5.0
859,217683,0.8014433038535639,3.0
6668,457294,1.0,1.0
6668,93971,0.1997593503687633,6.0
6668,301570,0.03229793527358941,10.0
6668,228403,0.30758929436820615,4.0
6668,159703,0.13300387199757008,9.0
6668,326991,0.15273837704008444,7.0
6668,526110,0.35325916692670545,3.0
6668,88892,0.2314202065943206,5.0
6668,241337,0.46163503118400384,2.0
6668,11988,0.1442131007861029,8.0
604,38711,0.5834976879939512,4.0
604,571430,0.9812364182231915,1.0
604,224869,0.39448890220587407,7.0
604,115553,0.06642137426926899,9.0
604,197222,0.42468533988612694,6.0
604,348353,0.7454706320895633,3.0
604,561377,0.42663121798741827,5.0
604,195191,0.007352702476743686,10.0
604,342307,0.3062387930255534,8.0
604,486333,0.7570363093825047,2.0
3177,539263,0.8165358062252471,4.0
3177,172703,0.9465476572180834,2.0
3177,536120,0.6076195206942645,6.0
3177,377429,0.9073458510757589,3.0
3177,480315,0.9594338120766803,1.0
3177,87722,0.5280025018800034,7.0
3177,17208,0.8134277557034303,5.0
3177,467575,0.31319062539491305,8.0
3177,328086,0.00842001385479928,10.0
3177,423658,0.13650252330486376,9.0
721,496225,1.0,1.0
721,51615,0.09848473514421532,7.0
721,298128,0.33118592514517825,3.0
721,568526,0.4280262181127313,2.0
721,251824,0.14791969455739737,6.0
721,196427,0.005882530480178525,10.0
721,597880,0.09377539503410105,8.0
721,150650,0.18867217475401038,5.0
721,447353,0.21148779520611294,4.0
721,358661,0.04257549609323003,9.0
7124,427726,0.45218052187232005,5.0
7124,242524,0.424545957999368,7.0
7124,62151,0.3598029268476115,9.0
7124,265314,0.4353588233612793,6.0
7124,226070,0.5051193416849648,4.0
7124,558617,0.9455507030887922,1.0
7124,433905,0.5432856678973705,3.0
7124,421371,0.6292485430331369,2.0
7124,96013,0.4081305727063617,8.0
7124,162668,0.0,10.0
4500,236482,0.23818090812594733,6.0
4500,533623,0.8358679060413772,2.0
4500,474234,0.27841594232996086,5.0
4500,166487,0.3694625146314651,4.0
4500,231781,0.12684077446337585,8.0
4500,80031,0.1609788482022232,7.0
4500,163048,0.9129754768164412,1.0
4500,62897,0.012045318344194736,10.0
4500,275929,0.6355314334631509,3.0
4500,81101,0.018917912804062728,9.0
603,64103,0.506870502706877,3.0
603,399013,0.9528391181248022,1.0
603,535651,0.14325479310216305,7.0
603,120090,0.5861139459962987,2.0
603,279897,0.2730098750748199,6.0
603,55022,0.293554279637403,5.0
603,35736,0.4934740973019841,4.0
603,544486,0.037665203336049856,9.0
603,77503,0.005411908236567667,10.0
603,139047,0.07334946651723087,8.0
6647,462265,1.0,1.0
6647,13260,0.21367996947703927,4.0
6647,96013,0.07336749072149637,8.0
6647,464533,0.16070023165311925,6.0
6647,562171,0.032195221008642645,10.0
6647,326233,0.17486159249653754,5.0
6647,209188,0.4558730585126489,2.0
6647,231068,0.24156561204818705,3.0
6647,391988,0.048104546574232125,9.0
6647,531990,0.0825112344892428,7.0
5369,258465,0.8325836311366416,2.0
5369,172128,0.6165179738653639,7.0
5369,184175,0.9426252733981928,1.0
5369,399013,0.8169207004017566,3.0
5369,173929,0.023979755373685987,10.0
5369,171339,0.6920817396265542,5.0
5369,414288,0.7052879630553809,4.0
5369,500946,0.6203361960976262,6.0
5369,70724,0.3633893119252421,8.0
5369,118280,0.058718160046665066,9.0
932,48722,0.9510715256323914,2.0
932,387010,0.9875613925648593,1.0
932,442110,0.7486235493685682,3.0
932,292769,0.18285369196503246,8.0
932,593085,0.06598646900572294,9.0
932,23747,0.2118718566000718,7.0
932,418630,0.6850902406180928,4.0
932,281045,0.211922053298296,6.0
932,196427,0.004930061928833913,10.0
932,571430,0.5228930587737606,5.0
9633,259081,0.7221913567933377,2.0
9633,534418,0.9829428279941432,1.0
9633,481166,0.20240138100551602,7.0
9633,185909,0.3595233045856263,4.0
9633,552479,0.2094943382700883,6.0
9633,590578,0.023468950193613898,9.0
9633,484055,0.29865308026747894,5.0
9633,474351,0.3729839940567366,3.0
9633,363741,0.01232324190376607,10.0
9633,262441,0.09026065796279306,8.0
1676,394871,0.4409583799440232,4.0
1676,234436,0.9786583737764255,1.0
1676,77245,0.501279281279947,3.0
1676,487791,0.7908196101459825,2.0
1676,58937,0.21743748239644484,6.0
1676,352640,0.2574426138662553,5.0
1676,279538,0.11603415270697898,7.0
1676,196920,0.06973728888384889,8.0
1676,555732,2.217745275098571e-06,10.0
1676,136804,0.008634804025951105,9.0
4804,222153,0.6319786592426146,3.0
4804,325892,0.2666574740146448,6.0
4804,255795,0.48856662571839476,5.0
4804,285255,0.4936249031342446,4.0
4804,45218,0.0220728548558405,10.0
4804,162456,0.9102159609266363,1.0
4804,143100,0.17419966282443974,8.0
4804,51583,0.10420607734022147,9.0
4804,116574,0.6532546761408184,2.0
4804,393132,0.2070769610788909,7.0
2747,445298,1.0,1.0
2747,431685,0.06956139961992791,8.0
2747,535705,0.4231909965665874,6.0
2747,583635,0.041180014441918045,10.0
2747,387010,0.5816831742603417,4.0
2747,571430,0.1364305753506918,7.0
2747,418630,0.8818494662053469,2.0
2747,279538,0.5259021304253058,5.0
2747,582864,0.6301525510723195,3.0
2747,123468,0.04685348961200482,9.0
8632,43497,1.0,1.0
8632,382381,0.8851230019015168,2.0
8632,344372,0.554672168361983,3.0
8632,575741,0.2130392833308001,6.0
8632,458385,0.017129642812802034,10.0
8632,416307,0.10750600155491122,9.0
8632,102436,0.4970801509310537,4.0
8632,223070,0.3027409994619192,5.0
8632,363043,0.12058538423287504,8.0
8632,186453,0.1884890703226359,7.0
4981,102684,0.8979293870777812,2.0
4981,45218,0.9649394377014172,1.0
4981,578585,0.2469917493228874,5.0
4981,341625,0.5346595029125022,3.0
4981,590710,0.15751072511789413,6.0
4981,264800,0.1455194378162278,7.0
4981,475541,0.014807356820515842,9.0
4981,212481,0.0025445011503571085,10.0
4981,567362,0.5128213742302825,4.0
4981,319692,0.13222540074101363,8.0
6146,289231,0.1,9.0
6146,2460,0.4286969481247929,4.0
6146,470024,0.29131265816916835,6.0
6146,394467,0.38621889928371833,5.0
6146,160125,0.9470495291751849,1.0
6146,581889,0.5505803092163217,3.0
6146,326094,0.2748622618450926,7.0
6146,580709,0.02813430787086797,10.0
6146,273528,0.21939498090849435,8.0
6146,7403,0.8209963187489661,2.0
10674,328556,0.4355179081363416,4.0
10674,435963,0.3527324654166076,5.0
10674,89460,0.28889678453702905,6.0
10674,109860,0.24784543443710838,8.0
10674,88813,0.48934875951363177,3.0
10674,319793,0.6024647188253324,2.0
10674,99857,0.910441986138388,1.0
10674,99757,0.2713184173548251,7.0
10674,431814,0.23806475350618292,9.0
10674,363043,0.0,10.0
3683,276975,0.9836400607106266,1.0
3683,105973,0.9600777924092432,2.0
3683,421538,0.3076143601247763,5.0
3683,522713,0.7451161344256174,3.0
3683,303977,0.013929830352899545,10.0
3683,178521,0.07819728847509262,7.0
3683,500460,0.39297679400658775,4.0
3683,116865,0.015701016729434275,9.0
3683,158717,0.07409170232511736,8.0
3683,349866,0.18157766419229987,6.0
928,394460,0.4817256248831082,3.0
928,349866,0.987605925339021,1.0
928,400009,0.16886737967822582,6.0
928,573276,0.024559604439082616,10.0
928,490443,0.12280362669673783,7.0
928,305509,0.030953227100458773,9.0
928,11572,0.7725188281590895,2.0
928,253563,0.03886944063114931,8.0
928,422770,0.4157891214311892,4.0
928,409573,0.3471592296010494,5.0
5054,21311,0.4219602838467005,3.0
5054,485863,0.2397747796305633,6.0
5054,542521,0.4087581557173849,4.0
5054,144660,0.2633628367094325,5.0
5054,307113,0.08601084628007523,9.0
5054,305901,0.1709953081578725,8.0
5054,406457,0.9228318152775865,1.0
5054,366219,0.005216928130907081,10.0
5054,340131,0.8836447029814994,2.0
5054,15172,0.1908585565302223,7.0
6554,583203,1.0,1.0
6554,226967,0.42901552209709265,3.0
6554,377429,0.25446425862203537,8.0
6554,122012,0.45375797860072703,2.0
6554,403755,0.3642353111118306,5.0
6554,574327,0.42820074554541565,4.0
6554,275902,0.008745432200894373,10.0
6554,536120,0.3166914007020843,7.0
6554,480315,0.33156413300657833,6.0
6554,21103,0.06689865006512867,9.0
7377,579557,1.0,1.0
7377,6666,0.4780051511495671,7.0
7377,328086,0.34298304696833426,8.0
7377,345895,0.046947896573686594,10.0
7377,293679,0.9084524020767127,2.0
7377,81304,0.8869328193958766,3.0
7377,172703,0.8075428754783293,4.0
7377,17208,0.4983946333070036,6.0
7377,505027,0.23901722346114335,9.0
7377,453542,0.5657672523187187,5.0
1309,15824,0.6917623707151921,3.0
1309,438869,0.8318901330392027,2.0
1309,279845,0.4540870383655241,6.0
1309,266319,0.4837196386467642,4.0
1309,110386,0.18168355498654476,8.0
1309,366594,0.4338683403445432,7.0
1309,443795,0.008414770058716433,10.0
1309,135415,0.4570758684985311,5.0
1309,16778,0.1531518501871656,9.0
1309,471630,0.9,1.0
8351,273142,1.0,1.0
8351,469776,0.08867633237954198,7.0
8351,171720,0.17062856624796072,6.0
8351,213331,0.21613374731158755,5.0
8351,528132,0.31066638150146686,3.0
8351,191977,0.006606986885910743,10.0
8351,71873,0.5085072068638306,2.0
8351,405374,0.04895124233545269,9.0
8351,568526,0.24386374664443985,4.0
8351,304009,0.052305506512967455,8.0
6441,254279,1.0,1.0
6441,156029,0.6733022380260482,2.0
6441,28314,0.5859387703030239,3.0
6441,529993,0.025424940656683166,10.0
6441,87722,0.29065580183594275,6.0
6441,536120,0.10052208971570506,9.0
6441,593644,0.31088152441015954,5.0
6441,108721,0.3280025564129576,4.0
6441,174619,0.12205354411163358,8.0
6441,90712,0.21906610305470753,7.0
4837,426223,0.3222396434228254,8.0
4837,95778,0.695615018723794,4.0
4837,565330,0.5262794243563234,7.0
4837,159936,0.8579402901428347,2.0
4837,187739,0.933886598385159,1.0
4837,254454,0.6807548953695299,5.0
4837,167896,0.017492291952447652,10.0
4837,565698,0.5372526248049867,6.0
4837,275410,0.30252787516417773,9.0
4837,274870,0.8301534786878949,3.0
9871,553288,0.5732550008477963,4.0
9871,76562,0.9604750902478962,1.0
9871,322771,0.6319887036781086,3.0
9871,240645,0.32463982069977376,7.0
9871,547301,0.3477721260323472,6.0
9871,213755,0.0230222242036671,10.0
9871,488366,0.5281174328345275,5.0
9871,305907,0.8493383442935789,2.0
9871,172718,0.16640296206653163,8.0
9871,271832,0.12679741967161312,9.0
3067,423403,0.958472505828292,1.0
3067,372921,0.8122162891265579,4.0
3067,578488,0.8423411447576883,3.0
3067,104726,0.9435381033411904,2.0
3067,104788,0.1345326245059471,8.0
3067,582005,0.3488082260509786,6.0
3067,467135,0.3763106512041068,5.0
3067,318473,0.006924097593967913,10.0
3067,187739,0.3112385790937581,7.0
3067,167896,0.052351137257002155,9.0
5741,124219,0.7984244739002078,2.0
5741,328086,0.3488544148845964,7.0
5741,43781,0.3772477100100423,6.0
5741,259081,0.9213398316425643,1.0
5741,568200,0.5017717445792524,4.0
5741,107688,0.4804066486887365,5.0
5741,301224,0.33144478901687413,8.0
5741,329337,0.0032759192271928426,10.0
5741,136825,0.7222130284706577,3.0
5741,437427,0.019360213146318268,9.0
3566,45029,0.6273072518139925,4.0
3566,195191,0.2491607020649353,8.0
3566,149306,0.9677371908844945,1.0
3566,408123,0.8802488392398589,2.0
3566,152286,0.7378016726472421,3.0
3566,519390,0.3169322711344425,7.0
3566,65782,0.22958449287709387,9.0
3566,595211,0.01333110435977156,10.0
3566,317493,0.6159930288929892,5.0
3566,284075,0.35281369532408574,6.0
5862,562511,0.8861615581440896,2.0
5862,21194,0.9544708044787823,1.0
5862,273947,0.06788966845572082,9.0
5862,170141,0.8163313417566702,4.0
5862,29790,0.19883739926414346,7.0
5862,253563,0.6571797035388156,5.0
5862,269898,0.8559592779793005,3.0
5862,346042,0.5707335871168572,6.0
5862,258465,0.14148774901248992,8.0
5862,78176,0.0,10.0
8779,209730,0.9415352049520942,2.0
8779,180571,0.9528373533294706,1.0
8779,17166,0.30526863904746926,5.0
8779,213591,0.031797702959038394,10.0
8779,279538,0.32964785833938814,4.0
8779,72160,0.45845366977501023,3.0
8779,319954,0.24774284671323826,7.0
8779,452870,0.1768190545468771,8.0
8779,491964,0.25438883169519794,6.0
8779,214901,0.12227150100570404,9.0
4714,505057,0.9813534913371739,1.0
4714,584450,0.9610700258536407,2.0
4714,324833,0.6877484530894191,3.0
4714,184506,0.3210063246158757,8.0
4714,295980,0.33393685425949,7.0
4714,249450,0.35144218879615824,6.0
4714,118374,0.4148545073856055,4.0
4714,424585,0.1890688883987033,9.0
4714,473809,0.00020570665055873487,10.0
4714,46211,0.37992510435208227,5.0
7311,125355,0.5810038307487959,3.0
7311,279897,0.3422377201532446,6.0
7311,183349,0.014785431811095477,9.0
7311,523279,0.16038588624524075,8.0
7311,33576,0.3351263710012197,7.0
7311,215154,0.41148788948878545,5.0
7311,344267,0.9037580227135082,1.0
7311,238421,0.781646998403263,2.0
7311,334696,0.4569304518583217,4.0
7311,100485,0.006663326139820756,10.0
109,73427,1.0,1.0
109,213331,0.0476115695910023,9.0
109,538023,0.4222243757206601,4.0
109,461084,0.19573330062237404,6.0
109,563025,0.5797181425241704,2.0
109,406457,0.012122200578421977,10.0
109,342212,0.12654710482427498,7.0
109,535705,0.31531274810082466,5.0
109,547301,0.5218127113608654,3.0
109,18509,0.08367392829671695,8.0
570,21311,0.8830669348480611,2.0
570,103593,0.09631455161098473,10.0
570,232199,0.7687592822418547,4.0
570,341493,0.8255199968214696,3.0
570,565684,0.5452884311462343,8.0
570,156358,0.6693294845821277,6.0
570,79888,0.43584874536648555,9.0
570,335991,0.9046915572685196,1.0
570,349384,0.6126214281723268,7.0
570,17166,0.7241219452385342,5.0
6959,301570,0.4373041451839582,5.0
6959,69790,0.7475661241244236,2.0
6959,293767,0.20368272873785587,9.0
6959,482415,0.05172544523558867,10.0
6959,330041,0.4231416875261249,6.0
6959,88813,0.543389204604493,3.0
6959,427726,0.3991928950880529,7.0
6959,266480,0.23501149704877003,8.0
6959,431814,0.9007577616932769,1.0
6959,231781,0.5303789678506399,4.0
90,56718,0.8309141043808173,2.0
90,150219,0.633068855900434,4.0
90,31793,0.9595411696820706,1.0
90,385073,0.6241082153002279,5.0
90,234436,0.6927549015923724,3.0
90,153541,0.36356512976069766,8.0
90,172594,0.4263489186693957,7.0
90,366830,0.3404662431192805,9.0
90,34731,0.4600296818285033,6.0
90,314898,0.0,10.0
5064,2003,1.0,1.0
5064,455614,0.49474094137709373,6.0
5064,135514,0.07882471230538439,9.0
5064,192811,0.8072299297064648,2.0
5064,551423,0.5471779630810505,4.0
5064,414288,0.41988895831567424,7.0
5064,377223,0.5310856031620248,5.0
5064,393278,0.0900489090117478,8.0
5064,524888,0.0026649810245671407,10.0
5064,176498,0.6667263816896754,3.0
4103,307380,1.0,1.0
4103,29073,0.9332646634122735,2.0
4103,577578,0.7757786097713346,4.0
4103,482415,0.7979704724556759,3.0
4103,175265,0.2798339489002259,8.0
4103,370879,0.4933521539952964,6.0
4103,163590,0.01318053470226493,10.0
4103,133093,0.30573993871280236,7.0
4103,169921,0.035036191063893274,9.0
4103,192193,0.5173382115363361,5.0
1198,56718,1.0,1.0
1198,232199,0.3502156274818313,4.0
1198,175272,0.3562834869514739,3.0
1198,103593,0.01037558800286608,10.0
1198,366761,0.4531136209458079,2.0
1198,105872,0.19328789052334805,7.0
1198,467390,0.16774879669979087,8.0
1198,352120,0.20380650679707413,6.0
1198,58937,0.3220486862185623,5.0
1198,434769,0.09737133520504532,9.0
4539,32744,0.8738963479831824,2.0
4539,61792,0.19436295212505733,9.0
4539,275925,0.9269601115674958,1.0
4539,61346,0.4429243381184286,5.0
4539,370879,0.6154806036986697,3.0
4539,426461,0.34896247801376207,6.0
4539,235522,0.2955723948629252,7.0
4539,440270,0.24305700800928637,8.0
4539,83330,0.5887382668982688,4.0
4539,572272,0.0,10.0
9391,248158,0.8753920505058238,2.0
9391,136270,0.446642307452071,6.0
9391,108859,0.5169634558219227,5.0
9391,136515,0.9730844891766698,1.0
9391,142631,0.6336227289341932,3.0
9391,301580,0.5258326294564919,4.0
9391,127263,0.40819672994374384,7.0
9391,105973,0.006352639650458337,10.0
9391,429579,0.3897489706430202,8.0
9391,163590,0.24202879369519223,9.0
4600,577578,0.7275680256051766,2.0
4600,61792,0.3083822305790524,7.0
4600,482415,0.9308323195595035,1.0
4600,257633,0.39485534071276995,5.0
4600,133093,0.393000011213237,6.0
4600,76515,0.07104892499039239,9.0
4600,367137,0.5490270130219619,3.0
4600,214542,0.010351499970401494,10.0
4600,34925,0.395713666279564,4.0
4600,275257,0.2794686192433347,8.0
3735,125659,0.5799176408664856,4.0
3735,93231,0.3129933423474035,6.0
3735,537418,0.450361447710778,5.0
3735,330041,0.6934426140167318,2.0
3735,344065,0.2599711271131392,7.0
3735,511093,0.09544195306720238,9.0
3735,32290,0.9335830605658062,1.0
3735,504996,0.11948042134431158,8.0
3735,266900,0.6422795364773282,3.0
3735,40447,0.0,10.0
5422,483299,0.5993128592321704,5.0
5422,108,0.09890777249118046,9.0
5422,55022,0.06782467405845857,10.0
5422,528034,0.6848400366114579,3.0
5422,81304,0.18788385774923655,8.0
5422,259081,0.9275951338414343,1.0
5422,579235,0.6778784408009143,4.0
5422,136270,0.425545660990377,6.0
5422,22221,0.20602220514925393,7.0
5422,124219,0.8836988575664767,2.0
744,573276,0.8412534468885075,2.0
744,138845,0.26393044351623624,8.0
744,409573,0.5858807132352617,3.0
744,171339,0.3241972624793201,5.0
744,289231,0.9280354589438622,1.0
744,273528,0.10872953542929163,9.0
744,172305,0.017745689535271923,10.0
744,350819,0.31555179751416085,6.0
744,120852,0.30472526244054327,7.0
744,118280,0.4107109093423688,4.0
515,372909,1.0,1.0
515,328341,0.6189863871754997,4.0
515,431685,0.8072859528660155,2.0
515,352838,0.687146765692826,3.0
515,231614,0.4950115966454279,5.0
515,195081,0.24743889442618353,7.0
515,98112,0.04203528947480929,8.0
515,60443,0.008727488393705927,9.0
515,123733,0.00200744032365425,10.0
515,360011,0.3711802084773416,6.0
2443,331253,0.322573544555092,7.0
2443,44609,0.27041616442883276,8.0
2443,305579,0.9413617789730123,1.0
2443,306800,0.7580016265573711,3.0
2443,446647,0.723888513739137,4.0
2443,313437,0.15921441882553308,9.0
2443,426216,0.8039196508164305,2.0
2443,208051,0.3539056767550976,6.0
2443,305907,0.5554785887382634,5.0
2443,510130,0.0,10.0
4265,157553,1.0,1.0
4265,392163,0.7733844621440337,3.0
4265,584273,0.521315916245001,5.0
4265,149974,0.36825570627980014,7.0
4265,523158,0.045142104779830015,9.0
4265,140947,0.6351242835143855,4.0
4265,386229,0.007128176493726115,10.0
4265,575729,0.2884409450857147,8.0
4265,93881,0.8160499196172948,2.0
4265,577517,0.48387623218776254,6.0
4865,223032,0.2474456801984055,7.0
4865,370569,0.9968659076144333,1.0
4865,251824,0.5216232606579787,3.0
4865,435963,0.6142641594741984,2.0
4865,508821,0.2910013985660761,6.0
4865,481166,0.4902209070196497,4.0
4865,305117,0.4010786763748408,5.0
4865,110515,0.18030689393471847,8.0
4865,565698,0.004225297601002774,10.0
4865,585738,0.17511539161065903,9.0
2968,187196,0.5072539528284773,4.0
2968,388646,0.9871881614639417,1.0
2968,242124,0.9536892320131508,2.0
2968,176498,0.2642086690333133,5.0
2968,198371,0.600082800463969,3.0
2968,583640,0.009532279539143174,10.0
2968,280967,0.043705377040048884,9.0
2968,287991,0.22187718459050473,6.0
2968,455398,0.07212625670097357,8.0
2968,329757,0.15158788316903252,7.0
7221,305117,0.5466034678637812,3.0
7221,473809,0.7949179029106723,2.0
7221,481166,0.43645275299864317,6.0
7221,71873,0.40585739956585787,7.0
7221,537418,0.5189312295569051,4.0
7221,307315,0.011353680803496602,10.0
7221,81542,0.3700585571095266,8.0
7221,452175,0.46991321748206166,5.0
7221,570664,0.2472475041353724,9.0
7221,77652,0.9,1.0
2407,2064,0.7193716571630375,4.0
2407,78176,0.7576634713543531,3.0
2407,173929,0.6587598737903491,5.0
2407,516444,0.9281493499307031,1.0
2407,255491,0.45923231821532656,7.0
2407,273528,0.7947527838802444,2.0
2407,514425,0.1991727824577866,8.0
2407,367641,0.13154515299820846,9.0
2407,566480,0.4938068796692244,6.0
2407,63678,0.0,10.0
3039,136804,1.0,1.0
3039,467390,0.5630224174256662,4.0
3039,147080,0.8924734193071586,2.0
3039,387010,0.39434315222081834,7.0
3039,442110,0.43544927817612883,6.0
3039,483274,0.0094971655248758,10.0
3039,510409,0.5428076088026202,5.0
3039,106501,0.2506998650469807,9.0
3039,4947,0.3217956345511845,8.0
3039,398622,0.5738494497096133,3.0
1748,18001,1.0,1.0
1748,528564,0.6736368166944781,3.0
1748,418135,0.4770457810095679,5.0
1748,462892,0.5876268054976612,4.0
1748,298427,0.7255430950722995,2.0
1748,429378,0.16060881838498722,8.0
1748,223206,0.1947375004061989,7.0
1748,517372,0.13928990768974195,9.0
1748,171780,0.004313579436704811,10.0
1748,124027,0.43663296012623587,6.0
10547,404339,1.0,1.0
10547,536120,0.29211435908906597,8.0
10547,272008,0.7802424715630807,2.0
10547,4666,0.0173876907580595,10.0
10547,597351,0.45476194047236557,4.0
10547,112714,0.5571501203562522,3.0
10547,32290,0.4019036509796012,6.0
10547,23609,0.43232316529986803,5.0
10547,392037,0.0625742270115963,9.0
10547,491969,0.340352379343443,7.0
10596,164008,0.7265438684492965,2.0
10596,284235,0.6091431064922557,4.0
10596,208070,0.9768195382722283,1.0
10596,413041,0.5423252757866006,5.0
10596,316838,0.7212954711348493,3.0
10596,494727,0.24109550084713488,9.0
10596,394244,0.2571789838041311,8.0
10596,127452,0.28267348271349924,7.0
10596,69197,0.3676708350552166,6.0
10596,169062,0.0,10.0
5061,352838,0.5676843899766592,3.0
5061,242124,0.5858159418986482,2.0
5061,329757,0.3261478270178626,9.0
5061,447353,0.4267254736294625,6.0
5061,149974,0.373177253651263,8.0
5061,380863,0.4070732980397513,7.0
5061,261189,0.9300163554481085,1.0
5061,46755,0.47179009408380257,4.0
5061,158845,0.013646339388197731,10.0
5061,287991,0.46664123164442683,5.0
853,510373,0.6229000125255922,3.0
853,510409,0.7909506912828876,2.0
853,314984,0.4542054058548977,6.0
853,106501,0.6145041125390016,4.0
853,263361,0.290135793656488,7.0
853,131996,0.017012177747171793,10.0
853,72402,0.13917244094177392,8.0
853,150219,0.5870816926506769,5.0
853,582864,0.9018281384272027,1.0
853,303929,0.09524609472512002,9.0
6803,544053,1.0,1.0
6803,193012,0.8744768832321577,2.0
6803,42620,0.591564023283389,3.0
6803,316045,0.046511646104197994,9.0
6803,271243,0.05390531142197025,8.0
6803,10703,0.41872558766929024,5.0
6803,142726,0.471467326972984,4.0
6803,78675,0.11190190376071225,7.0
6803,60355,0.225439573429526,6.0
6803,272784,0.0,10.0
6644,187497,1.0,1.0
6644,572842,0.2120019877512469,6.0
6644,308837,0.35683601089086986,4.0
6644,426216,0.13795740788245323,7.0
6644,578954,0.3678926603609848,3.0
6644,305907,0.25038316464069676,5.0
6644,293687,0.049656851765223886,9.0
6644,373271,0.3808583565102216,2.0
6644,31793,0.0633666811928166,8.0
6644,238421,0.030786317574341776,10.0
699,107092,1.0,1.0
699,169688,0.17770791710798312,6.0
699,68357,0.09032625131812329,7.0
699,446679,0.40513498286660365,3.0
699,385658,0.01469342713973526,9.0
699,472924,0.2639745680346036,5.0
699,521010,0.4247404559995842,2.0
699,586920,0.08402817159417356,8.0
699,414598,0.0012370796470732625,10.0
699,96538,0.3320204685648443,4.0
549,214024,1.0,1.0
549,67167,0.7043641670362804,4.0
549,446647,0.32881732010666975,9.0
549,546020,0.7251486389016917,3.0
549,73427,0.5598759175044308,5.0
549,547301,0.5122555427082874,6.0
549,563025,0.3904866002555586,8.0
549,397449,0.00504857401388113,10.0
549,449630,0.46111827360123364,7.0
549,443795,0.8097977227534242,2.0
904,415514,1.0,1.0
904,85229,0.74849879168565,2.0
904,433905,0.15689327782192924,8.0
904,120852,0.25568512642321534,6.0
904,101369,0.24259556006538652,7.0
904,359579,0.27836424489047956,5.0
904,169824,0.3068957621872976,4.0
904,320579,0.3315235405577215,3.0
904,75235,0.0013210281177132841,10.0
904,29360,0.05742733206529253,9.0
2590,583635,0.46315587948578263,5.0
2590,296528,0.9329710437318124,1.0
2590,55999,0.6484992936894487,3.0
2590,307095,0.4013659837629126,7.0
2590,209493,0.703973313825862,2.0
2590,106424,0.009030710855789261,10.0
2590,471964,0.4720077622153686,4.0
2590,387010,0.05456399793501323,9.0
2590,26203,0.40400985649426874,6.0
2590,454222,0.35163100579220324,8.0
1451,538005,1.0,1.0
1451,559482,0.051789231165423624,10.0
1451,98112,0.6564857988079942,2.0
1451,377571,0.3689842022939949,7.0
1451,313437,0.3326813538882765,8.0
1451,94689,0.4306795274772827,4.0
1451,433809,0.38519724356022894,6.0
1451,522481,0.2386365813107662,9.0
1451,51729,0.4274999497181174,5.0
1451,440910,0.6294259787693122,3.0
5790,469776,0.9704762563063036,1.0
5790,97348,0.6298434841637782,4.0
5790,101369,0.2984272992565943,9.0
5790,363810,0.5390516166796984,6.0
5790,141738,0.9405326209185907,2.0
5790,241136,0.8872317883132457,3.0
5790,305287,0.3307335329109115,8.0
5790,277353,0.3856218403596691,7.0
5790,149305,0.001856362773024596,10.0
5790,75235,0.549440125329398,5.0
7295,435125,0.5413967851702041,4.0
7295,403755,0.03473498566233711,10.0
7295,93971,0.4670374525501752,5.0
7295,193398,0.30015584438761006,8.0
7295,39478,0.6779594150442363,3.0
7295,513258,0.7888591935332088,2.0
7295,456470,0.4468405283189891,6.0
7295,115553,0.9037214734663439,1.0
7295,3118,0.3417627006447993,7.0
7295,102436,0.20899308203300482,9.0
5083,142876,1.0,1.0
5083,13975,0.7981205954822505,2.0
5083,368802,0.6614977402777218,3.0
5083,433197,0.4094353790731578,4.0
5083,333184,0.24181776374954017,7.0
5083,21103,0.08155658725473838,9.0
5083,579473,0.13031155516919782,8.0
5083,305360,0.0,10.0
5083,20958,0.27830080549073233,6.0
5083,19183,0.36300552402141606,5.0
7936,363043,0.9743141151202295,2.0
7936,336541,0.9906875244758677,1.0
7936,293767,0.6220318013399778,4.0
7936,320101,0.6515389325215852,3.0
7936,43087,0.34493548062922014,7.0
7936,561884,0.4542151910495095,6.0
7936,416307,0.5476225811369665,5.0
7936,187404,0.028866259915101007,10.0
7936,127585,0.1816891428189748,9.0
7936,214003,0.2176768876905153,8.0
8296,78675,1.0,1.0
8296,79998,0.8854179948893989,2.0
8296,146315,0.20031257257786386,5.0
8296,180571,0.008352425165028848,10.0
8296,26203,0.3172180631334642,4.0
8296,371720,0.3435525738746096,3.0
8296,61962,0.18359567929031106,7.0
8296,392037,0.14327181962603922,9.0
8296,99757,0.20027860008956014,6.0
8296,3118,0.17884294395970962,8.0
475,431685,0.7787977356135081,2.0
475,88124,0.6370458145508447,3.0
475,366761,0.9520450644960139,1.0
475,232199,0.4314185955020307,7.0
475,60637,0.006378033683919504,10.0
475,328341,0.4528806471110845,5.0
475,352640,0.49862572713775405,4.0
475,232563,0.4063571188764017,8.0
475,433,0.11206016262069243,9.0
475,372909,0.43427790150059753,6.0
3759,384631,0.1,9.0
3759,152250,0.31073125274858443,7.0
3759,105634,0.9266744778179378,1.0
3759,414188,0.3533091882306465,5.0
3759,101369,0.3524342570814204,6.0
3759,445794,0.08710628668428483,10.0
3759,405217,0.49459744074296735,3.0
3759,264800,0.12735224982001048,8.0
3759,130877,0.3978467044976263,4.0
3759,146181,0.668858951564728,2.0
4615,596196,0.8596464429542513,6.0
4615,425595,0.9760029332618598,1.0
4615,69523,0.9523571206979374,3.0
4615,496427,0.8900657898834171,4.0
4615,261900,0.9603371177311093,2.0
4615,226060,0.6960736690945446,8.0
4615,421365,0.8794504265941097,5.0
4615,19179,0.8370274126771636,7.0
4615,341493,0.01867634525213329,9.0
4615,15891,0.0,10.0
8874,403025,1.0,1.0
8874,251704,0.6042728204556662,3.0
8874,527231,0.49746042877531255,4.0
8874,66631,0.1219672728391574,9.0
8874,357685,0.0070181082506150716,10.0
8874,370569,0.2360566464301781,6.0
8874,556976,0.15921775938644928,8.0
8874,349160,0.17486568080716358,7.0
8874,319793,0.6900215748051447,2.0
8874,571362,0.2599714290404173,5.0
26,399013,0.8371928607141286,2.0
26,528132,0.2822612202648332,7.0
26,409611,0.41266063546340404,5.0
26,565330,0.17680637330800605,8.0
26,563025,0.9342191784490588,1.0
26,2064,0.7016841999210337,3.0
26,401254,0.5086482017525462,4.0
26,452544,0.009868731873647698,10.0
26,367641,0.3603023774746724,6.0
26,71898,0.12091116207470948,9.0
3875,249859,1.0,1.0
3875,136315,0.7771065997686478,2.0
3875,442110,0.4904060434080072,4.0
3875,571258,0.3621701653544461,5.0
3875,158185,0.2694027624262969,6.0
3875,426570,0.5180094720506565,3.0
3875,76515,0.2619845771557149,7.0
3875,143100,0.24676864166238374,8.0
3875,518406,0.18157322503433712,9.0
3875,414288,0.0,10.0
6835,159703,0.33685511210348634,3.0
6835,246221,0.17535404893456508,6.0
6835,149305,0.9539993065841568,1.0
6835,195767,0.5092128236267299,2.0
6835,403755,0.06770050031437448,9.0
6835,592636,0.1656360895869723,7.0
6835,108721,0.14212439724548967,8.0
6835,238629,0.20893860875575582,4.0
6835,196427,0.19974216285171728,5.0
6835,467575,0.0,10.0
4433,301580,0.3494769224338182,5.0
4433,172703,0.17436354074764776,6.0
4433,539263,0.49115664510430096,3.0
4433,297290,0.7776259097556588,2.0
4433,21311,0.14824895929737836,7.0
4433,379311,0.3499930503282052,4.0
4433,453542,0.10072346999586623,8.0
4433,451855,0.06427657545247265,9.0
4433,146181,0.9043186546855561,1.0
4433,536120,0.0,10.0
5374,115553,0.28816757512017355,9.0
5374,92267,0.8099614154883129,2.0
5374,251704,0.34122209077023696,8.0
5374,44601,0.6669291636172379,5.0
5374,60175,0.9142285488781944,1.0
5374,294295,0.008434163363206083,10.0
5374,99857,0.7464621067581122,3.0
5374,537418,0.6519096828338921,6.0
5374,576564,0.5982640065181778,7.0
5374,186453,0.7281652686915089,4.0
6221,529551,0.7581440389228329,4.0
6221,551423,0.910615549757202,2.0
6221,240261,0.5389111801011498,8.0
6221,128698,0.9269299476720971,1.0
6221,270856,0.8193333685912847,3.0
6221,66901,0.016128121633199936,10.0
6221,578488,0.46071101304363227,9.0
6221,384626,0.6951956062254288,5.0
6221,405352,0.6018412870858165,6.0
6221,494753,0.5419226174948741,7.0
672,593283,0.9276958085177122,2.0
672,563025,0.9738281688788624,1.0
672,213370,0.6634218575095256,7.0
672,40966,0.7510927459948783,5.0
672,273947,0.8118743174742998,4.0
672,15824,0.8327884298627865,3.0
672,67167,0.40680195299415073,8.0
672,170141,0.20567603920674543,9.0
672,201800,0.004898914467921966,10.0
672,494689,0.677066766729963,6.0
2593,231614,0.981414867445096,1.0
2593,169688,0.18441700937503328,9.0
2593,147343,0.9203907218778055,2.0
2593,73427,0.014089156391770491,10.0
2593,528132,0.673964346180777,3.0
2593,399013,0.6013826612282395,6.0
2593,387573,0.4629393719332003,8.0
2593,449630,0.6074233525055229,5.0
2593,394460,0.6166196284986242,4.0
2593,171339,0.507862555396068,7.0
4019,287991,0.8924408192573507,3.0
4019,553288,0.9399922156960052,2.0
4019,332749,0.972942698331861,1.0
4019,94423,0.24220400746925236,9.0
4019,561056,0.7139888034959345,5.0
4019,448699,0.36991848248859205,7.0
4019,377223,0.7631543521579508,4.0
4019,126134,0.006784887030251679,10.0
4019,1164,0.2791301020033525,8.0
4019,468879,0.6275794537269541,6.0
7205,370569,0.5780109638664408,2.0
7205,159966,0.9768438637543353,1.0
7205,186453,0.34288031176863276,5.0
7205,100103,0.2839486809115058,7.0
7205,62151,0.3543266681107514,4.0
7205,565926,0.5305593103348509,3.0
7205,336541,0.18669229299811724,9.0
7205,442048,0.25922266522896187,8.0
7205,558370,0.0029558587229129504,10.0
7205,12432,0.3202506298462668,6.0
6611,329425,0.48422980120192116,4.0
6611,293679,0.9992646897877153,1.0
6611,142631,0.05767712635943552,9.0
6611,39819,0.05802441144782575,8.0
6611,81304,0.5080839009844418,3.0
6611,198764,0.6705495676592471,2.0
6611,297290,0.3900489817596709,5.0
6611,17208,0.30680806396481275,6.0
6611,112208,0.23987284384321703,7.0
6611,345533,0.024475605819285498,10.0
7911,131996,1.0,1.0
7911,57711,0.9108104917197511,2.0
7911,553304,0.28205465446948486,7.0
7911,69197,0.4355622176653767,4.0
7911,386173,0.014785983381241452,10.0
7911,506617,0.5026946086943316,3.0
7911,597401,0.38848200837271674,5.0
7911,543714,0.17484106541887046,9.0
7911,116647,0.19533202826602414,8.0
7911,385574,0.36870903910211617,6.0
7463,577951,1.0,1.0
7463,387277,0.2593018474650397,6.0
7463,176498,0.38046207848366687,5.0
7463,423403,0.7680825605398491,2.0
7463,565698,0.12949607083077222,9.0
7463,328086,0.015083986490213567,10.0
7463,350145,0.22812282483240173,7.0
7463,216384,0.49363049246840496,4.0
7463,188015,0.5834673078100819,3.0
7463,528034,0.15120837826801822,8.0
4999,9938,1.0,1.0
4999,305117,0.4747636638460871,3.0
4999,46211,0.8216739315361382,2.0
4999,350680,0.32977524811619857,4.0
4999,216327,0.07978058686529538,9.0
4999,411061,0.1985637650165714,5.0
4999,406185,0.1592925709320132,7.0
4999,13657,0.006612507022921862,10.0
4999,580920,0.1811247657501984,6.0
4999,222153,0.13933056290485615,8.0
7344,14368,1.0,1.0
7344,418150,0.6265503052472561,2.0
7344,327978,0.3019202842750038,7.0
7344,392851,0.5428320883284916,3.0
7344,301224,0.022139781197052434,9.0
7344,39247,0.34631990980718214,5.0
7344,527231,0.32618338244226436,6.0
7344,72652,0.28444565186955206,8.0
7344,58753,0.0013348914602647553,10.0
7344,266319,0.41355662921848263,4.0
7705,377429,0.7854725276031284,2.0
7705,539263,0.9651231192473849,1.0
7705,480315,0.7576475955462002,3.0
7705,467575,0.27685612112619157,8.0
7705,172703,0.27136727451124665,9.0
7705,536120,0.588328687032736,5.0
7705,87722,0.4816110357435356,7.0
7705,345199,0.009577246804086557,10.0
7705,96926,0.6281631782868271,4.0
7705,387277,0.5417048321928997,6.0
1815,372909,0.7341937369370751,2.0
1815,446928,0.9950413176754819,1.0
1815,363591,0.6307358791965458,4.0
1815,432080,0.30591405594263543,8.0
1815,88124,0.4955015062452348,5.0
1815,457701,0.7073629446551074,3.0
1815,328341,0.4479376461005169,6.0
1815,528522,0.18451291067708459,9.0
1815,539133,0.41244198336048643,7.0
1815,459677,0.0,10.0
7467,193312,1.0,1.0
7467,371720,0.21080431792014248,9.0
7467,26203,0.38132984818940857,5.0
7467,457532,0.5251286424009576,3.0
7467,55999,0.4118437936902644,4.0
7467,428017,0.26930347842424524,8.0
7467,435963,0.5361095921891577,2.0
7467,431814,0.00661033864204056,10.0
7467,253024,0.3030422263814627,7.0
7467,99757,0.32252002591475926,6.0
8013,198349,0.6114822927815873,8.0
8013,383978,0.8655722283396645,3.0
8013,374151,0.7695177342972946,4.0
8013,244433,0.9335157485921153,1.0
8013,251824,0.6388916218215513,7.0
8013,241101,0.7389931140755537,5.0
8013,398123,0.6486214558494737,6.0
8013,31793,0.005505780277535528,10.0
8013,498378,0.9042447086051061,2.0
8013,588247,0.22158505949281634,9.0
1415,66246,0.8331814954115383,3.0
1415,306144,0.7133974213131719,4.0
1415,393953,0.9077287393295178,2.0
1415,591940,0.5356735939865034,5.0
1415,387165,0.9752771369319478,1.0
1415,583956,0.44926977531282175,7.0
1415,110515,0.09972361753941408,9.0
1415,318266,0.23035818643717432,8.0
1415,183612,0.005817652284101096,10.0
1415,232063,0.4619662462325079,6.0
7758,480315,0.591263417570053,3.0
7758,574327,0.9801820664403498,1.0
7758,69696,0.34435624571683643,5.0
7758,112714,0.682190048480575,2.0
7758,379311,0.3254595905634158,6.0
7758,122432,0.00825187473338117,10.0
7758,322826,0.13954984803961867,9.0
7758,112208,0.20196149475488154,8.0
7758,17923,0.2673102616476925,7.0
7758,172703,0.35643555910707336,4.0
1915,306144,0.7313566141671904,5.0
1915,182168,0.5164669815006786,8.0
1915,78176,0.06830337532762593,9.0
1915,393953,0.8417239625133467,3.0
1915,140038,0.5505144624774252,7.0
1915,583956,0.8559911969247701,2.0
1915,318266,0.9265501160524766,1.0
1915,66246,0.7688313348909633,4.0
1915,505580,0.001052909513749214,10.0
1915,591940,0.5703101271797957,6.0
4415,108859,0.1,10.0
4415,32744,0.6292794470901524,5.0
4415,61792,0.44595085740123097,9.0
4415,370879,0.6034334674559417,6.0
4415,14926,0.9383010889483621,1.0
4415,244427,0.7023798302890227,4.0
4415,399751,0.5601401369973945,7.0
4415,147646,0.9073537350640569,2.0
4415,309550,0.7987307948752906,3.0
4415,235522,0.5376942323855529,8.0
10482,201495,0.7701873380780334,5.0
10482,439757,0.994574589509022,1.0
10482,387277,0.7844616900973665,4.0
10482,518379,0.9256205021939542,2.0
10482,175821,0.4439558707262169,8.0
10482,142696,0.24913656507134763,9.0
10482,535317,0.526054800583604,6.0
10482,364575,0.001145246904264891,10.0
10482,72402,0.5127066003690726,7.0
10482,34925,0.8983200237534384,3.0
2296,119298,0.9537227876288339,1.0
2296,279897,0.7427569099194914,4.0
2296,460357,0.5395584952918743,5.0
2296,396853,0.9294676017733857,2.0
2296,577201,0.4234333000977268,8.0
2296,410119,0.13430377247146083,9.0
2296,275410,0.01331340980852909,10.0
2296,120090,0.4433913512934524,7.0
2296,169688,0.4625292156382561,6.0
2296,175982,0.7704797440656993,3.0
6787,58290,0.5607819412609064,5.0
6787,456436,0.9445170019170339,1.0
6787,124230,0.8318722645933319,3.0
6787,457294,0.04959592955192646,10.0
6787,261189,0.34599792710056654,7.0
6787,220022,0.14780355348665747,9.0
6787,382381,0.5041116697535876,6.0
6787,552707,0.6358594110883107,4.0
6787,309555,0.1623875403396738,8.0
6787,223070,0.9,2.0
2857,117451,0.8652158979199851,3.0
2857,123659,0.5090938252606958,6.0
2857,590917,0.04949519070625109,10.0
2857,295864,0.9323292277359276,1.0
2857,19606,0.7370666077770519,4.0
2857,60175,0.9069601687984142,2.0
2857,348733,0.112445085361955,8.0
2857,464502,0.2577286334556448,7.0
2857,581038,0.6752431312228543,5.0
2857,482335,0.05958332349499297,9.0
753,114418,0.7602081124755677,2.0
753,51729,0.3649969663214463,4.0
753,581509,0.35438691979393955,5.0
753,72046,0.11919720384491558,9.0
753,466718,0.9223170380700236,1.0
753,504255,0.40973824841421824,3.0
753,297290,0.12971828648299338,8.0
753,125355,0.22360487510940477,6.0
753,177648,0.14101386686117945,7.0
753,61792,0.0,10.0
2676,55666,1.0,1.0
2676,13975,0.6054222071971667,3.0
2676,264408,0.3614366240502647,5.0
2676,44110,0.05413425730187454,10.0
2676,182168,0.574967558293009,4.0
2676,313171,0.6556716751015443,2.0
2676,244749,0.07871663712353043,9.0
2676,218845,0.33039063977344124,7.0
2676,279897,0.35582183632494996,6.0
2676,196427,0.18539308166325313,8.0
7456,164008,0.5510387983987874,5.0
7456,494727,0.7195499165375479,2.0
7456,284235,0.6798302014551509,3.0
7456,169062,0.5806566484638355,4.0
7456,413041,0.04559413195474441,10.0
7456,316838,0.37675619008211203,7.0
7456,112714,0.9416596524963176,1.0
7456,69197,0.3237072402394397,8.0
7456,127452,0.2536093379067452,9.0
7456,394244,0.46726238765744105,6.0
2579,524471,0.8294145483385661,2.0
2579,280838,0.697559562126728,3.0
2579,229809,0.07294333243140581,8.0
2579,570155,0.2734254190772063,5.0
2579,263481,0.5027982969484908,4.0
2579,197052,0.9168808747763181,1.0
2579,55064,0.1232369715052779,7.0
2579,579473,0.060374815415639785,9.0
2579,566480,0.029544408864303887,10.0
2579,410119,0.12540961403708148,6.0
687,506831,0.6492283108103175,5.0
687,342258,0.6764532188084003,4.0
687,449630,0.626125680424424,6.0
687,214024,0.5922256561412477,7.0
687,478186,0.9146380849957676,1.0
687,579473,0.8361170526737502,2.0
687,406457,0.6813112638015737,3.0
687,508895,0.4058597952673959,8.0
687,494926,0.0009002203609083858,10.0
687,16670,0.19955684694163078,9.0
2445,431685,1.0,1.0
2445,328341,0.5106636900223148,4.0
2445,352838,0.5591747375891568,3.0
2445,372909,0.4465856029841432,5.0
2445,366761,0.5902961495664604,2.0
2445,195081,0.10272046766631618,9.0
2445,88124,0.4320065133142134,6.0
2445,114418,0.3362539880964002,7.0
2445,360011,0.0023801668232618384,10.0
2445,539133,0.3112115442036022,8.0
2885,17651,0.2415519228904283,7.0
2885,460398,0.2659929517522696,5.0
2885,429579,0.32704463519583815,4.0
2885,516444,0.08621427524098424,8.0
2885,102081,0.9426379543619485,1.0
2885,540539,0.06987795111939529,9.0
2885,118730,0.49390915948500885,2.0
2885,279865,0.2638570176536396,6.0
2885,101453,0.0067086307499733214,10.0
2885,167356,0.43264257976379705,3.0
5264,431814,0.7379271433358657,2.0
5264,42438,0.14309863854343816,6.0
5264,52579,0.9384193218464342,1.0
5264,505694,0.3652571919783916,5.0
5264,114439,0.03137790198177268,9.0
5264,580920,0.48957422444825754,3.0
5264,481166,0.12235785552643046,7.0
5264,400841,0.0032720940988849936,10.0
5264,371720,0.38353397115365173,4.0
5264,186453,0.08244285088704524,8.0
7633,494727,1.0,1.0
7633,284235,0.6183377326136716,3.0
7633,164008,0.43020615335696855,6.0
7633,175831,0.4891511012592086,5.0
7633,228983,0.5529365871919889,4.0
7633,413041,0.03182667197590045,10.0
7633,112714,0.3568573247705676,8.0
7633,127452,0.41563225540375404,7.0
7633,31465,0.3377535341809297,9.0
7633,394244,0.6794272521876672,2.0
9291,17208,0.995253033903219,1.0
9291,480315,0.8669844497963817,3.0
9291,536120,0.9450856066466066,2.0
9291,377429,0.8061667266370234,4.0
9291,539263,0.5054786766820273,7.0
9291,423658,0.5321896881617532,6.0
9291,172703,0.6954502034337503,5.0
9291,345199,0.33783884345455273,8.0
9291,61022,0.21401600339515828,9.0
9291,328086,0.0,10.0
4640,331534,1.0,1.0
4640,367785,0.7998777900890963,2.0
4640,104788,0.6538090886347641,3.0
4640,183612,0.2668828587075921,6.0
4640,526110,0.02963105505495657,10.0
4640,298099,0.5561335166019217,4.0
4640,454810,0.030739284728593844,9.0
4640,153541,0.20653078204947667,7.0
4640,49797,0.11389188263575856,8.0
4640,468923,0.30126349110224526,5.0
939,366761,0.6437614042859623,2.0
939,466084,0.2185796064199591,7.0
939,31793,0.4878413384356721,3.0
939,392434,0.9191260550849026,1.0
939,55666,0.3001099041345369,6.0
939,19183,0.3625364578979276,5.0
939,565181,0.13004893084529298,9.0
939,467575,0.003776352571966797,10.0
939,115333,0.21702753752684892,8.0
939,250702,0.41787211392284024,4.0
1306,387022,0.6840211826073834,3.0
1306,266952,0.22578265453399,9.0
1306,594206,0.9307233379387829,1.0
1306,472243,0.7668325214453884,2.0
1306,447353,0.2732135514258408,7.0
1306,410119,0.3260311725795062,5.0
1306,460457,0.32336098149280085,6.0
1306,18003,0.23469558264418963,8.0
1306,372204,0.0023798601360706566,10.0
1306,583203,0.35948565702665486,4.0
8475,104793,0.847591219849949,3.0
8475,494655,0.9178034462836158,2.0
8475,240562,0.9559598467028855,1.0
8475,21311,0.430432462718002,6.0
8475,437427,0.6334704501765369,5.0
8475,361028,0.01911751256994899,10.0
8475,51615,0.09250280180205998,9.0
8475,444107,0.8052331271937049,4.0
8475,72402,0.23166369200320522,8.0
8475,174335,0.3986987571903677,7.0
6807,332567,1.0,1.0
6807,402466,0.5278207897988084,2.0
6807,187583,0.2860666417095483,5.0
6807,459351,0.44059610473084937,3.0
6807,535697,0.3385392402487514,4.0
6807,59714,0.009610661250517355,10.0
6807,211622,0.21815786346964414,8.0
6807,11184,0.2747849145856378,6.0
6807,565765,0.2097247966185459,9.0
6807,93971,0.22966713105013875,7.0
5228,259476,0.5763683793471178,5.0
5228,158732,0.812379104947522,2.0
5228,131774,0.6396730865527717,4.0
5228,331534,0.6838398464185094,3.0
5228,341947,0.5130731080876534,6.0
5228,366594,0.43542893223875867,8.0
5228,140038,0.4645154642414718,7.0
5228,156194,0.13115608040130855,9.0
5228,352120,0.9041287176895807,1.0
5228,414534,0.0,10.0
2856,108739,0.4418339390087248,5.0
2856,296769,0.4087170706319295,6.0
2856,346042,0.30799030462785226,9.0
2856,219033,0.3096036203145888,8.0
2856,361028,0.46090578310809727,4.0
2856,23340,0.3803367904718114,7.0
2856,386173,0.022401697144890296,10.0
2856,231727,0.6816047463737912,2.0
2856,110848,0.9064737366414765,1.0
2856,213331,0.6044501988024982,3.0
3791,212222,1.0,1.0
3791,301570,0.01775399895662871,10.0
3791,521641,0.3611288478286472,6.0
3791,10790,0.2211043796747119,8.0
3791,197494,0.1694482609494234,9.0
3791,482415,0.46235781370418066,4.0
3791,572272,0.27191371785165575,7.0
3791,34925,0.3859866615677594,5.0
3791,440270,0.5267255651355204,3.0
3791,577201,0.6258964433265836,2.0
4514,1642,0.6321528150078602,5.0
4514,156211,0.8240521722104641,2.0
4514,426270,0.962557662383212,1.0
4514,317429,0.6585303564389677,4.0
4514,352485,0.7158113876393913,3.0
4514,197222,0.42026911397791084,7.0
4514,117451,0.2707415197764199,9.0
4514,565782,0.5236156887306206,6.0
4514,514417,0.3202437826708916,8.0
4514,134722,0.0,10.0
6122,496166,1.0,1.0
6122,118280,0.439108855160549,3.0
6122,117274,0.42525960204011337,6.0
6122,305509,0.5133792129637464,2.0
6122,42533,0.3074947898959491,8.0
6122,219504,0.4284365873042594,5.0
6122,283072,0.0029801271488174436,10.0
6122,428829,0.37860590745148714,7.0
6122,39819,0.24758400052254287,9.0
6122,102081,0.43816607603748275,4.0
8832,108059,0.1,8.0
8832,94689,0.9991239450740219,1.0
8832,597351,0.32414573549394216,2.0
8832,268289,0.2981533601736875,3.0
8832,170594,0.22222027151200438,5.0
8832,133093,0.15500851670980215,7.0
8832,259317,0.2473021487058541,4.0
8832,234103,0.20445910563867006,6.0
8832,195767,0.044003789256635006,10.0
8832,387141,0.05263485793495177,9.0
7145,301580,0.888875057109563,2.0
7145,379311,0.9748194623273143,1.0
7145,62966,0.35446084814348017,6.0
7145,297290,0.6766357905111354,4.0
7145,451855,0.020801357730244288,10.0
7145,471964,0.2991349810808734,8.0
7145,453542,0.28155408336858456,9.0
7145,387277,0.35273986143563923,7.0
7145,81458,0.8758593209363108,3.0
7145,172703,0.45347126300474405,5.0
7674,164008,0.37783638030662225,5.0
7674,249279,0.9876366534499136,1.0
7674,367641,0.044516765182330116,9.0
7674,89460,0.7663446000364088,3.0
7674,65120,0.7843332980088568,2.0
7674,494295,0.6573157761510295,4.0
7674,223206,0.22126939083013558,6.0
7674,452870,0.21655873865887218,7.0
7674,172443,0.051691781116451944,8.0
7674,2064,0.014790800803775702,10.0
8202,115553,0.5545855951924795,6.0
8202,92267,0.9892770885833275,1.0
8202,251704,0.3115731068786068,8.0
8202,514500,0.46851957014054935,7.0
8202,60175,0.6970579035453176,3.0
8202,99857,0.9147079860937442,2.0
8202,186453,0.6352303744758753,4.0
8202,31465,0.19596877142720642,9.0
8202,59714,0.5575368149747895,5.0
8202,265213,0.0,10.0
3682,233497,0.1428068585710323,7.0
3682,329662,0.9984431364319858,1.0
3682,426223,0.3095081444502162,6.0
3682,537418,0.7606082575925935,3.0
3682,388613,0.06846608126612672,10.0
3682,336018,0.8990814829122097,2.0
3682,27401,0.12337761341909262,9.0
3682,281707,0.1260445444270036,8.0
3682,55022,0.312034230371146,5.0
3682,330041,0.671253262513138,4.0
3446,323498,1.0,1.0
3446,211839,0.7939218704525084,2.0
3446,31550,0.5494776599488179,4.0
3446,505027,0.3142387989420733,7.0
3446,367785,0.3540087512356619,6.0
3446,204176,0.25422904047867767,9.0
3446,366685,0.5757701999665789,3.0
3446,157702,0.27697653119786053,8.0
3446,241099,0.01833126781482536,10.0
3446,511386,0.46337260888470105,5.0
7592,40966,0.7977907373532825,3.0
7592,273947,0.7293602585785667,4.0
7592,593283,0.6250310902852,5.0
7592,170141,0.03983750472155304,9.0
7592,208219,0.8205579383586682,2.0
7592,563025,0.926388645278643,1.0
7592,73427,0.5717138677755871,7.0
7592,213370,0.42079561624016415,8.0
7592,15824,0.5801922660405903,6.0
7592,198349,0.03616647015994199,10.0
6715,13732,0.9652470137310006,1.0
6715,568526,0.9615569867274437,2.0
6715,275902,0.4529676004484184,7.0
6715,193312,0.5256907590327435,3.0
6715,518563,0.027173262714594082,10.0
6715,51729,0.47919545475338093,5.0
6715,457294,0.490833015317803,4.0
6715,149306,0.4345905968222072,8.0
6715,526110,0.4195560359156698,9.0
6715,113619,0.4603332114774594,6.0
2264,534454,1.0,1.0
2264,556976,0.507635929260197,4.0
2264,244104,0.7745393922955676,3.0
2264,350819,0.034827551815512774,10.0
2264,588247,0.22020111833903405,8.0
2264,488574,0.7949506914323619,2.0
2264,31793,0.3521520716640032,7.0
2264,352838,0.17742101698011262,9.0
2264,450808,0.4567091736776216,5.0
2264,498834,0.4011070164399945,6.0
6121,315275,0.4421780907758487,3.0
6121,289231,0.9874492575589178,1.0
6121,523158,0.04376296600769963,10.0
6121,184175,0.38155880494760264,5.0
6121,333184,0.08756758024962814,9.0
6121,524801,0.3926441855412558,4.0
6121,235545,0.26501950988327794,6.0
6121,570964,0.09319496604140266,8.0
6121,171339,0.23224924438896039,7.0
6121,344573,0.4485446177298929,2.0
3453,418626,1.0,1.0
3453,156211,0.499082031799297,3.0
3453,1642,0.48500438652725386,4.0
3453,296516,0.0208047848609351,10.0
3453,233635,0.8228915544334243,2.0
3453,317429,0.3297445286639661,8.0
3453,352485,0.37319291671806337,6.0
3453,565782,0.3723122575489964,7.0
3453,337764,0.23506308754091837,9.0
3453,209804,0.4092139824519002,5.0
6985,561884,0.34252441589764115,4.0
6985,149305,0.3378390087687061,5.0
6985,456436,0.9524341389496475,1.0
6985,78029,0.15719332654461143,8.0
6985,403755,0.277615464220132,7.0
6985,538023,0.1237073987104667,9.0
6985,464533,0.016069442520019673,10.0
6985,196427,0.3132604318252973,6.0
6985,54584,0.3556083641394535,3.0
6985,587120,0.4383285438630074,2.0
2181,77245,0.9439305162160085,2.0
2181,234436,0.992449205396774,1.0
2181,470289,0.7829404199178277,3.0
2181,136315,0.32328582779639775,8.0
2181,101604,0.292362998503035,9.0
2181,288189,0.5200572282506892,5.0
2181,391988,0.3772176480179903,7.0
2181,56718,0.5720624464154971,4.0
2181,555732,0.49655639491335163,6.0
2181,499782,0.0,10.0
8532,40702,0.5175635278179609,4.0
8532,416307,0.9985512153016278,1.0
8532,427726,0.38847355364159697,7.0
8532,543714,0.07867762648748859,10.0
8532,42438,0.5895066469485595,3.0
8532,344372,0.27294761306857745,9.0
8532,125355,0.4822863803798948,5.0
8532,483299,0.4605954175781162,6.0
8532,100103,0.30275933798586474,8.0
8532,6574,0.666359439635337,2.0
4312,222639,0.7537973570920903,4.0
4312,282435,0.9887581668965675,1.0
4312,167950,0.8605610101829257,2.0
4312,324779,0.2042861347534215,8.0
4312,507284,0.7647731647759899,3.0
4312,116647,0.7200313062703725,5.0
4312,218759,0.33511081152276073,7.0
4312,535998,0.0016505116390262621,10.0
4312,228341,0.421700012438456,6.0
4312,535651,0.1480359058861204,9.0
9108,415976,0.1,10.0
9108,123702,0.5252917771253629,4.0
9108,133468,0.12089690202113436,9.0
9108,258291,0.5469471343986205,3.0
9108,461592,0.38970593411867105,7.0
9108,579763,0.9185747039301315,1.0
9108,472051,0.6015082878755178,2.0
9108,298128,0.20234995483769,8.0
9108,305579,0.44269289568589254,6.0
9108,22221,0.5071689216929612,5.0
8116,433032,1.0,1.0
8116,319793,0.23086235560235918,7.0
8116,236482,0.8164174397677242,2.0
8116,182297,0.20873246823368594,8.0
8116,533457,0.6977633770095896,3.0
8116,403186,0.019851880012948384,10.0
8116,433197,0.6500161052712126,4.0
8116,38711,0.3509430674816361,6.0
8116,374867,0.3807049997313317,5.0
8116,314478,0.1611412598949092,9.0
9403,243148,0.1,10.0
9403,228403,0.9128772648149241,1.0
9403,175982,0.4088065062396453,6.0
9403,562793,0.6264646475362354,4.0
9403,81924,0.27098312599126345,7.0
9403,472516,0.19088508111159302,8.0
9403,513258,0.10096149337111271,9.0
9403,150650,0.8973335730307387,2.0
9403,269898,0.8312519647518167,3.0
9403,29790,0.5720172747345842,5.0
776,124027,1.0,1.0
776,597247,0.5295407726930215,5.0
776,597880,0.6277859971955186,2.0
776,592680,0.5354635875897873,4.0
776,10440,0.6181023476531058,3.0
776,276411,0.004499518688597023,10.0
776,496899,0.4880445303033529,6.0
776,418864,0.44968787891776946,7.0
776,454810,0.3880504235138538,9.0
776,136270,0.44596272975089507,8.0
6199,473322,0.993312682435954,1.0
6199,157553,0.974262371868731,2.0
6199,332314,0.4594685594401947,6.0
6199,521641,0.8743451547802114,3.0
6199,433801,0.3290763932526375,8.0
6199,93231,0.029472947084056712,10.0
6199,525827,0.41907539090319834,7.0
6199,409120,0.28877470261085386,9.0
6199,279845,0.5392033776467654,5.0
6199,366448,0.802253548420295,4.0
1393,234436,0.9742514377940764,1.0
1393,220022,0.9322144837837691,3.0
1393,532932,0.9443108148248291,2.0
1393,394871,0.5585225688774231,7.0
1393,77245,0.7413859596592371,5.0
1393,352640,0.8419819337565072,4.0
1393,499782,0.027735274743869654,10.0
1393,326665,0.19908976971650177,9.0
1393,196920,0.6101266785251078,6.0
1393,555732,0.47936419022626775,8.0
9668,111768,0.9048492198746368,2.0
9668,75437,0.38475889838830024,6.0
9668,55022,0.14527630413920062,9.0
9668,6574,0.4707631515263678,5.0
9668,62151,0.5059772787631827,4.0
9668,594655,0.021644477224185762,10.0
9668,13260,0.8230825858991536,3.0
9668,79998,0.20298019716949112,8.0
9668,42438,0.9100145161681166,1.0
9668,416307,0.24488015806749358,7.0
9088,557219,0.9010756668324261,2.0
9088,224654,0.2694999876068144,6.0
9088,536120,0.16120255497672326,8.0
9088,226303,0.9465221780698041,1.0
9088,539263,0.042445403693102346,10.0
9088,511093,0.17227916114587927,7.0
9088,433809,0.04296059631819141,9.0
9088,472516,0.5898738145988206,5.0
9088,461051,0.804790390488999,3.0
9088,344041,0.5933837689455174,4.0
3091,159936,0.8440864781398828,3.0
3091,187739,0.9709780878379864,1.0
3091,95778,0.7064624980134026,5.0
3091,416796,0.2673547056752018,7.0
3091,437538,0.222991285115924,8.0
3091,254454,0.1763749997524679,9.0
3091,274870,0.7995715637686293,4.0
3091,426223,0.0008642959518407674,10.0
3091,366448,0.8838060214153886,2.0
3091,216384,0.346331921487649,6.0
1157,405777,1.0,1.0
1157,266952,0.20696305889659958,6.0
1157,251411,0.32811467058371635,5.0
1157,243503,0.7080179128410803,2.0
1157,452544,0.34140381682174065,4.0
1157,564618,0.20105731682524644,7.0
1157,295980,0.0023673074452508196,10.0
1157,388455,0.3527921460314519,3.0
1157,350819,0.06054777270811962,9.0
1157,97348,0.18225834951281042,8.0
4335,318583,1.0,1.0
4335,322246,0.7758842185596634,2.0
4335,416225,0.4651451164403749,3.0
4335,109860,0.21014547861972388,7.0
4335,382381,0.017230042905172147,10.0
4335,110515,0.38783463820409686,5.0
4335,126134,0.4096106089561522,4.0
4335,190169,0.15017788627500178,9.0
4335,158185,0.29435923082634574,6.0
4335,274359,0.18659046360460868,8.0
8947,545759,0.1,10.0
8947,61022,0.521032996344055,4.0
8947,532657,0.6042366427833633,2.0
8947,461592,0.9462212410059746,1.0
8947,461084,0.5850216287864314,3.0
8947,127134,0.47435067821010973,6.0
8947,384564,0.41379595817486353,7.0
8947,388646,0.17304448199559946,9.0
8947,452870,0.5107557127673187,5.0
8947,214901,0.2936664690055505,8.0
6410,418150,1.0,1.0
6410,112208,0.7811838055483554,2.0
6410,273861,0.41513322400214264,8.0
6410,172703,0.6104830918397133,3.0
6410,59994,0.5408233913795618,5.0
6410,528034,0.2897437675236243,9.0
6410,107092,0.01630609399629502,10.0
6410,100485,0.5162966362522733,7.0
6410,133093,0.5202209551692888,6.0
6410,87722,0.5437627015857863,4.0
5196,565745,1.0,1.0
5196,219033,0.7108233911659361,3.0
5196,213370,0.6444420493232005,4.0
5196,171339,0.5595394888288758,5.0
5196,356928,0.2512441455836523,6.0
5196,581889,0.03756719230221602,9.0
5196,273528,0.14651884715353314,7.0
5196,114829,0.12290193479424548,8.0
5196,555101,0.000736344962305928,10.0
5196,474050,0.7143185334012235,2.0
8789,87349,1.0,1.0
8789,41912,0.7409667368706416,2.0
8789,102436,0.19055357473598963,6.0
8789,58290,0.1787709925721613,7.0
8789,14870,0.3678330700704783,3.0
8789,328341,0.14894184095623833,9.0
8789,152014,0.2218918731914659,5.0
8789,296528,0.0014031394588413155,10.0
8789,213526,0.3532098677092568,4.0
8789,316838,0.1778738376671283,8.0
5808,251824,1.0,1.0
5808,51615,0.17173253292143786,8.0
5808,535697,0.648718858448845,2.0
5808,43781,0.3948827929151048,6.0
5808,226053,0.1728671382217505,7.0
5808,226070,0.4746082699609287,4.0
5808,271243,0.6011801281884946,3.0
5808,88477,0.005170467913059576,10.0
5808,350145,0.1130895416214722,9.0
5808,72652,0.4316029463362692,5.0
9701,225682,1.0,1.0
9701,19711,0.4695816806546483,4.0
9701,494926,0.39351009186640773,6.0
9701,384230,0.016767784672909413,10.0
9701,457416,0.3595932450097258,7.0
9701,279865,0.6676771885774518,2.0
9701,473540,0.508010534116156,3.0
9701,76054,0.24988051967603508,9.0
9701,533515,0.41770578532301206,5.0
9701,321969,0.3373078201526199,8.0
3179,56718,0.6752797743717958,4.0
3179,385073,0.9904796047431687,1.0
3179,150219,0.7808302603109244,2.0
3179,243503,0.36738897998979503,7.0
3179,442142,0.41991414730629933,5.0
3179,352838,0.6850090962850421,3.0
3179,124630,0.005784212598748558,10.0
3179,431685,0.3856429163155491,6.0
3179,597247,0.09327155144239589,9.0
3179,174335,0.29398377347501103,8.0
6896,196427,0.6578553425956939,2.0
6896,330041,0.4388502458063095,5.0
6896,244749,0.15203370594472734,9.0
6896,223070,0.3347547121991228,6.0
6896,403755,0.04441333486143801,10.0
6896,38711,0.17363338148773985,8.0
6896,149305,0.296331292399676,7.0
6896,106501,0.5885276485366943,3.0
6896,587120,0.9062630191747433,1.0
6896,102443,0.5451163967264486,4.0
2513,25762,0.5392802022681651,2.0
2513,518624,0.503875539565631,4.0
2513,588247,0.28695699066826996,8.0
2513,82344,0.9311043460915214,1.0
2513,97348,0.456259573279219,5.0
2513,102443,0.2900617878951652,7.0
2513,405777,0.4220254464731081,6.0
2513,352838,0.5105570867645368,3.0
2513,147646,0.1426885679532146,9.0
2513,120090,0.0,10.0
8937,294295,0.43988377333792517,7.0
8937,13260,0.5426235670728063,6.0
8937,336541,0.6537941254656249,4.0
8937,320101,0.7281973020196161,3.0
8937,416307,0.796555617284799,2.0
8937,100103,0.639284992408897,5.0
8937,363043,0.9050547396387167,1.0
8937,429378,0.0038362372539094917,10.0
8937,88892,0.3272724466442171,9.0
8937,214003,0.43917527271266643,8.0
9643,112208,1.0,1.0
9643,100485,0.3869199777217997,5.0
9643,480315,0.45262485301256694,2.0
9643,428082,0.022153686072782293,10.0
9643,467575,0.18542257265144663,9.0
9643,87722,0.35142013735948463,6.0
9643,581038,0.4172075332698964,4.0
9643,214542,0.27543609348211556,8.0
9643,539263,0.41978456871992237,3.0
9643,156816,0.30208277769458175,7.0
5653,588247,1.0,1.0
5653,483456,0.10591611949523601,6.0
5653,14543,0.10591418477693168,7.0
5653,87722,0.0672960685569293,8.0
5653,290930,0.24450117004703611,3.0
5653,461592,0.11802441275047293,5.0
5653,446984,0.008675609239727133,10.0
5653,583635,0.21461627841731667,4.0
5653,31377,0.2476202444090014,2.0
5653,66631,0.04254774067755743,9.0
2551,143100,1.0,1.0
2551,479276,0.3117405632709584,2.0
2551,202990,0.28221231806496466,3.0
2551,9938,0.0645106166470272,7.0
2551,394460,0.1992963160888992,4.0
2551,242124,0.11453018599977623,6.0
2551,523158,0.19442900671392127,5.0
2551,384642,0.05799583285118312,8.0
2551,572272,0.024477125322788743,9.0
2551,362805,0.0,10.0
1948,467509,1.0,1.0
1948,108739,0.4396198834547691,5.0
1948,356928,0.4791435032366571,4.0
1948,223206,0.037017198590999355,10.0
1948,219033,0.5827337975579344,2.0
1948,443795,0.371094418901574,7.0
1948,362215,0.5447953267438317,3.0
1948,377571,0.15488581409154847,8.0
1948,399700,0.056586167801503176,9.0
1948,213331,0.42362862639146254,6.0
4920,228341,1.0,1.0
4920,82294,0.9581392629422493,2.0
4920,277217,0.18827458394664917,5.0
4920,306815,0.8947162105846548,3.0
4920,22221,0.020324005862874923,9.0
4920,371720,0.07996321703958516,6.0
4920,415340,0.0064431705198350914,10.0
4920,323363,0.07232862720747087,7.0
4920,283202,0.053162544942785085,8.0
4920,115517,0.25744257272270143,4.0
2589,450577,1.0,1.0
2589,43961,0.8831899708312494,2.0
2589,468144,0.8159335005864493,3.0
2589,437969,0.15848416537962223,7.0
2589,581889,0.24212717263047617,5.0
2589,509650,0.11038526816360165,9.0
2589,75252,0.15790358052427908,8.0
2589,307610,0.16911575086646918,6.0
2589,557877,0.2954312257934376,4.0
2589,527698,0.0,10.0
7513,112208,0.9067729002200843,2.0
7513,172703,0.7587154540058643,5.0
7513,328086,0.8546044462920485,3.0
7513,115372,0.9491039669652548,1.0
7513,273861,0.6804228124534225,6.0
7513,87722,0.03985379497986753,10.0
7513,377429,0.24263475979403365,8.0
7513,387277,0.21760475316165834,9.0
7513,62966,0.8002531636717067,4.0
7513,418150,0.2637535683882098,7.0
5410,13975,1.0,1.0
5410,371720,0.19085336022486665,9.0
5410,494323,0.741248319194708,2.0
5410,249844,0.05835135272214029,10.0
5410,488258,0.49175328290972137,5.0
5410,75235,0.36112635495105344,6.0
5410,488732,0.5188637963365221,4.0
5410,457532,0.2827951644053948,7.0
5410,108739,0.6362537976209949,3.0
5410,193312,0.20854396925951582,8.0
2334,228403,1.0,1.0
2334,107092,0.26602258305407656,8.0
2334,150650,0.7959405041592806,2.0
2334,93936,0.46651673055236953,5.0
2334,2304,0.6709115338936038,3.0
2334,208219,0.41253511424910394,6.0
2334,274870,0.13491449778527162,9.0
2334,156194,0.0020041923505402944,10.0
2334,204917,0.4943914369024121,4.0
2334,385506,0.2723868469599142,7.0
1783,445298,1.0,1.0
1783,306800,0.4411387077870763,6.0
1783,309555,0.27100004096958064,7.0
1783,167660,0.5027019544569074,5.0
1783,272425,0.715164726911705,2.0
1783,43497,0.029962293206597147,10.0
1783,57320,0.554668666869547,3.0
1783,384631,0.17079822870183559,8.0
1783,179066,0.5269580868693199,4.0
1783,102237,0.04747316590713532,9.0
4641,494753,0.5234388995006638,5.0
4641,213673,0.6426850275764824,3.0
4641,237580,0.6271656712057586,4.0
4641,44594,0.9463309662129975,1.0
4641,211867,0.030569569601701287,10.0
4641,406219,0.8748004128741489,2.0
4641,409120,0.4359479230265309,6.0
4641,461592,0.34323497739994047,8.0
4641,450228,0.33313088980082384,9.0
4641,192811,0.43216625311639545,7.0
1469,444589,1.0,1.0
1469,243503,0.41156398587452403,6.0
1469,426570,0.6366216610553064,2.0
1469,469776,0.021147027157833773,9.0
1469,18003,0.5225395251072452,4.0
1469,421371,0.6099599216802049,3.0
1469,335336,0.19983077881290076,8.0
1469,484649,0.4031801257327217,7.0
1469,56320,0.4583247994263811,5.0
1469,451737,0.0054748167076075415,10.0
10267,569632,1.0,1.0
10267,487348,0.1764591647906859,7.0
10267,22036,0.29704745443263214,5.0
10267,522713,0.04778507883016378,9.0
10267,457108,0.7509662691396833,2.0
10267,379667,0.04771096634662145,10.0
10267,330379,0.12740952630455182,8.0
10267,108859,0.3269005600257512,4.0
10267,186578,0.2346140037500041,6.0
10267,17652,0.377025537023673,3.0
3771,59994,0.9891278451975143,1.0
3771,95966,0.28932213860745265,6.0
3771,13346,0.9245816193525814,2.0
3771,40062,0.33157993013528986,3.0
3771,95762,0.009149081214342781,10.0
3771,97764,0.3307173122010931,4.0
3771,478890,0.08694022499336528,9.0
3771,515072,0.30456898341093064,5.0
3771,303025,0.14374095474458837,7.0
3771,346450,0.10601901494337486,8.0
10497,147765,1.0,1.0
10497,159880,0.9365935832429606,2.0
10497,445230,0.646446325763508,5.0
10497,535705,0.19455832036301537,8.0
10497,575729,0.614348886028409,6.0
10497,71898,0.8572176754898041,3.0
10497,569461,0.02393138487477529,10.0
10497,31483,0.6783632496750198,4.0
10497,456436,0.05829201712649814,9.0
10497,160301,0.3702578964528557,7.0
2472,337165,0.15255457963278513,9.0
2472,584273,0.42180349211584806,3.0
2472,138151,0.055953801461700196,10.0
2472,534099,0.3607091254448955,5.0
2472,416796,0.264279417427804,7.0
2472,366597,0.7453634937783156,2.0
2472,216384,0.15592622557916808,8.0
2472,187739,0.37775526896415723,4.0
2472,169921,0.35630573245136743,6.0
2472,518563,0.9,1.0
503,171761,0.9502945443907039,1.0
503,257656,0.05884611956122588,8.0
503,405374,0.9343953053270107,2.0
503,433032,0.43560196093016446,4.0
503,343489,0.013059380796163684,9.0
503,531990,0.270762969826855,7.0
503,156816,0.7260931076392553,3.0
503,100485,0.002437729149465814,10.0
503,69965,0.29532917603067665,6.0
503,350680,0.36610307353576804,5.0
6832,552346,0.8270582093360964,3.0
6832,573874,0.8578620167811896,2.0
6832,244749,0.17720763231133888,8.0
6832,377853,0.9207521044902327,1.0
6832,116694,0.008633164853610216,10.0
6832,108040,0.27460879849402114,7.0
6832,349554,0.7726838609622861,4.0
6832,459351,0.31079506026167275,6.0
6832,42533,0.03627993024405023,9.0
6832,239214,0.3351279229398285,5.0
864,24890,0.7748354600463275,4.0
864,30142,0.9675902045358575,1.0
864,450808,0.07748545573969784,10.0
864,472924,0.8733440145077747,3.0
864,566337,0.9282321864373783,2.0
864,291726,0.468177859214582,7.0
864,479625,0.4972977285738443,5.0
864,175339,0.3189950277955675,8.0
864,231947,0.15846668210691622,9.0
864,244104,0.49317934176833184,6.0
2580,11988,0.779569772378429,2.0
2580,344118,0.9641472298175936,1.0
2580,371720,0.2644232898910928,6.0
2580,87722,0.023026710015355986,10.0
2580,360481,0.1610959881009892,9.0
2580,75764,0.19453123916584958,8.0
2580,585447,0.5345205821734774,3.0
2580,114439,0.31215085550044674,5.0
2580,272738,0.2531410462529709,7.0
2580,503934,0.44584607353294486,4.0
6625,416307,0.489444723143754,4.0
6625,88892,0.9720750758152731,1.0
6625,336541,0.3424125724475212,6.0
6625,27401,0.4580276157911043,5.0
6625,320101,0.5628205667902644,2.0
6625,557356,0.32502206807639594,7.0
6625,138703,0.3006916774356847,8.0
6625,13260,0.5243428183084279,3.0
6625,595133,0.0027413315441141037,10.0
6625,75437,0.26780515361428475,9.0
2685,308837,0.1661683821321592,4.0
2685,539133,0.15182434137039416,6.0
2685,302792,0.08265155042064268,7.0
2685,243499,0.05965373181751249,8.0
2685,575497,0.24032839717356966,2.0
2685,158845,0.01862656015697717,10.0
2685,284075,0.20150255591842572,3.0
2685,382005,0.912186089283011,1.0
2685,136825,0.03189065697420138,9.0
2685,395357,0.16177167212590096,5.0
68,123634,0.6426600453736422,5.0
68,296098,0.5208268087924258,7.0
68,528564,0.7953570417829173,2.0
68,197839,0.05318701150575315,10.0
68,532932,0.7438747587929716,4.0
68,352640,0.5248536036125888,6.0
68,327002,0.907629301467723,1.0
68,55666,0.4763350558946903,8.0
68,232199,0.7765460455265651,3.0
68,259766,0.22147230817860628,9.0
813,548705,0.9329443361993905,2.0
813,284411,0.692706423081425,3.0
813,196427,0.9587111134698677,1.0
813,2809,0.3442370302520711,6.0
813,127974,0.27587976459547325,8.0
813,171596,0.4379879617170913,4.0
813,318583,0.06164116443615446,9.0
813,459677,0.4313284921670841,5.0
813,418630,0.28640230973751873,7.0
813,123468,0.0,10.0
7345,69790,0.29317554682665836,6.0
7345,254288,0.2794222647793715,7.0
7345,67063,0.5355492806132244,4.0
7345,98130,0.6204964901736001,3.0
7345,416727,0.41073037507296484,5.0
7345,417840,0.18350981628512553,9.0
7345,108,0.9155651751722789,1.0
7345,90447,0.7555652978289871,2.0
7345,348405,0.25944968801683643,8.0
7345,504996,0.0,10.0
8970,96121,1.0,1.0
8970,108040,0.758563444560827,3.0
8970,187583,0.8504964674859066,2.0
8970,496899,0.5881744320911738,5.0
8970,537857,0.6642044438519004,4.0
8970,314478,0.02280088348165199,9.0
8970,167356,0.14811269977661418,7.0
8970,11988,0.3071380514088671,6.0
8970,128574,0.022091792377814373,10.0
8970,514500,0.03192398136592645,8.0
7105,72652,1.0,1.0
7105,307380,0.5525715137487754,2.0
7105,220060,0.07644219574528849,7.0
7105,455891,0.14645252513765264,6.0
7105,490294,0.07326207530556678,8.0
7105,314919,0.3468345812497944,4.0
7105,324037,0.03047828534925217,9.0
7105,228341,0.44034168602254026,3.0
7105,479384,0.2792756565367134,5.0
7105,366488,0.0,10.0
1310,535651,0.8146253672489704,2.0
1310,471870,0.05033628029097173,10.0
1310,565698,0.46000612141333036,3.0
1310,344648,0.051733554426632494,9.0
1310,55022,0.4451656538959254,4.0
1310,346622,0.2866306039080615,7.0
1310,24567,0.9028260771798131,1.0
1310,489401,0.3454397765684891,5.0
1310,297831,0.1414772352274506,8.0
1310,44492,0.3337293534607899,6.0
9060,12432,0.37755283718985877,4.0
9060,511093,0.984164278099219,1.0
9060,108,0.14522712309775326,8.0
9060,13260,0.40980893372218935,3.0
9060,511515,0.031771476678250664,10.0
9060,304304,0.08579805278543483,9.0
9060,37517,0.3418055489644335,5.0
9060,75437,0.4512815587520623,2.0
9060,43087,0.29446385258589525,6.0
9060,111768,0.1972634721728655,7.0
2549,418150,0.6772003120123381,4.0
2549,327978,0.6907848349209944,3.0
2549,14368,0.9254093272719424,1.0
2549,307380,0.7485411734392962,2.0
2549,301224,0.46819249025794507,6.0
2549,59714,0.46366932750897377,7.0
2549,44601,0.6581765038574853,5.0
2549,265874,0.40245209180288616,8.0
2549,17923,0.3616015604851657,9.0
2549,350145,0.0,10.0
559,401254,0.4102566085229571,4.0
559,213370,0.05610541891809036,9.0
559,151639,0.5792596921710793,3.0
559,198349,0.2708723188370091,6.0
559,485195,0.048313057042227006,10.0
559,494689,0.34543236983598935,5.0
559,21194,0.09551122914140212,7.0
559,281977,0.589730640638205,2.0
559,61706,0.08378043484470973,8.0
559,75252,0.9,1.0
7218,266900,0.8120995442467047,2.0
7218,32290,0.9754346397434001,1.0
7218,117576,0.22182134229574457,7.0
7218,537418,0.22494069303834882,6.0
7218,482517,0.01826696207149193,10.0
7218,125659,0.41966208183123305,4.0
7218,40447,0.06838554067313707,8.0
7218,6701,0.02628288258905443,9.0
7218,158520,0.31086464928103513,5.0
7218,314478,0.649500368835952,3.0
2400,158523,0.1,10.0
2400,456470,0.7310473324860078,2.0
2400,29306,0.4784192400107721,4.0
2400,22469,0.2579452647052091,6.0
2400,3118,0.6427240736373468,3.0
2400,226967,0.32557513730939325,5.0
2400,571258,0.2573591746362589,7.0
2400,1198,0.9075537254323752,1.0
2400,307424,0.19258838645725504,9.0
2400,535697,0.22143044416534138,8.0
2348,447619,1.0,1.0
2348,112591,0.4494268359672696,5.0
2348,306430,0.9074315918606909,2.0
2348,244433,0.44419828973996317,6.0
2348,268261,0.8134167139104886,3.0
2348,265874,0.48028462298109587,4.0
2348,403025,0.22740926605734094,9.0
2348,117576,0.2532279504538276,7.0
2348,14870,0.23236736052999657,8.0
2348,12432,0.0,10.0
3615,335991,1.0,1.0
3615,518379,0.9590272427965133,2.0
3615,72402,0.6693560017579807,4.0
3615,72160,0.7109526578168759,3.0
3615,156358,0.4698470678658209,7.0
3615,482544,0.49185050559930205,6.0
3615,174335,0.4675669639997288,8.0
3615,341493,0.5710288798952211,5.0
3615,17166,0.2869730284436379,9.0
3615,489401,0.0,10.0
8102,314478,0.624345965024791,2.0
8102,149305,0.2541264142010844,7.0
8102,416307,0.23945131929174496,8.0
8102,99857,0.5352518057309915,3.0
8102,552707,0.928351208956096,1.0
8102,223309,0.028019192157611422,10.0
8102,481166,0.3404668297481451,6.0
8102,320101,0.17973924132492825,9.0
8102,344372,0.4428418692516845,4.0
8102,408123,0.3776910258105761,5.0
5155,462892,1.0,1.0
5155,367785,0.5199207411321336,3.0
5155,69495,0.7449242875099658,2.0
5155,280805,0.42669898330271533,5.0
5155,175265,0.012080603388484143,10.0
5155,305671,0.1710790068759016,7.0
5155,191495,0.14493570571013442,8.0
5155,537725,0.17282727501338246,6.0
5155,157702,0.4891613609569837,4.0
5155,409573,0.03373362611586064,9.0
2460,530037,0.9551241758279044,1.0
2460,584337,0.9542500340154071,2.0
2460,279346,0.576364174153061,5.0
2460,549180,0.9295374815588442,3.0
2460,196427,0.08788084559634984,9.0
2460,502281,0.3033239121804515,7.0
2460,512803,0.7044809471116085,4.0
2460,505028,0.09238492007949316,8.0
2460,295980,0.003918604300830335,10.0
2460,38711,0.32274913015324097,6.0
2399,343489,1.0,1.0
2399,583124,0.3213415402522627,3.0
2399,468743,0.16713972877546282,5.0
2399,29790,0.15694492155456147,6.0
2399,19606,0.30426601545074755,4.0
2399,521712,0.38276511506274863,2.0
2399,510314,0.07035228202849916,8.0
2399,476834,0.054682304079677294,9.0
2399,457419,0.11998789045847318,7.0
2399,442489,0.0,10.0
4071,170594,0.5275064226959449,7.0
4071,328556,0.7934611564240163,4.0
4071,337764,0.34081674237482074,8.0
4071,296516,0.8210523892805651,3.0
4071,135113,0.9425049198372797,1.0
4071,565782,0.6112750091481454,6.0
4071,352485,0.845342894385673,2.0
4071,368150,0.023322825604069407,10.0
4071,317429,0.712189013764873,5.0
4071,543589,0.316907681991356,9.0
18,431685,0.5828783227788583,3.0
18,88124,0.9356787530186099,1.0
18,161162,0.025045097495567544,10.0
18,528564,0.13183076277952546,7.0
18,227098,0.2869885042283931,5.0
18,172594,0.27064743241469336,6.0
18,152218,0.12958870025572589,8.0
18,349554,0.05551682601633231,9.0
18,366761,0.773929456652633,2.0
18,143622,0.30731275981647516,4.0
2306,581889,1.0,1.0
2306,509650,0.4881970897093994,4.0
2306,494689,0.5423580344597029,3.0
2306,75252,0.7391027891040424,2.0
2306,368806,0.38489592699181113,6.0
2306,246459,0.35529609636409604,7.0
2306,485195,0.4066161353058601,5.0
2306,401254,0.2838274032285224,9.0
2306,399013,4.587711993169711e-05,10.0
2306,160125,0.35481961815760665,8.0
3051,232063,0.8439588397346307,2.0
3051,591940,0.961336325885917,1.0
3051,306144,0.5474732229662024,3.0
3051,318266,0.30462811617681035,8.0
3051,583956,0.4954498300863844,4.0
3051,73434,0.01040265835839892,10.0
3051,66246,0.471146627848693,5.0
3051,110515,0.23411797454921118,9.0
3051,393953,0.3870935776122633,6.0
3051,387165,0.36832744611129054,7.0
2395,594182,1.0,1.0
2395,149306,0.7073955267578313,2.0
2395,568526,0.5443960929789546,4.0
2395,308837,0.2751164058635576,6.0
2395,13732,0.5956403261958026,3.0
2395,307999,0.1136118780730242,9.0
2395,387010,0.42729010888451663,5.0
2395,414192,8.956777491657566e-05,10.0
2395,13153,0.2748366034616506,7.0
2395,204176,0.2564373337355874,8.0
5134,17208,0.5887024220479053,5.0
5134,579557,0.7256794389616714,3.0
5134,536120,0.520530602180121,6.0
5134,100485,0.7456892252000404,2.0
5134,172703,0.6238696375731491,4.0
5134,206727,0.9346962492065313,1.0
5134,122012,0.31257882443839663,8.0
5134,453542,0.37634405766051027,7.0
5134,328086,0.005760817289458999,10.0
5134,539263,0.04192525396840667,9.0
5343,204075,1.0,1.0
5343,296528,0.08679904847333042,10.0
5343,366597,0.382372578639163,4.0
5343,581889,0.35596237246165263,6.0
5343,184175,0.6806012969529994,2.0
5343,367641,0.627315814103727,3.0
5343,157553,0.18986697517430545,9.0
5343,405702,0.23605021695655426,8.0
5343,548433,0.3776374375548193,5.0
5343,17443,0.237428455015962,7.0
5254,471723,0.2886750361824504,8.0
5254,59714,0.29914421069531283,7.0
5254,402466,0.9481094061144023,1.0
5254,383978,0.33908805027542804,5.0
5254,78675,0.3132687475516281,6.0
5254,14368,0.4225295246997759,2.0
5254,467390,0.010059795992014786,10.0
5254,327978,0.36912316111427224,3.0
5254,44601,0.3624050064889404,4.0
5254,297290,0.028817811243116432,9.0
3049,582864,1.0,1.0
3049,352640,0.3998030982876777,5.0
3049,77245,0.540009281439896,3.0
3049,536849,0.38723132386829806,6.0
3049,220022,0.2744914376902909,7.0
3049,127974,0.5581360024111192,2.0
3049,132780,0.26615520858821523,8.0
3049,445052,0.23182527820545176,9.0
3049,263361,0.0016070535272579266,10.0
3049,555732,0.44401912492074735,4.0
7509,61191,0.1,9.0
7509,423034,0.3708749356437537,5.0
7509,472051,0.49885410221666987,4.0
7509,298128,0.2850854133458943,6.0
7509,461592,0.28175763102097584,7.0
7509,22221,0.5729337667491834,3.0
7509,480944,0.09651362910110803,10.0
7509,301580,0.12195453349385459,8.0
7509,323363,0.9038886656588524,1.0
7509,392826,0.7557537993965162,2.0
5067,328341,0.9028640974674197,3.0
5067,366830,0.9556316663215462,2.0
5067,547301,0.9767694718313762,1.0
5067,539133,0.7337850370398238,5.0
5067,231227,0.2435121026159713,8.0
5067,88124,0.33466403601821787,7.0
5067,172594,0.7338936186828505,4.0
5067,460357,0.098977764811259,9.0
5067,18001,0.6881837226074037,6.0
5067,574327,0.0,10.0
8456,257853,1.0,1.0
8456,115141,0.6096111794287947,5.0
8456,125659,0.27336946463319356,7.0
8456,486696,0.7938163410683077,3.0
8456,81924,0.5700134232594452,6.0
8456,159703,0.8920580039117519,2.0
8456,193398,0.6301609743538122,4.0
8456,431507,0.15384102278847123,8.0
8456,290156,0.01318501129390404,9.0
8456,367137,0.0,10.0
10734,62882,0.9727106081386205,1.0
10734,426278,0.8304449729351366,3.0
10734,461261,0.22003651799894597,5.0
10734,207354,0.15847764787893814,6.0
10734,467044,0.02763932618024824,9.0
10734,589970,0.9196325319815551,2.0
10734,549759,0.11836987917841241,7.0
10734,55064,0.015323162818115866,10.0
10734,58937,0.6731775010835621,4.0
10734,551934,0.10113385033398024,8.0
5178,507544,0.8587687835385721,2.0
5178,257016,0.9610159885929205,1.0
5178,572272,0.6163196505403467,5.0
5178,9656,0.3871877988302379,7.0
5178,76414,0.824127142174742,3.0
5178,60355,0.20757644870236527,9.0
5178,437538,0.7029753921292836,4.0
5178,268553,0.5353022426796477,6.0
5178,579235,0.0005710564087887055,10.0
5178,216384,0.37281902914536524,8.0
9174,303025,0.6044102266653181,5.0
9174,404339,0.8312031671159592,2.0
9174,149306,0.6015222457333298,6.0
9174,313437,0.37345416925496916,8.0
9174,272008,0.9112460418549484,1.0
9174,374750,0.8132287509301772,3.0
9174,21194,0.22723602374392132,9.0
9174,265098,0.6321797414552676,4.0
9174,479625,0.004006699760932945,10.0
9174,434812,0.5726179612300256,7.0
988,501384,1.0,1.0
988,280967,0.5949553862102762,5.0
988,301224,0.6380674522167852,4.0
988,187196,0.02969022257077521,10.0
988,45029,0.5008651017278155,7.0
988,287991,0.5058917331790749,6.0
988,236899,0.1675902981770923,8.0
988,201495,0.6788484340284398,3.0
988,345199,0.7247599097978028,2.0
988,455398,0.12721963742046752,9.0
2154,476632,1.0,1.0
2154,132371,0.30228527461625965,9.0
2154,153541,0.3243884621059159,7.0
2154,366761,0.339612300568014,5.0
2154,62966,0.011829248146449003,10.0
2154,24890,0.6871859329649315,2.0
2154,147080,0.3334441991864373,6.0
2154,450808,0.5160708726954756,3.0
2154,150219,0.3133918255367136,8.0
2154,148757,0.40184090721834087,4.0
9646,272784,0.8323292390165992,2.0
9646,236482,0.7235622652705181,3.0
9646,29306,0.6789121927757595,4.0
9646,556191,0.9562539466736464,1.0
9646,395437,0.12470447147302481,8.0
9646,96121,0.0798202552600174,9.0
9646,26203,0.42752050637862243,5.0
9646,257853,0.16319483837665044,7.0
9646,323768,0.002279295765766013,10.0
9646,535697,0.17306204954735965,6.0
3033,571430,1.0,1.0
3033,518624,0.6303517182572368,2.0
3033,318583,0.21883529774754956,7.0
3033,123468,0.3351002836385608,4.0
3033,295980,0.09966635463390862,9.0
3033,481102,0.3270280586904604,5.0
3033,398622,0.2194302783761089,6.0
3033,570453,0.21035051718099196,8.0
3033,387010,0.5560240201344753,3.0
3033,62966,0.0,10.0
15,583956,0.33730892355770725,4.0
15,119213,0.10396491373090702,9.0
15,170294,0.7168816498086403,2.0
15,325273,0.9507123761878481,1.0
15,570155,0.15422609140653717,6.0
15,509723,0.14450975075745506,7.0
15,18509,0.3654045763223491,3.0
15,298159,0.012300021182066238,10.0
15,338313,0.12384025185932457,8.0
15,387165,0.2962001372269942,5.0
6612,274870,0.5887540701847184,2.0
6612,254454,0.9862367912376493,1.0
6612,216384,0.5479567269822844,3.0
6612,187739,0.40373374457221756,6.0
6612,366448,0.29320755733497367,8.0
6612,95778,0.20241156186775056,9.0
6612,205522,0.3547670459441186,7.0
6612,416796,0.5061287812338702,4.0
6612,159936,0.43239962069038507,5.0
6612,108302,0.0,10.0
5940,304743,0.8600971173708795,3.0
5940,326665,0.5118104829631224,6.0
5940,226303,0.04949720200895328,10.0
5940,438243,0.9377805252287955,1.0
5940,428082,0.283124416707427,9.0
5940,433490,0.6314550669432802,5.0
5940,167684,0.6609871153748085,4.0
5940,16670,0.310931902143163,7.0
5940,150650,0.31031322775919884,8.0
5940,546313,0.8847583595842866,2.0
9385,403755,1.0,1.0
9385,442127,0.4853064721230834,2.0
9385,1198,0.14935122859484073,7.0
9385,379667,0.30776474275054266,4.0
9385,341579,0.4428863537168111,3.0
9385,70853,0.2083222563368819,5.0
9385,57138,0.18734348152399424,6.0
9385,407654,0.012007506037364746,10.0
9385,208070,0.13602745054197432,8.0
9385,62151,0.08650822175336376,9.0
9332,159577,0.7020096196141941,4.0
9332,293687,0.5916237140265542,5.0
9332,271243,0.9458006942592152,1.0
9332,212770,0.10450500734902371,9.0
9332,178521,0.7736180907226572,3.0
9332,286074,0.1585310945863544,8.0
9332,271766,0.7742865645896158,2.0
9332,123418,0.28274413512997043,6.0
9332,236389,0.002860058370576259,10.0
9332,444107,0.22535560843006752,7.0
8275,435963,0.8442337788764075,2.0
8275,26203,0.4952669094065499,5.0
8275,514500,0.09580592295347634,9.0
8275,294867,0.9378494584231389,1.0
8275,571306,0.6297495233909277,4.0
8275,114439,0.39417339199795715,6.0
8275,576564,0.1808975264401337,8.0
8275,99757,0.32908413551097876,7.0
8275,44601,0.014602493544918103,10.0
8275,554568,0.8124904377850849,3.0
4785,435021,0.1508777769921168,7.0
4785,37517,0.9945094011385901,1.0
4785,326991,0.3332116550755808,3.0
4785,85522,0.013598021263169821,10.0
4785,34789,0.10079627122884463,8.0
4785,564841,0.2292559445211109,5.0
4785,162456,0.4413597618594376,2.0
4785,69696,0.028537722841065847,9.0
4785,140170,0.18094405401297037,6.0
4785,385574,0.32251997854344017,4.0
4465,569461,0.7657817504060689,2.0
4465,561377,0.22308568337594215,9.0
4465,299242,0.9756891194802353,1.0
4465,349710,0.3537139599490673,8.0
4465,344041,0.6261572272268344,5.0
4465,109860,0.4578386559706651,6.0
4465,226303,0.6521590694888485,4.0
4465,170294,0.021743574994736396,10.0
4465,213591,0.4265940767086898,7.0
4465,461051,0.7421901260430722,3.0
7279,476834,1.0,1.0
7279,214542,0.5911376605294755,4.0
7279,412502,0.437748559553778,6.0
7279,50744,0.5765425764499291,5.0
7279,27081,0.6245595063936801,3.0
7279,322456,0.6449888588769787,2.0
7279,442489,0.15155174773846689,8.0
7279,19606,0.265972438437979,7.0
7279,343489,0.00010088621028841917,10.0
7279,29790,0.015400439718396988,9.0
7431,281707,0.8476069913571315,3.0
7431,372921,0.9796528279225003,1.0
7431,292991,0.6146533637524069,4.0
7431,501384,0.5267279698772417,5.0
7431,423403,0.892832473926614,2.0
7431,44594,0.026395941632612326,10.0
7431,305287,0.4885282377888197,6.0
7431,114768,0.3173965897257637,8.0
7431,178303,0.03987274923841172,9.0
7431,257248,0.3457691594198754,7.0
2118,76515,0.4000890634425416,4.0
2118,338313,0.3129559878678307,6.0
2118,384322,0.5481943089121725,2.0
2118,467509,0.244701441433202,7.0
2118,411061,0.9362693295516269,1.0
2118,191977,0.4672738694123441,3.0
2118,328556,0.3580046449041776,5.0
2118,528661,0.15722714735149576,8.0
2118,361028,0.004285384301689004,10.0
2118,373271,0.10536753692659603,9.0
5380,549254,1.0,1.0
5380,216196,0.23373431426813873,5.0
5380,46099,0.052046754722429575,9.0
5380,360481,0.3977764495746008,3.0
5380,175771,0.01241428761188837,10.0
5380,242524,0.5350664033539203,2.0
5380,507284,0.39520128505144586,4.0
5380,416307,0.15433569147978904,8.0
5380,345895,0.1659811221244541,7.0
5380,336772,0.1890292800269722,6.0
3404,62966,0.16837551577831833,8.0
3404,322246,0.1945585482828171,7.0
3404,583635,0.06565494323284725,10.0
3404,272425,0.4140883974659742,4.0
3404,153541,0.28965996239543246,5.0
3404,251411,0.2888391570304314,6.0
3404,488574,0.9192157335177027,1.0
3404,241136,0.13556867343792917,9.0
3404,442110,0.6670529698128759,2.0
3404,298128,0.4887040924504945,3.0
6420,565568,1.0,1.0
6420,480315,0.09027564515832619,10.0
6420,294295,0.4656013776219807,7.0
6420,394244,0.7579529688990481,2.0
6420,69696,0.33939181555149767,8.0
6420,122432,0.31774042525553786,9.0
6420,269898,0.582513042696886,4.0
6420,279897,0.5119449954473813,6.0
6420,442048,0.6469677317863913,3.0
6420,112714,0.5443876285805465,5.0
9961,21311,1.0,1.0
9961,72402,0.713765632350495,2.0
9961,335991,0.5037253488528601,5.0
9961,518379,0.5739502660245174,3.0
9961,174335,0.28395811092176076,7.0
9961,341493,0.4279593548090985,6.0
9961,17166,0.11614463762704774,8.0
9961,528522,0.5594836560342559,4.0
9961,565684,0.0012124811269056445,10.0
9961,156358,0.0810599196299895,9.0
8079,125940,0.20647167811898676,7.0
8079,95278,0.9962627927505225,1.0
8079,187583,0.3596085112979931,6.0
8079,57138,0.7022409613676891,3.0
8079,11184,0.6411845677468123,4.0
8079,108040,0.7850578714827319,2.0
8079,39478,0.575377144091473,5.0
8079,224231,0.09915595972110806,9.0
8079,93971,0.18822796153864282,8.0
8079,1198,0.0,10.0
