query_id,doc_id,score_hybrid,rank
3394,112208,0.8787051737157423,1.0
3394,172703,0.6587677169225443,3.0
3394,87722,0.6310243471368159,4.0
3394,445971,0.6699413757186099,2.0
3394,345199,0.3921022014707633,5.0
3394,377429,0.3081572273112516,8.0
3394,387277,0.37114829245819136,6.0
3394,133093,0.3250170301169396,7.0
3394,418150,0.038383419356459225,10.0
3394,539263,0.05939287289871505,9.0
5505,100387,1.0,1.0
5505,141738,0.41257851325644646,2.0
5505,278824,0.27346367962059936,4.0
5505,70488,0.2920161659893106,3.0
5505,349160,0.16294387842666852,5.0
5505,478457,0.09051121262833256,8.0
5505,200338,0.11228074054145833,6.0
5505,408327,0.01190905815165416,9.0
5505,442142,0.10727035942193235,7.0
5505,593085,0.0,10.0
6792,558617,0.9910331091471447,1.0
6792,400841,0.40565111006435384,3.0
6792,29306,0.31458054255491663,7.0
6792,136825,0.4150005490673389,2.0
6792,259081,0.3293565079002023,5.0
6792,40447,0.1945266101390529,8.0
6792,480515,0.3237842092618697,6.0
6792,156467,0.36990780796573564,4.0
6792,545434,0.06723475298837436,10.0
6792,585447,0.12690080153456298,9.0
6909,452175,0.8796954204378018,1.0
6909,13260,0.5882709592416214,2.0
6909,435963,0.44573034213792806,3.0
6909,375019,0.4111857020070296,4.0
6909,266900,0.2518517752764471,7.0
6909,464502,0.13360322766152538,8.0
6909,214003,0.05269290768473918,10.0
6909,79357,0.3431664359687369,5.0
6909,535697,0.25803356952182016,6.0
6909,330041,0.12948649639840287,9.0
4946,121690,1.0,1.0
4946,156816,0.37699389939516026,2.0
4946,79357,0.28403355173415423,4.0
4946,9938,0.29266822951934823,3.0
4946,350680,0.2495211350882786,5.0
4946,28119,0.1407069672410961,8.0
4946,343489,0.2147296673706963,7.0
4946,100485,0.23271017671703667,6.0
4946,88105,0.08910741527566465,9.0
4946,496935,0.0,10.0
4125,283079,0.8984196667612296,1.0
4125,232199,0.8017255729971228,2.0
4125,363591,0.7115517342949198,3.0
4125,452987,0.4694056049991927,4.0
4125,571362,0.4623882045147508,5.0
4125,292769,0.20855255114860108,9.0
4125,340044,0.3337762845577529,6.0
4125,103593,0.28839541404171504,8.0
4125,276400,0.3022614448201287,7.0
4125,7632,0.038018297202637004,10.0
6009,62151,0.794447002024265,1.0
6009,175831,0.6956931383109475,2.0
6009,303325,0.6376844713968667,4.0
6009,228983,0.6954537920650989,3.0
6009,158717,0.4253583029872231,5.0
6009,472585,0.07980154616699343,8.0
6009,178684,0.0592073012559133,9.0
6009,442048,0.3332279520213267,6.0
6009,125298,0.04913479833571665,10.0
6009,99857,0.10214048018680084,7.0
9598,528034,1.0,1.0
9598,379311,0.5247199124670467,2.0
9598,322826,0.397601527338612,4.0
9598,136270,0.1856731971374843,8.0
9598,574327,0.45098678566453376,3.0
9598,112208,0.2868665193042067,6.0
9598,17923,0.23681014379956766,7.0
9598,172703,0.17773670842944422,9.0
9598,297290,0.34766266263503925,5.0
9598,383978,0.17578106459777793,10.0
10645,22221,1.0,1.0
10645,340131,0.7922327261608434,2.0
10645,441176,0.6686886892575777,3.0
10645,183349,0.4232640170593559,6.0
10645,102684,0.5137413192771403,4.0
10645,248799,0.5018329492374831,5.0
10645,317354,0.3116203593193292,8.0
10645,293679,0.3650086292248149,7.0
10645,415340,0.19418844405198804,9.0
10645,487791,0.0,10.0
7441,125659,0.8778516734832233,1.0
7441,192900,0.8268808788047001,2.0
7441,537418,0.7010100720759705,4.0
7441,231781,0.8143103627828805,3.0
7441,117576,0.5822076502688317,5.0
7441,404339,0.24705474242291514,7.0
7441,329662,0.2546807245708989,6.0
7441,504996,0.10959094619047605,9.0
7441,336018,0.12383182926467609,8.0
7441,180733,0.0,10.0
5080,305901,0.8686368361120974,1.0
5080,553304,0.7773548848518552,3.0
5080,392434,0.7794936021513055,2.0
5080,514512,0.5906046602260246,4.0
5080,67063,0.5814726618281973,5.0
5080,488334,0.4285085166789241,6.0
5080,356928,0.40149577626637367,7.0
5080,271026,0.1283864577058439,10.0
5080,88912,0.13444558159054495,9.0
5080,167950,0.17743520245863575,8.0
9329,326991,1.0,1.0
9329,385574,0.31978903213402804,4.0
9329,340210,0.3003884504442065,5.0
9329,394924,0.37736164509246267,2.0
9329,265098,0.22350920147534087,6.0
9329,586018,0.36220558396561997,3.0
9329,179103,0.17217184780620545,7.0
9329,192900,0.14074412661108715,8.0
9329,209493,0.08010813903262988,9.0
9329,209065,0.0,10.0
6479,404339,1.0,1.0
6479,272008,0.6042096209649286,2.0
6479,536120,0.332134110936631,3.0
6479,9938,0.12610500626633817,7.0
6479,453839,0.10337396111688998,8.0
6479,104793,0.04684753768680101,9.0
6479,257656,0.20893219002061927,4.0
6479,491969,0.15536113236870341,6.0
6479,114439,0.04644538905833351,10.0
6479,340210,0.1715854679863415,5.0
8513,175821,1.0,1.0
8513,69790,0.8469054685617026,2.0
8513,167950,0.3903872162309827,3.0
8513,183612,0.18298495211176674,8.0
8513,449039,0.18978449755037263,6.0
8513,267113,0.22358751235509428,4.0
8513,167896,0.20813965718768604,5.0
8513,417840,0.1607967931404213,9.0
8513,232712,0.1879839192259119,7.0
8513,87667,0.1146970440275313,10.0
10109,93231,0.9841142723858403,1.0
10109,28314,0.9516097753510292,2.0
10109,535317,0.532292153824285,3.0
10109,395357,0.3628616832813961,4.0
10109,124630,0.14872001242908994,7.0
10109,244749,0.12177510342781556,8.0
10109,305467,0.10768845221197344,9.0
10109,116420,0.23580102310273865,6.0
10109,474384,0.2516290253576996,5.0
10109,105818,0.06189815661612712,10.0
4844,275257,1.0,1.0
4844,367137,0.7399776915983312,2.0
4844,192193,0.6894001292049841,3.0
4844,111033,0.4079329214723019,4.0
4844,235522,0.3547616197527479,5.0
4844,549741,0.14150408269808745,8.0
4844,140088,0.22453501367233503,6.0
4844,386423,0.03573146579154128,9.0
4844,144177,0.16117325613718245,7.0
4844,409432,0.006238468737223263,10.0
8544,214003,1.0,1.0
8544,37517,0.6220696548106057,2.0
8544,336541,0.4593515028102496,3.0
8544,75437,0.337592570767131,5.0
8544,13260,0.3120215048796075,6.0
8544,100103,0.35899454046855256,4.0
8544,416307,0.15554105862178325,8.0
8544,12432,0.0688151806546006,9.0
8544,561884,0.2708953609603249,7.0
8544,111768,0.02352815154391173,10.0
4823,561929,1.0,1.0
4823,362919,0.6094066100139788,2.0
4823,340131,0.33445597545760863,5.0
4823,104726,0.4537376776052944,3.0
4823,11572,0.3671339420581067,4.0
4823,7094,0.3184505973655815,6.0
4823,2860,0.19786543167868198,9.0
4823,459423,0.2165776325655487,8.0
4823,252716,0.22237784577013409,7.0
4823,271118,0.0,10.0
1085,366597,0.8911804947434802,2.0
1085,405702,0.926688618770794,1.0
1085,485195,0.5553903161215975,3.0
1085,374334,0.4287510136431963,4.0
1085,108302,0.20014976614195845,6.0
1085,581889,0.046975298133955144,10.0
1085,94586,0.07649102798018037,9.0
1085,184175,0.1920019844321527,7.0
1085,401125,0.20595060842803667,5.0
1085,315275,0.08182256500071165,8.0
2388,104988,1.0,1.0
2388,300287,0.38200815908459435,2.0
2388,13657,0.28181727126701983,3.0
2388,123733,0.16855891669525963,7.0
2388,459423,0.26029488521462707,4.0
2388,565698,0.17930700465309246,6.0
2388,423403,0.19347274000977357,5.0
2388,157702,0.1142965746715191,9.0
2388,141320,0.15253151776397667,8.0
2388,429978,0.05203557383279966,10.0
6891,474351,1.0,1.0
6891,492506,0.27168433655778945,2.0
6891,504497,0.09601642056959021,8.0
6891,558924,0.25220584157729975,3.0
6891,264095,0.1727374054296965,6.0
6891,381757,0.14459135367563922,7.0
6891,323363,0.19548376330821027,4.0
6891,579543,0.05048999230247373,9.0
6891,143425,0.1727777603996413,5.0
6891,73434,0.0,10.0
2568,346042,1.0,1.0
2568,164702,0.634770818147718,2.0
2568,170141,0.4964140127033556,3.0
2568,13975,0.3614154458720522,7.0
2568,544654,0.3633274748102397,6.0
2568,130209,0.3891651195143958,5.0
2568,428150,0.18021265212840065,9.0
2568,269898,0.39937654248037735,4.0
2568,368802,0.18872421240582604,8.0
2568,213370,0.0003492883598031974,10.0
7702,558924,0.9684315406235209,1.0
7702,133093,0.8985315562369811,2.0
7702,387277,0.7455633492163568,3.0
7702,592636,0.27936340256919884,5.0
7702,214542,0.34822395765641523,4.0
7702,192193,0.26824296916955914,6.0
7702,108721,0.16129849599217488,8.0
7702,140088,0.204957813067114,7.0
7702,367137,0.11201702085209131,9.0
7702,259317,0.015832028273053966,10.0
2376,91545,0.9990491071659915,1.0
2376,402249,0.8915383888724052,2.0
2376,244961,0.7639541513678898,4.0
2376,114417,0.7735606225132527,3.0
2376,549833,0.6919384839008811,5.0
2376,324411,0.6556417331741268,6.0
2376,407455,0.5399486678433094,7.0
2376,64263,0.5313903887483824,8.0
2376,582521,0.29494334663716537,9.0
2376,44110,0.0,10.0
4339,386531,1.0,1.0
4339,488615,0.5613133586630977,2.0
4339,16392,0.3058693362236353,3.0
4339,242076,0.22980191772786682,6.0
4339,240645,0.2270957555568649,7.0
4339,473540,0.29419781740334927,4.0
4339,260328,0.24270965063019834,5.0
4339,455398,0.05923243125964636,9.0
4339,242294,0.12103823235333977,8.0
4339,103256,0.008249621397247022,10.0
5427,387854,0.8863286619360642,1.0
5427,580709,0.5626337984737919,2.0
5427,55666,0.4861756573763577,5.0
5427,200338,0.2538285470541557,7.0
5427,597467,0.5227002698672357,3.0
5427,142876,0.4910230300534983,4.0
5427,522358,0.2394105493669534,8.0
5427,273084,0.17684028335032892,10.0
5427,200603,0.30523291402934394,6.0
5427,549759,0.20140220182901944,9.0
7734,226070,1.0,1.0
7734,96013,0.5796117914876584,2.0
7734,87667,0.39684643852593876,3.0
7734,94591,0.2731510190212311,4.0
7734,10703,0.24761855165609106,5.0
7734,150544,0.10875327862726546,9.0
7734,421371,0.21989641596338677,6.0
7734,232712,0.14737212546488843,8.0
7734,247486,0.044852455601824506,10.0
7734,433905,0.17037799547977545,7.0
2486,487791,1.0,1.0
2486,58937,0.4423222476691866,2.0
2486,388575,0.251342276402996,5.0
2486,101604,0.277395609638425,3.0
2486,216327,0.13939088291976623,8.0
2486,250702,0.27152031553475275,4.0
2486,357914,0.20176500430003852,7.0
2486,234436,0.23747677126982797,6.0
2486,518563,0.007094864036632102,10.0
2486,130021,0.12275889333936718,9.0
7071,238629,0.8874923222062393,1.0
7071,99857,0.4363764844148752,3.0
7071,178684,0.5861995208911488,2.0
7071,14543,0.38853553740994334,4.0
7071,588384,0.1939145373172464,7.0
7071,246221,0.2457318366869838,6.0
7071,403899,0.08045479902034805,10.0
7071,434812,0.3292843151200485,5.0
7071,319793,0.16296977643978527,8.0
7071,378173,0.1194707499156325,9.0
8537,511093,0.986532356763437,1.0
8537,416307,0.8021091210675322,2.0
8537,572842,0.4926101551861464,5.0
8537,281707,0.4755798575130441,6.0
8537,374020,0.5675960203001152,3.0
8537,96467,0.4604796453032085,7.0
8537,557356,0.4124203182559596,8.0
8537,472516,0.5057271423480814,4.0
8537,472014,0.22926981176213887,9.0
8537,501384,0.06877606711504149,10.0
7178,70096,0.80306177023748,1.0
7178,401329,0.6147073650670327,2.0
7178,420851,0.2945302357321234,3.0
7178,518563,0.1327667717565908,5.0
7178,58851,0.05692104703983806,9.0
7178,474384,0.16781234894773014,4.0
7178,88892,0.08130456009754415,6.0
7178,193312,0.05862998802058432,8.0
7178,484055,0.0051947609255423004,10.0
7178,554568,0.08106111276855973,7.0
4777,2860,1.0,1.0
4777,409535,0.8484555309512762,2.0
4777,228983,0.4301575424510383,4.0
4777,429378,0.28876858577233067,5.0
4777,407455,0.24376056131171733,6.0
4777,167896,0.45019967191878396,3.0
4777,525231,0.2163790024942389,7.0
4777,570155,0.13054782436923573,8.0
4777,413041,0.041196336341945576,10.0
4777,164008,0.05042713246423977,9.0
2398,168922,0.7000000000000001,2.0
2398,96538,0.9071129319851963,1.0
2398,443246,0.6712868269883059,3.0
2398,490443,0.5829410956120196,4.0
2398,527698,0.4852636609426171,5.0
2398,548465,0.429106134185709,6.0
2398,107092,0.2446905625858095,7.0
2398,505959,0.15431634458716417,8.0
2398,403515,0.09832762728206983,10.0
2398,342212,0.13636773103302294,9.0
849,557186,1.0,1.0
849,528564,0.7474440780993762,4.0
849,232199,0.7933857844165932,2.0
849,183612,0.7710362235066056,3.0
849,234436,0.3221879066468028,6.0
849,366830,0.37439706158389385,5.0
849,24890,0.23931309525734445,9.0
849,327263,0.25083516753352775,8.0
849,454810,0.01853556367709842,10.0
849,273947,0.25129380552414915,7.0
7534,175821,1.0,1.0
7534,301224,0.5823334664210147,2.0
7534,498378,0.46130943930777774,3.0
7534,46099,0.19881193917573636,5.0
7534,147765,0.1070287447884952,7.0
7534,89714,0.24052130624200152,4.0
7534,51046,0.1407493556102491,6.0
7534,211839,0.011621102673498815,10.0
7534,255491,0.08474396181205975,8.0
7534,169062,0.057367409463010166,9.0
5021,226070,0.8787313943934939,1.0
5021,423034,0.7502886573015087,2.0
5021,588607,0.36977846204699,4.0
5021,79357,0.5002605168333945,3.0
5021,494939,0.2897228173450236,5.0
5021,3118,0.14167639742099306,7.0
5021,339640,0.2740638311207569,6.0
5021,289813,0.043875676093767635,10.0
5021,481308,0.0666960991175868,9.0
5021,136825,0.09899404555039946,8.0
6131,326094,0.933253559171455,1.0
6131,334111,0.6724945634589907,2.0
6131,44223,0.3910491234803221,5.0
6131,258465,0.4489244772784897,3.0
6131,123733,0.21597879368434306,7.0
6131,368806,0.42123634198273124,4.0
6131,315275,0.13321196926144496,8.0
6131,470024,0.2547830808801892,6.0
6131,483441,0.07041335507270614,9.0
6131,169699,0.024256492571426074,10.0
10136,152316,0.9392713183034438,1.0
10136,32744,0.7649563487358281,3.0
10136,290930,0.8718202704676979,2.0
10136,277179,0.5008318387860545,4.0
10136,18509,0.3306652221634519,5.0
10136,198349,0.3153145851666678,6.0
10136,302792,0.19449088792264,8.0
10136,507284,0.1324152000694726,9.0
10136,280204,0.231031078232708,7.0
10136,144177,0.0,10.0
9548,423658,0.998043495586394,1.0
9548,523810,0.7418080701864362,2.0
9548,297290,0.7326801332597657,3.0
9548,231227,0.678314359618199,4.0
9548,61022,0.3149220514934311,6.0
9548,72160,0.32811690299399215,5.0
9548,539263,0.26738113711625233,7.0
9548,32811,0.13851386331631005,10.0
9548,583203,0.14748230712683297,9.0
9548,482544,0.1724869637551839,8.0
4942,314898,1.0,1.0
4942,433490,0.6580411235603717,2.0
4942,295864,0.4909101804500572,3.0
4942,70853,0.3862641981419776,6.0
4942,420556,0.39159809635727616,5.0
4942,94689,0.4105655183865854,4.0
4942,486333,0.26755722013179045,7.0
4942,62966,0.24476467717646158,8.0
4942,55999,0.13438536077620972,9.0
4942,539263,0.02301590057850623,10.0
5090,572272,0.808748698251557,2.0
5090,12988,0.8515556627103893,1.0
5090,270856,0.48587083314234275,3.0
5090,468777,0.33408896046695147,4.0
5090,507544,0.32020438245093086,5.0
5090,551423,0.2497107161652061,7.0
5090,149500,0.3139720365340797,6.0
5090,247721,0.23474864160986397,8.0
5090,169688,0.22497799069708885,9.0
5090,414534,0.16620879780504552,10.0
6005,149500,1.0,1.0
6005,507544,0.5655886959230738,2.0
6005,572272,0.47053104647505517,3.0
6005,551423,0.23618591650604986,4.0
6005,140947,0.06960702114282466,9.0
6005,30311,0.1190036750873156,7.0
6005,176498,0.23437265638093296,5.0
6005,414288,0.18993698200045384,6.0
6005,515060,0.06474219238703621,10.0
6005,377223,0.0773312347862465,8.0
7533,162668,1.0,1.0
7533,461084,0.7625894626542095,2.0
7533,438680,0.6325200398009938,3.0
7533,284411,0.5411586107524972,4.0
7533,167356,0.47029158384640646,5.0
7533,257016,0.31045198230513943,8.0
7533,201495,0.4224170366030325,6.0
7533,213435,0.35320710492615676,7.0
7533,167950,0.040752677946188164,10.0
7533,407654,0.126062050781111,9.0
8034,284075,0.7452116760519447,1.0
8034,327978,0.7232211366801677,2.0
8034,415340,0.48139018393262506,3.0
8034,307999,0.45632507853901305,4.0
8034,292991,0.248287369448439,7.0
8034,198764,0.31979339479543756,5.0
8034,13153,0.24323326761867473,9.0
8034,22221,0.2450064531559633,8.0
8034,213435,0.14912802910151124,10.0
8034,579557,0.29999999999999993,6.0
2330,478514,1.0,1.0
2330,260014,0.19026922435278693,3.0
2330,370334,0.2915908710631887,2.0
2330,345895,0.18584596182055607,4.0
2330,156873,0.06948008804919506,9.0
2330,572272,0.08481306424452287,8.0
2330,488334,0.12793449679592897,7.0
2330,94586,0.15073291972927627,5.0
2330,167684,0.13854395827657864,6.0
2330,9656,0.025338434745308454,10.0
7803,62151,1.0,1.0
7803,572205,0.5667515291479136,2.0
7803,327127,0.4660215766237128,4.0
7803,216065,0.4903923296491686,3.0
7803,214003,0.43353949189621466,5.0
7803,100103,0.2996938862005075,7.0
7803,336541,0.3667125116115095,6.0
7803,324037,0.07966287151374848,9.0
7803,583651,0.01674987213453292,10.0
7803,12432,0.2216308099883131,8.0
1933,183612,1.0,1.0
1933,446984,0.2904214317608161,2.0
1933,141738,0.16018891844051497,6.0
1933,352640,0.19696445564433013,4.0
1933,445298,0.2127768045324741,3.0
1933,413041,0.03463526225179293,10.0
1933,466718,0.1287173842562806,8.0
1933,234436,0.14319701892222264,7.0
1933,264554,0.18715875294435488,5.0
1933,134794,0.1121844814044177,9.0
6849,44601,1.0,1.0
6849,59714,0.6322936714105528,2.0
6849,78675,0.5650040574876247,3.0
6849,578427,0.33546167765726487,4.0
6849,172703,0.1337359324954004,7.0
6849,79998,0.197241209894562,6.0
6849,112208,0.07934378777039688,9.0
6849,418150,0.2905477660505523,5.0
6849,328086,0.016975818207254058,10.0
6849,61962,0.11530123938420545,8.0
7448,418150,1.0,1.0
7448,100485,0.22743913611744643,2.0
7448,273861,0.08741267213946403,9.0
7448,112208,0.20844480563548018,4.0
7448,377429,0.15186853624524027,6.0
7448,387277,0.12264294189969285,7.0
7448,307095,0.1213125018631856,8.0
7448,133093,0.15608038340876282,5.0
7448,44601,0.211373368094767,3.0
7448,172703,0.03972642486070371,10.0
42,283079,0.9954176597444866,1.0
42,278824,0.7103373327498761,3.0
42,528564,0.7685307398622286,2.0
42,327002,0.42862511774769874,4.0
42,141738,0.1745632617769431,7.0
42,124630,0.13761982849506077,9.0
42,366830,0.3391066369052386,6.0
42,467509,0.16673395568574265,8.0
42,536849,0.3670049997531934,5.0
42,583956,0.12518680686867648,10.0
4102,125940,0.7000000000000001,2.0
4102,293320,0.6825140799489477,4.0
4102,572340,0.687151116812613,3.0
4102,554734,0.7871508893403238,1.0
4102,275925,0.56932703487634,6.0
4102,327978,0.6658867622573322,5.0
4102,326142,0.4705941888461126,7.0
4102,460457,0.25409838873403207,8.0
4102,356987,0.10143635142527463,9.0
4102,324779,0.06241768547245513,10.0
7269,474351,0.7806346875854084,1.0
7269,588607,0.6039451524271437,2.0
7269,72402,0.2971818367374318,4.0
7269,226070,0.22433767636886637,6.0
7269,301580,0.11877881567328329,8.0
7269,486696,0.3746027900286285,3.0
7269,386173,0.052311693553895554,9.0
7269,392894,0.1761634824417615,7.0
7269,129319,0.22676662120208796,5.0
7269,90294,0.0344205995716869,10.0
10975,363591,0.9024483384191085,1.0
10975,17166,0.8074390426867522,2.0
10975,72160,0.6392928927819902,3.0
10975,545759,0.2778411603872769,7.0
10975,384564,0.18462696774371082,8.0
10975,482544,0.4048774902027939,4.0
10975,528522,0.33155166370880484,6.0
10975,61022,0.09673826330394417,10.0
10975,452870,0.3557621226793238,5.0
10975,341493,0.1427653972718832,9.0
715,93936,0.7198136026495435,1.0
715,232262,0.4542891025094528,3.0
715,377223,0.42524800107550875,4.0
715,590489,0.4567413342223302,2.0
715,560872,0.4212064572910955,5.0
715,127316,0.27155541445918174,7.0
715,273925,0.3350833825498428,6.0
715,524752,0.10930458937627945,9.0
715,212028,0.015205254120296252,10.0
715,167896,0.1595460834771204,8.0
4037,557186,0.9443397609700127,1.0
4037,408327,0.3479174311039356,2.0
4037,81483,0.14468676545122428,5.0
4037,264554,0.20150070482169047,4.0
4037,70488,0.13610873546789087,6.0
4037,73427,0.12186121192060546,7.0
4037,141738,0.041861739264047175,10.0
4037,327002,0.11399617212562992,8.0
4037,298099,0.3033926580641023,3.0
4037,278824,0.08097007212102433,9.0
4047,159836,0.7976642240928458,2.0
4047,538352,0.8342038464616309,1.0
4047,124230,0.5958480138510082,3.0
4047,457294,0.43141913460965153,5.0
4047,227423,0.5133771795612916,4.0
4047,488258,0.28280135621522867,7.0
4047,186453,0.31047043155985726,6.0
4047,560872,0.13275801563865955,9.0
4047,304477,0.013642424865153765,10.0
4047,472585,0.16787056323434552,8.0
8072,31465,0.866461900204412,1.0
8072,127452,0.8474763947020706,2.0
8072,164008,0.6624036400928912,4.0
8072,413041,0.5345288155201757,6.0
8072,394244,0.6632161929711781,3.0
8072,284235,0.563457227648532,5.0
8072,494727,0.3494932466755233,8.0
8072,294867,0.36733595140018155,7.0
8072,316838,0.17864316049116713,9.0
8072,169062,0.0,10.0
5906,258465,0.8932229247650446,1.0
5906,409907,0.6612997758561435,2.0
5906,318520,0.6150859263025636,3.0
5906,470024,0.34506014393866374,6.0
5906,289231,0.423891989209752,4.0
5906,273528,0.3707166149696083,5.0
5906,326094,0.04822280688752605,10.0
5906,2460,0.11990775980045201,9.0
5906,394467,0.12155100609107525,8.0
5906,15172,0.17453590144171624,7.0
8378,178684,1.0,1.0
8378,246221,0.6923357765522816,2.0
8378,238629,0.6539395827964442,3.0
8378,434812,0.633350380380534,4.0
8378,102237,0.47090248387864025,5.0
8378,43497,0.31295756876062253,6.0
8378,403025,0.12791936474208082,8.0
8378,382381,0.14027376780983847,7.0
8378,554568,0.06276802034097739,9.0
8378,597401,0.0,10.0
885,315275,0.7681310434308066,1.0
885,273528,0.5719376717874796,2.0
885,173929,0.2928262335929418,4.0
885,394467,0.2846785511473144,5.0
885,485195,0.2794103149394098,6.0
885,326094,0.41235299667348335,3.0
885,483441,0.23869955872224594,7.0
885,258465,0.21198575232669642,8.0
885,399013,0.09697201028808387,9.0
885,246459,0.04706731768038024,10.0
2423,529444,0.9351079332225447,2.0
2423,396127,0.9354394049169074,1.0
2423,89049,0.4925756769782369,3.0
2423,124027,0.4014598162003462,4.0
2423,461084,0.20036817795364376,8.0
2423,388646,0.25308271209978184,6.0
2423,553288,0.31249134843305154,5.0
2423,428150,0.23388744084101007,7.0
2423,370334,0.009390581477034685,9.0
2423,175232,0.0,10.0
4414,235522,1.0,1.0
4414,367137,0.7316102642322629,2.0
4414,133093,0.4425150842848894,4.0
4414,144177,0.5433350448661787,3.0
4414,111033,0.36275213619863567,6.0
4414,275257,0.2851019019358405,7.0
4414,29073,0.4067778125349868,5.0
4414,140088,0.14726261882552732,9.0
4414,76776,0.012989985797388274,10.0
4414,577578,0.24751580599044967,8.0
1297,313909,0.9085977924228089,2.0
1297,171761,0.9892493197848704,1.0
1297,219758,0.6549557059541383,4.0
1297,289813,0.6633382994705447,3.0
1297,90712,0.6016534749355303,6.0
1297,146021,0.6082698963768784,5.0
1297,370663,0.35357507280129413,7.0
1297,66246,0.11284359569398776,8.0
1297,545434,0.02255037159226885,10.0
1297,521712,0.08727712699710873,9.0
8512,32811,1.0,1.0
8512,61022,0.5375679924188368,2.0
8512,149696,0.4102966175614152,3.0
8512,320101,0.23966259546126598,6.0
8512,528522,0.31465223406545095,4.0
8512,231227,0.23789939078403732,7.0
8512,461592,0.30334381897384294,5.0
8512,474384,0.16289855351276758,8.0
8512,214901,0.1578046427873446,9.0
8512,452870,0.1426406972553234,10.0
3822,290930,0.9845988352833677,1.0
3822,454157,0.6682198118229912,2.0
3822,586151,0.6570558008408822,3.0
3822,318583,0.32446108177228034,6.0
3822,592636,0.5618025146009207,4.0
3822,476834,0.4713521904669248,5.0
3822,597880,0.30436244482671637,7.0
3822,309269,0.2720858210208848,9.0
3822,431814,0.12644571629654042,10.0
3822,369355,0.29999999999999993,8.0
859,32530,0.9974078639951939,1.0
859,326094,0.5434372709364836,2.0
859,171720,0.4034006537000616,3.0
859,377223,0.2957476572757689,5.0
859,310215,0.19708184193482844,9.0
859,308837,0.26747383223623805,6.0
859,513258,0.06314520941583877,10.0
859,388201,0.2539538698308364,7.0
859,506374,0.2242405556396999,8.0
859,217683,0.29999999999999993,4.0
6668,457294,1.0,1.0
6668,93971,0.43169232906299615,2.0
6668,301570,0.2542474209298591,4.0
6668,228403,0.2909018292518577,3.0
6668,159703,0.23846982910191966,5.0
6668,326991,0.04855952482586546,10.0
6668,526110,0.16931400121800153,7.0
6668,88892,0.09701723331665152,9.0
6668,241337,0.17387791969655778,6.0
6668,11988,0.11049979510077443,8.0
604,38711,0.8893448101400923,1.0
604,571430,0.7726137869263044,2.0
604,224869,0.32651949920336953,4.0
604,115553,0.2239445483952937,8.0
604,197222,0.2621799900510793,7.0
604,348353,0.27787176683189385,6.0
604,561377,0.39330589609064304,3.0
604,195191,0.08251282454218183,9.0
604,342307,0.037238593551173226,10.0
604,486333,0.29151743836615207,5.0
3177,539263,0.9677216119519675,1.0
3177,172703,0.8008052198479748,2.0
3177,536120,0.7594686618958824,3.0
3177,377429,0.6640547873294849,5.0
3177,480315,0.716036684536762,4.0
3177,87722,0.4333889992628861,6.0
3177,17208,0.4294317389733834,7.0
3177,467575,0.28890381866351733,8.0
3177,328086,0.06557572910051465,9.0
3177,423658,0.0,10.0
721,496225,1.0,1.0
721,51615,0.21398280164305167,2.0
721,298128,0.21196531783421785,3.0
721,568526,0.17379305176558302,4.0
721,251824,0.11174286461272626,6.0
721,196427,0.08674779064972737,7.0
721,597880,0.03355389857777222,9.0
721,150650,0.12974172060188024,5.0
721,447353,0.065063631518536,8.0
721,358661,0.02452510302825378,10.0
7124,427726,0.8493650048434083,1.0
7124,242524,0.771847166667133,2.0
7124,62151,0.6518980765677214,3.0
7124,265314,0.461438628602146,6.0
7124,226070,0.48718432945341467,5.0
7124,558617,0.6188549216215449,4.0
7124,433905,0.43139113099525844,7.0
7124,421371,0.27568979886329015,8.0
7124,96013,0.2041052638504466,9.0
7124,162668,0.0,10.0
4500,236482,0.8909143305559271,1.0
4500,533623,0.7674517425238059,2.0
4500,474234,0.3961682604432875,4.0
4500,166487,0.3558392571614819,5.0
4500,231781,0.4732513023145312,3.0
4500,80031,0.21695183576584537,8.0
4500,163048,0.3317689380041018,6.0
4500,62897,0.08431722840936316,10.0
4500,275929,0.32716217970776956,7.0
4500,81101,0.15516384200201747,9.0
603,64103,0.8580609807501318,1.0
603,399013,0.6180700342474819,2.0
603,535651,0.4661842430649201,4.0
603,120090,0.5228761464615979,3.0
603,279897,0.394552862400023,5.0
603,55022,0.31012492985612766,6.0
603,35736,0.10020594626261374,9.0
603,544486,0.1741692311489059,8.0
603,77503,0.042402072893143045,10.0
603,139047,0.20772355229673511,7.0
6647,462265,1.0,1.0
6647,13260,0.594704289067624,2.0
6647,96013,0.5795291064787677,3.0
6647,464533,0.24827357835631897,5.0
6647,562171,0.21558789515554636,7.0
6647,326233,0.24758841498215522,6.0
6647,209188,0.29708926661861407,4.0
6647,231068,0.14401519782736863,8.0
6647,391988,0.023315959650007073,9.0
6647,531990,0.0,10.0
5369,258465,0.9193794613320345,1.0
5369,172128,0.694094344981278,2.0
5369,184175,0.598376913787349,3.0
5369,399013,0.3603018218314438,4.0
5369,173929,0.1678582876158019,8.0
5369,171339,0.29946777611313147,5.0
5369,414288,0.23072573004313324,6.0
5369,500946,0.16841522192959035,7.0
5369,70724,0.035375772035704016,9.0
5369,118280,0.023614746091319562,10.0
932,48722,0.9423477920916725,1.0
932,387010,0.912929747954015,2.0
932,442110,0.34508359992854554,3.0
932,292769,0.23424126390245023,6.0
932,593085,0.1280822105127485,9.0
932,23747,0.3442298779339756,4.0
932,418630,0.2961281434513132,5.0
932,281045,0.16759138425810927,8.0
932,196427,0.03451043350183739,10.0
932,571430,0.20474687010865666,7.0
9633,259081,0.9630663261065286,1.0
9633,534418,0.8805997959590027,2.0
9633,481166,0.41551649380677924,3.0
9633,185909,0.30231666707574634,4.0
9633,552479,0.24172419860865135,6.0
9633,590578,0.1642826513552973,8.0
9633,484055,0.2837689319863979,5.0
9633,474351,0.19875858315874986,7.0
9633,363741,0.06795636441125195,9.0
9633,262441,0.02235331421970513,10.0
1676,394871,1.0,1.0
1676,234436,0.725632200383349,2.0
1676,77245,0.6296215280598042,3.0
1676,487791,0.5823644087512393,4.0
1676,58937,0.48271704003929145,5.0
1676,352640,0.3853491593535151,6.0
1676,279538,0.28794460887098244,7.0
1676,196920,0.16929396200761862,8.0
1676,555732,1.5524216925689995e-05,10.0
1676,136804,0.07021130893737383,9.0
4804,222153,0.9200543628885866,1.0
4804,325892,0.3277893135720979,5.0
4804,255795,0.4425444355198622,2.0
4804,285255,0.41785204773911233,3.0
4804,45218,0.21954836957364793,7.0
4804,162456,0.3715117264864537,4.0
4804,143100,0.0990553923074522,8.0
4804,51583,0.08140707993091,9.0
4804,116574,0.2667138742759847,6.0
4804,393132,0.0,10.0
2747,445298,0.9831302317394208,1.0
2747,431685,0.5491422079338073,3.0
2747,535705,0.5572301294935628,2.0
2747,583635,0.2882601010934263,5.0
2747,387010,0.38160235468132503,4.0
2747,571430,0.1266180797664391,10.0
2747,418630,0.28064807848998047,6.0
2747,279538,0.21921224867933967,7.0
2747,582864,0.16357177493688327,9.0
2747,123468,0.17518646154236503,8.0
8632,43497,1.0,1.0
8632,382381,0.5998351248982057,2.0
8632,344372,0.4287671714239566,3.0
8632,575741,0.2171411440063447,5.0
8632,458385,0.19754298047060934,6.0
8632,416307,0.19006250501023902,7.0
8632,102436,0.32896924371337155,4.0
8632,223070,0.13785385839495037,8.0
8632,363043,0.1254344053881436,9.0
8632,186453,0.0,10.0
4981,102684,0.9405516337491548,1.0
4981,45218,0.7545760639099202,2.0
4981,578585,0.23743118551567877,3.0
4981,341625,0.21935600857998866,4.0
4981,590710,0.12061518000093428,6.0
4981,264800,0.04367427666651811,8.0
4981,475541,0.031107422065692853,9.0
4981,212481,0.10100817150675002,7.0
4981,567362,0.19944699269237082,5.0
4981,319692,0.027455077389434045,10.0
6146,289231,0.7919551582871907,1.0
6146,2460,0.5819965940033287,3.0
6146,470024,0.5749898006332586,4.0
6146,394467,0.46638810184440216,6.0
6146,160125,0.6293467042262941,2.0
6146,581889,0.4904578780660645,5.0
6146,326094,0.21103134819678365,8.0
6146,580709,0.06606821756190089,10.0
6146,273528,0.113533237625722,9.0
6146,7403,0.2984453673630218,7.0
10674,328556,0.7517063658086816,1.0
10674,435963,0.5849705485880657,2.0
10674,89460,0.5509947914423917,3.0
10674,109860,0.23300337479028588,7.0
10674,88813,0.34101626071455626,6.0
10674,319793,0.3512122835926435,5.0
10674,99857,0.3730939029687158,4.0
10674,99757,0.00638483718601208,9.0
10674,431814,0.01083770584394421,8.0
10674,363043,0.0,10.0
3683,276975,1.0,1.0
3683,105973,0.6545055454197268,2.0
3683,421538,0.35070321820783745,4.0
3683,522713,0.38119843360862804,3.0
3683,303977,0.17049361828420306,7.0
3683,178521,0.1865663793934969,6.0
3683,500460,0.2140104266817597,5.0
3683,116865,0.056088702724116216,8.0
3683,158717,0.011475774896276486,10.0
3683,349866,0.0525328854168597,9.0
928,394460,0.8613642955333038,2.0
928,349866,0.9132414773731473,1.0
928,400009,0.23741305969375082,4.0
928,573276,0.19786298080214607,5.0
928,490443,0.16777745621013734,6.0
928,305509,0.10048243277141926,10.0
928,11572,0.2519059617537958,3.0
928,253563,0.13837368074942086,8.0
928,422770,0.16387989174520035,7.0
928,409573,0.10366649213547778,9.0
5054,21311,0.9108485247374024,1.0
5054,485863,0.5222776756639067,2.0
5054,542521,0.4513158078989406,3.0
5054,144660,0.22035386251253897,8.0
5054,307113,0.3318237378250509,6.0
5054,305901,0.4042956012313953,5.0
5054,406457,0.431760255670693,4.0
5054,366219,0.04791935675715569,10.0
5054,340131,0.31944049015931614,7.0
5054,15172,0.20149643621540247,9.0
6554,583203,1.0,1.0
6554,226967,0.2870607244024289,2.0
6554,377429,0.17266940778214945,4.0
6554,122012,0.2391895110837463,3.0
6554,403755,0.1310928906149486,6.0
6554,574327,0.1344774869393418,5.0
6554,275902,0.1019139870025069,7.0
6554,536120,0.08466080503551851,8.0
6554,480315,0.08051967871463127,9.0
6554,21103,0.018424894281005952,10.0
7377,579557,1.0,1.0
7377,6666,0.5404176578305043,2.0
7377,328086,0.3597431379328084,5.0
7377,345895,0.38839232998286116,4.0
7377,293679,0.4371849163187389,3.0
7377,81304,0.2894703558564949,7.0
7377,172703,0.3395187529881183,6.0
7377,17208,0.2269727375378058,8.0
7377,505027,0.028296233067024737,10.0
7377,453542,0.12528925462018362,9.0
1309,15824,0.8985957370044104,1.0
1309,438869,0.7835685046452628,2.0
1309,279845,0.3170075316674454,3.0
1309,266319,0.2479287105913943,6.0
1309,110386,0.16746348420604643,7.0
1309,366594,0.25704419843763426,5.0
1309,443795,0.058903390411015034,10.0
1309,135415,0.14741888507835435,8.0
1309,16778,0.12398153453914768,9.0
1309,471630,0.29999999999999993,4.0
8351,273142,1.0,1.0
8351,469776,0.28053553889680183,2.0
8351,171720,0.19516885584641247,5.0
8351,213331,0.07443402761883161,9.0
8351,528132,0.18777453241310615,6.0
8351,191977,0.046248908201375206,10.0
8351,71873,0.20390871253245724,3.0
8351,405374,0.20141914825537796,4.0
8351,568526,0.12243628656184719,8.0
8351,304009,0.1700373247958545,7.0
6441,254279,1.0,1.0
6441,156029,0.5573901742953304,2.0
6441,28314,0.4570244527610624,3.0
6441,529993,0.1962706604045272,6.0
6441,87722,0.2534711154407697,4.0
6441,536120,0.2436664895548213,5.0
6441,593644,0.14304885621656518,7.0
6441,108721,0.015506752610968181,10.0
6441,174619,0.12351693220167781,8.0
6441,90712,0.06095218966609801,9.0
4837,426223,0.8191276282645665,2.0
4837,95778,0.8294667018577805,1.0
4837,565330,0.6094346657792488,4.0
4837,159936,0.7044410533723751,3.0
4837,187739,0.5372061886961128,5.0
4837,254454,0.25614006033326764,7.0
4837,167896,0.12244604366713356,9.0
4837,565698,0.14817364027818497,8.0
4837,275410,0.03724329078023792,10.0
4837,274870,0.2925110273553492,6.0
9871,553288,0.850062962681297,1.0
9871,76562,0.7233256317352734,2.0
9871,322771,0.40570805897641016,3.0
9871,240645,0.33296179668979686,5.0
9871,547301,0.3608542556400845,4.0
9871,213755,0.18579999524501442,8.0
9871,488366,0.26272773082101736,7.0
9871,305907,0.2855608784957827,6.0
9871,172718,0.0735014441773337,9.0
9871,271832,0.0,10.0
3067,423403,1.0,1.0
3067,372921,0.6757892015410841,2.0
3067,578488,0.5306221656387564,3.0
3067,104726,0.5223619025016477,4.0
3067,104788,0.2538579379318595,7.0
3067,582005,0.2897603621997573,5.0
3067,467135,0.2817461874052818,6.0
3067,318473,0.04846868315777539,10.0
3067,187739,0.16530095965518216,8.0
3067,167896,0.1382524243261011,9.0
5741,124219,0.9287855100694474,1.0
5741,328086,0.5601635843021,2.0
5741,43781,0.35806492981494475,4.0
5741,259081,0.4493788214979496,3.0
5741,568200,0.21782484333106816,8.0
5741,107688,0.2772347811978188,6.0
5741,301224,0.2376386674421368,7.0
5741,329337,0.02890517440742323,9.0
5741,136825,0.27995295984888074,5.0
5741,437427,0.0,10.0
3566,45029,0.8609218877955144,1.0
3566,195191,0.6326499797217587,2.0
3566,149306,0.6318652561225648,3.0
3566,408123,0.6260647762192186,5.0
3566,152286,0.6281388079352762,4.0
3566,519390,0.2417136303567511,7.0
3566,65782,0.10935385537797242,10.0
3566,595211,0.14138965589861502,9.0
3566,317493,0.26071386446564715,6.0
3566,284075,0.16563423386452758,8.0
5862,562511,1.0,1.0
5862,21194,0.6584734296320365,2.0
5862,273947,0.22530087782277308,6.0
5862,170141,0.348274608954738,3.0
5862,29790,0.16291591582913442,8.0
5862,253563,0.2949090195784622,5.0
5862,269898,0.30439344759624865,4.0
5862,346042,0.21828068426397446,7.0
5862,258465,0.04696246868041101,9.0
5862,78176,0.0,10.0
8779,209730,1.0,1.0
8779,180571,0.5645114478902831,2.0
8779,17166,0.42218895446636223,3.0
8779,213591,0.28526337160206405,4.0
8779,279538,0.1796692058763144,6.0
8779,72160,0.21096946716158538,5.0
8779,319954,0.13395219092065513,7.0
8779,452870,0.08897281830994581,8.0
8779,491964,0.07906360414325418,9.0
8779,214901,0.0,10.0
4714,505057,0.9894314776657793,1.0
4714,584450,0.7274901809754842,2.0
4714,324833,0.39638866325004407,3.0
4714,184506,0.23951888571480162,4.0
4714,295980,0.1560541263226478,5.0
4714,249450,0.15244699610384907,6.0
4714,118374,0.08463305886230876,8.0
4714,424585,0.0039857553563874895,9.0
4714,473809,0.0014399465539111443,10.0
4714,46211,0.0978927947280529,7.0
7311,125355,0.8491936016907493,1.0
7311,279897,0.2508832292480423,4.0
7311,183349,0.10990689704551701,7.0
7311,523279,0.04515980059401246,9.0
7311,33576,0.08628419964959388,8.0
7311,215154,0.15424655726321174,6.0
7311,344267,0.32630615899455767,2.0
7311,238421,0.2699468849817625,3.0
7311,334696,0.2235191825238592,5.0
7311,100485,0.008494075272379662,10.0
109,73427,1.0,1.0
109,213331,0.18805465003554067,5.0
109,538023,0.26350395478001337,3.0
109,461084,0.16950458198609816,6.0
109,563025,0.29312658212906656,2.0
109,406457,0.10059749970400582,9.0
109,342212,0.1241823157410343,7.0
109,535705,0.11488598678971387,8.0
109,547301,0.19215210570420535,4.0
109,18509,0.0,10.0
570,21311,0.8954257607427645,1.0
570,103593,0.7139300272064137,2.0
570,232199,0.44473027564741274,4.0
570,341493,0.5198798678334858,3.0
570,565684,0.17970362405668677,9.0
570,156358,0.34334213682538783,5.0
570,79888,0.2871445942581736,8.0
570,335991,0.33284090087963647,6.0
570,349384,0.14765657263699575,10.0
570,17166,0.29282411289020827,7.0
6959,301570,0.8845474083153313,1.0
6959,69790,0.7980262402502019,2.0
6959,293767,0.5966860506433368,3.0
6959,482415,0.36207811664912065,6.0
6959,330041,0.4057711152684103,4.0
6959,88813,0.39708398491092417,5.0
6959,427726,0.2928859952000068,7.0
6959,266480,0.17025316892688824,10.0
6959,431814,0.23464441738265818,8.0
6959,231781,0.23192429371282713,9.0
90,56718,0.9151017303529689,1.0
90,150219,0.5978800688957903,3.0
90,31793,0.7167881877744937,2.0
90,385073,0.5138265180637919,4.0
90,234436,0.42830872198779923,5.0
90,153541,0.301597349395468,6.0
90,172594,0.1328429630291032,7.0
90,366830,0.026565784598658757,10.0
90,34731,0.08424624371973521,8.0
90,314898,0.036843680370983505,9.0
5064,2003,1.0,1.0
5064,455614,0.8002226623393673,2.0
5064,135514,0.49806140712408836,3.0
5064,192811,0.46921601987079575,4.0
5064,551423,0.4160853582230225,5.0
5064,414288,0.3153874113838411,7.0
5064,377223,0.3252551552342413,6.0
5064,393278,0.10868661567544703,9.0
5064,524888,0.08027545141761253,10.0
5064,176498,0.21399395588558423,8.0
4103,307380,0.9574499489027438,2.0
4103,29073,0.9590852340501969,1.0
4103,577578,0.6948876122757401,3.0
4103,482415,0.5568405675384209,4.0
4103,175265,0.3691717647392133,5.0
4103,370879,0.2765431429695354,6.0
4103,163590,0.09872506545936785,8.0
4103,133093,0.08299981948410692,9.0
4103,169921,0.027639403695968668,10.0
4103,192193,0.15337651661995685,7.0
1198,56718,1.0,1.0
1198,232199,0.16940916339905754,2.0
1198,175272,0.15646285080751032,3.0
1198,103593,0.09736576456638607,5.0
1198,366761,0.0880621633413271,6.0
1198,105872,0.12768679866410027,4.0
1198,467390,0.08226186607838606,7.0
1198,352120,0.07138396102191197,9.0
1198,58937,0.07970312091885695,8.0
1198,434769,0.0,10.0
4539,32744,0.9282437337182742,1.0
4539,61792,0.7446241448933153,2.0
4539,275925,0.48872078097247024,3.0
4539,61346,0.3911263097953601,4.0
4539,370879,0.20082952280652694,8.0
4539,426461,0.2569857419363657,6.0
4539,235522,0.20632418771853506,7.0
4539,440270,0.1704757824710612,9.0
4539,83330,0.3609211236773799,5.0
4539,572272,0.07675356290081825,10.0
9391,248158,0.905673255186237,1.0
9391,136270,0.6827271194465493,3.0
9391,108859,0.6360188394855736,4.0
9391,136515,0.8115914242366886,2.0
9391,142631,0.5697801624105665,5.0
9391,301580,0.4462765326833401,6.0
9391,127263,0.19352601108214523,7.0
9391,105973,0.04446847755320835,10.0
9391,429579,0.11383171026861094,8.0
9391,163590,0.09741963506030994,9.0
4600,577578,0.9768004720560075,1.0
4600,61792,0.3551672546915095,4.0
4600,482415,0.5158262369165245,2.0
4600,257633,0.35965963050013566,3.0
4600,133093,0.23364181540034715,6.0
4600,76515,0.08465692612725179,10.0
4600,367137,0.28582375117272896,5.0
4600,214542,0.09890768379678316,9.0
4600,34925,0.16730004879055344,7.0
4600,275257,0.10446357555769506,8.0
3735,125659,0.919632205848939,1.0
3735,93231,0.8695720411840135,2.0
3735,537418,0.7940810194902782,3.0
3735,330041,0.5660236545177678,4.0
3735,344065,0.4194657764154811,6.0
3735,511093,0.3156494199214501,8.0
3735,32290,0.5350814239606434,5.0
3735,504996,0.3256779333789977,7.0
3735,266900,0.2089885367454471,9.0
3735,40447,0.0,10.0
5422,483299,0.7752468934493932,1.0
5422,108,0.6045334465315243,2.0
5422,55022,0.5293974942629612,3.0
5422,528034,0.5184140267141552,4.0
5422,81304,0.4477167324556646,6.0
5422,259081,0.49316593689003974,5.0
5422,579235,0.3688973549666781,7.0
5422,136270,0.2712951567950356,8.0
5422,22221,0.10571942292528744,10.0
5422,124219,0.24923289944592883,9.0
744,573276,0.9942889385073224,1.0
744,138845,0.48588876273423603,3.0
744,409573,0.43664517468581476,4.0
744,171339,0.4362205444392908,5.0
744,289231,0.4962482126070351,2.0
744,273528,0.29232338178589096,6.0
744,172305,0.12421982674690346,10.0
744,350819,0.19555839307568124,8.0
744,120852,0.17322887390598424,9.0
744,118280,0.21314380840241706,7.0
515,372909,1.0,1.0
515,328341,0.8302416550856829,2.0
515,431685,0.6083469201277314,3.0
515,352838,0.5524282138306102,4.0
515,231614,0.3516875543866278,5.0
515,195081,0.20795811862571217,6.0
515,98112,0.09120816040636291,7.0
515,60443,0.07672499885463258,8.0
515,123733,0.014052082265579753,10.0
515,360011,0.048277228166508944,9.0
2443,331253,0.865758934264468,1.0
2443,44609,0.8092312624023417,2.0
2443,305579,0.5828244245655858,3.0
2443,306800,0.5331224628971913,4.0
2443,446647,0.4775791492921078,5.0
2443,313437,0.15745556281440265,9.0
2443,426216,0.4271612138423565,6.0
2443,208051,0.23508341551305795,8.0
2443,305907,0.26645637092223,7.0
2443,510130,0.08608941647600095,10.0
4265,157553,1.0,1.0
4265,392163,0.45841062378568675,2.0
4265,584273,0.38443880644586603,3.0
4265,149974,0.31338194088671467,4.0
4265,523158,0.0554619024352768,10.0
4265,140947,0.28488793723023276,5.0
4265,386229,0.059264410173268604,9.0
4265,575729,0.08742547987200157,8.0
4265,93881,0.24170336366910478,6.0
4265,577517,0.149057456754764,7.0
4865,223032,0.7851834606030181,2.0
4865,370569,0.9780613533010332,1.0
4865,251824,0.5208619775160928,3.0
4865,435963,0.519423539503862,4.0
4865,508821,0.3978502610313466,6.0
4865,481166,0.42003241343973235,5.0
4865,305117,0.2891397376938534,7.0
4865,110515,0.1370586817171847,8.0
4865,565698,0.029577083207019416,9.0
4865,585738,0.0025127382333299396,10.0
2968,187196,0.8818400835396633,2.0
2968,388646,0.910317130247592,1.0
2968,242124,0.678201524821223,3.0
2968,176498,0.15915638284568687,6.0
2968,198371,0.29021745152801126,4.0
2968,583640,0.18230563862184335,5.0
2968,280967,0.09065840087299631,8.0
2968,287991,0.10430517626841537,7.0
2968,455398,0.037424872420348185,10.0
2968,329757,0.06735037992886757,9.0
7221,305117,0.87382663543491,2.0
7221,473809,0.9450350546197701,1.0
7221,481166,0.6633440304505842,3.0
7221,71873,0.5042047021751836,4.0
7221,537418,0.3406530169522358,5.0
7221,307315,0.07947576562447622,10.0
7221,81542,0.2018808485847092,7.0
7221,452175,0.16858613968159675,8.0
7221,570664,0.14682053307118761,9.0
7221,77652,0.29999999999999993,6.0
2407,2064,1.0,1.0
2407,78176,0.503939722389281,2.0
2407,173929,0.5015668348296182,3.0
2407,516444,0.3209165498669622,4.0
2407,255491,0.2484195076833274,7.0
2407,273528,0.3089367892781131,5.0
2407,514425,0.1627016734633155,8.0
2407,367641,0.055557552973825815,9.0
2407,566480,0.2534769345796484,6.0
2407,63678,0.0,10.0
3039,136804,1.0,1.0
3039,467390,0.7853823334605115,2.0
3039,147080,0.5613128659486978,3.0
3039,387010,0.36709934256619015,4.0
3039,442110,0.2824377930238072,5.0
3039,483274,0.0664801586741306,10.0
3039,510409,0.24584049640820757,6.0
3039,106501,0.20046643654168816,8.0
3039,4947,0.1524160536449043,9.0
3039,398622,0.20780872747425574,7.0
1748,18001,1.0,1.0
1748,528564,0.6248923210564712,2.0
1748,418135,0.4541045924004593,3.0
1748,462892,0.4000171337561279,4.0
1748,298427,0.3518068296875596,5.0
1748,429378,0.19986384844874658,6.0
1748,223206,0.13451676720904204,9.0
1748,517372,0.1373818710016403,8.0
1748,171780,0.030195056056933678,10.0
1748,124027,0.18585760057931497,7.0
10547,404339,1.0,1.0
10547,536120,0.38486416229563475,3.0
10547,272008,0.43899487391486425,2.0
10547,4666,0.13906866054104874,7.0
10547,597351,0.20758116049468475,5.0
10547,112714,0.2833250992663558,4.0
10547,32290,0.10946254481987343,8.0
10547,23609,0.17667670873072386,6.0
10547,392037,0.005270334747478038,10.0
10547,491969,0.09413600486945106,9.0
10596,164008,0.8641670094650877,1.0
10596,284235,0.7690068001617238,3.0
10596,208070,0.8377367679055981,2.0
10596,413041,0.5933765943990161,4.0
10596,316838,0.5790779853281007,5.0
10596,494727,0.30633407855621053,7.0
10596,394244,0.32664296034106954,6.0
10596,127452,0.16846171005688396,8.0
10596,69197,0.04711074404169825,10.0
10596,169062,0.06694770447793298,9.0
5061,352838,0.8247833704907409,1.0
5061,242124,0.7062372834258892,2.0
5061,329757,0.5993568073365196,3.0
5061,447353,0.4981729841881689,7.0
5061,149974,0.5961097254648703,4.0
5061,380863,0.5146797420375375,5.0
5061,261189,0.5101144881367593,6.0
5061,46755,0.47499362010082535,8.0
5061,158845,0.09552437571738413,10.0
5061,287991,0.11512106866854015,9.0
853,510373,0.8762364270739373,2.0
853,510409,0.9942142526083205,1.0
853,314984,0.7837949939562909,3.0
853,106501,0.6575811567103874,4.0
853,263361,0.2346139640831884,6.0
853,131996,0.11908524423020256,9.0
853,72402,0.16653114103709624,8.0
853,150219,0.18997074316248325,7.0
853,582864,0.272220306470665,5.0
853,303929,0.006681469962547395,10.0
6803,544053,1.0,1.0
6803,193012,0.6796515313124275,2.0
6803,42620,0.39707895789244174,3.0
6803,316045,0.08448129595608998,9.0
6803,271243,0.1600712341899782,5.0
6803,10703,0.12296323894674857,6.0
6803,142726,0.21265058792886754,4.0
6803,78675,0.08637521493211198,8.0
6803,60355,0.1141106466223661,7.0
6803,272784,0.0445595379818804,10.0
6644,187497,1.0,1.0
6644,572842,0.6645005434819594,3.0
6644,308837,0.6958033332418819,2.0
6644,426216,0.6089721657079955,5.0
6644,578954,0.6629490061896679,4.0
6644,305907,0.47404896735262403,6.0
6644,293687,0.37797078380771554,8.0
6644,373271,0.43337147708294765,7.0
6644,31793,0.12942450648945483,9.0
6644,238421,0.04224218069697719,10.0
699,107092,1.0,1.0
699,169688,0.6457445435006377,2.0
699,68357,0.469631788594444,4.0
699,446679,0.5371825105643631,3.0
699,385658,0.11260008343709274,7.0
699,472924,0.22074330976805856,5.0
699,521010,0.21738836576227355,6.0
699,586920,0.04572693766967731,10.0
699,414598,0.06005336450855339,9.0
699,96538,0.11081747278875484,8.0
549,214024,1.0,1.0
549,67167,0.6945948879071617,2.0
549,446647,0.36498590831824573,4.0
549,546020,0.4670429284608568,3.0
549,73427,0.33960179667274676,5.0
549,547301,0.1870840875187596,7.0
549,563025,0.11410330692482562,10.0
549,397449,0.13439732475594626,9.0
549,449630,0.20326266375701688,6.0
549,443795,0.1596335597923145,8.0
904,415514,1.0,1.0
904,85229,0.7043614781455371,2.0
904,433905,0.42262096083751566,3.0
904,120852,0.3707521251396015,4.0
904,101369,0.2035120931876888,5.0
904,359579,0.10946074888530598,8.0
904,169824,0.12897656421885192,7.0
904,320579,0.1316768154968005,6.0
904,75235,0.00924719682399299,10.0
904,29360,0.023122253403518356,9.0
2590,583635,0.858013530777441,1.0
2590,296528,0.5307973061226868,2.0
2590,55999,0.4110651198437747,3.0
2590,307095,0.20893380886955082,5.0
2590,209493,0.30691775025262213,4.0
2590,106424,0.10018077841066444,9.0
2590,471964,0.1508526898073626,6.0
2590,387010,0.010279540169027882,10.0
2590,26203,0.13632212106669245,7.0
2590,454222,0.11284412204313471,8.0
1451,538005,1.0,1.0
1451,559482,0.3625246181579654,4.0
1451,98112,0.5880097832041058,2.0
1451,377571,0.41023157328057963,3.0
1451,313437,0.3028711445678052,7.0
1451,94689,0.3031578928734002,6.0
1451,433809,0.30557765413463434,5.0
1451,522481,0.11211143907496249,10.0
1451,51729,0.12356162289947996,9.0
1451,440910,0.15015944103799794,8.0
5790,469776,0.8094781431896247,1.0
5790,97348,0.7148827384996808,2.0
5790,101369,0.42245481252435163,4.0
5790,363810,0.2995496856865011,6.0
5790,141738,0.5316060832903844,3.0
5790,241136,0.3283506263214842,5.0
5790,305287,0.1766309600766675,7.0
5790,277353,0.0824501588626372,8.0
5790,149305,0.06437962278947836,9.0
5790,75235,0.010868573999416072,10.0
7295,435125,0.8212140228779758,1.0
7295,403755,0.28301156507240655,4.0
7295,93971,0.2755029913309285,5.0
7295,193398,0.2534911688172179,7.0
7295,39478,0.39005800150030334,2.0
7295,513258,0.32554835956603806,3.0
7295,456470,0.21752836018597296,8.0
7295,115553,0.258131657883509,6.0
7295,3118,0.1987159569438533,9.0
7295,102436,0.0,10.0
5083,142876,0.989768548551794,1.0
5083,13975,0.6203020383034417,2.0
5083,368802,0.61570494127492,3.0
5083,433197,0.17260907040650458,4.0
5083,333184,0.11872716997302961,8.0
5083,21103,0.0,10.0
5083,579473,0.1422989466033848,7.0
5083,305360,0.045322543882546924,9.0
5083,20958,0.1534212180887039,6.0
5083,19183,0.17214034148092602,5.0
7936,363043,0.9362734200034951,1.0
7936,336541,0.9348126713310743,2.0
7936,293767,0.6398975418896694,3.0
7936,320101,0.6237929174774991,4.0
7936,43087,0.5767314215766753,5.0
7936,561884,0.5577734314630178,6.0
7936,416307,0.3914929489332315,7.0
7936,187404,0.25480413710422456,8.0
7936,127585,0.09030709026850223,9.0
7936,214003,0.07531452651892273,10.0
8296,78675,1.0,1.0
8296,79998,0.6365822296285115,2.0
8296,146315,0.0647686226264811,6.0
8296,180571,0.058466976155201945,9.0
8296,26203,0.09534824981964735,5.0
8296,371720,0.11085229391547416,3.0
8296,61962,0.11008976329897953,4.0
8296,392037,0.05979538553110702,8.0
8296,99757,0.005162395307027016,10.0
8296,3118,0.06300378798146652,7.0
475,431685,0.9758806543278948,1.0
475,88124,0.817089038999975,2.0
475,366761,0.6643154514720971,3.0
475,232199,0.31177564976897937,4.0
475,60637,0.04464623578743653,9.0
475,328341,0.21066765341442834,6.0
475,352640,0.23011292261160138,5.0
475,232563,0.16656799001217543,8.0
475,433,0.0397798098816868,10.0
475,372909,0.21048874033897486,7.0
3759,384631,0.7568337869631573,1.0
3759,152250,0.3507680055016813,4.0
3759,105634,0.4414590547659712,3.0
3759,414188,0.48538716176010327,2.0
3759,101369,0.28886974821421657,7.0
3759,445794,0.15568127110104926,10.0
3759,405217,0.3106931074669543,5.0
3759,264800,0.2551693834500677,8.0
3759,130877,0.3010923460027772,6.0
3759,146181,0.23987222049828055,9.0
4615,596196,0.9567923835786789,1.0
4615,425595,0.8980448705182098,2.0
4615,69523,0.8147031689810512,3.0
4615,496427,0.749664089754634,4.0
4615,261900,0.6884716138060909,5.0
4615,226060,0.5385151059287385,7.0
4615,421365,0.5592457323718678,6.0
4615,19179,0.389542421014903,8.0
4615,341493,0.0282649515290621,9.0
4615,15891,0.0,10.0
8874,403025,1.0,1.0
8874,251704,0.4403591632632732,2.0
8874,527231,0.31700559686424223,3.0
8874,66631,0.12216264863648457,6.0
8874,357685,0.05976831770868404,9.0
8874,370569,0.11027126466656548,7.0
8874,556976,0.0387188787255542,10.0
8874,349160,0.07509555547231728,8.0
8874,319793,0.12822507007282152,4.0
8874,571362,0.12779286249577246,5.0
26,399013,0.8702153446804322,1.0
26,528132,0.5344377222397405,3.0
26,409611,0.39249045983452363,5.0
26,565330,0.37040731550760975,6.0
26,563025,0.5395342491434112,2.0
26,2064,0.39929531311346667,4.0
26,401254,0.26346680072813033,7.0
26,452544,0.06908112311553388,10.0
26,367641,0.18841906789532972,8.0
26,71898,0.1042878046449016,9.0
3875,249859,1.0,1.0
3875,136315,0.6635305399506937,2.0
3875,442110,0.4293758377144332,3.0
3875,571258,0.3982619278121874,4.0
3875,158185,0.3008247818772857,6.0
3875,426570,0.3289446037014784,5.0
3875,76515,0.1634617370217516,7.0
3875,143100,0.039556414292096984,9.0
3875,518406,0.10434821048047732,8.0
3875,414288,0.0,10.0
6835,159703,0.831228947395569,1.0
6835,246221,0.5730075034438742,3.0
6835,149305,0.677995146089097,2.0
6835,195767,0.4876812184821357,4.0
6835,403755,0.28297350549757994,5.0
6835,592636,0.16443055498189052,8.0
6835,108721,0.14817294355190147,9.0
6835,238629,0.20259025969992323,6.0
6835,196427,0.17155829395865135,7.0
6835,467575,0.06316750696254471,10.0
4433,301580,0.9530852779799439,1.0
4433,172703,0.667854137609552,2.0
4433,539263,0.6645792983904255,3.0
4433,297290,0.6495912572637688,4.0
4433,21311,0.38512454437755467,5.0
4433,379311,0.3530733669450217,6.0
4433,453542,0.12703941401095453,9.0
4433,451855,0.19372725538859076,8.0
4433,146181,0.27449563208228245,7.0
4433,536120,0.12219606374827738,10.0
5374,115553,0.7829872860262795,2.0
5374,92267,0.9991789602709267,1.0
5374,251704,0.3734148651827983,3.0
5374,44601,0.2496084454517334,8.0
5374,60175,0.3259308375951562,4.0
5374,294295,0.05903914354244258,10.0
5374,99857,0.28728828012778285,5.0
5374,537418,0.27185006737829304,6.0
5374,576564,0.2502533212827721,7.0
5374,186453,0.23825050468247894,9.0
6221,529551,0.9429855969557634,1.0
6221,551423,0.9102221813373186,2.0
6221,240261,0.5629161598207244,3.0
6221,128698,0.40588205165299135,5.0
6221,270856,0.47574480860592083,4.0
6221,66901,0.11289685143239955,9.0
6221,578488,0.2425601602027543,8.0
6221,384626,0.3574497939087976,6.0
6221,405352,0.27252399048868015,7.0
6221,494753,0.062023741874108085,10.0
672,593283,1.0,1.0
672,563025,0.8050039048485474,2.0
672,213370,0.6809584567390181,3.0
672,40966,0.6505942872723796,5.0
672,273947,0.65631345104225,4.0
672,15824,0.5775268777788,6.0
672,67167,0.3404445518576345,7.0
672,170141,0.14388089968924417,9.0
672,201800,0.03429240127545376,10.0
672,494689,0.19368557306777498,8.0
2593,231614,0.902080151090434,1.0
2593,169688,0.18491227281994338,8.0
2593,147343,0.3978101335301649,2.0
2593,73427,0.23817756349662492,6.0
2593,528132,0.38894564026703904,3.0
2593,399013,0.19451506254266393,7.0
2593,387573,0.2715935065314435,5.0
2593,449630,0.33109977623334713,4.0
2593,394460,0.10400365388433226,10.0
2593,171339,0.13923884859226804,9.0
4019,287991,0.9760295039013266,1.0
4019,553288,0.9247424351830739,2.0
4019,332749,0.8105988883230264,3.0
4019,94423,0.1592318847658996,8.0
4019,561056,0.3140976952118201,5.0
4019,448699,0.25056525898414156,7.0
4019,377223,0.3665490078420801,4.0
4019,126134,0.04749420921176175,10.0
4019,1164,0.12089581932038629,9.0
4019,468879,0.26869790356135004,6.0
7205,370569,0.8985148234720826,1.0
7205,159966,0.8379070462803466,2.0
7205,186453,0.3651575846360952,3.0
7205,100103,0.28869285715625226,5.0
7205,62151,0.24384143890622872,6.0
7205,565926,0.30165331511514715,4.0
7205,336541,0.1412742986328932,8.0
7205,442048,0.18160040308433828,7.0
7205,558370,0.020691011060390656,10.0
7205,12432,0.09804578104984343,9.0
6611,329425,0.7847513468710565,2.0
6611,293679,0.9948528285140068,1.0
6611,142631,0.41766894571975005,3.0
6611,39819,0.20324500431439968,6.0
6611,81304,0.27212481200205985,5.0
6611,198764,0.40292758049786015,4.0
6611,297290,0.20251883930637343,7.0
6611,17208,0.1524597953618269,9.0
6611,112208,0.17415802480356826,8.0
6611,345533,0.0,10.0
7911,131996,0.9661794468520544,1.0
7911,57711,0.8382690411918645,2.0
7911,553304,0.25552946004106825,3.0
7911,69197,0.212015847758968,5.0
7911,386173,0.10350188366869018,9.0
7911,506617,0.23648335333498213,4.0
7911,597401,0.15647691055862106,6.0
7911,543714,0.11284382078298621,8.0
7911,116647,0.062193947854459364,10.0
7911,385574,0.14617716175755235,7.0
7463,577951,1.0,1.0
7463,387277,0.7838872487297448,2.0
7463,176498,0.6879649331788831,3.0
7463,423403,0.5773347249947648,4.0
7463,565698,0.27083257261068805,5.0
7463,328086,0.13503655670253692,10.0
7463,350145,0.2249339919419368,7.0
7463,216384,0.21729604494651394,8.0
7463,188015,0.16968479411181941,9.0
7463,528034,0.22716891518558308,6.0
4999,9938,1.0,1.0
4999,305117,0.40546413959453803,2.0
4999,46211,0.36300695229642044,3.0
4999,350680,0.27255482265916886,4.0
4999,216327,0.15462895895321788,5.0
4999,411061,0.10446136611893118,7.0
4999,406185,0.1401707699155224,6.0
4999,13657,0.046287549160453044,9.0
4999,580920,0.03230081991141807,10.0
4999,222153,0.052211520861106475,8.0
7344,14368,1.0,1.0
7344,418150,0.6378080916750417,2.0
7344,327978,0.31134183274247174,3.0
7344,392851,0.2509320073647685,4.0
7344,301224,0.10172942108841479,8.0
7344,39247,0.1916749095296302,5.0
7344,527231,0.10402258164845726,7.0
7344,72652,0.11218417767363513,6.0
7344,58753,0.009344240221853288,10.0
7344,266319,0.09393896085024331,9.0
7705,377429,0.8899409630067465,1.0
7705,539263,0.7558618347316939,2.0
7705,480315,0.5505325050835346,3.0
7705,467575,0.4230575525638505,5.0
7705,172703,0.373032643278822,6.0
7705,536120,0.4363089463833949,4.0
7705,87722,0.31291863194840647,7.0
7705,345199,0.0670407276286059,10.0
7705,96926,0.21597509305360307,8.0
7705,387277,0.1937720253893196,9.0
1815,372909,0.9273159731397428,2.0
1815,446928,0.9652892237283732,1.0
1815,363591,0.8699721382120283,3.0
1815,432080,0.7663093928711392,4.0
1815,88124,0.6237319164458278,5.0
1815,457701,0.5536896486832978,6.0
1815,328341,0.45362350288927256,7.0
1815,528522,0.3378416646181683,8.0
1815,539133,0.3226574812049804,9.0
1815,459677,0.0,10.0
7467,193312,1.0,1.0
7467,371720,0.8622276064915638,2.0
7467,26203,0.4069368649717567,4.0
7467,457532,0.47781428504952095,3.0
7467,55999,0.2534628698289274,7.0
7467,428017,0.31726633867031157,5.0
7467,435963,0.3165828942783777,6.0
7467,431814,0.046272370494283926,9.0
7467,253024,0.06440104694221063,8.0
7467,99757,0.014238463745789538,10.0
8013,198349,0.8274581744987117,1.0
8013,383978,0.7506677896600038,2.0
8013,374151,0.5681243764511889,4.0
8013,244433,0.5848503103178551,3.0
8013,251824,0.4597247300917666,5.0
8013,241101,0.4587122200204151,6.0
8013,398123,0.33472641756746024,7.0
8013,31793,0.03854046194274869,10.0
8013,498378,0.2436688461553423,8.0
8013,588247,0.09908923891253972,9.0
1415,66246,0.8939247684406024,1.0
1415,306144,0.8023103263053344,4.0
1415,393953,0.8192903558086901,3.0
1415,591940,0.6466344496563246,5.0
1415,387165,0.826939958523635,2.0
1415,583956,0.46974196580087835,6.0
1415,110515,0.1212250874819746,8.0
1415,318266,0.17257428498728553,7.0
1415,183612,0.10407727558103724,10.0
1415,232063,0.11079425170377813,9.0
7758,480315,0.8157369129640624,2.0
7758,574327,0.8612744650824479,1.0
7758,69696,0.34764786388908064,4.0
7758,112714,0.45941371469813364,3.0
7758,379311,0.07358273223951386,7.0
7758,122432,0.08176922877819977,5.0
7758,322826,0.08093383195741605,6.0
7758,112208,0.00799745929808467,10.0
7758,17923,0.05962380447960105,8.0
7758,172703,0.022971263245540906,9.0
1915,306144,0.9034929669592862,1.0
1915,182168,0.7635878705313248,2.0
1915,78176,0.3661306829281904,7.0
1915,393953,0.6587876346369939,3.0
1915,140038,0.47905599789308073,5.0
1915,583956,0.4879509878112461,4.0
1915,318266,0.3792484738359236,6.0
1915,66246,0.30354266006990493,8.0
1915,505580,0.04384509624043129,10.0
1915,591940,0.18109264963611413,9.0
4415,108859,0.7000000000000001,2.0
4415,32744,0.7249577150893869,1.0
4415,61792,0.6462874314308403,3.0
4415,370879,0.4937823118872993,5.0
4415,14926,0.5681076226385341,4.0
4415,244427,0.4672286962215366,6.0
4415,399751,0.3940989840110942,8.0
4415,147646,0.4596107027693124,7.0
4415,309550,0.3028441981297618,9.0
4415,235522,0.10392270074140794,10.0
10482,201495,0.9744749915522694,1.0
10482,439757,0.9620221265631539,2.0
10482,387277,0.5798189118976181,3.0
10482,518379,0.44281658794540485,4.0
10482,175821,0.3427818887263599,5.0
10482,142696,0.2089344667253873,7.0
10482,535317,0.09571032546433894,9.0
10482,364575,0.008016728329854237,10.0
10482,72402,0.1323571493972419,8.0
10482,34925,0.2764044680515512,6.0
2296,119298,0.9762159481604185,1.0
2296,279897,0.7209420784392081,2.0
2296,460357,0.31561007043352574,5.0
2296,396853,0.4666734554936035,3.0
2296,577201,0.32384708504012616,4.0
2296,410119,0.15479751206694714,8.0
2296,275410,0.09319386865970364,10.0
2296,120090,0.19753396775334678,7.0
2296,169688,0.11882342056736306,9.0
2296,175982,0.29999999999999993,6.0
6787,58290,0.8098480920973135,1.0
6787,456436,0.7644841026864827,2.0
6787,124230,0.6778148028211407,3.0
6787,457294,0.47123223867905484,4.0
6787,261189,0.3764428127310101,5.0
6787,220022,0.18248035151644956,9.0
6787,382381,0.22537877974784132,7.0
6787,552707,0.2238147477560693,8.0
6787,309555,0.017172613564690162,10.0
6787,223070,0.29999999999999993,6.0
2857,117451,1.0,1.0
2857,123659,0.555541381067401,3.0
2857,590917,0.5972571466225167,2.0
2857,295864,0.39972233740443547,5.0
2857,19606,0.3985728107602867,6.0
2857,60175,0.4809277465644442,4.0
2857,348733,0.0852037165188498,8.0
2857,464502,0.0584203248675745,9.0
2857,581038,0.29573498234295753,7.0
2857,482335,0.0020281133051917844,10.0
753,114418,1.0,1.0
753,51729,0.7768552644656281,2.0
753,581509,0.6692244200056179,3.0
753,72046,0.3202429076527941,5.0
753,466718,0.4190116922505115,4.0
753,504255,0.28877025587563143,6.0
753,297290,0.0631545098187971,9.0
753,125355,0.158034930707325,8.0
753,177648,0.21801027894060535,7.0
753,61792,0.0377757106612802,10.0
2676,55666,1.0,1.0
2676,13975,0.654717792797479,2.0
2676,264408,0.4697013596789961,5.0
2676,44110,0.48629196271555025,4.0
2676,182168,0.5189114438800952,3.0
2676,313171,0.2991966502992182,6.0
2676,244749,0.14202363484100913,7.0
2676,218845,0.14176029412593438,8.0
2676,279897,0.10846137249894139,9.0
2676,196427,0.08520050330232909,10.0
7456,164008,0.9335210797719518,2.0
7456,494727,0.948366532482064,1.0
7456,284235,0.7377029339447431,3.0
7456,169062,0.46145393773477394,6.0
7456,413041,0.3191589236832109,7.0
7456,316838,0.5208189759318314,5.0
7456,112714,0.5615121541056791,4.0
7456,69197,0.277131584560854,10.0
7456,127452,0.3176575012426236,8.0
7456,394244,0.29999999999999993,9.0
2579,524471,1.0,1.0
2579,280838,0.686862011718537,2.0
2579,229809,0.5652886648896444,3.0
2579,570155,0.29009324263866604,6.0
2579,263481,0.40452237425614146,4.0
2579,197052,0.3282326076371781,5.0
2579,55064,0.18069012856030425,7.0
2579,579473,0.1512154947330241,8.0
2579,566480,0.09143601127484706,9.0
2579,410119,0.0,10.0
687,506831,0.9146378251122911,1.0
687,342258,0.5595475360476638,2.0
687,449630,0.3507604530532725,5.0
687,214024,0.28606976396127354,7.0
687,478186,0.3995320595039042,3.0
687,579473,0.39717807591608534,4.0
687,406457,0.29351323880461955,6.0
687,508895,0.17808244645577023,8.0
687,494926,0.006301542526358702,10.0
687,16670,0.1489013917607139,9.0
2445,431685,1.0,1.0
2445,328341,0.40243320832152685,2.0
2445,352838,0.372094528614196,3.0
2445,372909,0.3170957922406634,5.0
2445,366761,0.34258511822612364,4.0
2445,195081,0.05910733322851066,9.0
2445,88124,0.1233057185455616,6.0
2445,114418,0.11368417118144716,7.0
2445,360011,0.01666116776283287,10.0
2445,539133,0.07805706968696977,8.0
2885,17651,0.8637251170873053,1.0
2885,460398,0.6695376117054168,2.0
2885,429579,0.5658181552570848,5.0
2885,516444,0.5932592571746018,4.0
2885,102081,0.5984656805336394,3.0
2885,540539,0.34628420333969934,8.0
2885,118730,0.5399755227436509,6.0
2885,279865,0.4649323453093504,7.0
2885,101453,0.04696041524981325,10.0
2885,167356,0.12424044678191958,9.0
5264,431814,0.8562435135922882,1.0
5264,42438,0.27726610289119324,4.0
5264,52579,0.5689352529250391,2.0
5264,505694,0.38305786503688743,3.0
5264,114439,0.1088421147645606,8.0
5264,580920,0.2721015336942291,5.0
5264,481166,0.08580171079151257,9.0
5264,400841,0.11234887371615442,7.0
5264,371720,0.11806063737596154,6.0
5264,186453,0.07727051828598001,10.0
7633,494727,1.0,1.0
7633,284235,0.7554249716245032,2.0
7633,164008,0.5165082597993862,4.0
7633,175831,0.5238059523109695,3.0
7633,228983,0.4661351582483299,5.0
7633,413041,0.22278670383130317,8.0
7633,112714,0.21243115256195677,9.0
7633,127452,0.27572544669360577,7.0
7633,31465,0.0890781752265623,10.0
7633,394244,0.28134648854506844,6.0
9291,17208,1.0,1.0
9291,480315,0.5513110613807044,3.0
9291,536120,0.5761717659346112,2.0
9291,377429,0.4714825955414452,4.0
9291,539263,0.33084886574966543,5.0
9291,423658,0.20309889643294138,7.0
9291,172703,0.21505796828042398,6.0
9291,345199,0.09406820709329985,8.0
9291,61022,0.011225451365415496,10.0
9291,328086,0.04677441265192315,9.0
4640,331534,1.0,1.0
4640,367785,0.5299429721952816,2.0
4640,104788,0.4457820493504537,3.0
4640,183612,0.29518622772358605,5.0
4640,526110,0.29111367440799796,6.0
4640,298099,0.38585248321739785,4.0
4640,454810,0.23091352364394624,8.0
4640,153541,0.28316940089462606,7.0
4640,49797,0.06538860034522795,10.0
4640,468923,0.13494442277059632,9.0
939,366761,0.8996181118947271,1.0
939,466084,0.25612891290079487,4.0
939,31793,0.32427567108890265,3.0
939,392434,0.4338823855943186,2.0
939,55666,0.08187926134547746,9.0
939,19183,0.19377684842739237,5.0
939,565181,0.1099732974522434,7.0
939,467575,0.026434468003767583,10.0
939,115333,0.09815338992241118,8.0
939,250702,0.12654016335011695,6.0
1306,387022,0.9875322646537781,1.0
1306,266952,0.6018564027984868,2.0
1306,594206,0.506419982007188,3.0
1306,472243,0.47108445083207795,4.0
1306,447353,0.2567822959678068,5.0
1306,410119,0.16758492848913947,7.0
1306,460457,0.23358315186000356,6.0
1306,18003,0.10244509289790654,9.0
1306,372204,0.016659020952494597,10.0
1306,583203,0.11083216339474682,8.0
8475,104793,0.9226870632298062,1.0
8475,494655,0.8875768088712999,2.0
8475,240562,0.6917189269201982,3.0
8475,21311,0.41569985275747773,4.0
8475,437427,0.3852406154102293,5.0
8475,361028,0.13382258798964294,8.0
8475,51615,0.14446916839081284,7.0
8475,444107,0.2702400788600045,6.0
8475,72402,0.05437052062329828,10.0
8475,174335,0.07471543027766481,9.0
6807,332567,1.0,1.0
6807,402466,0.23770363312750584,2.0
6807,187583,0.16948186139608162,4.0
6807,459351,0.2189616402330676,3.0
6807,535697,0.16444384956322466,5.0
6807,59714,0.1159660273538609,6.0
6807,211622,0.08820573234705907,7.0
6807,11184,0.024481125872412395,9.0
6807,565765,0.04378479667588387,8.0
6807,93971,0.02310088163698288,10.0
5228,259476,1.0,1.0
5228,158732,0.8067614788496686,2.0
5228,131774,0.794448026462111,3.0
5228,331534,0.6259365778646835,5.0
5228,341947,0.6566631216810465,4.0
5228,366594,0.3735100969818393,6.0
5228,140038,0.33715073089967945,7.0
5228,156194,0.11725844376178726,9.0
5228,352120,0.2118085724119691,8.0
5228,414534,0.0,10.0
2856,108739,0.8255097208696538,1.0
2856,296769,0.7563631231732214,2.0
2856,346042,0.7490287387298031,3.0
2856,219033,0.6000306666816879,4.0
2856,361028,0.467576119543246,5.0
2856,23340,0.32670682147166785,7.0
2856,386173,0.15681188001423207,10.0
2856,231727,0.32222474348060487,8.0
2856,110848,0.3453161564903351,6.0
2856,213331,0.16259936590841068,9.0
3791,212222,1.0,1.0
3791,301570,0.12427799269640098,7.0
3791,521641,0.11808420719198204,8.0
3791,10790,0.14588383796164206,4.0
3791,197494,0.14462769975617348,5.0
3791,482415,0.22394263663000621,2.0
3791,572272,0.0827891042120252,10.0
3791,34925,0.11423427468201963,9.0
3791,440270,0.1406546779103334,6.0
3791,577201,0.20013543829479047,3.0
4514,1642,0.8987983319356085,2.0
4514,156211,0.997517272750622,1.0
4514,426270,0.6911736447075447,3.0
4514,317429,0.6223157799468833,4.0
4514,352485,0.5098119655221753,5.0
4514,197222,0.21433142742971487,6.0
4514,117451,0.17745607996492294,8.0
4514,565782,0.1545597153697777,9.0
4514,514417,0.19336868539775331,7.0
4514,134722,0.0,10.0
6122,496166,1.0,1.0
6122,118280,0.19578780742339663,4.0
6122,117274,0.19830879774282983,3.0
6122,305509,0.20497682831712247,2.0
6122,42533,0.1835429487747532,5.0
6122,219504,0.14351514880023336,6.0
6122,283072,0.020860890041722105,10.0
6122,428829,0.09486044611444602,7.0
6122,39819,0.0511698049025715,9.0
6122,102081,0.07374278625287795,8.0
8832,108059,0.7191697936500073,2.0
8832,94689,0.9938676155181536,1.0
8832,597351,0.40962691021649944,3.0
8832,268289,0.3034354443201417,5.0
8832,170594,0.3419071234141555,4.0
8832,133093,0.23952314992847848,6.0
8832,259317,0.19299486514327194,7.0
8832,234103,0.031205911898162055,8.0
8832,195767,0.010326056551423093,9.0
8832,387141,0.0,10.0
7145,301580,1.0,1.0
7145,379311,0.7739523898643452,2.0
7145,62966,0.2349461979396688,5.0
7145,297290,0.4089948918500342,3.0
7145,451855,0.1689503954045516,7.0
7145,471964,0.22305786495553945,6.0
7145,453542,0.02594224667275882,10.0
7145,387277,0.07160239496701765,9.0
7145,81458,0.2771527683866785,4.0
7145,172703,0.08057344112793838,8.0
7674,164008,0.8295138096971808,2.0
7674,249279,0.9134565741493946,1.0
7674,367641,0.405999119399548,5.0
7674,89460,0.5422087493857957,3.0
7674,65120,0.45445068773404057,4.0
7674,494295,0.38786248995813444,6.0
7674,223206,0.23384120240844009,7.0
7674,452870,0.12729828443733796,8.0
7674,172443,0.05113627280807961,9.0
7674,2064,0.0,10.0
8202,115553,0.8483781930276226,2.0
8202,92267,0.9654761959658285,1.0
8202,251704,0.43223769599951845,3.0
8202,514500,0.40618512262898576,4.0
8202,60175,0.2828998845948558,7.0
8202,99857,0.3638294912553943,5.0
8202,186453,0.35043086055875994,6.0
8202,31465,0.20007017814880268,9.0
8202,59714,0.2165834054890886,8.0
8202,265213,0.0,10.0
3682,233497,0.7000000000000001,4.0
3682,329662,0.9891019550239001,1.0
3682,426223,0.6708053214991303,5.0
3682,537418,0.7619645995263917,2.0
3682,388613,0.5525282545467134,6.0
3682,336018,0.7312598154300468,3.0
3682,27401,0.4880202837732362,7.0
3682,281707,0.21360795142992112,9.0
3682,55022,0.11311439264775836,10.0
3682,330041,0.22027417719416856,8.0
3446,323498,1.0,1.0
3446,211839,0.920799389689884,2.0
3446,31550,0.7482586419028637,3.0
3446,505027,0.6595556723473558,4.0
3446,367785,0.4633221532578308,5.0
3446,204176,0.3730430885045518,6.0
3446,366685,0.361535556860886,7.0
3446,157702,0.2001928859839348,8.0
3446,241099,0.1283188747037775,10.0
3446,511386,0.13979389058728348,9.0
7592,40966,0.9601447977897741,1.0
7592,273947,0.7425707519717644,2.0
7592,593283,0.5756826281252496,3.0
7592,170141,0.3165078083669375,7.0
7592,208219,0.5419437951289664,4.0
7592,563025,0.48472051695050045,5.0
7592,73427,0.27505439239348173,9.0
7592,213370,0.33603705566419523,6.0
7592,15824,0.2846689500492518,8.0
7592,198349,0.0,10.0
6715,13732,0.9753806471289677,1.0
6715,568526,0.7308989070921061,2.0
6715,275902,0.34899787079648936,4.0
6715,193312,0.37379131522181896,3.0
6715,518563,0.1902128390021586,6.0
6715,51729,0.1814161986570089,7.0
6715,457294,0.15502052951212342,9.0
6715,149306,0.208017246148653,5.0
6715,526110,0.12714970360826347,10.0
6715,113619,0.1625165306375931,8.0
2264,534454,0.9644886809349253,1.0
2264,556976,0.44017215967756707,3.0
2264,244104,0.54461673470701,2.0
2264,350819,0.24379286270858944,6.0
2264,588247,0.17619444569109244,7.0
2264,488574,0.354418548744333,4.0
2264,31793,0.14397856766839062,9.0
2264,352838,0.11415474332452151,10.0
2264,450808,0.168706559693299,8.0
2264,498834,0.2516211598068089,5.0
6121,315275,0.9061959025286198,2.0
6121,289231,0.9121448029124237,1.0
6121,523158,0.3063407620538975,5.0
6121,184175,0.3883575429897599,3.0
6121,333184,0.2287272842618271,7.0
6121,524801,0.3105435628542046,4.0
6121,235545,0.2816725586936214,6.0
6121,570964,0.1825228539584539,9.0
6121,171339,0.22131685357734238,8.0
6121,344573,0.16257985878833342,10.0
3453,418626,0.9928466832472754,1.0
3453,156211,0.689948265568024,2.0
3453,1642,0.4624303559419377,3.0
3453,296516,0.1456334940265457,7.0
3453,233635,0.4163539664458518,4.0
3453,317429,0.21615126038468513,5.0
3453,352485,0.1240469866987101,8.0
3453,565782,0.10603351824473381,9.0
3453,337764,0.07933178866650319,10.0
3453,209804,0.1759878162406251,6.0
6985,561884,0.707642916436839,1.0
6985,149305,0.5278447666987702,3.0
6985,456436,0.6670389726475318,2.0
6985,78029,0.3420729498515963,4.0
6985,403755,0.20045616146587505,6.0
6985,538023,0.23264568459424498,5.0
6985,464533,0.15054301748232946,8.0
6985,196427,0.19916897072552825,7.0
6985,54584,0.1479546321807594,9.0
6985,587120,0.09133091280738105,10.0
2181,77245,0.7779269498739442,3.0
2181,234436,0.8297415844881321,2.0
2181,470289,0.9266413401260579,1.0
2181,136315,0.22743366823519937,8.0
2181,101604,0.36755076464165715,4.0
2181,288189,0.27195150612994357,7.0
2181,391988,0.3125931304695672,5.0
2181,56718,0.30673531011725697,6.0
2181,555732,0.1747353381287063,9.0
2181,499782,0.0,10.0
8532,40702,0.8254689364374288,2.0
8532,416307,0.9898585071113941,1.0
8532,427726,0.6135556441517849,4.0
8532,543714,0.5576229971229923,5.0
8532,42438,0.6916164223234648,3.0
8532,344372,0.42557888567127544,6.0
8532,125355,0.2797423729267301,7.0
8532,483299,0.2572148937413779,8.0
8532,100103,0.13089710868080348,10.0
8532,6574,0.24582071302919556,9.0
4312,222639,0.9124998922250114,2.0
4312,282435,0.9213071682759721,1.0
4312,167950,0.7566384791988772,3.0
4312,324779,0.17265482776016985,6.0
4312,507284,0.2575840566874177,5.0
4312,116647,0.26580825344618797,4.0
4312,218759,0.15863633981198,8.0
4312,535998,0.048689381779842916,10.0
4312,228341,0.1499968360829248,9.0
4312,535651,0.1704657261832728,7.0
9108,415976,0.7000000000000001,2.0
9108,123702,0.809420822595814,1.0
9108,133468,0.3512080722799162,6.0
9108,258291,0.6033258256511596,3.0
9108,461592,0.434490232920858,4.0
9108,579763,0.4300229275109203,5.0
9108,472051,0.21668995998341806,9.0
9108,298128,0.23611064038228258,8.0
9108,305579,0.0923677906243287,10.0
9108,22221,0.2674010883189832,7.0
8116,433032,1.0,1.0
8116,319793,0.7189418814183431,2.0
8116,236482,0.551272008419459,3.0
8116,182297,0.2945331572621157,5.0
8116,533457,0.4098718036951024,4.0
8116,403186,0.1389631600906387,8.0
8116,433197,0.2714343876200382,6.0
8116,38711,0.1175555430254026,9.0
8116,374867,0.14872112005984087,7.0
8116,314478,0.06415453393390917,10.0
9403,243148,0.73070620038501,1.0
9403,228403,0.39014085370446866,2.0
9403,175982,0.2433789870580127,5.0
9403,562793,0.20787747038520168,6.0
9403,81924,0.06573978013873533,8.0
9403,472516,0.020753797137485763,10.0
9403,513258,0.026655634068841944,9.0
9403,150650,0.2607176280617144,4.0
9403,269898,0.3090995250743153,3.0
9403,29790,0.15241391567535276,7.0
776,124027,1.0,1.0
776,597247,0.33620538798104593,2.0
776,597880,0.2486722865644026,4.0
776,592680,0.22963316076426854,5.0
776,10440,0.2764179724735978,3.0
776,276411,0.031496630820179165,10.0
776,496899,0.19795906252600332,6.0
776,418864,0.18818456894879382,7.0
776,454810,0.17061355817602097,8.0
776,136270,0.17019340484548337,9.0
6199,473322,1.0,1.0
6199,157553,0.7547720317329438,2.0
6199,332314,0.5990820019865507,3.0
6199,521641,0.5141007090880184,4.0
6199,433801,0.4115984375762757,5.0
6199,93231,0.2839569910145519,7.0
6199,525827,0.37020915198773174,6.0
6199,409120,0.09617776687055732,10.0
6199,279845,0.19138209344038684,8.0
6199,366448,0.13788262951884486,9.0
1393,234436,0.959995530530463,1.0
1393,220022,0.7421226722690928,2.0
1393,532932,0.5658713061315885,3.0
1393,394871,0.4499200667053215,6.0
1393,77245,0.4869988816426781,4.0
1393,352640,0.47833454090328953,5.0
1393,499782,0.2059223366956039,7.0
1393,326665,0.12350314030551718,9.0
1393,196920,0.19793816287600416,8.0
1393,555732,0.07410270536740733,10.0
9668,111768,1.0,1.0
9668,75437,0.4434543649826431,3.0
9668,55022,0.2604899628436276,7.0
9668,6574,0.5297524551580749,2.0
9668,62151,0.37959050057395655,5.0
9668,594655,0.20068691898419863,8.0
9668,13260,0.41028105556522854,4.0
9668,79998,0.18343829378905407,9.0
9668,42438,0.36056196888056313,6.0
9668,416307,0.137846964201705,10.0
9088,557219,0.9133771799585382,1.0
9088,224654,0.8862371792433469,2.0
9088,536120,0.6834432326766164,3.0
9088,226303,0.6256552464886287,4.0
9088,539263,0.2971178258517164,8.0
9088,511093,0.39691664306266494,5.0
9088,433809,0.32538340699045626,7.0
9088,472516,0.3959631758712818,6.0
9088,461051,0.2824528415456933,9.0
9088,344041,0.19978573041661607,10.0
3091,159936,0.916909868933403,1.0
3091,187739,0.7894510889843646,2.0
3091,95778,0.5910980059549805,3.0
3091,416796,0.3023835165675846,7.0
3091,437538,0.32501929460822687,4.0
3091,254454,0.20999417934131748,8.0
3091,274870,0.32366830949421255,5.0
3091,426223,0.006050071662885371,10.0
3091,366448,0.3038128602852449,6.0
3091,216384,0.09620120917067487,9.0
1157,405777,1.0,1.0
1157,266952,0.3149579464140493,4.0
1157,251411,0.33516921402047867,2.0
1157,243503,0.3268421341709997,3.0
1157,452544,0.26511634061037104,5.0
1157,564618,0.11252700229933925,7.0
1157,295980,0.10348254043322512,8.0
1157,388455,0.1521064300127166,6.0
1157,350819,0.0002170574764913174,10.0
1157,97348,0.1025773725161408,9.0
4335,318583,1.0,1.0
4335,322246,0.6843781138758616,2.0
4335,416225,0.28775313496575183,3.0
4335,109860,0.16033536911042512,5.0
4335,382381,0.13418083970909986,7.0
4335,110515,0.1395383773315646,6.0
4335,126134,0.10680570515038638,8.0
4335,190169,0.008273320600475956,10.0
4335,158185,0.16959255643945964,4.0
4335,274359,0.02963981596220151,9.0
8947,545759,0.7614808682346081,1.0
8947,61022,0.6615008134664878,2.0
8947,532657,0.534299355537736,4.0
8947,461592,0.6235486870418219,3.0
8947,461084,0.2195629678736264,6.0
8947,127134,0.3342201213414583,5.0
8947,384564,0.15137345441646527,8.0
8947,388646,0.0705089450816171,10.0
8947,452870,0.16285338431275817,7.0
8947,214901,0.07262083093156593,9.0
6410,418150,1.0,1.0
6410,112208,0.5293423434416977,2.0
6410,273861,0.3892986707838094,5.0
6410,172703,0.43880466290289544,3.0
6410,59994,0.3916901692672953,4.0
6410,528034,0.35600696933932285,6.0
6410,107092,0.11414265797406514,10.0
6410,100485,0.2673246127428872,7.0
6410,133093,0.22132180475053267,8.0
6410,87722,0.2115938240062969,9.0
5196,565745,1.0,1.0
5196,219033,0.8338432121789134,2.0
5196,213370,0.5816771465099128,3.0
5196,171339,0.5282403603681516,4.0
5196,356928,0.5142258018923404,5.0
5196,581889,0.3138580064907393,6.0
5196,273528,0.3132737109890869,7.0
5196,114829,0.203930260667075,8.0
5196,555101,0.0866075158399361,9.0
5196,474050,0.0,10.0
8789,87349,1.0,1.0
8789,41912,0.4217452083896034,2.0
8789,102436,0.20981597095891064,4.0
8789,58290,0.18159641470381588,5.0
8789,14870,0.21768422510541685,3.0
8789,328341,0.17726525448444816,6.0
8789,152014,0.038627393190700667,9.0
8789,296528,0.009821976211889209,10.0
8789,213526,0.05834241587173632,8.0
8789,316838,0.060651564725025024,7.0
5808,251824,1.0,1.0
5808,51615,0.3985825452278712,3.0
5808,535697,0.6041778517770533,2.0
5808,43781,0.3328888586320419,4.0
5808,226053,0.2999414183386558,6.0
5808,226070,0.297598690503732,7.0
5808,271243,0.31801698211965124,5.0
5808,88477,0.061487372519474295,9.0
5808,350145,0.00020882698119177042,10.0
5808,72652,0.08275042704533267,8.0
9701,225682,1.0,1.0
9701,19711,0.27806657149455516,2.0
9701,494926,0.2355714913077353,5.0
9701,384230,0.25628951901255304,4.0
9701,457416,0.2289321194139342,6.0
9701,279865,0.27801979225405826,3.0
9701,473540,0.19563873680452457,7.0
9701,76054,0.14936473006868284,8.0
9701,533515,0.07175660385643855,9.0
9701,321969,0.0,10.0
3179,56718,0.9022927009544843,2.0
3179,385073,0.9333572332021802,1.0
3179,150219,0.7980302299161242,3.0
3179,243503,0.2846063797577168,4.0
3179,442142,0.2556616299909704,5.0
3179,352838,0.24364260724207215,6.0
3179,124630,0.0404894881912399,10.0
3179,431685,0.0896171240488181,7.0
3179,597247,0.05674404768259206,9.0
3179,174335,0.06429470411436146,8.0
6896,196427,0.9673029737332871,1.0
6896,330041,0.8837944510093768,2.0
6896,244749,0.5846476293034861,4.0
6896,223070,0.7024199884930609,3.0
6896,403755,0.3108933440300661,8.0
6896,38711,0.357927684008995,6.0
6896,149305,0.36779946335271574,5.0
6896,106501,0.19313617550316525,10.0
6896,587120,0.34384113422320256,7.0
6896,102443,0.24271209466220892,9.0
2513,25762,0.8970635559363757,1.0
2513,518624,0.45958924731718886,3.0
2513,588247,0.4319268533760451,4.0
2513,82344,0.5177304226406496,2.0
2513,97348,0.25902570108102185,5.0
2513,102443,0.14917819781069375,6.0
2513,405777,0.14733627040134872,7.0
2513,352838,0.10054664490200224,8.0
2513,147646,0.014316198648886317,10.0
2513,120090,0.05351476567425647,9.0
8937,294295,0.8758239116820571,1.0
8937,13260,0.22956670828538533,6.0
8937,336541,0.3743331028800049,2.0
8937,320101,0.35564353136659965,3.0
8937,416307,0.227919702418085,7.0
8937,100103,0.3357225744407705,4.0
8937,363043,0.29888441003750377,5.0
8937,429378,0.026853660777366443,10.0
8937,88892,0.09748858623754332,9.0
8937,214003,0.14505745689250962,8.0
9643,112208,1.0,1.0
9643,100485,0.7445920849184899,2.0
9643,480315,0.3078508427977992,4.0
9643,428082,0.15507580250947606,10.0
9643,467575,0.3143316287249445,3.0
9643,87722,0.2473245639983948,6.0
9643,581038,0.27836629813897623,5.0
9643,214542,0.23039660286263786,7.0
9643,539263,0.19512289802554958,8.0
9643,156816,0.18906904670683541,9.0
5653,588247,1.0,1.0
5653,483456,0.26695018612763943,2.0
5653,14543,0.192841727987748,5.0
5653,87722,0.20983122629753378,4.0
5653,290930,0.23217452789876725,3.0
5653,461592,0.13084466676749545,6.0
5653,446984,0.10667782075963238,8.0
5653,583635,0.08272941723910762,9.0
5653,31377,0.12062338131506037,7.0
5653,66631,0.0,10.0
2551,143100,1.0,1.0
2551,479276,0.6363095436248053,2.0
2551,202990,0.30288217158652925,3.0
2551,9938,0.1745302759356466,7.0
2551,394460,0.23270671350524966,4.0
2551,242124,0.18221091797077862,6.0
2551,523158,0.19450139278469536,5.0
2551,384642,0.05790588021863699,10.0
2551,572272,0.07462476106634613,9.0
2551,362805,0.09982548677039643,8.0
1948,467509,1.0,1.0
1948,108739,0.6162986069813035,2.0
1948,356928,0.601161923488791,3.0
1948,223206,0.3029837230597233,7.0
1948,219033,0.4450574005656596,4.0
1948,443795,0.3741573860240443,6.0
1948,362215,0.40315146977726724,5.0
1948,377571,0.2101570923713029,8.0
1948,399700,0.07963402600008247,10.0
1948,213331,0.178650292145703,9.0
4920,228341,1.0,1.0
4920,82294,0.8209576934128723,2.0
4920,277217,0.6840891818986433,4.0
4920,306815,0.7410505508932138,3.0
4920,22221,0.13625541262635033,5.0
4920,371720,0.07721163015237717,8.0
4920,415340,0.07856128852493134,7.0
4920,323363,0.03614631573633392,9.0
4920,283202,0.024898294239422258,10.0
4920,115517,0.10454328486887232,6.0
2589,450577,0.9223723213368402,1.0
2589,43961,0.8281343127074062,2.0
2589,468144,0.5283420652621973,3.0
2589,437969,0.22925963292339097,5.0
2589,581889,0.30109112700811774,4.0
2589,509650,0.2210466038248766,6.0
2589,75252,0.1835240663705745,7.0
2589,307610,0.15745102625676496,8.0
2589,557877,0.015153996575695588,10.0
2589,527698,0.1151166043892799,9.0
7513,112208,1.0,1.0
7513,172703,0.8239304582329411,2.0
7513,328086,0.6048521394580711,3.0
7513,115372,0.5270211883902576,4.0
7513,273861,0.42146040677025637,5.0
7513,87722,0.2857644079322806,8.0
7513,377429,0.3077245551117764,7.0
7513,387277,0.2738656395883543,9.0
7513,62966,0.3432863917611632,6.0
7513,418150,0.0,10.0
5410,13975,1.0,1.0
5410,371720,0.541530257451275,3.0
5410,494323,0.6682779340943602,2.0
5410,249844,0.40845946905498204,4.0
5410,488258,0.37849021069147104,5.0
5410,75235,0.20207383462472367,8.0
5410,488732,0.2887633448168838,6.0
5410,457532,0.1562302817834828,9.0
5410,108739,0.25465771822253613,7.0
5410,193312,0.04308527277597681,10.0
2334,228403,1.0,1.0
2334,107092,0.3099843391744169,5.0
2334,150650,0.3956368909966939,2.0
2334,93936,0.3303367251642759,4.0
2334,2304,0.3554261807324781,3.0
2334,208219,0.2997022301292629,6.0
2334,274870,0.03202193747564923,9.0
2334,156194,0.014029346453782062,10.0
2334,204917,0.14151692629494408,7.0
2334,385506,0.10162333701006201,8.0
1783,445298,1.0,1.0
1783,306800,0.8427856238207903,2.0
1783,309555,0.6273188985864824,4.0
1783,167660,0.6463178989305784,3.0
1783,272425,0.42154650144028727,5.0
1783,43497,0.24452178698055402,8.0
1783,57320,0.2715189448957205,6.0
1783,384631,0.12313933714613554,9.0
1783,179066,0.2566192655078798,7.0
1783,102237,0.0,10.0
4641,494753,0.8150940294501561,1.0
4641,213673,0.6734128655791066,2.0
4641,237580,0.6263990228990344,3.0
4641,44594,0.6243167634909828,4.0
4641,211867,0.213986987211909,6.0
4641,406219,0.3794922012718126,5.0
4641,409120,0.19567997908833182,7.0
4641,461592,0.10368016304373207,9.0
4641,450228,0.08628838997655999,10.0
4641,192811,0.17831943786770996,8.0
1469,444589,1.0,1.0
1469,243503,0.49772520518102453,2.0
1469,426570,0.4268293717738131,3.0
1469,469776,0.23078691384697098,5.0
1469,18003,0.20792998379205535,6.0
1469,421371,0.2943664807069237,4.0
1469,335336,0.013064024349341983,10.0
1469,484649,0.1524221747625566,8.0
1469,56320,0.19347187478697753,7.0
1469,451737,0.07504719873146934,9.0
10267,569632,1.0,1.0
10267,487348,0.6779392215975331,2.0
10267,22036,0.4522481341158291,5.0
10267,522713,0.46882797616054966,4.0
10267,457108,0.5025165371506901,3.0
10267,379667,0.15930830600109375,7.0
10267,330379,0.15875761809013528,8.0
10267,108859,0.13040854545283412,9.0
10267,186578,0.18833936443090254,6.0
10267,17652,0.08837136612497506,10.0
3771,59994,0.9838708507847873,1.0
3771,95966,0.3280093786432406,4.0
3771,13346,0.47207133546807,2.0
3771,40062,0.3450346736948071,3.0
3771,95762,0.06404356850039947,10.0
3771,97764,0.18018255650583304,6.0
3771,478890,0.13212270615677385,8.0
3771,515072,0.14812560447547743,7.0
3771,303025,0.20121540335380572,5.0
3771,346450,0.06683811642778828,9.0
10497,147765,0.9477502676054802,1.0
10497,159880,0.9098202310023887,2.0
10497,445230,0.7905951143474702,3.0
10497,535705,0.343863901447067,7.0
10497,575729,0.4724972917046052,5.0
10497,71898,0.4818484477446985,4.0
10497,569461,0.215480096302912,8.0
10497,31483,0.37165668678206,6.0
10497,456436,0.0319341506757793,10.0
10497,160301,0.05784681592326615,9.0
2472,337165,0.7191272381653178,2.0
2472,584273,0.7758461522490725,1.0
2472,138151,0.39167661023190137,4.0
2472,534099,0.584982729823855,3.0
2472,416796,0.3331902399406256,5.0
2472,366597,0.32827866958639884,6.0
2472,216384,0.10472834870757389,10.0
2472,187739,0.18594283099780287,8.0
2472,169921,0.12956079756360672,9.0
2472,518563,0.29999999999999993,7.0
503,171761,1.0,1.0
503,257656,0.35138982832766485,3.0
503,405374,0.5057905546702085,2.0
503,433032,0.1323894369049711,6.0
503,343489,0.14720950822042866,5.0
503,531990,0.052676911123857535,9.0
503,156816,0.21139144528416448,4.0
503,100485,0.07516936406638089,8.0
503,69965,0.0028844847941036987,10.0
503,350680,0.1019660216473696,7.0
6832,552346,0.9448242336644204,1.0
6832,573874,0.5806072770895578,2.0
6832,244749,0.30973003945990185,5.0
6832,377853,0.44022580331776245,3.0
6832,116694,0.13530976638097475,8.0
6832,108040,0.16594615108379773,7.0
6832,349554,0.32481111330318235,4.0
6832,459351,0.19935024416918787,6.0
6832,42533,0.0026634267597650946,10.0
6832,239214,0.10885976589407778,9.0
864,24890,0.9225381178764065,1.0
864,30142,0.9128988061444009,2.0
864,450808,0.5423981901778848,4.0
864,472924,0.7868261983536973,3.0
864,566337,0.45094413214851836,5.0
864,291726,0.33870638596902913,6.0
864,479625,0.29789286563725537,7.0
864,175339,0.17165578114916785,8.0
864,231947,0.15763355808702822,9.0
864,244104,0.12619583143392268,10.0
2580,11988,0.8944738295107362,1.0
2580,344118,0.7490306087231549,2.0
2580,371720,0.5494520471419463,3.0
2580,87722,0.22211174597255617,4.0
2580,360481,0.11455175295567685,8.0
2580,75764,0.09692563172238708,9.0
2580,585447,0.17188783897303173,5.0
2580,114439,0.1549377822394318,6.0
2580,272738,0.037020741945810676,10.0
2580,503934,0.12937335758066332,7.0
6625,416307,0.8520379052247566,1.0
6625,88892,0.8045255307069115,2.0
6625,336541,0.5650686832533571,3.0
6625,27401,0.4980720163349901,4.0
6625,320101,0.4123720078830758,5.0
6625,557356,0.2601811002785945,6.0
6625,138703,0.14079419485517194,8.0
6625,13260,0.23925506609909913,7.0
6625,595133,0.019189320808798725,10.0
6625,75437,0.13021704289232452,9.0
2685,308837,0.749212348215435,1.0
2685,539133,0.20825037980130018,8.0
2685,302792,0.34001197511160675,3.0
2685,243499,0.22616739568209598,6.0
2685,575497,0.23648479753754276,5.0
2685,158845,0.15281669522220623,10.0
2685,284075,0.3103857154338409,4.0
2685,382005,0.38530262498107676,2.0
2685,136825,0.1907145658435419,9.0
2685,395357,0.22435862424060385,7.0
68,123634,0.8177385837776188,3.0
68,296098,0.8485978389905355,2.0
68,528564,0.9026272286379146,1.0
68,197839,0.37230908054027206,5.0
68,532932,0.5218942256362645,4.0
68,352640,0.29778408008697077,7.0
68,327002,0.3348950284280853,6.0
68,55666,0.17981055179064961,9.0
68,232199,0.18397450535381232,8.0
68,259766,0.08968857445685738,10.0
813,548705,1.0,1.0
813,284411,0.7394764015939633,2.0
813,196427,0.6295138812238489,3.0
813,2809,0.41326703766391837,4.0
813,127974,0.19384139613117032,6.0
813,171596,0.2474760924704077,5.0
813,318583,0.10731748889912225,8.0
813,459677,0.05731472535240892,10.0
813,418630,0.11748289935011369,7.0
813,123468,0.0915842682613583,9.0
7345,69790,0.8173806752714369,1.0
7345,254288,0.57651167664721,4.0
7345,67063,0.5844759746948383,2.0
7345,98130,0.5819018447970556,3.0
7345,416727,0.3656430474528426,6.0
7345,417840,0.24761358202841066,8.0
7345,108,0.40895622620595207,5.0
7345,90447,0.2923830045982088,7.0
7345,348405,0.03741457427040476,9.0
7345,504996,0.0,10.0
8970,96121,1.0,1.0
8970,108040,0.8295328761824705,2.0
8970,187583,0.6317931398021295,3.0
8970,496899,0.5252920018712693,5.0
8970,537857,0.6021545391908574,4.0
8970,314478,0.2176254183811781,6.0
8970,167356,0.20508121832623227,7.0
8970,11988,0.19752636766311618,8.0
8970,128574,0.08604830179768762,9.0
8970,514500,0.0,10.0
7105,72652,1.0,1.0
7105,307380,0.6922987731404909,2.0
7105,220060,0.45538309120629555,3.0
7105,455891,0.35294575043713605,5.0
7105,490294,0.3478680322686645,6.0
7105,314919,0.361229891152655,4.0
7105,324037,0.22354111297678333,7.0
7105,228341,0.18676253499887097,8.0
7105,479384,0.11782100184131128,9.0
7105,366488,0.0,10.0
1310,535651,0.9691841910279442,1.0
1310,471870,0.3523539620368021,3.0
1310,565698,0.3794835817745991,2.0
1310,344648,0.15588761130046763,6.0
1310,55022,0.28444318819003156,5.0
1310,346622,0.09617878065815991,9.0
1310,24567,0.31978254025869124,4.0
1310,489401,0.029703250813096455,10.0
1310,297831,0.11396448647520716,8.0
1310,44492,0.12231536801932279,7.0
9060,12432,0.757811828973005,2.0
9060,511093,0.8891499466945327,1.0
9060,108,0.4238636002460523,3.0
9060,13260,0.3315271459876632,4.0
9060,511515,0.2684435430367251,5.0
9060,304304,0.20834910628555642,8.0
9060,37517,0.21259587337417604,7.0
9060,75437,0.2595115447038254,6.0
9060,43087,0.07980264229027288,9.0
9060,111768,0.029555219888364737,10.0
2549,418150,0.9191112972855936,1.0
2549,327978,0.6334128528936875,2.0
2549,14368,0.45820409562128855,3.0
2549,307380,0.3793841242056115,4.0
2549,301224,0.1904892605951956,5.0
2549,59714,0.12430252041990476,7.0
2549,44601,0.09610044431740777,8.0
2549,265874,0.13077129291965545,6.0
2549,17923,0.08774523847668589,9.0
2549,350145,0.0,10.0
559,401254,0.8930637437884853,1.0
559,213370,0.5029240124601622,3.0
559,151639,0.557782772335746,2.0
559,198349,0.40715758945501046,4.0
559,485195,0.0902516869447327,8.0
559,494689,0.3323143338121854,5.0
559,21194,0.0889300483899898,9.0
559,281977,0.21666883142353507,7.0
559,61706,0.05318861202680423,10.0
559,75252,0.29999999999999993,6.0
7218,266900,0.8512125315009851,1.0
7218,32290,0.8280424782038003,2.0
7218,117576,0.39802390338065075,4.0
7218,537418,0.3997179478750347,3.0
7218,482517,0.18705152154712829,7.0
7218,125659,0.2688144458135915,5.0
7218,40447,0.07093340916828098,10.0
7218,6701,0.07772212989812008,9.0
7218,158520,0.2265840566970521,6.0
7218,314478,0.18308949350296574,8.0
2400,158523,0.727960568213605,2.0
2400,456470,0.7960532217376288,1.0
2400,29306,0.6509138182507566,3.0
2400,22469,0.4362337285403568,5.0
2400,3118,0.499716675040779,4.0
2400,226967,0.4014787209629995,6.0
2400,571258,0.2310196180868595,8.0
2400,1198,0.3528760780266266,7.0
2400,307424,0.005242535752688377,10.0
2400,535697,0.1286464046006039,9.0
2348,447619,1.0,1.0
2348,112591,0.6539086538016619,2.0
2348,306430,0.5906831356663148,3.0
2348,244433,0.4556696043524586,4.0
2348,268261,0.3312352995759287,5.0
2348,265874,0.31816159993316384,6.0
2348,403025,0.15460265576281684,9.0
2348,117576,0.23388546327704973,7.0
2348,14870,0.21409802373070166,8.0
2348,12432,0.0,10.0
3615,335991,0.9907525883674209,1.0
3615,518379,0.8652549909627814,2.0
3615,72402,0.4784251883478611,3.0
3615,72160,0.41891541429305346,4.0
3615,156358,0.24411498066521292,6.0
3615,482544,0.21964860979711104,8.0
3615,174335,0.23278560904221957,7.0
3615,341493,0.2567076298869978,5.0
3615,17166,0.1734413338912797,9.0
3615,489401,0.0,10.0
8102,314478,0.8890147224841509,1.0
8102,149305,0.46768545754971014,4.0
8102,416307,0.4490221313381862,5.0
8102,99857,0.4950965717567981,2.0
8102,552707,0.4787457783332505,3.0
8102,223309,0.19613434510327998,10.0
8102,481166,0.26464542463524415,8.0
8102,320101,0.32420756249179905,6.0
8102,344372,0.22278334675260755,9.0
8102,408123,0.29999999999999993,7.0
5155,462892,1.0,1.0
5155,367785,0.3480663388814971,3.0
5155,69495,0.3685019369972351,2.0
5155,280805,0.3474841177152267,4.0
5155,175265,0.1300736016872428,7.0
5155,305671,0.1179868767122374,8.0
5155,191495,0.19920329028305278,6.0
5155,537725,0.011748888132726334,10.0
5155,157702,0.1992495490560534,5.0
5155,409573,0.023006596942521395,9.0
2460,530037,0.9384247488932067,1.0
2460,584337,0.9070713918203807,2.0
2460,279346,0.6586296568275964,3.0
2460,549180,0.5025311342494707,4.0
2460,196427,0.12603861748940332,7.0
2460,502281,0.18707414208808137,6.0
2460,512803,0.2850176579724086,5.0
2460,505028,0.11475777397274114,8.0
2460,295980,0.05135924083884574,10.0
2460,38711,0.06778441725818674,9.0
2399,343489,1.0,1.0
2399,583124,0.4220485981767831,2.0
2399,468743,0.26598898180981684,3.0
2399,29790,0.21791419814528667,6.0
2399,19606,0.22171875855367928,5.0
2399,521712,0.2495402951072957,4.0
2399,510314,0.09772171347151731,9.0
2399,476834,0.10717789496998624,8.0
2399,457419,0.1445283485381484,7.0
2399,442489,0.07708564856317421,10.0
4071,170594,0.9023483955820959,1.0
4071,328556,0.8536529196927172,2.0
4071,337764,0.5728955260493532,4.0
4071,296516,0.5125364795902563,5.0
4071,135113,0.5975344388609574,3.0
4071,565782,0.4493952883377513,7.0
4071,352485,0.5031211408961559,6.0
4071,368150,0.2304137671286107,9.0
4071,317429,0.36549155166745384,8.0
4071,543589,0.0,10.0
18,431685,0.8802185897286869,1.0
18,88124,0.5497512711302692,2.0
18,161162,0.20835419045804973,3.0
18,528564,0.10529134103044567,5.0
18,227098,0.0982427818209718,6.0
18,172594,0.07781726922221728,7.0
18,152218,0.07348340110963414,8.0
18,349554,0.021900739437948475,9.0
18,366761,0.17442162729503913,4.0
18,143622,0.007375402978898405,10.0
2306,581889,1.0,1.0
2306,509650,0.4164260119376568,3.0
2306,494689,0.43258434257969697,2.0
2306,75252,0.3720742841471079,4.0
2306,368806,0.2510075104392622,5.0
2306,246459,0.2510035005857142,6.0
2306,485195,0.2434250799183666,7.0
2306,401254,0.11068005442475926,8.0
2306,399013,0.0003211398395218798,10.0
2306,160125,0.1062564023987823,9.0
3051,232063,0.9949411997536973,1.0
3051,591940,0.7293542812014191,2.0
3051,306144,0.48051996910465655,3.0
3051,318266,0.3170933033107764,4.0
3051,583956,0.3060484904187259,5.0
3051,73434,0.07281860850879245,10.0
3051,66246,0.2500705044847006,6.0
3051,110515,0.11758798520533972,9.0
3051,393953,0.13695795252029236,7.0
3051,387165,0.13438536032306705,8.0
2395,594182,0.9606665619845409,1.0
2395,149306,0.8149591648069183,2.0
2395,568526,0.5183198292850194,3.0
2395,308837,0.3153436797302035,5.0
2395,13732,0.41041745412132735,4.0
2395,307999,0.2429114192882544,6.0
2395,387010,0.11282590659734897,9.0
2395,414192,0.0006269744244160295,10.0
2395,13153,0.21297693266735562,7.0
2395,204176,0.14688107975065529,8.0
5134,17208,0.8214347399573889,1.0
5134,579557,0.6923462602177047,2.0
5134,536120,0.6167970128701727,3.0
5134,100485,0.5132096216682849,5.0
5134,172703,0.39378636796591987,6.0
5134,206727,0.5428737444457188,4.0
5134,122012,0.30534788138224395,7.0
5134,453542,0.2589363664875841,8.0
5134,328086,0.04032572102621299,9.0
5134,539263,0.02854692628180082,10.0
5343,204075,1.0,1.0
5343,296528,0.6541840822469788,4.0
5343,366597,0.6508752478002091,5.0
5343,581889,0.7017422701041502,2.0
5343,184175,0.7000889458927317,3.0
5343,367641,0.5548680327607892,6.0
5343,157553,0.2640354867179326,7.0
5343,405702,0.24422641516519414,8.0
5343,548433,0.15339148086250873,9.0
5343,17443,0.0,10.0
5254,471723,0.7229639837895211,1.0
5254,59714,0.44967778051032287,3.0
5254,402466,0.636765842800816,2.0
5254,383978,0.35109921107240305,4.0
5254,78675,0.21279948827358602,6.0
5254,14368,0.23987818034174652,5.0
5254,467390,0.10022918666696565,8.0
5254,327978,0.18544697440084013,7.0
5254,44601,0.07421609538584849,9.0
5254,297290,0.0,10.0
3049,582864,1.0,1.0
3049,352640,0.911788770376494,2.0
3049,77245,0.9090607979848093,3.0
3049,536849,0.31431608469996114,4.0
3049,220022,0.27091432460491854,6.0
3049,127974,0.2886374886362293,5.0
3049,132780,0.23446763561743883,8.0
3049,445052,0.24763098106604603,7.0
3049,263361,0.011249374690805487,10.0
3049,555732,0.1755067839516726,9.0
7509,61191,0.7868783344969733,1.0
7509,423034,0.3870520117639341,2.0
7509,472051,0.32925841759742736,6.0
7509,298128,0.35659523708403956,3.0
7509,461592,0.33092212274592303,5.0
7509,22221,0.34221582457969585,4.0
7509,480944,0.1040485005152616,9.0
7509,301580,0.09652892644669812,10.0
7509,323363,0.2865583528623387,8.0
7509,392826,0.29999999999999993,7.0
5067,328341,0.9746208057816738,1.0
5067,366830,0.816400223991592,2.0
5067,547301,0.8074454879909834,4.0
5067,539133,0.813938861325993,3.0
5067,231227,0.4833922665448748,5.0
5067,88124,0.4504727760587185,7.0
5067,172594,0.45552667259921925,6.0
5067,460357,0.17062262567860714,9.0
5067,18001,0.3401626458724546,8.0
5067,574327,0.08785890014216993,10.0
8456,257853,1.0,1.0
8456,115141,0.5387871331594869,2.0
8456,125659,0.4922271760158889,4.0
8456,486696,0.4852868000875957,6.0
8456,81924,0.3823215504518909,7.0
8456,159703,0.5137838991879297,3.0
8456,193398,0.48564179912308647,5.0
8456,431507,0.1748225294445745,8.0
8456,290156,0.10376774048343558,9.0
8456,367137,0.0,10.0
10734,62882,0.8552561661809438,1.0
10734,426278,0.8187680179164286,2.0
10734,461261,0.2888710509069672,5.0
10734,207354,0.3059637278905719,4.0
10734,467044,0.21055256469505504,6.0
10734,589970,0.4374277238708861,3.0
10734,549759,0.12841416806952755,7.0
10734,55064,0.11241912205295262,9.0
10734,58937,0.1204882315878853,8.0
10734,551934,0.0,10.0
5178,507544,0.8279935335903453,1.0
5178,257016,0.727111920150443,2.0
5178,572272,0.3972510763284936,3.0
5178,9656,0.21927596317961373,6.0
5178,76414,0.24411175630183948,5.0
5178,60355,0.06483808532965793,8.0
5178,437538,0.21357169118708846,7.0
5178,268553,0.27415205459726316,4.0
5178,579235,0.03627711211667561,9.0
5178,216384,0.0,10.0
9174,303025,0.9052647790949049,1.0
9174,404339,0.7451312163358621,2.0
9174,149306,0.5394316429284407,3.0
9174,313437,0.10909918263701841,10.0
9174,272008,0.3029475052123499,5.0
9174,374750,0.32394988940859637,4.0
9174,21194,0.132145391331221,9.0
9174,265098,0.17880312899232498,6.0
9174,479625,0.14676094506047158,7.0
9174,434812,0.1372978102197144,8.0
988,501384,1.0,1.0
988,280967,0.5903627493496325,2.0
988,301224,0.4325621317223034,3.0
988,187196,0.2078315579954265,7.0
988,45029,0.2254378654967663,5.0
988,287991,0.213258800607401,6.0
988,236899,0.10368245852807295,9.0
988,201495,0.2453528872343854,4.0
988,345199,0.15449505519199017,8.0
988,455398,0.025264678773322655,10.0
2154,476632,1.0,1.0
2154,132371,0.699296767849724,3.0
2154,153541,0.7658594902589031,2.0
2154,366761,0.3726657252405392,4.0
2154,62966,0.08280473702514302,9.0
2154,24890,0.26872414327785127,6.0
2154,147080,0.24166665235367737,7.0
2154,450808,0.27092271665263234,5.0
2154,150219,0.07046925901603823,10.0
2154,148757,0.10245134811886393,8.0
9646,272784,1.0,1.0
9646,236482,0.7430018212557459,2.0
9646,29306,0.6713752417568848,4.0
9646,556191,0.6798785910777667,3.0
9646,395437,0.1932724529442932,5.0
9646,96121,0.12195357851744663,7.0
9646,26203,0.1890900803453954,6.0
9646,257853,0.09214778437662707,8.0
9646,323768,0.01595507036036209,10.0
9646,535697,0.06998999466240975,9.0
3033,571430,1.0,1.0
3033,518624,0.6890169510281798,2.0
3033,318583,0.468173388232137,3.0
3033,123468,0.43994805073981447,4.0
3033,295980,0.22209037092781703,6.0
3033,481102,0.3421110385575685,5.0
3033,398622,0.14317608226412332,9.0
3033,570453,0.14448638988541831,7.0
3033,387010,0.14360448907871454,8.0
3033,62966,0.0,10.0
15,583956,0.7515248275282642,1.0
15,119213,0.6399025656103254,3.0
15,170294,0.44093559749021133,4.0
15,325273,0.6549866333149361,2.0
15,570155,0.41359000865665335,5.0
15,509723,0.34446157903974306,6.0
15,18509,0.22850840479044165,7.0
15,298159,0.08610014827446366,9.0
15,338313,0.07106988535530642,10.0
15,387165,0.10931882820304306,8.0
6612,274870,0.8507013157774314,2.0
6612,254454,0.9036575386635449,1.0
6612,216384,0.7982880317754915,3.0
6612,187739,0.7082323292862925,4.0
6612,366448,0.4644654218605754,5.0
6612,95778,0.22658205188216474,8.0
6612,205522,0.2602975209245499,6.0
6612,416796,0.2400286368314586,7.0
6612,159936,0.17582881078387125,9.0
6612,108302,0.0,10.0
5940,304743,0.9523088079036416,1.0
5940,326665,0.5398109987707391,3.0
5940,226303,0.4077998083620871,4.0
5940,438243,0.564463676601568,2.0
5940,428082,0.270785708192651,7.0
5940,433490,0.3374160768203841,5.0
5940,167684,0.3060735946371432,6.0
5940,16670,0.18241072756724036,8.0
5940,150650,0.08946520632183924,10.0
5940,546313,0.13841337708210208,9.0
9385,403755,1.0,1.0
9385,442127,0.8432638428174176,2.0
9385,1198,0.5907515745265516,3.0
9385,379667,0.41165060810952725,5.0
9385,341579,0.4671984853637775,4.0
9385,70853,0.30766578938978184,7.0
9385,57138,0.35521653581420976,6.0
9385,407654,0.08405254226155323,9.0
9385,208070,0.09403158783721136,8.0
9385,62151,0.030714471380403,10.0
9332,159577,0.932321084869919,1.0
9332,293687,0.6930014143566047,2.0
9332,271243,0.620604859814506,3.0
9332,212770,0.3860687051531495,5.0
9332,178521,0.519253704386264,4.0
9332,286074,0.1964424151633612,7.0
9332,271766,0.27130376948905655,6.0
9332,123418,0.19055239356842366,8.0
9332,236389,0.02002040859403381,10.0
9332,444107,0.06824698481341618,9.0
8275,435963,1.0,1.0
8275,26203,0.46048151335981835,3.0
8275,514500,0.3976686896791603,5.0
8275,294867,0.5150299922491485,2.0
8275,571306,0.4575811003738492,4.0
8275,114439,0.29156891982085303,7.0
8275,576564,0.3282918577497205,6.0
8275,99757,0.2026980201175213,9.0
8275,44601,0.10221745481442672,10.0
8275,554568,0.2543058051269511,8.0
4785,435021,0.7697484638180393,2.0
4785,37517,0.9615658079701306,1.0
4785,326991,0.22719207201089275,4.0
4785,85522,0.11708270548179517,7.0
4785,34789,0.16098866229968883,5.0
4785,564841,0.1527941233064582,6.0
4785,162456,0.24158159594659218,3.0
4785,69696,0.026801358498378513,10.0
4785,140170,0.09266454806250872,8.0
4785,385574,0.09153417151624717,9.0
4465,569461,0.9070991781830129,1.0
4465,561377,0.8004248826269829,3.0
4465,299242,0.8298238363616471,2.0
4465,349710,0.45923145960550565,6.0
4465,344041,0.5641571884326309,4.0
4465,109860,0.4784295563597818,5.0
4465,226303,0.4135477634553433,7.0
4465,170294,0.2529777113538294,9.0
4465,213591,0.12089814756294925,10.0
4465,461051,0.26001862073195364,8.0
7279,476834,1.0,1.0
7279,214542,0.5395888019907844,2.0
7279,412502,0.476872034818257,3.0
7279,50744,0.4352350355180943,4.0
7279,27081,0.33147221146096667,5.0
7279,322456,0.26471740565976043,6.0
7279,442489,0.16035994553561617,7.0
7279,19606,0.1465141964540516,8.0
7279,343489,0.0007062034720189343,10.0
7279,29790,0.07397489506553791,9.0
7431,281707,1.0,1.0
7431,372921,0.6421370902137851,2.0
7431,292991,0.30367150942800414,5.0
7431,501384,0.3394776199858983,4.0
7431,423403,0.4999190238896155,3.0
7431,44594,0.18477159142828628,6.0
7431,305287,0.13565495142980813,8.0
7431,114768,0.1331941192616919,9.0
7431,178303,0.10709467860675466,10.0
7431,257248,0.14373350644329558,7.0
2118,76515,0.9390018396857798,1.0
2118,338313,0.6501128171797841,3.0
2118,384322,0.7271072493278641,2.0
2118,467509,0.33296945866965716,6.0
2118,411061,0.5538853068613885,4.0
2118,191977,0.3871622934450627,5.0
2118,328556,0.10851921521580746,8.0
2118,528661,0.114421416390483,7.0
2118,361028,0.02999769011182303,10.0
2118,373271,0.06829953818937325,9.0
5380,549254,1.0,1.0
5380,216196,0.6112159562263321,2.0
5380,46099,0.1582829219589866,4.0
5380,360481,0.1562801971464285,5.0
5380,175771,0.0869000132832186,7.0
5380,242524,0.14298193622466443,6.0
5380,507284,0.20546355754705165,3.0
5380,416307,0.04840181674037099,9.0
5380,345895,0.0335395279542638,10.0
5380,336772,0.0828061320632494,8.0
3404,62966,0.9791845860525088,1.0
3404,322246,0.7132489961903246,2.0
3404,583635,0.4595846026299307,5.0
3404,272425,0.5809334832980864,3.0
3404,153541,0.5036483487074136,4.0
3404,251411,0.24780562462513697,8.0
3404,488574,0.43451013462391896,6.0
3404,241136,0.11536349039490762,10.0
3404,442110,0.21426368682516383,9.0
3404,298128,0.27281133965796245,7.0
6420,565568,1.0,1.0
6420,480315,0.6319295161082833,3.0
6420,294295,0.6562173462392094,2.0
6420,394244,0.4226015316841459,4.0
6420,69696,0.1913168134297237,8.0
6420,122432,0.22326936586785995,5.0
6420,269898,0.21355649618398265,6.0
6420,279897,0.1644025475771593,9.0
6420,442048,0.10760790307904586,10.0
6420,112714,0.21174444916202165,7.0
9961,21311,0.9661986501825353,1.0
9961,72402,0.6065459237887396,2.0
9961,335991,0.39284729527825174,4.0
9961,518379,0.5126946900637311,3.0
9961,174335,0.3838943743336044,5.0
9961,341493,0.2769349571797898,8.0
9961,17166,0.3072325617614673,7.0
9961,528522,0.3237995076090218,6.0
9961,565684,0.008487367888339512,10.0
9961,156358,0.11620371960473977,9.0
8079,125940,0.7032056415912561,2.0
8079,95278,0.8505599211117363,1.0
8079,187583,0.5606929382882971,3.0
8079,57138,0.545218292408424,4.0
8079,11184,0.36829076523381915,6.0
8079,108040,0.41313655348411393,5.0
8079,39478,0.2440807279355445,7.0
8079,224231,0.12410267205022199,8.0
8079,93971,0.005039772818310218,10.0
8079,1198,0.05974832470257488,9.0
