query_id,doc_id,score_hybrid,rank
3394,112208,0.9308585113328515,1.0
3394,172703,0.755469846567097,2.0
3394,87722,0.6686613566349657,3.0
3394,445971,0.6227901436784113,4.0
3394,345199,0.41925102478746934,5.0
3394,377429,0.31874613524249723,7.0
3394,387277,0.31974993563329107,6.0
3394,133093,0.276660942256922,8.0
3394,418150,0.04929206055493816,9.0
3394,539263,0.013436601385426766,10.0
5505,100387,1.0,1.0
5505,141738,0.4245734937027969,2.0
5505,278824,0.29752047374893703,3.0
5505,70488,0.2866573135214633,4.0
5505,349160,0.09527731083781449,6.0
5505,478457,0.07432539719428212,7.0
5505,200338,0.1163565598447972,5.0
5505,408327,0.05409412432568594,8.0
5505,442142,0.017254857122234044,9.0
5505,593085,0.0,10.0
6792,558617,1.0,1.0
6792,400841,0.31676986521901807,2.0
6792,29306,0.3082220404091631,3.0
6792,136825,0.2969166992069817,4.0
6792,259081,0.26197681012364654,5.0
6792,40447,0.18795190966761005,8.0
6792,480515,0.22109126542506882,6.0
6792,156467,0.21871812284821573,7.0
6792,545434,0.07683971770099927,9.0
6792,585447,0.062317066807298725,10.0
6909,452175,0.8751008087835739,1.0
6909,13260,0.6408776401664329,2.0
6909,435963,0.3903102916841962,3.0
6909,375019,0.38587308581758306,4.0
6909,266900,0.2500180472631087,5.0
6909,464502,0.10934621018709743,8.0
6909,214003,0.0602204659254162,10.0
6909,79357,0.2493330696785565,6.0
6909,535697,0.147712005552749,7.0
6909,330041,0.09441968840240433,9.0
4946,121690,1.0,1.0
4946,156816,0.34451338633316914,2.0
4946,79357,0.27417869569561354,3.0
4946,9938,0.21683012988211672,4.0
4946,350680,0.14674502663485306,6.0
4946,28119,0.13139080207597928,8.0
4946,343489,0.14497076898375394,7.0
4946,100485,0.1970349199272517,5.0
4946,88105,0.02615296917380863,9.0
4946,496935,0.02128089893823137,10.0
4125,283079,0.8183444578548984,1.0
4125,232199,0.7206898397452757,2.0
4125,363591,0.6910402163595323,3.0
4125,452987,0.5557757175395879,4.0
4125,571362,0.5136001599114626,5.0
4125,292769,0.2890209170673398,6.0
4125,340044,0.23675403519539195,7.0
4125,103593,0.03350671438908181,10.0
4125,276400,0.05857697559340983,8.0
4125,7632,0.04785854040305223,9.0
6009,62151,0.8777950590186702,1.0
6009,175831,0.7456726027192904,2.0
6009,303325,0.6778118493325429,3.0
6009,228983,0.6519471909315417,4.0
6009,158717,0.4246643662053548,5.0
6009,472585,0.08799591041792161,10.0
6009,178684,0.11327511580510884,7.0
6009,442048,0.20112104746995746,6.0
6009,125298,0.10118550268787321,8.0
6009,99857,0.1003550377306111,9.0
9598,528034,0.8519100079540396,1.0
9598,379311,0.47931585378403074,2.0
9598,322826,0.29042853034776067,4.0
9598,136270,0.22528474930255613,6.0
9598,574327,0.37425398293869205,3.0
9598,112208,0.20988204852699066,7.0
9598,17923,0.1668833698334496,8.0
9598,172703,0.1477850371175654,9.0
9598,297290,0.28963182196670373,5.0
9598,383978,0.003422221623616811,10.0
10645,22221,1.0,1.0
10645,340131,0.790984570200443,2.0
10645,441176,0.6243598545058835,3.0
10645,183349,0.4064314437420156,6.0
10645,102684,0.4316047121114236,5.0
10645,248799,0.4623633807189052,4.0
10645,317354,0.31723495552052383,7.0
10645,293679,0.2547390487733516,8.0
10645,415340,0.13087640052298116,9.0
10645,487791,0.0,10.0
7441,125659,0.8828952604634256,1.0
7441,192900,0.8010693395408488,4.0
7441,537418,0.8081321167938945,3.0
7441,231781,0.8134194772448726,2.0
7441,117576,0.5216956967055962,5.0
7441,404339,0.2495441647502541,6.0
7441,329662,0.18867886082817614,7.0
7441,504996,0.11941627796178289,8.0
7441,336018,0.10692478404618115,9.0
7441,180733,0.01917416257064626,10.0
5080,305901,0.8696601745997289,1.0
5080,553304,0.8109300641076979,2.0
5080,392434,0.6029984508276046,3.0
5080,514512,0.4973242576077258,5.0
5080,67063,0.5787923650905227,4.0
5080,488334,0.3557853256289008,6.0
5080,356928,0.32529569353316345,7.0
5080,271026,0.14672738023525017,8.0
5080,88912,0.12299731857037918,9.0
5080,167950,0.08304577548392077,10.0
9329,326991,1.0,1.0
9329,385574,0.25557411437723027,6.0
9329,340210,0.3024128954520924,2.0
9329,394924,0.2938915630487484,4.0
9329,265098,0.2959140076429757,3.0
9329,586018,0.2736637551486862,5.0
9329,179103,0.07993054869874508,8.0
9329,192900,0.1299572510779282,7.0
9329,209493,0.0783386201048695,9.0
9329,209065,0.0,10.0
6479,404339,1.0,1.0
6479,272008,0.63052205781964,2.0
6479,536120,0.3307709414704858,3.0
6479,9938,0.11777531001691736,7.0
6479,453839,0.1282709735809961,5.0
6479,104793,0.05354004307062972,9.0
6479,257656,0.15686631341167576,4.0
6479,491969,0.12260223674559793,6.0
6479,114439,0.04188530869623627,10.0
6479,340210,0.07964778703138277,8.0
8513,175821,1.0,1.0
8513,69790,0.8810122148250445,2.0
8513,167950,0.3390750897958727,3.0
8513,183612,0.20912565955630483,5.0
8513,449039,0.20135965110035015,6.0
8513,267113,0.2099949421551751,4.0
8513,167896,0.15080187984076623,8.0
8513,417840,0.17133058869357265,7.0
8513,232712,0.14703025575848933,9.0
8513,87667,0.08689542662618759,10.0
10109,93231,1.0,1.0
10109,28314,0.9034121216109776,2.0
10109,535317,0.4885363552711386,3.0
10109,395357,0.34565274483365627,4.0
10109,124630,0.16441438900119756,5.0
10109,244749,0.1449757603309328,7.0
10109,305467,0.15173430592162881,6.0
10109,116420,0.11122043677876635,9.0
10109,474384,0.13678365637901935,8.0
10109,105818,0.0,10.0
4844,275257,1.0,1.0
4844,367137,0.7395993141535048,2.0
4844,192193,0.6884769897131215,3.0
4844,111033,0.4069025028145451,4.0
4844,235522,0.2595911214384413,5.0
4844,549741,0.12082552814491107,7.0
4844,140088,0.16314319282029405,6.0
4844,386423,0.06842557986764393,9.0
4844,144177,0.08094358843789017,8.0
4844,409432,0.0,10.0
8544,214003,1.0,1.0
8544,37517,0.710936748354978,2.0
8544,336541,0.3751368121864981,3.0
8544,75437,0.2733045635021071,5.0
8544,13260,0.2851146514239464,4.0
8544,100103,0.2689135110469592,6.0
8544,416307,0.10695521731648382,8.0
8544,12432,0.07312764455430464,9.0
8544,561884,0.1333738299371482,7.0
8544,111768,0.017288067294755766,10.0
4823,561929,1.0,1.0
4823,362919,0.5592477956733906,2.0
4823,340131,0.320639126992889,5.0
4823,104726,0.4089758100985702,3.0
4823,11572,0.34595704207794,4.0
4823,7094,0.26990796629017744,6.0
4823,2860,0.13243170007770919,8.0
4823,459423,0.16322014789124048,7.0
4823,252716,0.12088435162506068,9.0
4823,271118,0.0,10.0
1085,366597,1.0,1.0
1085,405702,0.8609632176221201,2.0
1085,485195,0.5611751406352568,3.0
1085,374334,0.4155497830809957,4.0
1085,108302,0.19826037606649632,5.0
1085,581889,0.11677517462032636,8.0
1085,94586,0.04141699883173621,10.0
1085,184175,0.16305324178722563,7.0
1085,401125,0.1818405801540514,6.0
1085,315275,0.05858089292820031,9.0
2388,104988,1.0,1.0
2388,300287,0.39485560375613227,2.0
2388,13657,0.26073390534355956,3.0
2388,123733,0.19263876193743956,5.0
2388,459423,0.20087813139177868,4.0
2388,565698,0.14959083507951154,6.0
2388,423403,0.10486364027257523,8.0
2388,157702,0.12649446247855572,7.0
2388,141320,0.08376323302439889,9.0
2388,429978,0.0413802591924744,10.0
6891,474351,1.0,1.0
6891,492506,0.2067126662859312,2.0
6891,504497,0.05312762698149465,8.0
6891,558924,0.10729611903253594,4.0
6891,264095,0.08878878629724213,6.0
6891,381757,0.10882956320509476,3.0
6891,323363,0.10551350912035129,5.0
6891,579543,0.027492545123151697,9.0
6891,143425,0.05815562468256155,7.0
6891,73434,0.0,10.0
2568,346042,1.0,1.0
2568,164702,0.6841817812784912,2.0
2568,170141,0.5308240141523914,3.0
2568,13975,0.3668189285297053,4.0
2568,544654,0.2719223009152247,7.0
2568,130209,0.34631429158197985,6.0
2568,428150,0.2226457318950147,8.0
2568,269898,0.35989175334380485,5.0
2568,368802,0.14926362194946705,9.0
2568,213370,0.033685940485122724,10.0
7702,558924,0.9535782549826031,1.0
7702,133093,0.8568321032647721,2.0
7702,387277,0.7092152562472649,3.0
7702,592636,0.3459025776923192,4.0
7702,214542,0.273302080553817,5.0
7702,192193,0.2607913857332271,6.0
7702,108721,0.08179752219730235,8.0
7702,140088,0.1415235737668568,7.0
7702,367137,0.05975233416187785,9.0
7702,259317,0.0,10.0
2376,91545,0.9741419745054756,1.0
2376,402249,0.9219478568975703,2.0
2376,244961,0.7688163349456664,3.0
2376,114417,0.7260604996815789,4.0
2376,549833,0.668542020283535,5.0
2376,324411,0.555719747055342,6.0
2376,407455,0.47793482578645924,7.0
2376,64263,0.4723739471576888,8.0
2376,582521,0.27078341775333364,9.0
2376,44110,0.0,10.0
4339,386531,1.0,1.0
4339,488615,0.5608312735454694,2.0
4339,16392,0.2684005455868254,3.0
4339,242076,0.2134419738693673,6.0
4339,240645,0.19979315654238172,7.0
4339,473540,0.24809220032577173,4.0
4339,260328,0.22068877832591283,5.0
4339,455398,0.06769420715388155,9.0
4339,242294,0.07069492036233949,8.0
4339,103256,0.019582441052057642,10.0
5427,387854,0.8840096983940017,1.0
5427,580709,0.4516795934987399,2.0
5427,55666,0.4150028051593388,3.0
5427,200338,0.29008976806189224,6.0
5427,597467,0.37467967576448286,5.0
5427,142876,0.41241799133213863,4.0
5427,522358,0.23961181698817097,7.0
5427,273084,0.08067075310221677,9.0
5427,200603,0.20598047317639312,8.0
5427,549759,0.07415283522487842,10.0
7734,226070,1.0,1.0
7734,96013,0.5724657123261089,2.0
7734,87667,0.36359857360467207,3.0
7734,94591,0.28200146769257495,4.0
7734,10703,0.2613088957895802,5.0
7734,150544,0.13144100197616937,8.0
7734,421371,0.18273255060996021,6.0
7734,232712,0.13686210915110456,7.0
7734,247486,0.018725673543302984,10.0
7734,433905,0.11739504485353311,9.0
2486,487791,1.0,1.0
2486,58937,0.3808007114545524,2.0
2486,388575,0.21882388240021666,3.0
2486,101604,0.18607950806633478,6.0
2486,216327,0.138435991971602,7.0
2486,250702,0.19675748011745728,5.0
2486,357914,0.12233965722632767,8.0
2486,234436,0.20242573643237352,4.0
2486,518563,0.00810841604186526,10.0
2486,130021,0.10976959007190841,9.0
7071,238629,0.9178926487135872,1.0
7071,99857,0.45690809328177145,3.0
7071,178684,0.5664899269071388,2.0
7071,14543,0.38648126742726685,4.0
7071,588384,0.23792188758640895,5.0
7071,246221,0.19923387343919965,7.0
7071,403899,0.06702034121188778,10.0
7071,434812,0.2334677887086269,6.0
7071,319793,0.11663488283415194,8.0
7071,378173,0.0993529028533631,9.0
8537,511093,0.9828266799080327,1.0
8537,416307,0.7738389955057511,2.0
8537,572842,0.5758996706770553,3.0
8537,281707,0.46839975761586117,6.0
8537,374020,0.5626902712894516,4.0
8537,96467,0.5059497058429043,5.0
8537,557356,0.3988693606745999,8.0
8537,472516,0.43523281877596176,7.0
8537,472014,0.23232652448930438,9.0
8537,501384,0.02634949781358195,10.0
7178,70096,0.8644150696874202,1.0
7178,401329,0.559665560076609,2.0
7178,420851,0.25541999659587555,3.0
7178,518563,0.1504946815014898,4.0
7178,58851,0.06505262518838635,8.0
7178,474384,0.12482535135840062,5.0
7178,88892,0.057929254448608795,9.0
7178,193312,0.07606073071906111,7.0
7178,484055,0.0764249734306142,6.0
7178,554568,0.04844175180865021,10.0
4777,2860,0.9739742969455928,1.0
4777,409535,0.8406767256207581,2.0
4777,228983,0.4384555170035162,3.0
4777,429378,0.24660409337552425,6.0
4777,407455,0.24802939195046197,5.0
4777,167896,0.3786356583175662,4.0
4777,525231,0.17084693994030334,7.0
4777,570155,0.08740752829988084,8.0
4777,413041,0.04708152724793779,9.0
4777,164008,0.01085284272696778,10.0
2398,168922,0.8,2.0
2398,96538,0.8964126005245734,1.0
2398,443246,0.7891036628383559,3.0
2398,490443,0.4554151471222011,5.0
2398,527698,0.49977142899010285,4.0
2398,548465,0.40501861701889275,6.0
2398,107092,0.23343513969627233,7.0
2398,505959,0.16059951996516372,8.0
2398,403515,0.053519554055443765,10.0
2398,342212,0.12593864428936788,9.0
849,557186,1.0,1.0
849,528564,0.8085120923598053,3.0
849,232199,0.8290271377861809,2.0
849,183612,0.7801014642253079,4.0
849,234436,0.3478727552052964,5.0
849,366830,0.3327339038497903,6.0
849,24890,0.26205471345832165,7.0
849,327263,0.25168609570461664,8.0
849,454810,0.021183501345255335,10.0
849,273947,0.1439072933535277,9.0
7534,175821,1.0,1.0
7534,301224,0.5510879245142265,3.0
7534,498378,0.5518090124735737,2.0
7534,46099,0.2047884809519269,5.0
7534,147765,0.14203409202969525,6.0
7534,89714,0.21673528674962272,4.0
7534,51046,0.0817177687567642,7.0
7534,211839,0.013281260198284359,10.0
7534,255491,0.03587932046966039,9.0
7534,169062,0.05177103533062407,8.0
5021,226070,0.8661253916166969,1.0
5021,423034,0.7146156083445814,2.0
5021,588607,0.370595632505063,4.0
5021,79357,0.4030786292397307,3.0
5021,494939,0.3061462786420138,5.0
5021,3118,0.12466151409715368,7.0
5021,339640,0.18898096598189518,6.0
5021,289813,0.08472840017452159,8.0
5021,481308,0.07697182519638608,9.0
5021,136825,0.05440996529846102,10.0
6131,326094,0.9847698797799217,1.0
6131,334111,0.6678010500011166,2.0
6131,44223,0.4255469127072099,4.0
6131,258465,0.43823333588959257,3.0
6131,123733,0.24683290706782063,6.0
6131,368806,0.3385558194088357,5.0
6131,315275,0.15359107374468586,8.0
6131,470024,0.20203334323375166,7.0
6131,483441,0.10683395132397931,9.0
6131,169699,0.007051775157297542,10.0
10136,152316,0.9715596193506192,1.0
10136,32744,0.77698902494544,3.0
10136,290930,0.8535088805345119,2.0
10136,277179,0.4945050205805008,4.0
10136,18509,0.30808866593021994,5.0
10136,198349,0.23336910213728845,6.0
10136,302792,0.1305380184791622,8.0
10136,507284,0.14718297875263514,7.0
10136,280204,0.08977577205485288,9.0
10136,144177,0.014810365456322971,10.0
9548,423658,0.981901916086393,1.0
9548,523810,0.6334760700468952,3.0
9548,297290,0.6944915808683036,2.0
9548,231227,0.6301796991614403,4.0
9548,61022,0.3599109159924927,5.0
9548,72160,0.27302538573944435,6.0
9548,539263,0.2111869387754362,7.0
9548,32811,0.10257801919040803,8.0
9548,583203,0.06997577990606343,10.0
9548,482544,0.07354624462461246,9.0
4942,314898,1.0,1.0
4942,433490,0.6223101775591688,2.0
4942,295864,0.4666288829208208,4.0
4942,70853,0.5039840198977488,3.0
4942,420556,0.4185218746797331,5.0
4942,94689,0.34591386043400935,6.0
4942,486333,0.25720952453816315,7.0
4942,62966,0.16373021492176904,8.0
4942,55999,0.05168930565504816,9.0
4942,539263,0.003805523949196116,10.0
5090,572272,0.9008601864665468,1.0
5090,12988,0.8303493288118735,2.0
5090,270856,0.5408499396140095,3.0
5090,468777,0.38181595481937314,4.0
5090,507544,0.35918141284470373,5.0
5090,551423,0.31162341046934733,7.0
5090,149500,0.32860875049872446,6.0
5090,247721,0.20483449725325084,8.0
5090,169688,0.20123131073342143,9.0
5090,414534,0.09758874361915135,10.0
6005,149500,1.0,1.0
6005,507544,0.5774926668455661,2.0
6005,572272,0.4574968845945018,3.0
6005,551423,0.23340356851765928,4.0
6005,140947,0.07955088130608533,8.0
6005,30311,0.08651850074994377,7.0
6005,176498,0.16834620648333504,5.0
6005,414288,0.14181253331142013,6.0
6005,515060,0.04929667131390243,9.0
6005,377223,0.03426276233252349,10.0
7533,162668,1.0,1.0
7533,461084,0.7751973574263017,2.0
7533,438680,0.5453859560416864,3.0
7533,284411,0.44853083195631205,4.0
7533,167356,0.3403163863580258,6.0
7533,257016,0.32458036347723196,7.0
7533,201495,0.34226973311489917,5.0
7533,213435,0.21098222836142388,8.0
7533,167950,0.046574489081357896,9.0
7533,407654,0.003940373194368418,10.0
8034,284075,0.8,1.0
8034,327978,0.6275401921728518,2.0
8034,415340,0.5394445775708151,4.0
8034,307999,0.6140907949329315,3.0
8034,292991,0.30190792988680915,8.0
8034,198764,0.32639089385846587,6.0
8034,13153,0.33347359159344037,5.0
8034,22221,0.3160719473336665,7.0
8034,213435,0.09241570627232114,9.0
8034,579557,0.08476235034699442,10.0
2330,478514,1.0,1.0
2330,260014,0.23020101194985262,2.0
2330,370334,0.2046284207593524,3.0
2330,345895,0.09479829972357876,4.0
2330,156873,0.08437951942128374,5.0
2330,572272,0.03774009209060963,9.0
2330,488334,0.07170052742494681,6.0
2330,94586,0.04281394617841615,8.0
2330,167684,0.07146925371232185,7.0
2330,9656,0.0,10.0
7803,62151,1.0,1.0
7803,572205,0.4605123633837284,2.0
7803,327127,0.4228848475527951,4.0
7803,216065,0.4435698796057346,3.0
7803,214003,0.4042818187350068,5.0
7803,100103,0.1949963735935502,7.0
7803,336541,0.20481698984218324,6.0
7803,324037,0.08722940673891223,9.0
7803,583651,0.019142711010894764,10.0
7803,12432,0.12495675509744514,8.0
1933,183612,1.0,1.0
1933,446984,0.19917107798454142,2.0
1933,141738,0.10952684270287845,6.0
1933,352640,0.16047259914488063,3.0
1933,445298,0.15157043461367664,4.0
1933,413041,0.03958315685919192,10.0
1933,466718,0.13996617658096472,5.0
1933,234436,0.06760634748504499,9.0
1933,264554,0.08616677255957311,7.0
1933,134794,0.07795452017735024,8.0
6849,44601,1.0,1.0
6849,59714,0.6099306680512244,2.0
6849,78675,0.46954911000347765,3.0
6849,578427,0.28220259769558553,4.0
6849,172703,0.14916850334414347,6.0
6849,79998,0.12725022970204503,7.0
6849,112208,0.06301235026719432,8.0
6849,418150,0.1597346368309264,5.0
6849,328086,0.019400935094004635,9.0
6849,61962,0.0009736988536816742,10.0
7448,418150,1.0,1.0
7448,100485,0.15657025158007462,3.0
7448,273861,0.09990019673081604,6.0
7448,112208,0.17300506651836475,2.0
7448,377429,0.13224367270243254,4.0
7448,387277,0.10001038778104993,5.0
7448,307095,0.07408955719907456,8.0
7448,133093,0.03663338531324023,9.0
7448,44601,0.08294978932564893,7.0
7448,172703,0.0345813875084433,10.0
42,283079,0.9935507865343038,1.0
42,278824,0.7475833515172527,3.0
42,528564,0.7655662884365197,2.0
42,327002,0.37753194203681595,4.0
42,141738,0.2265408583656176,7.0
42,124630,0.18329992664233202,8.0
42,366830,0.28113300291788257,5.0
42,467509,0.12751580209885338,9.0
42,536849,0.2765771425750782,6.0
42,583956,0.10684246710256085,10.0
4102,125940,0.8318443624508286,1.0
4102,293320,0.7145595041940225,3.0
4102,572340,0.7052338730083989,4.0
4102,554734,0.7567438735317987,2.0
4102,275925,0.6126999844391069,5.0
4102,327978,0.6086307753860131,6.0
4102,326142,0.4401912091936112,7.0
4102,460457,0.24727243762484194,8.0
4102,356987,0.057595322450644595,10.0
4102,324779,0.08514716239160806,9.0
7269,474351,0.8587163127070493,1.0
7269,588607,0.6124280434869355,2.0
7269,72402,0.33765930898547675,3.0
7269,226070,0.1726215913850576,6.0
7269,301580,0.13574721791232375,8.0
7269,486696,0.26601702790089055,4.0
7269,386173,0.08854764592359725,10.0
7269,392894,0.24949296884840994,5.0
7269,129319,0.13761482947864714,7.0
7269,90294,0.105517557617347,9.0
10975,363591,0.8157064790493003,1.0
10975,17166,0.7841433551316237,2.0
10975,72160,0.4623964868256204,3.0
10975,545759,0.2879289315163167,5.0
10975,384564,0.26240249460683196,6.0
10975,482544,0.3717626335214598,4.0
10975,528522,0.1489634254742411,9.0
10975,61022,0.17275140345112946,8.0
10975,452870,0.23399026051387123,7.0
10975,341493,0.0720786347428318,10.0
715,93936,0.8118697253187436,1.0
715,232262,0.5553534521664876,2.0
715,377223,0.4363505194509222,3.0
715,590489,0.3845412867541429,4.0
715,560872,0.33852166547553775,5.0
715,127316,0.20732284011212757,7.0
715,273925,0.2634123873870529,6.0
715,524752,0.05970465533603432,9.0
715,212028,0.017377433280338573,10.0
715,167896,0.14041052391921524,8.0
4037,557186,0.9471985633107384,1.0
4037,408327,0.32464895286631384,2.0
4037,81483,0.1516636182918797,4.0
4037,264554,0.1507177252300607,5.0
4037,70488,0.09728828498122921,8.0
4037,73427,0.13845788959636424,6.0
4037,141738,0.06197248593947893,9.0
4037,327002,0.10295174899644377,7.0
4037,298099,0.20387732350183124,3.0
4037,278824,0.05027592915743031,10.0
4047,159836,0.8438221149701787,1.0
4047,538352,0.8105186816704354,2.0
4047,124230,0.5909590551136077,3.0
4047,457294,0.3879089331322863,5.0
4047,227423,0.46978682542820277,4.0
4047,488258,0.25055225696665656,7.0
4047,186453,0.26698889226191747,6.0
4047,560872,0.05237305738271326,9.0
4047,304477,0.015591342703032874,10.0
4047,472585,0.06967388737103986,8.0
8072,31465,1.0,1.0
8072,127452,0.7808485609438289,2.0
8072,164008,0.6409970412597832,3.0
8072,413041,0.5329843159535635,4.0
8072,394244,0.5272589627180925,5.0
8072,284235,0.5264025994014423,6.0
8072,494727,0.2919761065980989,8.0
8072,294867,0.29567411962152185,7.0
8072,316838,0.061619578843135396,9.0
8072,169062,0.055507655330371,10.0
5906,258465,0.8828427987041629,1.0
5906,409907,0.6129140295498783,2.0
5906,318520,0.5433150015131797,3.0
5906,470024,0.342330995427322,4.0
5906,289231,0.29173877713272306,6.0
5906,273528,0.32475656643227463,5.0
5906,326094,0.08433463060380252,9.0
5906,2460,0.11465204344830073,8.0
5906,394467,0.04487086911904673,10.0
5906,15172,0.15579759750251831,7.0
8378,178684,1.0,1.0
8378,246221,0.6982348177600906,2.0
8378,238629,0.6043082553644504,3.0
8378,434812,0.5628074036338743,4.0
8378,102237,0.5294718858694039,5.0
8378,43497,0.3218729125287681,6.0
8378,403025,0.09800798244274386,8.0
8378,382381,0.11814431843771865,7.0
8378,554568,0.07534453202780342,9.0
8378,597401,0.0,10.0
885,315275,0.8719191475673511,1.0
885,273528,0.4186265430617992,2.0
885,173929,0.375201712844926,4.0
885,394467,0.3796196514557589,3.0
885,485195,0.2889707082599983,6.0
885,326094,0.3284034247696953,5.0
885,483441,0.2152127715451001,8.0
885,258465,0.2616026864726744,7.0
885,399013,0.08202562510994518,10.0
885,246459,0.10033054859989694,9.0
2423,529444,0.976110679103107,1.0
2423,396127,0.9262164627621798,2.0
2423,89049,0.46240075781367307,3.0
2423,124027,0.3667101065572306,4.0
2423,461084,0.22133923027809277,7.0
2423,388646,0.23241270789096585,6.0
2423,553288,0.29070220305195865,5.0
2423,428150,0.19727164310707884,8.0
2423,370334,0.021673293055003966,9.0
2423,175232,0.0,10.0
4414,235522,0.9856164633700971,1.0
4414,367137,0.7765867444714833,2.0
4414,133093,0.43420697761546806,3.0
4414,144177,0.4262006223248238,4.0
4414,111033,0.37430192112876176,5.0
4414,275257,0.22230608082168046,7.0
4414,29073,0.3424090980200012,6.0
4414,140088,0.12268111940380402,9.0
4414,76776,0.014845698054158028,10.0
4414,577578,0.1471948360236651,8.0
1297,313909,0.8526610287806006,2.0
1297,171761,0.9877135083255661,1.0
1297,219758,0.7236325345974012,3.0
1297,289813,0.6521282173713326,4.0
1297,90712,0.606319673689675,5.0
1297,146021,0.5688810254623531,6.0
1297,370663,0.36585433621008406,7.0
1297,66246,0.043025012407160355,9.0
1297,545434,0.02577185324830726,10.0
1297,521712,0.048092474094956345,8.0
8512,32811,1.0,1.0
8512,61022,0.5573000050719832,2.0
8512,149696,0.4293178066021026,3.0
8512,320101,0.2739001090985897,5.0
8512,528522,0.302783663031755,4.0
8512,231227,0.16313996764442512,7.0
8512,461592,0.21784544763927402,6.0
8512,474384,0.09047265355807621,9.0
8512,214901,0.047986212682448154,10.0
8512,452870,0.10814046824277077,8.0
3822,290930,0.9106081330961545,1.0
3822,454157,0.5464576003108016,3.0
3822,586151,0.6166346771926738,2.0
3822,318583,0.37081266488260606,5.0
3822,592636,0.48912744159033017,4.0
3822,476834,0.367658397255301,6.0
3822,597880,0.2390127304461676,8.0
3822,309269,0.26656007130802717,7.0
3822,431814,0.11324320779705963,10.0
3822,369355,0.16505762646837127,9.0
859,32530,0.9752719051935798,1.0
859,326094,0.5137581515087968,2.0
859,171720,0.35484441054839144,3.0
859,377223,0.26205988449009554,4.0
859,310215,0.153928423202898,9.0
859,308837,0.16953485291955994,6.0
859,513258,0.07216595361810145,10.0
859,388201,0.16638780927774283,7.0
859,506374,0.15608989190699696,8.0
859,217683,0.1780985119674586,5.0
6668,457294,1.0,1.0
6668,93971,0.470655617252931,2.0
6668,301570,0.25838348218871526,4.0
6668,228403,0.3080883847344782,3.0
6668,159703,0.15843481558959693,5.0
6668,326991,0.08789688914875815,8.0
6668,526110,0.11846918555817745,6.0
6668,88892,0.08656063573341197,9.0
6668,241337,0.11167748900303644,7.0
6668,11988,0.03204735573024508,10.0
604,38711,0.9074439306653225,1.0
604,571430,0.8498913457855316,2.0
604,224869,0.3386009720254963,3.0
604,115553,0.2120693869618355,6.0
604,197222,0.23614791075239588,5.0
604,348353,0.27342685498549324,4.0
604,561377,0.19848015520902967,7.0
604,195191,0.05882161981394949,10.0
604,342307,0.10942928017364875,9.0
604,486333,0.1682302909738899,8.0
3177,539263,0.959230179161166,1.0
3177,172703,0.8837197404602214,2.0
3177,536120,0.7655174009601802,3.0
3177,377429,0.703592503787291,4.0
3177,480315,0.6754704966134422,5.0
3177,87722,0.4838765002416308,6.0
3177,17208,0.44338400268638223,7.0
3177,467575,0.2527100239796454,8.0
3177,328086,0.06736011083839424,9.0
3177,423658,0.030333894067747495,10.0
721,496225,1.0,1.0
721,51615,0.1691293612747711,4.0
721,298128,0.1896178061300407,3.0
721,568526,0.20798109846654958,2.0
721,251824,0.1099286585615687,5.0
721,196427,0.0470602438414282,9.0
721,597880,0.058121086205102694,8.0
721,150650,0.07090994801741964,7.0
721,447353,0.0747377922966864,6.0
721,358661,0.009461221354051115,10.0
7124,427726,0.8782623381938489,1.0
7124,242524,0.801413699690596,2.0
7124,62151,0.7362534929879535,3.0
7124,265314,0.5185332456057313,6.0
7124,226070,0.5243002907229385,5.0
7124,558617,0.5644056247103371,4.0
7124,433905,0.4678226678328682,7.0
7124,421371,0.29455108102209604,8.0
7124,96013,0.16801199704709247,9.0
7124,162668,0.0,10.0
4500,236482,0.8307068684724328,1.0
4500,533623,0.7051392485912015,2.0
4500,474234,0.47176440841565337,4.0
4500,166487,0.4760773184436565,3.0
4500,231781,0.41760590144677495,5.0
4500,80031,0.19658237290197164,8.0
4500,163048,0.30380381453152927,6.0
4500,62897,0.09636254675355789,9.0
4500,275929,0.2251399886200641,7.0
4500,81101,0.004203980623125049,10.0
603,64103,0.8904156672681949,1.0
603,399013,0.622712944998417,2.0
603,535651,0.41445869800176044,3.0
603,120090,0.37788770628984186,4.0
603,279897,0.2519670737929673,5.0
603,55022,0.2321672708955128,6.0
603,35736,0.22100085080334503,7.0
603,544486,0.06753839853064098,8.0
603,77503,0.04329526589254134,9.0
603,139047,0.01629988144827352,10.0
6647,462265,1.0,1.0
6647,13260,0.6570565422706885,2.0
6647,96013,0.586939925771971,3.0
6647,464533,0.2700231582966395,5.0
6647,562171,0.23259252559284718,7.0
6647,326233,0.2520993222262911,6.0
6647,209188,0.30446751865832633,4.0
6647,231068,0.20573193409747403,8.0
6647,391988,0.013056007641636818,10.0
6647,531990,0.018335829886498397,9.0
5369,258465,0.9627963624748093,1.0
5369,172128,0.7249831334537633,2.0
5369,184175,0.5410021871855417,3.0
5369,399013,0.37565339001647846,4.0
5369,173929,0.1918380429894879,8.0
5369,171339,0.30957199837301336,5.0
5369,414288,0.30517035374645557,6.0
5369,500946,0.19340426555308124,7.0
5369,70724,0.11635199079972755,9.0
5369,118280,0.013048480010370012,10.0
932,48722,0.989127005696087,1.0
932,387010,0.9004911405188744,2.0
932,442110,0.33108314268128725,3.0
932,292769,0.19656477123134117,5.0
932,593085,0.14585877454750423,7.0
932,23747,0.17108495406983862,6.0
932,418630,0.2660067902119752,4.0
932,281045,0.12867934986946702,8.0
932,196427,0.0394404954306713,10.0
932,571430,0.1161984575052801,9.0
9633,259081,0.938264745954075,1.0
9633,534418,0.8635426239531461,2.0
9633,481166,0.4400247750621057,3.0
9633,185909,0.3006531437249817,4.0
9633,552479,0.24051667985247743,5.0
9633,590578,0.18775160154891118,7.0
9633,484055,0.23177299295499473,6.0
9633,474351,0.17920863089124614,8.0
9633,363741,0.026761437084407737,9.0
9633,262441,0.020057923991731785,10.0
1676,394871,0.8757685288764496,1.0
1676,234436,0.8292669902114039,2.0
1676,77245,0.5377856200065685,4.0
1676,487791,0.5749348594715914,3.0
1676,58937,0.3941962691797226,6.0
1676,352640,0.40109368989208455,5.0
1676,279538,0.14005759632287546,7.0
1676,196920,0.046023046505711596,8.0
1676,555732,1.7741962200788567e-05,10.0
1676,136804,0.0019188453391002452,9.0
4804,222153,0.9182174798316922,1.0
4804,325892,0.3717151752775239,3.0
4804,255795,0.41667286084597194,2.0
4804,285255,0.3464088029219321,4.0
4804,45218,0.176582838846724,6.0
4804,162456,0.28172768741309,5.0
4804,143100,0.10876260925786449,8.0
4804,51583,0.05757477192332666,9.0
4804,116574,0.17047052476029276,7.0
4804,393132,0.04601710246197575,10.0
2747,445298,1.0,1.0
2747,431685,0.5385389106943446,2.0
2747,535705,0.5265916153975442,3.0
2747,583635,0.32944011553534436,4.0
2747,387010,0.2199322105926593,6.0
2747,571430,0.11386859254881847,9.0
2747,418630,0.25604287335105946,5.0
2747,279538,0.11923558362771108,8.0
2747,582864,0.1407055178582132,7.0
2747,123468,0.010411886580445513,10.0
8632,43497,1.0,1.0
8632,382381,0.5833087783503696,2.0
8632,344372,0.34561920011725494,3.0
8632,575741,0.19165984895578783,5.0
8632,458385,0.13703714250241628,7.0
8632,416307,0.14563067089608517,6.0
8632,102436,0.193713651107485,4.0
8632,223070,0.12886464266135705,8.0
8632,363043,0.040458698340910274,10.0
8632,186453,0.04188646007169686,9.0
4981,102684,0.9773176415728403,1.0
4981,45218,0.7195155016113374,2.0
4981,578585,0.27729543710161064,3.0
4981,341625,0.17149732905500983,4.0
4981,590710,0.07277972715787479,6.0
4981,264800,0.06985565217437192,7.0
4981,475541,0.037854326033106685,8.0
4981,212481,0.020356009202856868,10.0
4981,567362,0.1325893000864498,5.0
4981,319692,0.02938342238689191,9.0
6146,289231,0.8,1.0
6146,2460,0.6019406744164605,2.0
6146,470024,0.5349714322972153,4.0
6146,394467,0.4733107290531775,5.0
6146,160125,0.5763962334014789,3.0
6146,581889,0.4471474716335055,6.0
6146,326094,0.23530475754801322,7.0
6146,580709,0.07966119904008276,10.0
6146,273528,0.08257500683961284,9.0
6146,7403,0.18244362638865907,8.0
10674,328556,0.8745595351414093,1.0
10674,435963,0.6790674449848584,2.0
10674,89460,0.6469745615837921,3.0
10674,109860,0.24653638451854015,7.0
10674,88813,0.27271194973890633,5.0
10674,319793,0.27086940789483793,6.0
10674,99857,0.28353588910710376,4.0
10674,99757,0.06635718599032359,8.0
10674,431814,0.0569383793826554,9.0
10674,363043,0.0,10.0
3683,276975,0.9963644579356947,1.0
3683,105973,0.6806223392739452,2.0
3683,421538,0.3932821579605491,3.0
3683,522713,0.37186626696535735,4.0
3683,303977,0.11143864282319636,6.0
3683,178521,0.10989470996588721,7.0
3683,500460,0.1792577074221549,5.0
3683,116865,0.06175951245676954,8.0
3683,158717,0.029215683734777724,10.0
3683,349866,0.040350592042733294,9.0
928,394460,0.8848279166406907,2.0
928,349866,0.9008474027121683,1.0
928,400009,0.23314889396051244,4.0
928,573276,0.19647683551266093,5.0
928,490443,0.1596753269970842,6.0
928,305509,0.11852564243501222,7.0
928,11572,0.28067680267583317,3.0
928,253563,0.11440509923445207,9.0
928,422770,0.11727438944082466,8.0
928,409573,0.07714649546689985,10.0
5054,21311,0.8715467297437113,1.0
5054,485863,0.4344941384819811,2.0
5054,542521,0.42507594507479646,3.0
5054,144660,0.3033626998382505,5.0
5054,307113,0.2624078989663095,6.0
5054,305901,0.23265971974744237,7.0
5054,406457,0.38265452222069163,4.0
5054,366219,0.04173542504725665,10.0
5054,340131,0.21796603417290675,8.0
5054,15172,0.04241301256227161,9.0
6554,583203,1.0,1.0
6554,226967,0.3150804712361163,2.0
6554,377429,0.24840251056284057,3.0
6554,122012,0.24040450167686195,4.0
6554,403755,0.20768186998808275,5.0
6554,574327,0.18555727942406458,6.0
6554,275902,0.06996345760715499,9.0
6554,536120,0.0998116999122813,7.0
6554,480315,0.09290522790636417,8.0
6554,21103,0.014866366681139699,10.0
7377,579557,1.0,1.0
7377,6666,0.6319073634100377,2.0
7377,328086,0.4759330525849724,3.0
7377,345895,0.37558317258949275,5.0
7377,293679,0.4249209056610018,4.0
7377,81304,0.35634620412871537,6.0
7377,172703,0.28206922672426243,7.0
7377,17208,0.15966734812018119,8.0
7377,505027,0.061247140641129995,10.0
7377,453542,0.12572605607082635,9.0
1309,15824,0.9315027490478205,1.0
1309,438869,0.813622675844005,2.0
1309,279845,0.3925657802029501,3.0
1309,266319,0.3179840969057329,4.0
1309,110386,0.19241584534832706,7.0
1309,366594,0.2090357087849511,5.0
1309,443795,0.06731816046973146,9.0
1309,135415,0.1450586211102716,8.0
1309,16778,0.04364922720425139,10.0
1309,471630,0.19999999999999996,6.0
8351,273142,1.0,1.0
8351,469776,0.12520575412458704,4.0
8351,171720,0.11480358073866773,6.0
8351,213331,0.11718057095717471,5.0
8351,528132,0.13040125012143983,3.0
8351,191977,0.05285589508728594,8.0
8351,71873,0.1339799490753887,2.0
8351,405374,0.0206256847352427,9.0
8351,568526,0.06077782656303858,7.0
8351,304009,0.011623445891770542,10.0
6441,254279,1.0,1.0
6441,156029,0.44792421159030615,2.0
6441,28314,0.38902225585922057,3.0
6441,529993,0.20339952525346533,6.0
6441,87722,0.25036800366428597,4.0
6441,536120,0.18869535094867418,7.0
6441,593644,0.22802795677621898,5.0
6441,108721,0.08697426684678632,8.0
6441,174619,0.04116265164593611,10.0
6441,90712,0.04868135623437944,9.0
4837,426223,0.8493865874272946,1.0
4837,95778,0.7654732577926487,2.0
4837,565330,0.7075733079977815,4.0
4837,159936,0.7373208366329563,3.0
4837,187739,0.47109278708127184,5.0
4837,254454,0.3723697914923713,6.0
4837,167896,0.13993833561958122,9.0
4837,565698,0.1890241244495044,7.0
4837,275410,0.07053664219431734,10.0
4837,274870,0.18447855081953216,8.0
9871,553288,0.905167777966177,1.0
9871,76562,0.6838007219831697,2.0
9871,322771,0.4175884548447855,3.0
9871,240645,0.314012382695803,4.0
9871,547301,0.30985565713317365,5.0
9871,213755,0.1841777936293368,8.0
9871,488366,0.22534169343367802,7.0
9871,305907,0.2351649736744505,6.0
9871,172718,0.06502792491993473,9.0
9871,271832,0.028177204371469578,10.0
3067,423403,0.9907716679618427,1.0
3067,372921,0.7380963638103843,2.0
3067,578488,0.5572880461044598,3.0
3067,104726,0.548304826729523,4.0
3067,104788,0.17795930811108368,7.0
3067,582005,0.2158411667521385,5.0
3067,467135,0.18421127992522046,6.0
3067,318473,0.0553927807517433,9.0
3067,187739,0.10428177191860952,8.0
3067,167896,0.011633586057111586,10.0
5741,124219,0.9552054386444906,1.0
5741,328086,0.6232909797186332,2.0
5741,43781,0.4242641795636274,3.0
5741,259081,0.3707186531405139,4.0
5741,568200,0.24677795561144972,5.0
5741,107688,0.23019328358536784,6.0
5741,301224,0.1581626235364772,8.0
5741,329337,0.02620735381754274,9.0
5741,136825,0.17641233663318298,7.0
5741,437427,0.004302269588070725,10.0
3566,45029,0.9171793892919984,1.0
3566,195191,0.624190970115313,4.0
3566,149306,0.7418975270759558,2.0
3566,408123,0.6622709511373192,3.0
3566,152286,0.5285546027385829,5.0
3566,519390,0.3373991726494767,6.0
3566,65782,0.17252305994821243,8.0
3566,595211,0.10664883487817248,9.0
3566,317493,0.19802210792288982,7.0
3566,284075,0.07840304340535237,10.0
5862,562511,0.9747025684764643,1.0
5862,21194,0.6357664358302583,2.0
5862,273947,0.21163953252515746,6.0
5862,170141,0.289396479420045,3.0
5862,29790,0.14432211575869702,8.0
5862,253563,0.21206333088249305,5.0
5862,269898,0.22455962592284395,4.0
5862,346042,0.159935155870563,7.0
5862,258465,0.06296330309992625,9.0
5862,78176,0.0,10.0
8779,209730,0.9870078233226875,1.0
8779,180571,0.6226988266357647,2.0
8779,17166,0.4035930664720619,3.0
8779,213591,0.25438162367230716,4.0
8779,279538,0.2202939782596196,5.0
8779,72160,0.2178006315037848,6.0
8779,319954,0.14622086801758896,7.0
8779,452870,0.04022323627910328,9.0
8779,491964,0.05682277435760552,8.0
8779,214901,0.027171444667934225,10.0
4714,505057,0.9958563314082609,1.0
4714,584450,0.6885602068291248,2.0
4714,324833,0.3367284706694593,3.0
4714,184506,0.223453756660696,4.0
4714,295980,0.15513235940668318,5.0
4714,249450,0.13654677839692628,6.0
4714,118374,0.09669001388393986,7.0
4714,424585,0.043879603439599804,9.0
4714,473809,0.001645653204469879,10.0
4714,46211,0.08442780096712936,8.0
7311,125355,0.9068897401663991,1.0
7311,279897,0.1963966979354999,3.0
7311,183349,0.11828345448876382,6.0
7311,523279,0.08581886427006732,9.0
7311,33576,0.10818410892893884,7.0
7311,215154,0.125153335259509,5.0
7311,344267,0.23006418170806595,2.0
7311,238421,0.18298197742035974,4.0
7311,334696,0.10382978615695392,8.0
7311,100485,0.00148073914218239,10.0
109,73427,1.0,1.0
109,213331,0.1890831883563517,5.0
109,538023,0.262792087348157,2.0
109,461084,0.20305193840601143,4.0
109,563025,0.22670716251961803,3.0
109,406457,0.09697760462737581,7.0
109,342212,0.07977233081593614,9.0
109,535705,0.09467258445161847,8.0
109,547301,0.12646302588627228,6.0
109,18509,0.018594206288159318,10.0
570,21311,0.9740148744106802,1.0
570,103593,0.7705164128878779,2.0
570,232199,0.6649801467730929,3.0
570,341493,0.43607770073293817,4.0
570,565684,0.2925305243828804,6.0
570,156358,0.302905234828469,5.0
570,79888,0.14354274439822762,10.0
570,335991,0.23753245814815604,7.0
570,349384,0.14908567897859895,9.0
570,17166,0.16091598783078534,8.0
6959,301570,0.8749564767075463,1.0
6959,69790,0.719488294527874,2.0
6959,293767,0.5364333122316556,3.0
6959,482415,0.41380356188470935,4.0
6959,330041,0.30564165639452756,5.0
6959,88813,0.27037466804518906,6.0
6959,427726,0.21353791000221023,7.0
6959,266480,0.08323597547695227,10.0
6959,431814,0.2060620935462154,8.0
6959,231781,0.11786199285569772,9.0
90,56718,0.9624253565290706,1.0
90,150219,0.6230178133469486,3.0
90,31793,0.6763293574565643,2.0
90,385073,0.5131124961064062,4.0
90,234436,0.36719938469480407,5.0
90,153541,0.2735356411637753,6.0
90,172594,0.16579369338680394,7.0
90,366830,0.10517670358057203,9.0
90,34731,0.10717021357184751,8.0
90,314898,0.0,10.0
5064,2003,1.0,1.0
5064,455614,0.7998344912205174,2.0
5064,135514,0.5709181662057392,3.0
5064,192811,0.5075169592450084,4.0
5064,551423,0.3534417425074129,5.0
5064,414288,0.24953739153910048,6.0
5064,377223,0.2445377808377221,7.0
5064,393278,0.11354471638942522,9.0
5064,524888,0.021319848196537126,10.0
5064,176498,0.14816141815326114,8.0
4103,307380,1.0,1.0
4103,29073,0.9397090741473906,2.0
4103,577578,0.6730922804241823,3.0
4103,482415,0.5310530892258345,4.0
4103,175265,0.3386006370294729,5.0
4103,370879,0.25282296193877496,6.0
4103,163590,0.10544427761811943,8.0
4103,133093,0.10026946079795383,9.0
4103,169921,0.03849626878749702,10.0
4103,192193,0.11496404700807465,7.0
1198,56718,1.0,1.0
1198,232199,0.16982150424006567,2.0
1198,175272,0.16401357593677834,3.0
1198,103593,0.08300470402292864,5.0
1198,366761,0.13600919553062965,4.0
1198,105872,0.07775009187669446,6.0
1198,467390,0.0532778037095893,9.0
1198,352120,0.05516947865297533,8.0
1198,58937,0.07734117197339888,7.0
1198,434769,0.021638074490010064,10.0
4539,32744,0.971976966218485,1.0
4539,61792,0.7253517011682031,2.0
4539,275925,0.415680892539966,3.0
4539,61346,0.3042160375445553,5.0
4539,370879,0.3341200999309215,4.0
4539,426461,0.27392186857072853,6.0
4539,235522,0.257796251384969,7.0
4539,440270,0.243430204525465,8.0
4539,83330,0.24173830921482822,9.0
4539,572272,0.0,10.0
9391,248158,0.9723093445568498,1.0
9391,136270,0.7752292451007776,3.0
9391,108859,0.7660671716961578,4.0
9391,136515,0.7846759134133584,2.0
9391,142631,0.5886382689006908,5.0
9391,301580,0.42630683399866975,6.0
9391,127263,0.2210437308934817,7.0
9391,105973,0.050821117203666694,10.0
9391,429579,0.13519182780830596,8.0
9391,163590,0.05378417637670937,9.0
4600,577578,0.9394595612455948,1.0
4600,61792,0.3356713907155971,3.0
4600,482415,0.44665855647602803,2.0
4600,257633,0.2862133197632211,4.0
4600,133093,0.2156868639473503,5.0
4600,76515,0.10985190125036694,7.0
4600,367137,0.20315375938364913,6.0
4600,214542,0.08281199976321195,9.0
4600,34925,0.09196778707234991,8.0
4600,275257,0.06210413760962993,10.0
3735,125659,0.9066483646369968,1.0
3735,93231,0.8291318409469061,2.0
3735,537418,0.8055770871958297,3.0
3735,330041,0.5083447907785803,4.0
3735,344065,0.40954019172889944,6.0
3735,511093,0.31499302678509183,7.0
3735,32290,0.46866448452644965,5.0
3735,504996,0.2632450616930525,8.0
3735,266900,0.1794491809047437,9.0
3735,40447,0.0,10.0
5422,483299,0.9109584131627045,1.0
5422,108,0.6936833344775115,2.0
5422,55022,0.5425973924676686,4.0
5422,528034,0.6027531279522482,3.0
5422,81304,0.44851745036886714,5.0
5422,259081,0.42076107073147395,6.0
5422,579235,0.2583681538500549,7.0
5422,136270,0.16465182928910138,9.0
5422,22221,0.08889480191608731,10.0
5422,124219,0.19637752390366142,8.0
744,573276,0.9647229881974462,1.0
744,138845,0.5481172340097042,2.0
744,409573,0.5370475034334732,3.0
744,171339,0.3741205226865689,5.0
744,289231,0.4242836715508973,4.0
744,273528,0.23262932871514946,6.0
744,172305,0.14196551628217538,8.0
744,350819,0.15521722055708426,7.0
744,120852,0.12903989624643697,9.0
744,118280,0.09126909096497082,10.0
515,372909,1.0,1.0
515,328341,0.7833528619534189,2.0
515,431685,0.566998006816627,3.0
515,352838,0.4433643619547881,4.0
515,231614,0.29028372154221804,5.0
515,195081,0.1715309545753244,6.0
515,98112,0.06646817388047993,8.0
515,60443,0.03406276301136336,9.0
515,123733,0.016059522589234,10.0
515,360011,0.08248449077274256,7.0
2443,331253,0.8494607876789093,1.0
2443,44609,0.741967895021818,2.0
2443,305579,0.530894231784098,3.0
2443,306800,0.48815551268675356,4.0
2443,446647,0.393706846699594,5.0
2443,313437,0.21033160731056585,7.0
2443,426216,0.31993904889515845,6.0
2443,208051,0.14832282859241744,9.0
2443,305907,0.18643457503481303,8.0
2443,510130,0.0,10.0
4265,157553,1.0,1.0
4265,392163,0.4515892707493517,2.0
4265,584273,0.3321162747159073,3.0
4265,149974,0.29429769623177326,4.0
4265,523158,0.07165591487915866,9.0
4265,140947,0.20232198317207828,5.0
4265,386229,0.05702541194980892,10.0
4265,575729,0.07972809354592356,8.0
4265,93881,0.19039781835788777,6.0
4265,577517,0.10752805159728053,7.0
4865,223032,0.8327657067107568,2.0
4865,370569,0.9749272609154664,1.0
4865,251824,0.5044990432963831,3.0
4865,435963,0.4879795763087338,4.0
4865,508821,0.395012261245927,6.0
4865,481166,0.41415569977192374,5.0
4865,305117,0.24065148235058503,7.0
4865,110515,0.13004279674876917,8.0
4865,565698,0.03380238080802219,10.0
4865,585738,0.038914531469035334,9.0
2968,187196,0.8905008784063283,2.0
2968,388646,0.8975052917115336,1.0
2968,242124,0.6619091123959506,3.0
2968,176498,0.235553462947055,5.0
2968,198371,0.2740741717008517,4.0
2968,583640,0.07625823631314539,7.0
2968,280967,0.053547569584493755,8.0
2968,287991,0.09158111875916827,6.0
2968,455398,0.03137456050067861,10.0
2968,329757,0.033686196259784994,9.0
7221,305117,0.8992452150808403,1.0
7221,473809,0.895591540830545,2.0
7221,481166,0.6051874933404464,3.0
7221,71873,0.5074620518479516,4.0
7221,537418,0.28706054762697847,5.0
7221,307315,0.09082944642797282,9.0
7221,81542,0.12510711724163398,8.0
7221,452175,0.12667208080439285,7.0
7221,570664,0.05743865590332297,10.0
7221,77652,0.19999999999999996,6.0
2407,2064,0.9376381460362306,1.0
2407,78176,0.45384856123595846,2.0
2407,173929,0.4182965646532828,4.0
2407,516444,0.42519479944562466,3.0
2407,255491,0.1935196265613544,6.0
2407,273528,0.2613677832403052,5.0
2407,514425,0.12855575262889885,8.0
2407,367641,0.07407592572888251,9.0
2407,566480,0.13897144578874762,7.0
2407,63678,0.0,10.0
3039,136804,1.0,1.0
3039,467390,0.75533830793492,2.0
3039,147080,0.5089279601592898,3.0
3039,387010,0.2890673152782468,4.0
3039,442110,0.2368041908179076,5.0
3039,483274,0.0759773241990064,9.0
3039,510409,0.13851906775821385,6.0
3039,106501,0.06871016694615381,10.0
3039,4947,0.08256610275578459,8.0
3039,398622,0.1275220999354696,7.0
1748,18001,1.0,1.0
1748,528564,0.5651284095176137,2.0
1748,418135,0.408221300887978,3.0
1748,462892,0.3859897111745757,4.0
1748,298427,0.34701387745933177,5.0
1748,429378,0.19166204686238983,6.0
1748,223206,0.16415032154874462,7.0
1748,517372,0.11605714998489765,8.0
1748,171780,0.03450863549363849,10.0
1748,124027,0.09702954669471905,9.0
10547,404339,1.0,1.0
10547,536120,0.4398572453462252,3.0
10547,272008,0.46275947443468446,2.0
10547,4666,0.139101526064476,6.0
10547,597351,0.19417018853228635,4.0
10547,112714,0.18475609128870601,5.0
10547,32290,0.10525054380973273,7.0
10547,23609,0.10209630172900862,8.0
10547,392037,0.019761311277552547,10.0
10547,491969,0.07563386207632064,9.0
10596,164008,0.9392319707665103,1.0
10596,284235,0.7722548446240678,3.0
10596,208070,0.8145563061778265,2.0
10596,413041,0.6989909960117638,4.0
10596,316838,0.659706435906126,5.0
10596,494727,0.24358949416537246,6.0
10596,394244,0.21729130756507353,7.0
10596,127452,0.13604591226691093,8.0
10596,69197,0.13404990116971283,9.0
10596,169062,0.0,10.0
5061,352838,0.9039298644392576,1.0
5061,242124,0.7618162619034493,2.0
5061,329757,0.673477465327026,3.0
5061,447353,0.5283407885730009,4.0
5061,149974,0.48000848071514624,5.0
5061,380863,0.42244572833071287,7.0
5061,261189,0.44013084358486776,6.0
5061,46755,0.30305781049792524,8.0
5061,158845,0.10917071510558185,9.0
5061,287991,0.10369805147653928,10.0
853,510373,0.9162000027834649,2.0
853,510409,0.9471159898498868,1.0
853,314984,0.8099308021343632,3.0
853,106501,0.6848134942478756,4.0
853,263361,0.3233635121493701,5.0
853,131996,0.13609742197737434,9.0
853,72402,0.15906617284286284,8.0
853,150219,0.16037886163205128,7.0
853,582864,0.21462510741762117,6.0
853,303929,0.021165798827804446,10.0
6803,544053,1.0,1.0
6803,193012,0.6660847059731974,2.0
6803,42620,0.37064497694384946,3.0
6803,316045,0.1042040279743662,6.0
6803,271243,0.08651258677269298,7.0
6803,10703,0.15804405955279457,5.0
6803,142726,0.16209628376120175,4.0
6803,78675,0.059283711216350884,9.0
6803,60355,0.0801322693571993,8.0
6803,272784,0.0,10.0
6644,187497,1.0,1.0
6644,572842,0.7110743881660903,3.0
6644,308837,0.7330955455589818,2.0
6644,426216,0.6277633778571349,5.0
6644,578954,0.634242382642501,4.0
6644,305907,0.4722898481352936,6.0
6644,293687,0.3972548141217911,7.0
6644,373271,0.386526292344606,8.0
6644,31793,0.15788649192002016,9.0
6644,238421,0.0068414039054092825,10.0
699,107092,1.0,1.0
699,169688,0.7569845854691493,2.0
699,68357,0.49703017841121394,3.0
699,446679,0.49279603318017573,4.0
699,385658,0.08939695552527378,7.0
699,472924,0.14189311433784454,6.0
699,521010,0.1456226826808189,5.0
699,586920,0.034512442493238274,9.0
699,414598,0.0098966371765861,10.0
699,96538,0.07378232634774316,8.0
549,214024,1.0,1.0
549,67167,0.6985133482581409,2.0
549,446647,0.4786104137106441,4.0
549,546020,0.5258508226314439,3.0
549,73427,0.37676725338362166,5.0
549,547301,0.2386718478897391,6.0
549,563025,0.19377681635789262,7.0
549,397449,0.04038859211104904,10.0
549,449630,0.13550520947525144,9.0
549,443795,0.17995504950076088,8.0
904,415514,1.0,1.0
904,85229,0.7978365258973801,2.0
904,433905,0.45547273114645787,3.0
904,120852,0.416919391200252,4.0
904,101369,0.17801733022591648,5.0
904,359579,0.1112426078525996,8.0
904,169824,0.11360859085653041,7.0
904,320579,0.11815469994621172,6.0
904,75235,0.010568224941706273,10.0
904,29360,0.012761629347842782,9.0
2590,583635,0.8807013065523962,1.0
2590,296528,0.4637683498544993,2.0
2590,55999,0.36401886166459674,3.0
2590,307095,0.18045298211244853,5.0
2590,209493,0.2461202079537929,4.0
2590,106424,0.07224568684631409,9.0
2590,471964,0.12472999142573607,6.0
2590,387010,0.02354704417336725,10.0
2590,26203,0.0945331400560573,7.0
2590,454222,0.07814022350937848,8.0
1451,538005,1.0,1.0
1451,559482,0.414313849323389,4.0
1451,98112,0.5475187997695815,2.0
1451,377571,0.4747702688214846,3.0
1451,313437,0.3232834771003004,5.0
1451,94689,0.3187299422410973,6.0
1451,433809,0.1826149794346602,7.0
1451,522481,0.10294187014977786,10.0
1451,51729,0.13843112320889672,9.0
1451,440910,0.13987243972651378,8.0
5790,469776,0.9934391680680674,1.0
5790,97348,0.7410594380670534,2.0
5790,101369,0.5357114137507449,3.0
5790,363810,0.44234821179619205,5.0
5790,141738,0.5242609673487251,4.0
5790,241136,0.228663315537926,6.0
5790,305287,0.1004101487955785,9.0
5790,277353,0.10561493942222867,8.0
5790,149305,0.014850902184196768,10.0
5790,75235,0.1220978056287551,7.0
7295,435125,0.8980881744822676,1.0
7295,403755,0.2778798852986969,2.0
7295,93971,0.228230653717778,5.0
7295,193398,0.17693929056189686,7.0
7295,39478,0.2507220938990563,3.0
7295,513258,0.21985527102771932,6.0
7295,456470,0.13968094999696737,8.0
7295,115553,0.22977178773075083,4.0
7295,3118,0.078272312401249,9.0
7295,102436,0.0464429071184455,10.0
5083,142876,1.0,1.0
5083,13975,0.5859474324916675,2.0
5083,368802,0.4977827659227382,3.0
5083,433197,0.09098563979403505,4.0
5083,333184,0.053737280833231135,7.0
5083,21103,0.018123686056608523,9.0
5083,579473,0.028958123370932842,8.0
5083,305360,0.0,10.0
5083,20958,0.06184462344238495,6.0
5083,19183,0.08066789422698133,5.0
7936,363043,0.9942920255822731,1.0
7936,336541,0.925500195806942,2.0
7936,293767,0.6419108003299758,3.0
7936,320101,0.5856949766849148,4.0
7936,43087,0.493718661103455,6.0
7936,561884,0.5089413814868762,5.0
7936,416307,0.3630615330098727,7.0
7936,187404,0.23093007932080806,8.0
7936,127585,0.1407165764803302,9.0
7936,214003,0.04837264170900339,10.0
8296,78675,1.0,1.0
8296,79998,0.6216892384285002,2.0
8296,146315,0.11065343246491735,3.0
8296,180571,0.06681940132023079,6.0
8296,26203,0.10497754878645466,5.0
8296,371720,0.10508737788886335,4.0
8296,61962,0.059834073906792025,7.0
8296,392037,0.041533143953545265,9.0
8296,99757,0.05017014042378594,8.0
8296,3118,0.039742876435491015,10.0
475,431685,0.9508439412474463,1.0
475,88124,0.7774825453638722,2.0
475,366761,0.616360515968111,3.0
475,232199,0.3473222334571608,4.0
475,60637,0.051024269471356035,9.0
475,328341,0.1475502530823637,6.0
475,352640,0.15128729510686548,5.0
475,232563,0.11557966917355098,7.0
475,433,0.028310542125783624,10.0
475,372909,0.0965062003334661,8.0
3759,384631,0.8,1.0
3759,152250,0.3744917522479352,3.0
3759,105634,0.41339582254350155,2.0
3759,414188,0.2844988882291474,4.0
3759,101369,0.2648543805564079,5.0
3759,445794,0.19233614270878469,6.0
3759,405217,0.18640378315114736,7.0
3759,264800,0.0870040703003846,10.0
3759,130877,0.11315118064644077,9.0
3759,146181,0.1486353225699395,8.0
4615,596196,0.9688103206565003,2.0
4615,425595,0.9730936523716376,1.0
4615,69523,0.7846380939735601,3.0
4615,496427,0.6974191641459083,4.0
4615,261900,0.6826969418488739,5.0
4615,226060,0.564526108209013,6.0
4615,421365,0.5133694587271631,7.0
4615,19179,0.36587002623735676,8.0
4615,341493,0.019227659577018066,9.0
4615,15891,0.0,10.0
8874,403025,1.0,1.0
8874,251704,0.4088607960353431,2.0
8874,527231,0.2877642929487304,3.0
8874,66631,0.16284011467146228,4.0
8874,357685,0.05614486600492057,8.0
8874,370569,0.07919293716051072,6.0
8874,556976,0.04802325299484857,9.0
8874,349160,0.04479149785295676,10.0
8874,319793,0.1585347800892085,5.0
8874,571362,0.05777142867564828,7.0
26,399013,0.9638206357142508,1.0
26,528132,0.44213811530363717,3.0
26,409611,0.4011394940801251,4.0
26,565330,0.3104939190204937,6.0
26,563025,0.4737534275924699,2.0
26,2064,0.38537367601507766,5.0
26,401254,0.20526167639352041,7.0
26,452544,0.07894985498918158,9.0
26,367641,0.14608688994581687,8.0
26,71898,0.02686914712771321,10.0
3875,249859,1.0,1.0
3875,136315,0.6623767114485275,2.0
3875,442110,0.4338142202467964,3.0
3875,571258,0.3796743702532117,4.0
3875,158185,0.30238078294037213,6.0
3875,426570,0.30397111941898813,5.0
3875,76515,0.1470166082632357,7.0
3875,143100,0.07609360821586054,8.0
3875,518406,0.05768040272371236,9.0
3875,414288,0.0,10.0
6835,159703,0.8526344693563304,1.0
6835,246221,0.5797382275834588,3.0
6835,149305,0.6319944526732536,2.0
6835,195767,0.5326141760235708,4.0
6835,403755,0.22363739963805832,5.0
6835,592636,0.21950863655476108,6.0
6835,108721,0.1650268005787539,7.0
6835,238629,0.10243957368521694,8.0
6835,196427,0.06524563146858837,9.0
6835,467575,0.0,10.0
4433,301580,0.8554393160964041,1.0
4433,172703,0.6464434384846338,2.0
4433,539263,0.5642275674559882,3.0
4433,297290,0.5612404880165561,4.0
4433,21311,0.30600151504407175,5.0
4433,379311,0.28978217063266287,6.0
4433,453542,0.16353789778903086,8.0
4433,451855,0.08706853936478456,9.0
4433,146181,0.2345492374844484,7.0
4433,536120,0.0,10.0
5374,115553,0.8418150166933719,2.0
5374,92267,0.9568569370762102,1.0
5374,251704,0.28418316241884845,5.0
5374,44601,0.3106592466436555,4.0
5374,60175,0.3138283910255547,3.0
5374,294295,0.06747330690564866,10.0
5374,99857,0.22877263474426984,6.0
5374,537418,0.1993859247908022,7.0
5374,576564,0.18133640401634468,8.0
5374,186453,0.1618145041536686,9.0
6221,529551,0.9462542308717407,1.0
6221,551423,0.8902470151609682,2.0
6221,240261,0.5001919001055087,3.0
6221,128698,0.41543958137677717,4.0
6221,270856,0.3773460914713086,5.0
6221,66901,0.12902497306559949,9.0
6221,578488,0.19514347766185883,8.0
6221,384626,0.23638390991940916,6.0
6221,405352,0.2107391835424757,7.0
6221,494753,0.12042724833219422,10.0
672,593283,0.9839324018928249,1.0
672,563025,0.7906253510308987,2.0
672,213370,0.6345366065632383,4.0
672,40966,0.6350325821770993,3.0
672,273947,0.6258202401431163,5.0
672,15824,0.5817416424448588,6.0
672,67167,0.31573974993009524,7.0
672,170141,0.11544874514720388,9.0
672,201800,0.039191315743375726,10.0
672,494689,0.1504592814955473,8.0
2593,231614,0.9958699705433547,1.0
2593,169688,0.24643963854994444,4.0
2593,147343,0.3631257750224431,2.0
2593,73427,0.11271325113416393,10.0
2593,528132,0.24859834389243834,3.0
2593,399013,0.22227654345049347,5.0
2593,387573,0.17437460480323705,7.0
2593,449630,0.20050360558207997,6.0
2593,394460,0.1617417400032161,8.0
2593,171339,0.11285834564357063,9.0
4019,287991,0.9760979598349668,1.0
4019,553288,0.9444448600984048,2.0
4019,332749,0.7835415866548873,3.0
4019,94423,0.18272123442029264,7.0
4019,561056,0.276859993814029,4.0
4019,448699,0.19931474165598795,6.0
4019,377223,0.26654430792477013,5.0
4019,126134,0.05427909624201343,10.0
4019,1164,0.07454254006523134,9.0
4019,468879,0.13946210082821198,8.0
7205,370569,0.9062246586369869,1.0
7205,159966,0.8147509100346819,2.0
7205,186453,0.3378634017835907,3.0
7205,100103,0.30102613502039355,4.0
7205,62151,0.2561848977897156,6.0
7205,565926,0.2664591436147094,5.0
7205,336541,0.08037258896940441,8.0
7205,442048,0.0893508498281439,7.0
7205,558370,0.023646869783303603,10.0
7205,12432,0.07116680663250372,9.0
6611,329425,0.8853844002670936,2.0
6611,293679,0.994117518301722,1.0
6611,142631,0.46141701087548415,3.0
6611,39819,0.19306954886090127,6.0
6611,81304,0.28140198775940334,5.0
6611,198764,0.31143986319954703,4.0
6611,297290,0.155117020967177,7.0
6611,17208,0.10363094397084327,8.0
6611,112208,0.05427820991843507,9.0
6611,345533,0.005439023515396776,10.0
7911,131996,1.0,1.0
7911,57711,0.8004790439286831,2.0
7911,553304,0.21821705872355235,4.0
7911,69197,0.23008767067096442,3.0
7911,386173,0.11828786704993162,7.0
7911,506617,0.18762533250241997,5.0
7911,597401,0.12698725735989072,6.0
7911,543714,0.06712239313089088,9.0
7911,116647,0.056247228233212605,10.0
7911,385574,0.08193534202269247,8.0
7463,577951,1.0,1.0
7463,387277,0.7982837222583345,2.0
7463,176498,0.6806598881898299,3.0
7463,423403,0.5206993647991349,4.0
7463,565698,0.32970198530760275,5.0
7463,328086,0.12067189192170853,8.0
7463,350145,0.10294660878781892,9.0
7463,216384,0.1617866998764194,6.0
7463,188015,0.13593275289307116,7.0
7463,528034,0.03360186183733738,10.0
4999,9938,1.0,1.0
4999,305117,0.40676953504973423,2.0
4999,46211,0.35157130711143225,3.0
4999,350680,0.22449393657474476,4.0
4999,216327,0.14585189672218896,6.0
4999,411061,0.1596295231024919,5.0
4999,406185,0.1273933198793463,7.0
4999,13657,0.0529000561833749,8.0
4999,580920,0.04281004349940361,9.0
4999,222153,0.030962347312190247,10.0
7344,14368,1.0,1.0
7344,418150,0.6132712736787573,2.0
7344,327978,0.28262348693939937,3.0
7344,392851,0.2528180720894581,4.0
7344,301224,0.08019040150572893,8.0
7344,39247,0.13922348663085798,5.0
7344,527231,0.11292138892719203,6.0
7344,72652,0.07836226403497026,9.0
7344,58753,0.010679131682118042,10.0
7344,266319,0.09190147315966278,7.0
7705,377429,0.9523272283562507,1.0
7705,539263,0.7209849539790788,2.0
7705,480315,0.5211174793324045,3.0
7705,467575,0.4126727341669619,4.0
7705,172703,0.34693411792377227,6.0
7705,536120,0.4102587963453428,5.0
7705,87722,0.27579243737317793,7.0
7705,345199,0.07661797443269246,10.0
7705,96926,0.1936674247338488,8.0
7705,387277,0.12037885159842211,9.0
1815,372909,0.9409319415415722,2.0
1815,446928,0.9603305414038551,1.0
1815,363591,0.8782574224787311,3.0
1815,432080,0.741119967213476,4.0
1815,88124,0.6094824983906882,5.0
1815,457701,0.5355240471762921,6.0
1815,328341,0.4138097612410392,7.0
1815,528522,0.3277145099711414,8.0
1815,539133,0.31009316164150147,9.0
1815,459677,0.0,10.0
7467,193312,1.0,1.0
7467,371720,0.7259414737175588,2.0
7467,26203,0.42948871734548183,4.0
7467,457532,0.4579289619277817,3.0
7467,55999,0.31274927808915026,5.0
7467,428017,0.23934016672512454,7.0
7467,435963,0.27552899081251825,6.0
7467,431814,0.05288270913632448,10.0
7467,253024,0.10067578224857648,8.0
7467,99757,0.07167111686994648,9.0
8013,198349,0.9136627317292416,1.0
8013,383978,0.6930913725865964,2.0
8013,374151,0.6513324255652495,3.0
8013,244433,0.565751928716985,4.0
8013,251824,0.45431043003264726,6.0
8013,241101,0.4590371842598738,5.0
8013,398123,0.2899235410483485,7.0
8013,31793,0.04404624222028422,10.0
8013,498378,0.23395766884084807,8.0
8013,588247,0.049241124331736955,9.0
1415,66246,0.9629292212025641,1.0
1415,306144,0.8345959618153419,3.0
1415,393953,0.8464827101845691,2.0
1415,591940,0.7086224498173929,5.0
1415,387165,0.8022170954555828,4.0
1415,583956,0.5059417687354216,6.0
1415,110515,0.156855345544286,7.0
1415,318266,0.11178290302286945,8.0
1415,183612,0.04654121827280877,10.0
1415,232063,0.10265916582944619,9.0
7758,480315,0.9091696483489007,1.0
7758,574327,0.8414565315227975,2.0
7758,69696,0.41380008891570885,4.0
7758,112714,0.4550636235287733,3.0
7758,379311,0.1419345006218602,5.0
7758,122432,0.06601499786704935,8.0
7758,322826,0.0839286638386626,6.0
7758,112208,0.053766398054512186,10.0
7758,17923,0.061459831983642854,9.0
7758,172703,0.07920790202379406,7.0
1915,306144,0.9403014698149312,1.0
1915,182168,0.8165019778186466,2.0
1915,78176,0.4219903977707951,6.0
1915,393953,0.585702696821848,3.0
1915,140038,0.48259019756649285,4.0
1915,583956,0.4693041055076372,5.0
1915,318266,0.4124009284198125,7.0
1915,66246,0.25126407016373625,8.0
1915,505580,0.008423276109993712,10.0
1915,591940,0.12673558381773234,9.0
4415,108859,0.8,1.0
4415,32744,0.7533018409130215,2.0
4415,61792,0.5912708973755424,3.0
4415,370879,0.46386229503456483,5.0
4415,14926,0.5064087115868962,4.0
4415,244427,0.3904486761596645,6.0
4415,399751,0.31522711273596526,8.0
4415,147646,0.38612183033568886,7.0
4415,309550,0.205434602020307,9.0
4415,235522,0.1194876071967895,10.0
10482,201495,0.9489305195728963,2.0
10482,439757,0.9565967160721759,1.0
10482,387277,0.5321247339113582,3.0
10482,518379,0.44268632358929305,4.0
10482,175821,0.21288451630206162,5.0
10482,142696,0.1297663141916703,8.0
10482,535317,0.15424314324186927,7.0
10482,364575,0.009161975234119128,10.0
10482,72402,0.12213740501814377,9.0
10482,34925,0.1996266719452085,6.0
2296,119298,0.9897161750286297,1.0
2296,279897,0.7156516128081072,2.0
2296,460357,0.4189600786743143,4.0
2296,396853,0.43574081418708543,3.0
2296,577201,0.29324339734984317,5.0
2296,410119,0.1491149223558414,7.0
2296,275410,0.10650727846823271,10.0
2296,120090,0.14114983486996843,8.0
2296,169688,0.1115856470330938,9.0
2296,175982,0.1712177209034887,6.0
6787,58290,0.9023959869468681,2.0
6787,456436,0.9634244389548245,1.0
6787,124230,0.775668177085654,3.0
6787,457294,0.3967674364154117,5.0
6787,261189,0.4483463204999537,4.0
6787,220022,0.18539789618136115,9.0
6787,382381,0.22005576143630212,6.0
6787,552707,0.2097442707858915,7.0
6787,309555,0.05516680181402769,10.0
6787,223070,0.19999999999999996,8.0
2857,117451,0.9700479773155523,1.0
2857,123659,0.5432343400214729,2.0
2857,590917,0.3959615256500087,5.0
2857,295864,0.458633821887421,3.0
2857,19606,0.3917159824668683,6.0
2857,60175,0.4290777344117217,4.0
2857,348733,0.11956587168824832,9.0
2857,464502,0.12218450173189271,8.0
2857,581038,0.16448068085418738,7.0
2857,482335,0.013240738554442879,10.0
753,114418,0.9467129138834596,1.0
753,51729,0.7631192939377269,2.0
753,581509,0.5197110624167899,3.0
753,72046,0.2250622026226956,5.0
753,466718,0.3785363045601885,4.0
753,504255,0.19069082822998273,6.0
753,297290,0.09899796346155085,8.0
753,125355,0.1009715251180619,7.0
753,177648,0.07403314640755124,9.0
753,61792,0.0,10.0
2676,55666,1.0,1.0
2676,13975,0.6974139396820196,2.0
2676,264408,0.6022096494322766,3.0
2676,44110,0.4330740584149963,5.0
2676,182168,0.4845238981103449,4.0
2676,313171,0.2920192113552812,6.0
2676,244749,0.13259023817204627,9.0
2676,218845,0.15242324434405705,8.0
2676,279897,0.15807462135550343,7.0
2676,196427,0.04119846259183402,10.0
7456,164008,0.9002308440886194,1.0
7456,494727,0.8985389326598601,2.0
7456,284235,0.6491540726677236,3.0
7456,169062,0.6081363092453365,4.0
7456,413041,0.3647530556379553,7.0
7456,316838,0.4171621836208096,6.0
7456,112714,0.5332772199705401,5.0
7456,69197,0.36107534568994426,8.0
7456,127452,0.179977519675305,9.0
7456,394244,0.10383608614609799,10.0
2579,524471,0.9620921218530147,1.0
2579,280838,0.7280214562359804,2.0
2579,229809,0.5835466594512465,3.0
2579,570155,0.380406258262122,4.0
2579,263481,0.3799091792739911,5.0
2579,197052,0.3350469982105444,6.0
2579,55064,0.15263551296488828,7.0
2579,579473,0.11497736477971836,8.0
2579,566480,0.017707506346888217,10.0
2579,410119,0.027868803119351433,9.0
687,506831,0.9220507357356261,1.0
687,342258,0.5569144993592868,2.0
687,449630,0.32649060358452,3.0
687,214024,0.24734799589894246,6.0
687,478186,0.31710467996614067,4.0
687,579473,0.2937794293898171,5.0
687,406457,0.21859325027315973,7.0
687,508895,0.10442648695451438,8.0
687,494926,0.007201762887267087,10.0
687,16670,0.04434596598702905,9.0
2445,431685,1.0,1.0
2445,328341,0.3836269250507106,2.0
2445,352838,0.324539295942345,3.0
2445,372909,0.2782777476459367,5.0
2445,366761,0.28677358770578776,4.0
2445,195081,0.08205031122625533,8.0
2445,88124,0.1347307829574537,6.0
2445,114418,0.11026169636003545,7.0
2445,360011,0.019041334586094708,10.0
2445,539133,0.0691581209341338,9.0
2885,17651,0.8314559828645397,1.0
2885,460398,0.49616649868408397,3.0
2885,429579,0.4955501183182758,4.0
2885,516444,0.39660332599833276,5.0
2885,102081,0.5411036348955879,2.0
2885,540539,0.31920980529616766,7.0
2885,118730,0.38441768626535205,6.0
2885,279865,0.2645297101469214,8.0
2885,101453,0.05366904599978657,10.0
2885,167356,0.096142795503066,9.0
5264,431814,0.9417615874079701,1.0
5264,42438,0.33987314511097877,3.0
5264,52579,0.5073545747714734,2.0
5264,505694,0.2560970145446091,4.0
5264,114439,0.07082852202045051,7.0
5264,580920,0.1719393720625001,5.0
5264,481166,0.06857516334207503,8.0
5264,400841,0.02617675279107995,9.0
5264,371720,0.10425844504632636,6.0
5264,186453,0.018320633530454492,10.0
7633,494727,1.0,1.0
7633,284235,0.7916200437072132,2.0
7633,164008,0.5235252416940775,3.0
7633,175831,0.43678054784218373,5.0
7633,228983,0.4437968065695016,4.0
7633,413041,0.2546133758072036,6.0
7633,112714,0.1533062904975228,7.0
7633,127452,0.15250107986375494,8.0
7633,31465,0.09796718497454013,10.0
7633,394244,0.15098383381948155,9.0
9291,17208,0.9989451186451598,1.0
9291,480315,0.64584567390801,2.0
9291,536120,0.5606848531728528,3.0
9291,377429,0.528448578975955,4.0
9291,539263,0.29841318142489776,5.0
9291,423658,0.18267406229102076,7.0
9291,172703,0.21393310831389373,6.0
9291,345199,0.10983029283188228,8.0
9291,61022,0.06003183560494126,9.0
9291,328086,0.0,10.0
4640,331534,1.0,1.0
4640,367785,0.4964974984538085,2.0
4640,104788,0.3864128946113835,3.0
4640,183612,0.29437791459354457,5.0
4640,526110,0.23704844043965256,6.0
4640,298099,0.3521826772161648,4.0
4640,454810,0.20660553882275054,8.0
4640,153541,0.23545472408906654,7.0
4640,49797,0.0979633076359774,9.0
4640,468923,0.0669474424671656,10.0
939,366761,0.9208358676191027,1.0
939,466084,0.2985252967078954,4.0
939,31793,0.34170510615763894,3.0
939,392434,0.35300844067922127,2.0
939,55666,0.1448997958644585,6.0
939,19183,0.15273624607847236,5.0
939,565181,0.09640598315447083,7.0
939,467575,0.030210820575734376,10.0
939,115333,0.0761926491241976,9.0
939,250702,0.09286046976063114,8.0
1306,387022,0.929782485023863,1.0
1306,266952,0.6265025333006694,2.0
1306,594206,0.4457867035102633,3.0
1306,472243,0.36050106124572845,4.0
1306,447353,0.21042902899609106,5.0
1306,410119,0.1810228713874199,6.0
1306,460457,0.1595150591432803,7.0
1306,18003,0.07718365367546574,9.0
1306,372204,0.019038881088565253,10.0
1306,583203,0.07988570156147884,8.0
8475,104793,0.9661313821888775,1.0
8475,494655,0.9095205100852197,2.0
8475,240562,0.6476787736230838,3.0
8475,21311,0.38707769863365116,5.0
8475,437427,0.40390406968624204,4.0
8475,361028,0.15294010055959192,8.0
8475,51615,0.1538831948976675,7.0
8475,444107,0.2688086492566712,6.0
8475,72402,0.06875166960232879,10.0
8475,174335,0.08859972382008167,9.0
6807,332567,1.0,1.0
6807,402466,0.3144744734423433,2.0
6807,187583,0.2007109882393922,4.0
6807,459351,0.2022710549278388,3.0
6807,535697,0.15496322165987578,5.0
6807,59714,0.07688529000413884,8.0
6807,211622,0.07823246560979066,7.0
6807,11184,0.08826456532171104,6.0
6807,565765,0.0545919348878162,9.0
6807,93971,0.051037140233364156,10.0
5228,259476,0.9058596398549151,1.0
5228,158732,0.866762135022902,2.0
5228,131774,0.7723806001137371,3.0
5228,331534,0.7446233245623469,4.0
5228,341947,0.6705780696040978,5.0
5228,366594,0.35043829085830874,6.0
5228,140038,0.3340664018652786,7.0
5228,156194,0.12487264253317115,9.0
5228,352120,0.2330297415166457,8.0
5228,414534,0.0,10.0
2856,108739,0.8759630975574945,1.0
2856,296769,0.7985940397278982,2.0
2856,346042,0.7727140819367617,3.0
2856,219033,0.5899678952042888,4.0
2856,361028,0.5275132745256967,5.0
2856,23340,0.30491155446739865,6.0
2856,386173,0.17921357715912237,9.0
2856,231727,0.2554275525611716,7.0
2856,110848,0.25178989313181155,8.0
2856,213331,0.13432226640055514,10.0
3791,212222,1.0,1.0
3791,301570,0.14203199165302968,3.0
3791,521641,0.1628288051946954,2.0
3791,10790,0.12522497685856343,7.0
3791,197494,0.07787365571325947,9.0
3791,482415,0.12850979799828727,6.0
3791,572272,0.07551988309549532,10.0
3791,34925,0.10062842023912602,8.0
3791,440270,0.13166199310954377,5.0
3791,577201,0.13908809851701853,4.0
4514,1642,0.9182561811128579,2.0
4514,156211,0.9581418968807942,1.0
4514,426270,0.7004612990656961,3.0
4514,317429,0.5517748429894004,4.0
4514,352485,0.4906633881849629,5.0
4514,197222,0.19230655896808174,6.0
4514,117451,0.08735709996810626,8.0
4514,565782,0.13873407073623126,7.0
4514,514417,0.07168274135050041,9.0
4514,134722,0.0,10.0
6122,496166,1.0,1.0
6122,118280,0.21833674034989495,2.0
6122,117274,0.21469602825061523,4.0
6122,305509,0.2155503151446772,3.0
6122,42533,0.13147346690272482,5.0
6122,219504,0.11852141497179604,6.0
6122,283072,0.02384101719053955,10.0
6122,428829,0.1036205010306476,7.0
6122,39819,0.06293455194149328,9.0
6122,102081,0.09737023911944058,8.0
8832,108059,0.8,2.0
8832,94689,0.9929915605921755,1.0
8832,597351,0.44152584642753434,3.0
8832,268289,0.3388530657146366,4.0
8832,170594,0.29318066073658233,5.0
8832,133093,0.26982467220323225,6.0
8832,259317,0.20721607345927348,7.0
8832,234103,0.0643256736610445,8.0
8832,195767,0.017607160282802688,9.0
8832,387141,0.011696635096655946,10.0
7145,301580,0.9753055682465696,1.0
7145,379311,0.7985556986185142,2.0
7145,62966,0.33982040840929423,4.0
7145,297290,0.3741607143313208,3.0
7145,451855,0.1664108618419543,7.0
7145,471964,0.17725802360784704,6.0
7145,453542,0.07469357785992499,10.0
7145,387277,0.09028306873134483,9.0
7145,81458,0.20362814461782053,5.0
7145,172703,0.10077139177883199,8.0
7674,164008,0.8617414178459161,2.0
7674,249279,0.9010932275993082,1.0
7674,367641,0.35613412145864093,6.0
7674,89460,0.4966610500694062,4.0
7674,65120,0.4995152494767529,3.0
7674,494295,0.367518955279316,5.0
7674,223206,0.22624356225176126,7.0
7674,452870,0.13429633466500446,8.0
7674,172443,0.02577354530607126,9.0
7674,2064,0.0032868446230612663,10.0
8202,115553,0.9010190211538843,2.0
8202,92267,0.9967705878276263,1.0
8202,251704,0.31861796890894545,3.0
8202,514500,0.3043747401231813,6.0
8202,60175,0.3136296708565408,5.0
8202,99857,0.31766388874995277,4.0
8202,186453,0.19719659494881675,7.0
8202,31465,0.08642308045973322,9.0
8202,59714,0.15992664814269367,8.0
8202,265213,0.0,10.0
3682,233497,0.8095126352380072,2.0
3682,329662,0.9875450914558859,1.0
3682,426223,0.7463251139184026,3.0
3682,537418,0.702896346109711,4.0
3682,388613,0.5477286501290137,6.0
3682,336018,0.6889449874047178,5.0
3682,27401,0.4646708201570303,7.0
3682,281707,0.14652130410796263,9.0
3682,55022,0.07207998001034856,10.0
3682,330041,0.14916739166958617,8.0
3446,323498,1.0,1.0
3446,211839,0.8856817778601012,2.0
3446,31550,0.7692332462644426,3.0
3446,505027,0.6352457790956629,4.0
3446,367785,0.4836798436270091,5.0
3446,204176,0.42564871373757085,6.0
3446,366685,0.38262740641197146,7.0
3446,157702,0.21368521917184463,8.0
3446,241099,0.14665014251860287,9.0
3446,511386,0.10297169086326688,10.0
7592,40966,0.9550646083007295,1.0
7592,273947,0.6894787354278891,2.0
7592,593283,0.4947581802273783,3.0
7592,170141,0.31870003777242434,6.0
7592,208219,0.45780042059938864,4.0
7592,563025,0.4111091622291434,5.0
7592,73427,0.2867016055831778,7.0
7592,213370,0.23430095281279562,8.0
7592,15824,0.2028099019166848,9.0
7592,198349,0.008036993368875995,10.0
6715,13732,0.9922771141624446,1.0
6715,568526,0.69245589381955,2.0
6715,275902,0.3944897788756772,3.0
6715,193312,0.35744205779047555,4.0
6715,518563,0.21738610171675266,5.0
6715,51729,0.18041990545912973,7.0
6715,457294,0.18201398717778527,6.0
6715,149306,0.1614543310145505,8.0
6715,526110,0.1371483827596299,9.0
6715,113619,0.10229626921721317,10.0
2264,534454,1.0,1.0
2264,556976,0.40216336976076694,3.0
2264,244104,0.44391623685124837,2.0
2264,350819,0.2786204145241022,5.0
2264,588247,0.22174132907640848,6.0
2264,488574,0.3378098258094062,4.0
2264,31793,0.20839998827373826,7.0
2264,352838,0.1383085535086901,8.0
2264,450808,0.1144764150368719,9.0
2264,498834,0.08913489254222098,10.0
6121,315275,0.8760395757279664,2.0
6121,289231,0.8995940604713415,1.0
6121,523158,0.35010372806159706,3.0
6121,184175,0.2726780316797699,4.0
6121,333184,0.1931169188147907,7.0
6121,524801,0.2564920073035521,5.0
6121,235545,0.21021077162826657,6.0
6121,570964,0.12755943416103166,8.0
6121,171339,0.05332755179775504,10.0
6121,344573,0.09967658171775395,9.0
3453,418626,1.0,1.0
3453,156211,0.7346987493118222,2.0
3453,1642,0.5336464474172828,3.0
3453,296516,0.1664382788874808,5.0
3453,233635,0.31214697481392967,4.0
3453,317429,0.14023125151751115,6.0
3453,352485,0.12861286147830325,7.0
3453,565782,0.10201829290867394,8.0
3453,337764,0.05747233822526483,10.0
3453,209804,0.0909364405448667,9.0
6985,561884,0.8538943146439203,1.0
6985,149305,0.5369593265635617,3.0
6985,456436,0.6194731115971792,2.0
6985,78029,0.32948383214743054,4.0
6985,403755,0.2844213936776683,5.0
6985,538023,0.2311211679166624,6.0
6985,464533,0.12855554016015738,9.0
6985,196427,0.173935726584376,7.0
6985,54584,0.1422350257754022,8.0
6985,587120,0.09740634308066828,10.0
2181,77245,0.9875401147146685,1.0
2181,234436,0.9395936431741918,2.0
2181,470289,0.8702549156773595,3.0
2181,136315,0.27593262109374594,4.0
2181,101604,0.26320006694292464,5.0
2181,288189,0.2415843814990563,6.0
2181,391988,0.1795131677891969,8.0
2181,56718,0.21930093486212465,7.0
2181,555732,0.12388652254321245,9.0
2181,499782,0.0,10.0
8532,40702,0.892791895070658,2.0
8532,416307,0.9884097224130219,1.0
8532,427726,0.7680559498667825,3.0
8532,543714,0.6294210118999087,4.0
8532,42438,0.6208741092907136,5.0
8532,344372,0.44340799070030595,6.0
8532,125355,0.33206808590206377,7.0
8532,483299,0.28227391313097094,8.0
8532,100103,0.12745457625936185,10.0
8532,6574,0.14807987547451928,9.0
4312,222639,0.9452883015760201,1.0
4312,282435,0.9100653351725396,2.0
4312,167950,0.8000023097605535,3.0
4312,324779,0.2372356163453935,6.0
4312,507284,0.34848226814539784,4.0
4312,116647,0.33506542505487996,5.0
4312,218759,0.10418137653422037,7.0
4312,535998,0.013204093112210097,10.0
4312,228341,0.10025634680459795,8.0
4312,535651,0.03289686797469341,9.0
9108,415976,0.8,1.0
9108,123702,0.7208070743830606,2.0
9108,133468,0.37644968949093194,4.0
9108,258291,0.4681633798070806,3.0
9108,461592,0.294051164235678,6.0
9108,579763,0.34859763144105177,5.0
9108,472051,0.16850380723726652,7.0
9108,298128,0.07720721459105884,10.0
9108,305579,0.10987777189552726,9.0
9108,22221,0.11270420482065802,8.0
8116,433032,1.0,1.0
8116,319793,0.7723873752377762,2.0
8116,236482,0.5543222697073448,3.0
8116,182297,0.3260540498201806,5.0
8116,533457,0.38253828474450324,4.0
8116,403186,0.15881504010358707,7.0
8116,433197,0.24780479924129062,6.0
8116,38711,0.09600323160890778,9.0
8116,374867,0.09756685382190419,8.0
8116,314478,0.03580916886553537,10.0
9403,243148,0.8,1.0
9403,228403,0.30301811851939275,2.0
9403,175982,0.1403074488082193,6.0
9403,562793,0.18442330870366974,5.0
9403,81924,0.09308396412984052,8.0
9403,472516,0.06547868151089373,9.0
9403,513258,0.045217844955492054,10.0
9403,150650,0.22004418995105055,3.0
9403,269898,0.20329197491147286,4.0
9403,29790,0.12711494994101868,7.0
776,124027,1.0,1.0
776,597247,0.2527354496061031,2.0
776,597880,0.25043826784214873,3.0
776,592680,0.21367974665936768,4.0
776,10440,0.20618506513143497,5.0
776,276411,0.035996149508776186,10.0
776,496899,0.14209658244711315,6.0
776,418864,0.12459061636969275,7.0
776,454810,0.09109702804330802,9.0
776,136270,0.09910282883353222,8.0
6199,473322,0.998513929430212,1.0
6199,157553,0.7940989749498477,2.0
6199,332314,0.5523734571234986,3.0
6199,521641,0.5184187609507702,4.0
6199,433801,0.34433191917913253,5.0
6199,93231,0.2357835766724537,7.0
6199,525827,0.24494594811617568,6.0
6199,409120,0.17103634154747563,10.0
6199,279845,0.1881738573642524,8.0
6199,366448,0.17827856631562106,9.0
1393,234436,0.9942780972875725,1.0
1393,220022,0.6984061878064962,2.0
1393,532932,0.554486518598633,3.0
1393,394871,0.4475267721380666,6.0
1393,77245,0.4669901148816169,4.0
1393,352640,0.4567701785925413,5.0
1393,499782,0.22188219795095723,7.0
1393,326665,0.18146788249868614,8.0
1393,196920,0.14009397413622726,9.0
1393,555732,0.10652537560583726,10.0
9668,111768,0.9788553821943637,1.0
9668,75437,0.3754754058921741,3.0
9668,55022,0.3217169151905196,5.0
9668,6574,0.38744108467243965,2.0
9668,62151,0.2943456831047079,6.0
9668,594655,0.1731558177934861,8.0
9668,13260,0.3468464018740777,4.0
9668,79998,0.1281401004045424,9.0
9668,42438,0.2801161293449322,7.0
9668,416307,0.054417812903887454,10.0
9088,557219,0.9780168148516503,1.0
9088,224654,0.8263957170909736,2.0
9088,536120,0.6519623575187883,3.0
9088,226303,0.5721774245584328,4.0
9088,539263,0.33956322954481877,6.0
9088,511093,0.3540252359893348,5.0
9088,433809,0.24392789127063633,8.0
9088,472516,0.32156004731775734,7.0
9088,461051,0.21303672584561614,9.0
9088,344041,0.1318630597656705,10.0
3091,159936,0.9653525506977517,1.0
3091,187739,0.7678247027038911,2.0
3091,95778,0.6006701991449224,3.0
3091,416796,0.3467103675430688,4.0
3091,437538,0.3306106439837819,5.0
3091,254454,0.2420652909932277,6.0
3091,274870,0.2362498426323975,7.0
3091,426223,0.006914367614726139,10.0
3091,366448,0.20063784952035849,8.0
3091,216384,0.07696264921947754,9.0
1157,405777,1.0,1.0
1157,266952,0.2916381269906089,2.0
1157,251411,0.25978542310532815,4.0
1157,243503,0.29069849281605764,3.0
1157,452544,0.19284347627444381,5.0
1157,564618,0.07082428047822875,7.0
1157,295980,0.018938459562006557,9.0
1157,388455,0.08283864283825308,6.0
1157,350819,0.013696235575683597,10.0
1157,97348,0.04050185544729119,8.0
4335,318583,1.0,1.0
4335,322246,0.7215983398572539,2.0
4335,416225,0.2952234504289414,3.0
4335,109860,0.20136495021737333,4.0
4335,382381,0.13784034324137717,7.0
4335,110515,0.14906979482507407,5.0
4335,126134,0.14826680205921078,6.0
4335,190169,0.04256544206164034,9.0
4335,158185,0.07245166973709427,8.0
4335,274359,0.04146454746769081,10.0
8947,545759,0.8,1.0
8947,61022,0.7507061071247185,2.0
8947,532657,0.6329912519262837,3.0
8947,461592,0.5697699280477965,4.0
8947,461084,0.353853533815055,5.0
8947,127134,0.3195785422641817,6.0
8947,384564,0.23126830986675506,7.0
8947,388646,0.11679760164526332,9.0
8947,452870,0.15115952802717864,8.0
8947,214901,0.06525921533456676,10.0
6410,418150,1.0,1.0
6410,112208,0.5459961265085265,2.0
6410,273861,0.4349555352265849,4.0
6410,172703,0.44653443401964776,3.0
6410,59994,0.3372493481784366,5.0
6410,528034,0.25782089961461113,6.0
6410,107092,0.13044875197036016,8.0
6410,100485,0.21807729566394118,7.0
6410,133093,0.12047242750299503,10.0
6410,87722,0.12083615590795249,9.0
5196,565745,1.0,1.0
5196,219033,0.7573981581025329,2.0
5196,213370,0.5390304793273031,3.0
5196,171339,0.4503546052412109,4.0
5196,356928,0.3749900811825889,5.0
5196,581889,0.25824590952498483,6.0
5196,273528,0.13873685496888388,8.0
5196,114829,0.08645772635624357,9.0
5196,555101,0.005890759698447424,10.0
5196,474050,0.15873745186693852,7.0
8789,87349,1.0,1.0
8789,41912,0.42978230604194834,2.0
8789,102436,0.2672426456659642,3.0
8789,58290,0.2021281057135195,5.0
8789,14870,0.233674904140863,4.0
8789,328341,0.18396392494623398,6.0
8789,152014,0.07861969345862199,8.0
8789,296528,0.011225115670730524,10.0
8789,213526,0.0791618900054969,7.0
8789,316838,0.03952751948158406,9.0
5808,251824,1.0,1.0
5808,51615,0.40781489041634245,3.0
5808,535697,0.5111231459633243,2.0
5808,43781,0.3389357434315786,4.0
5808,226053,0.2513186453410611,6.0
5808,226070,0.28822921748123365,5.0
5808,271243,0.24855369537683028,7.0
5808,88477,0.041363743304476605,9.0
5808,350145,0.025363039228318004,10.0
5808,72652,0.09591176585250424,8.0
9701,225682,1.0,1.0
9701,19711,0.24501256591486476,2.0
9701,494926,0.2218727053876502,3.0
9701,384230,0.1341422773832753,6.0
9701,457416,0.1510645283444292,5.0
9701,279865,0.19332486368951446,4.0
9701,473540,0.12590494029416113,7.0
9701,76054,0.0622184539125704,10.0
9701,533515,0.09674081301233871,8.0
9701,321969,0.07495729336724885,9.0
3179,56718,0.9278399498603991,1.0
3179,385073,0.9238368379453489,2.0
3179,150219,0.7997212449607642,3.0
3179,243503,0.2363320637370923,4.0
3179,442142,0.2323448147631085,5.0
3179,352838,0.22397518148438722,6.0
3179,124630,0.046273700789988464,9.0
3179,431685,0.11164407720943974,7.0
3179,597247,0.023021022145337727,10.0
3179,174335,0.06532972743889133,8.0
6896,196427,0.9239678539101542,1.0
6896,330041,0.8415322409081004,2.0
6896,244749,0.5201352749466488,4.0
6896,223070,0.5578685324162519,3.0
6896,403755,0.3553066788915041,5.0
6896,38711,0.2698678118498478,6.0
6896,149305,0.16428037793044342,9.0
6896,106501,0.20910155726490404,8.0
6896,587120,0.2501041533979458,7.0
6896,102443,0.12113697705032189,10.0
2513,25762,0.8976178227262589,1.0
2513,518624,0.5314298294143154,2.0
2513,588247,0.48063348662958866,3.0
2513,82344,0.448834768732171,4.0
2513,97348,0.20712360375343086,5.0
2513,102443,0.1271149918183593,8.0
2513,405777,0.15502164004253138,6.0
2513,352838,0.13389752281987613,7.0
2513,147646,0.047615458043921366,9.0
2513,120090,0.0,10.0
8937,294295,0.8755297274084278,1.0
8937,13260,0.26006978911631967,4.0
8937,336541,0.27654075621347957,2.0
8937,320101,0.26378038016462385,3.0
8937,416307,0.254759437450126,5.0
8937,100103,0.1817550810250555,7.0
8937,363043,0.2404379171097336,6.0
8937,429378,0.030689898031275933,10.0
8937,88892,0.08409592925846131,9.0
8937,214003,0.09759450504725918,8.0
9643,112208,1.0,1.0
9643,100485,0.7350358094573028,2.0
9643,480315,0.3070503747437778,3.0
9643,428082,0.17722948858225834,6.0
9643,467575,0.20393898596584972,4.0
9643,87722,0.1853328027765785,5.0
9643,581038,0.17479866464179436,7.0
9643,214542,0.10403159075554444,9.0
9643,539263,0.10742049586082733,8.0
9643,156816,0.06712950615435148,10.0
5653,588247,1.0,1.0
5653,483456,0.2776750696060629,2.0
5653,14543,0.16715353410757083,3.0
5653,87722,0.15460206686479394,5.0
5653,290930,0.1622546752139395,4.0
5653,461592,0.13223333766700615,6.0
5653,446984,0.06940487391781706,7.0
5653,583635,0.06638251655535403,8.0
5653,31377,0.06279020122559287,9.0
5653,66631,0.009455053483901648,10.0
2551,143100,1.0,1.0
2551,479276,0.6337688097324126,2.0
2551,202990,0.2971843234867059,3.0
2551,9938,0.16537478052427856,5.0
2551,394460,0.19012663046399625,4.0
2551,242124,0.13914357970214916,6.0
2551,523158,0.13891268776118454,7.0
2551,384642,0.07722782976541512,8.0
2551,572272,0.01691548142595963,9.0
2551,362805,0.0,10.0
1948,467509,1.0,1.0
1948,108739,0.6510907565356248,2.0
1948,356928,0.5350690066288635,3.0
1948,223206,0.29613758872799484,7.0
1948,219033,0.39141490130279655,4.0
1948,443795,0.339932252489165,6.0
1948,362215,0.3629783709929648,5.0
1948,377571,0.2638347523501089,8.0
1948,399700,0.10105695506709232,9.0
1948,213331,0.09413969475365833,10.0
4920,228341,1.0,1.0
4920,82294,0.9185928283348412,2.0
4920,277217,0.6603242141083837,4.0
4920,306815,0.7382737506178328,3.0
4920,22221,0.13977809944699604,5.0
4920,371720,0.10356030395588244,6.0
4920,415340,0.05154536415868073,8.0
4920,323363,0.0315796602704568,9.0
4920,283202,0.01506621613675087,10.0
4920,115517,0.05720946060504475,7.0
2589,450577,1.0,1.0
2589,43961,0.7926464232120276,2.0
2589,468144,0.43503196153276347,3.0
2589,437969,0.20695353468183872,5.0
2589,581889,0.22336207912029687,4.0
2589,509650,0.14839349807784755,6.0
2589,75252,0.1371958592714904,7.0
2589,307610,0.07708294054761194,9.0
2589,557877,0.08248915748264789,8.0
2589,527698,0.0,10.0
7513,112208,0.9792828667155743,1.0
7513,172703,0.8808207201512565,2.0
7513,328086,0.605535810277479,3.0
7513,115372,0.5928317357220376,4.0
7513,273861,0.5107909290776328,5.0
7513,87722,0.31883035983894026,7.0
7513,377429,0.32372661815588605,6.0
7513,387277,0.2985545930882687,8.0
7513,62966,0.24782309135555658,9.0
7513,418150,0.058611904086268825,10.0
5410,13975,1.0,1.0
5410,371720,0.5300303614838396,3.0
5410,494323,0.62374284060111,2.0
5410,249844,0.4668108217771223,4.0
5410,488258,0.37428056565689205,5.0
5410,75235,0.17402233704049525,8.0
5410,488732,0.19026398585892285,6.0
5410,457532,0.13519744214476598,9.0
5410,108739,0.17770612345695375,7.0
5410,193312,0.0463431042798924,10.0
2334,228403,1.0,1.0
2334,107092,0.2911393959521916,4.0
2334,150650,0.3482933652893091,2.0
2334,93936,0.2674956501660822,5.0
2334,2304,0.3041331067879377,3.0
2334,208219,0.22800799726286536,6.0
2334,274870,0.04668613924439513,9.0
2334,156194,0.016033538804322355,10.0
2334,204917,0.11291159866404463,7.0
2334,385506,0.06053041043553648,8.0
1783,445298,1.0,1.0
1783,306800,0.8036241931467542,2.0
1783,309555,0.6727613494495689,4.0
1783,167660,0.7012976441878046,3.0
1783,272425,0.4664908338263999,5.0
1783,43497,0.23969834565277717,7.0
1783,57320,0.2693991035820872,6.0
1783,384631,0.11918762317242312,9.0
1783,179066,0.13625221779321864,8.0
1783,102237,0.010549592423807846,10.0
4641,494753,0.8940975332223697,1.0
4641,213673,0.6461397347362929,2.0
4641,237580,0.6175593424766206,3.0
4641,44594,0.5706477297039803,4.0
4641,211867,0.2445565568136103,6.0
4641,406219,0.3049258405493347,5.0
4641,409120,0.19473723693158496,7.0
4641,461592,0.16837355890872205,8.0
4641,450228,0.08214646641561191,10.0
4641,192811,0.09603694513697675,9.0
1469,444589,1.0,1.0
1469,243503,0.39674198115787823,2.0
1469,426570,0.396248023732075,3.0
1469,469776,0.16917621726267018,4.0
1469,18003,0.15052293726511784,6.0
1469,421371,0.157028107940756,5.0
1469,335336,0.05892242234658014,9.0
1469,484649,0.10194486787599435,8.0
1469,56320,0.11108644752028593,7.0
1469,451737,0.0012166259350238978,10.0
10267,569632,1.0,1.0
10267,487348,0.5164310733819192,2.0
10267,22036,0.49887920547740494,3.0
10267,522713,0.38228063064131024,5.0
10267,457108,0.4179577933230635,4.0
10267,379667,0.18761166585602002,6.0
10267,330379,0.16789624276274215,7.0
10267,108859,0.14364353236546154,8.0
10267,186578,0.08021338747498993,10.0
10267,17652,0.08378345267192731,9.0
3771,59994,0.9975839655994476,1.0
3771,95966,0.35652355497190835,3.0
3771,13346,0.39665295482065144,2.0
3771,40062,0.2576868493862994,4.0
3771,95762,0.07319264971474225,9.0
3771,97764,0.14229207013412315,5.0
3771,478890,0.08738468800051469,7.0
3771,515072,0.13172365048251822,6.0
3771,303025,0.08220628144191486,8.0
3771,346450,0.02355978109852774,10.0
10497,147765,1.0,1.0
10497,159880,0.9350424040108578,2.0
10497,445230,0.715365937689687,3.0
10497,535705,0.2552941154792234,7.0
10497,575729,0.33857580550042254,5.0
10497,71898,0.3925466476029548,4.0
10497,569461,0.19145107899820232,8.0
10497,31483,0.2992843170689479,6.0
10497,456436,0.048436171223421025,10.0
10497,160301,0.08227953254507901,9.0
2472,337165,0.8116787954739523,1.0
2472,584273,0.7951557892297936,2.0
2472,138151,0.44763041169360157,4.0
2472,534099,0.4828785071133703,3.0
2472,416796,0.26096461597354437,6.0
2472,366597,0.32244164955121446,5.0
2472,216384,0.09389479634004061,10.0
2472,187739,0.11717855807707628,8.0
2472,169921,0.10107208163449512,9.0
2472,518563,0.19999999999999996,7.0
503,171761,0.9889543431979342,1.0
503,257656,0.3748044745001382,3.0
503,405374,0.4751624426160849,2.0
503,433032,0.21220049987358358,4.0
503,343489,0.07273416383355623,8.0
503,531990,0.11225833504461515,6.0
503,156816,0.18732449362439166,5.0
503,100485,0.01950183319572651,10.0
503,69965,0.06883368888915446,9.0
503,350680,0.08135623856350399,7.0
6832,552346,0.961568490963577,1.0
6832,573874,0.5024218671619953,2.0
6832,244749,0.22134000385775637,5.0
6832,377853,0.3660168359218616,3.0
6832,116694,0.06906531882888173,9.0
6832,108040,0.11613543272357871,6.0
6832,349554,0.22486559981972457,4.0
6832,459351,0.08462902762708996,7.0
6832,42533,0.01102156978730571,10.0
6832,239214,0.07447287176440631,8.0
864,24890,0.9499634355658506,1.0
864,30142,0.8960187189461916,2.0
864,450808,0.6198836459175827,4.0
864,472924,0.7963817743001524,3.0
864,566337,0.4258574914990255,5.0
864,291726,0.2843529575965985,6.0
864,479625,0.23402497552121918,7.0
864,175339,0.15315979806980368,8.0
864,231947,0.09113451507729767,10.0
864,244104,0.10959540928185149,9.0
2580,11988,0.9510155049729843,1.0
2580,344118,0.7131778385407485,2.0
2580,371720,0.4702494419907548,3.0
2580,87722,0.1842136801228479,4.0
2580,360481,0.10051877396136659,7.0
2580,75764,0.0999407741456498,8.0
2580,585447,0.17214217441829333,5.0
2580,114439,0.11788538164584814,6.0
2580,272738,0.09738772355156093,10.0
2580,503934,0.09907690522954328,9.0
6625,416307,0.8865432718097231,1.0
6625,88892,0.7766006065221845,2.0
6625,336541,0.5350823778167837,3.0
6625,27401,0.467078169890196,4.0
6625,320101,0.38688457426168343,5.0
6625,557356,0.23855068740961166,6.0
6625,138703,0.13457229634925533,8.0
6625,13260,0.1583741696062998,7.0
6625,595133,0.02193065235291283,10.0
6625,75437,0.05951225635872993,9.0
2685,308837,0.8147040849182576,1.0
2685,539133,0.2651280534170878,3.0
2685,302792,0.21751322490240252,4.0
2685,243499,0.18936348815345774,6.0
2685,575497,0.20716893540299275,5.0
2685,158845,0.14901248125581737,8.0
2685,284075,0.15640216153095396,7.0
2685,382005,0.29748871426408774,2.0
2685,136825,0.05540477324958408,9.0
2685,395357,0.035949260472422424,10.0
68,123634,0.9205911211941427,1.0
68,296098,0.8463676673571036,3.0
68,528564,0.8660210588519146,2.0
68,197839,0.4254960920460252,4.0
68,532932,0.4118546415498432,5.0
68,352640,0.191494963389348,8.0
68,327002,0.2610344117417841,6.0
68,55666,0.14507767190175555,9.0
68,232199,0.20959921083714006,7.0
68,259766,0.04921606848413472,10.0
813,548705,0.9850987413776424,1.0
813,284411,0.8712819518293055,2.0
813,196427,0.6696889077589416,3.0
813,2809,0.39596684764472145,4.0
813,127974,0.19674767971721008,6.0
813,171596,0.21882612238480376,5.0
813,318583,0.1329396908737257,8.0
813,459677,0.1555770616043894,7.0
813,418630,0.0945985974915799,9.0
813,123468,0.0,10.0
7345,69790,0.842927899294813,1.0
7345,254288,0.585643309867864,3.0
7345,67063,0.5815797581796547,4.0
7345,98130,0.5880166105698925,2.0
7345,416727,0.39148539580647085,5.0
7345,417840,0.2388342666618096,8.0
7345,108,0.324521401378231,6.0
7345,90447,0.25272689795256187,7.0
7345,348405,0.07798792912132191,9.0
7345,504996,0.0,10.0
8970,96121,1.0,1.0
8970,108040,0.8325192688647896,2.0
8970,187583,0.5749142288877387,3.0
8970,496899,0.5098860390523394,5.0
8970,537857,0.5256063214534765,4.0
8970,314478,0.18240706785321592,6.0
8970,167356,0.16173452755376658,8.0
8970,11988,0.1820611475930049,7.0
8970,128574,0.057912465716731934,9.0
8970,514500,0.007094218081316988,10.0
7105,72652,1.0,1.0
7105,307380,0.7022159390776935,2.0
7105,220060,0.4594242274218969,3.0
7105,455891,0.3701093138112391,4.0
7105,490294,0.3007754597635338,6.0
7105,314919,0.30320303823566486,5.0
7105,324037,0.20470522103704195,7.0
7105,228341,0.11282840489438434,8.0
7105,479384,0.06420583928474174,9.0
7105,366488,0.0,10.0
1310,535651,0.9588056371664379,1.0
1310,471870,0.40269024232777384,2.0
1310,565698,0.24367726549992486,3.0
1310,344648,0.1515428189149631,6.0
1310,55022,0.21454073462094683,5.0
1310,346622,0.09808045194170734,7.0
1310,24567,0.22260861743850427,4.0
1310,489401,0.09501138463728244,8.0
1310,297831,0.041501840940550185,10.0
1310,44492,0.07416207854684219,9.0
9060,12432,0.8616784082644131,2.0
9060,511093,0.8733142247937516,1.0
9060,108,0.45228579918234574,3.0
9060,13260,0.4046252205762905,4.0
9060,511515,0.2541718134260053,6.0
9060,304304,0.2505652409362704,7.0
9060,37517,0.2618653005499238,5.0
9060,75437,0.24692716136462925,8.0
9060,43087,0.1418198000970421,9.0
9060,111768,0.04383632714952566,10.0
2549,418150,0.9282667360027418,1.0
2549,327978,0.6342095285850657,2.0
2549,14368,0.4032746181755389,3.0
2549,307380,0.25454706543718975,4.0
2549,301224,0.16955267443758204,6.0
2549,59714,0.15175228512730035,7.0
2549,44601,0.19435497369514781,5.0
2549,265874,0.13468298944715662,8.0
2549,17923,0.08131064084663066,9.0
2549,350145,0.0,10.0
559,401254,0.8689459130051016,1.0
559,213370,0.44884335134472286,3.0
559,151639,0.5478648625796548,2.0
559,198349,0.41868891414489845,4.0
559,485195,0.11101588705908678,8.0
559,494689,0.14542467086474148,7.0
559,21194,0.05840525065936593,9.0
559,281977,0.16442729533260686,6.0
559,61706,0.02225322520981044,10.0
559,75252,0.19999999999999996,5.0
7218,266900,0.9582443431659344,1.0
7218,32290,0.8034771179472003,2.0
7218,117576,0.2944808395555224,3.0
7218,537418,0.28730958043445276,4.0
7218,482517,0.14613569657193545,6.0
7218,125659,0.21715998723400284,5.0
7218,40447,0.09401168589212043,9.0
7218,6701,0.0810768989917382,10.0
7218,158520,0.10954577087456772,8.0
7218,314478,0.14433341529687818,7.0
2400,158523,0.8,2.0
2400,456470,0.8950838303912774,1.0
2400,29306,0.6986790507956023,3.0
2400,22469,0.44256619125186547,5.0
2400,3118,0.5230845734730463,4.0
2400,226967,0.3195320707798987,6.0
2400,571258,0.23234349070009722,8.0
2400,1198,0.2604298034590019,7.0
2400,307424,0.04862245893793264,10.0
2400,535697,0.04920676537007585,9.0
2348,447619,1.0,1.0
2348,112591,0.5789398123554479,3.0
2348,306430,0.6056930258810398,2.0
2348,244433,0.3661051414723701,5.0
2348,268261,0.41833892979644527,4.0
2348,265874,0.3099748739616353,6.0
2348,403025,0.09761360895687841,7.0
2348,117576,0.08451762295232416,8.0
2348,14870,0.07566676849526033,9.0
2348,12432,0.0,10.0
3615,335991,1.0,1.0
3615,518379,0.8411782661356489,2.0
3615,72402,0.3840185729344926,3.0
3615,72160,0.3435838896657971,4.0
3615,156358,0.15065805760184853,6.0
3615,482544,0.1513273667057396,5.0
3615,174335,0.1275630439915024,8.0
3615,341493,0.14307920271040223,7.0
3615,17166,0.07743904760926387,9.0
3615,489401,0.0,10.0
8102,314478,0.9165213255610647,1.0
8102,149305,0.4616502483376133,2.0
8102,416307,0.39828131672266487,4.0
8102,99857,0.39618522417973884,5.0
8102,552707,0.4268096716487677,3.0
8102,223309,0.22415353726089138,6.0
8102,481166,0.21440387192692756,7.0
8102,320101,0.12246893247339369,8.0
8102,344372,0.10179696118212195,9.0
8102,408123,0.08393133906901688,10.0
5155,462892,1.0,1.0
5155,367785,0.22846187505886595,3.0
5155,69495,0.27421787183037294,2.0
5155,280805,0.19888320027594286,4.0
5155,175265,0.09664482710787314,6.0
5155,305671,0.09217674011035468,7.0
5155,191495,0.08282391281284236,8.0
5155,537725,0.05146038126155869,9.0
5155,157702,0.11634130322478686,5.0
5155,409573,0.007496361359080141,10.0
2460,530037,0.9900275946284232,1.0
2460,584337,0.8865793318038467,2.0
2460,279346,0.7237306923355262,3.0
2460,549180,0.4362998524707532,4.0
2460,196427,0.1595719851207481,7.0
2460,502281,0.16691349897790753,6.0
2460,512803,0.25343563208817077,5.0
2460,505028,0.07970491285052586,8.0
2460,295980,0.03134883440664268,10.0
2460,38711,0.07172202892294242,9.0
2399,343489,1.0,1.0
2399,583124,0.38041626633423103,2.0
2399,468743,0.33268547507212154,3.0
2399,29790,0.18348638363676834,5.0
2399,19606,0.17736575676982935,6.0
2399,521712,0.18939168733928496,4.0
2399,510314,0.048348673339389345,8.0
2399,476834,0.04132006608659915,9.0
2399,457419,0.050060620806873624,7.0
2399,442489,0.0,10.0
4071,170594,0.8950014272657656,1.0
4071,328556,0.8763352158998599,2.0
4071,337764,0.5108467500793727,5.0
4071,296516,0.5717776734260221,3.0
4071,135113,0.540039358698237,4.0
4071,565782,0.4567414607259607,6.0
4071,352485,0.4489408181321145,7.0
4071,368150,0.18658260483255526,9.0
4071,317429,0.2336399520080899,8.0
4071,543589,0.07042392933141242,10.0
18,431685,0.9073062939508574,1.0
18,88124,0.4854300241488791,2.0
18,161162,0.20036077996454035,3.0
18,528564,0.14628610398483416,6.0
18,227098,0.17281421879360034,5.0
18,172594,0.08031373277689723,7.0
18,152218,0.04692239612323702,9.0
18,349554,0.028930430124158135,10.0
18,366761,0.17540453573445577,4.0
18,143622,0.06829172440366113,8.0
2306,581889,1.0,1.0
2306,509650,0.332008930071803,2.0
2306,494689,0.30424001864369005,4.0
2306,75252,0.3047191924387951,3.0
2306,368806,0.20453131071493758,5.0
2306,246459,0.1933946983440836,6.0
2306,485195,0.17143459685531698,7.0
2306,401254,0.07527097590627817,9.0
2306,399013,0.0003670169594535769,10.0
2306,160125,0.07884880403502369,8.0
3051,232063,0.9653241866076957,1.0
3051,591940,0.690690607087336,2.0
3051,306144,0.39818485224514355,3.0
3051,318266,0.20404361674534088,5.0
3051,583956,0.22317566113059234,4.0
3051,73434,0.08322126686719136,8.0
3051,66246,0.16563857265458884,6.0
3051,110515,0.07048610548016525,10.0
3051,393953,0.10325036343453457,7.0
3051,387165,0.08185054358028676,9.0
2395,594182,1.0,1.0
2395,149306,0.7293758557316495,2.0
2395,568526,0.42150517282086886,3.0
2395,308837,0.28070737902041176,5.0
2395,13732,0.29737213588661493,4.0
2395,307999,0.14927426388079376,6.0
2395,387010,0.11894123766204838,7.0
2395,414192,0.0007165421993326052,10.0
2395,13153,0.06145425346182175,8.0
2395,204176,0.05698607416346386,9.0
5134,17208,0.9086005382328679,1.0
5134,579557,0.7418903653976503,2.0
5134,536120,0.63828474130085,3.0
5134,100485,0.4894454979168864,4.0
5134,172703,0.4447067460698907,6.0
5134,206727,0.47756999365225,5.0
5134,122012,0.2458202352714049,8.0
5134,453542,0.24769292736023465,7.0
5134,328086,0.04608653831567199,9.0
5134,539263,0.009316723104090369,10.0
5343,204075,1.0,1.0
5343,296528,0.6943923877866434,5.0
5343,366597,0.7239165421661139,3.0
5343,581889,0.7098693285164533,4.0
5343,184175,0.732524076230378,2.0
5343,367641,0.5476056568699915,6.0
5343,157553,0.2832269911090071,7.0
5343,405702,0.18031741454382888,8.0
5343,548433,0.08908467680808324,9.0
5343,17443,0.052761878892435984,10.0
5254,471723,0.8419277858183223,1.0
5254,59714,0.4451794091621484,3.0
5254,402466,0.5848752489152182,2.0
5254,383978,0.26912916475506576,4.0
5254,78675,0.21601819665606525,5.0
5254,14368,0.20560508088833263,6.0
5254,467390,0.08047836793611829,9.0
5254,327978,0.11792546528840411,7.0
5254,44601,0.08829281214380183,8.0
5254,297290,0.006403958054025873,10.0
3049,582864,1.0,1.0
3049,352640,0.8425075970746061,3.0
3049,77245,0.854282113391182,2.0
3049,536849,0.23368558368920977,4.0
3049,220022,0.15242773480865135,6.0
3049,127974,0.16419281340719152,5.0
3049,132780,0.09784495953649881,8.0
3049,445052,0.06859845782668898,9.0
3049,263361,0.012856428218063412,10.0
3049,555732,0.09867091664905495,7.0
7509,61191,0.8,1.0
7509,423034,0.26767371999544864,4.0
7509,472051,0.2903390225046923,3.0
7509,298128,0.2416522890701849,5.0
7509,461592,0.23882170028572317,6.0
7509,22221,0.29092461750244986,2.0
7509,480944,0.1370569181505369,9.0
7509,301580,0.11881495760971868,10.0
7509,323363,0.23110932527081907,7.0
7509,392826,0.16794528875478135,8.0
5067,328341,0.9784142438816488,1.0
5067,366830,0.8239156718038659,2.0
5067,547301,0.814155774651009,3.0
5067,539133,0.7341065208155086,4.0
5067,231227,0.5284422492031685,5.0
5067,88124,0.3955671756621385,7.0
5067,172594,0.42634038560819687,6.0
5067,460357,0.2115757540453988,9.0
5067,18001,0.24068814381220432,8.0
5067,574327,0.0,10.0
8456,257853,1.0,1.0
8456,115141,0.5784264118121151,2.0
8456,125659,0.41171453858645585,7.0
8456,486696,0.49530747915208684,4.0
8456,81924,0.43872424375319385,5.0
8456,159703,0.49564050254039693,3.0
8456,193398,0.42552272354943077,6.0
8456,431507,0.04815704281472088,8.0
8456,290156,0.0095823744644125,9.0
8456,367137,0.0,10.0
10734,62882,0.9939356906974712,1.0
10734,426278,0.8119462508773255,2.0
10734,461261,0.2986697616340977,4.0
10734,207354,0.272751043725027,5.0
10734,467044,0.2211146094419859,6.0
10734,589970,0.3570602558524413,3.0
10734,549759,0.06733921759521888,8.0
10734,55064,0.026642890661963403,9.0
10734,58937,0.1548660136894891,7.0
10734,551934,0.022474188963106715,10.0
5178,507544,0.9686152852307939,1.0
5178,257016,0.6881279087433636,2.0
5178,572272,0.4382816602345976,3.0
5178,9656,0.32516616391684794,4.0
5178,76414,0.23499520941139118,5.0
5178,60355,0.06926828557980078,9.0
5178,437538,0.1709942006445259,6.0
5178,268553,0.12803248299180875,7.0
5178,579235,0.004568451270309644,10.0
5178,216384,0.08284867314341447,8.0
9174,303025,0.9120911614811819,1.0
9174,404339,0.6793020552878377,2.0
9174,149306,0.4369022046045574,3.0
9174,313437,0.20421112943112468,6.0
9174,272008,0.28996833483958695,4.0
9174,374750,0.262068192022084,5.0
9174,21194,0.10570257095880119,9.0
9174,265098,0.17589828036605284,7.0
9174,479625,0.03205359808746356,10.0
9174,434812,0.12724843582889456,8.0
988,501384,1.0,1.0
988,280967,0.5557079668911404,2.0
988,301224,0.42405332710770016,3.0
988,187196,0.23752178056620168,4.0
988,45029,0.21992267277118888,5.0
988,287991,0.1985496602301281,6.0
988,236899,0.11012426942987957,9.0
988,201495,0.18186420035851336,8.0
988,345199,0.18620985634736525,7.0
988,455398,0.028271030537881662,10.0
2154,476632,1.0,1.0
2154,132371,0.7954997543127539,2.0
2154,153541,0.7904759708025888,3.0
2154,366761,0.33175363338613106,4.0
2154,62966,0.09463398517159202,8.0
2154,24890,0.22665573509549805,5.0
2154,147080,0.12243204859762152,7.0
2154,450808,0.14435260441778588,6.0
2154,150219,0.0855747743882169,10.0
2154,148757,0.0892979793818535,9.0
9646,272784,0.9627398308925776,1.0
9646,236482,0.6896800521177133,2.0
9646,29306,0.6473606897163006,4.0
9646,556191,0.6500315733891706,3.0
9646,395437,0.20575869989066806,5.0
9646,96121,0.13232089338198008,7.0
9646,26203,0.20534542147093424,6.0
9646,257853,0.11675428101329435,8.0
9646,323768,0.018234366126128103,10.0
9646,535697,0.03845823323274658,9.0
3033,571430,1.0,1.0
3033,518624,0.7525686287398177,2.0
3033,318583,0.4701414316859514,3.0
3033,123468,0.40821179258659845,4.0
3033,295980,0.254601675705276,6.0
3033,481102,0.2999992953073193,5.0
3033,398622,0.1365460560419866,8.0
3033,570453,0.11344847312184206,9.0
3033,387010,0.14610613595303779,7.0
3033,62966,0.0,10.0
15,583956,0.8527353163461572,1.0
15,119213,0.6490609013457967,2.0
15,170294,0.6091240130152182,3.0
15,325273,0.6056990095027842,4.0
15,570155,0.402869077675971,5.0
15,509723,0.3287006022414123,6.0
15,18509,0.2542964204527759,7.0
15,298159,0.0984001694565299,8.0
15,338313,0.09517510407201851,9.0
15,387165,0.0658222527171098,10.0
6612,274870,0.9086120155966041,1.0
6612,254454,0.8898943299011942,2.0
6612,216384,0.7405068199708897,3.0
6612,187739,0.6464307915121303,4.0
6612,366448,0.4408516055873595,5.0
6612,95778,0.2524457319306273,6.0
6612,205522,0.19829503024384051,8.0
6612,416796,0.20409149177205044,7.0
6612,159936,0.16642766793068461,9.0
6612,108302,0.0,10.0
5940,304743,0.9689104705268621,1.0
5940,326665,0.7135256615148484,2.0
5940,226303,0.39597761607162624,4.0
5940,438243,0.5022442018303636,3.0
5940,428082,0.33807994562503085,5.0
5940,433490,0.26361344139401216,7.0
5940,167684,0.26492798034179543,6.0
5940,16670,0.10167508968593722,9.0
5940,150650,0.08735082430709722,10.0
5940,546313,0.19661296879650808,8.0
9385,403755,1.0,1.0
9385,442127,0.7342075865409565,2.0
9385,1198,0.4894551537047022,3.0
9385,379667,0.38719770297751266,4.0
9385,341579,0.34451945894638286,5.0
9385,70853,0.22380548410896334,6.0
9385,57138,0.1799227441665877,7.0
9385,407654,0.09606004829891797,8.0
9385,208070,0.07580770634163435,9.0
9385,62151,0.019224049278525276,10.0
9332,159577,0.933779915469821,1.0
9332,293687,0.6639694520844207,2.0
9332,271243,0.5664055540737212,3.0
9332,212770,0.33065030016050073,5.0
9332,178521,0.4452026094061078,4.0
9332,286074,0.19480466939456037,7.0
9332,271766,0.2837534742375349,6.0
9332,123418,0.11387265810281541,8.0
9332,236389,0.02288046696461007,10.0
9332,444107,0.050079024095570544,9.0
8275,435963,0.9653852841947572,1.0
8275,26203,0.470752564618088,3.0
8275,514500,0.3318522780500224,5.0
8275,294867,0.5027956673851113,2.0
8275,571306,0.3916813771023504,4.0
8275,114439,0.31987017857836647,6.0
8275,576564,0.24544213382738303,7.0
8275,99757,0.19321517706868202,8.0
8275,44601,0.11681994835934482,10.0
8275,554568,0.18055343061890772,9.0
4785,435021,0.8113061726649149,2.0
4785,37517,0.9560752091087207,1.0
4785,326991,0.204227748392532,3.0
4785,85522,0.10878417010535857,7.0
4785,34789,0.12550530703641788,5.0
4785,564841,0.12315141116348627,6.0
4785,162456,0.1641608490881278,4.0
4785,69696,0.03612100340732409,10.0
4785,140170,0.04432643969958554,9.0
4785,385574,0.07167110634298668,8.0
4465,569461,0.9479515000902375,1.0
4465,561377,0.8093792377972829,2.0
4465,299242,0.8055129558418825,3.0
4465,349710,0.535167440541495,5.0
4465,344041,0.5702320862852035,4.0
4465,109860,0.4214563438328471,6.0
4465,226303,0.3153340252750597,7.0
4465,170294,0.17394859995789116,9.0
4465,213591,0.22912995878298575,8.0
4465,461051,0.16493113912068266,10.0
7279,476834,1.0,1.0
7279,214542,0.544963312637601,2.0
7279,412502,0.4660528643916862,3.0
7279,50744,0.4650364310873294,4.0
7279,27081,0.28372754951052115,5.0
7279,322456,0.2028320956599547,6.0
7279,442489,0.07368550353337554,7.0
7279,19606,0.06108608577911058,8.0
7279,343489,0.0008070896823073534,10.0
7279,29790,0.0034223199374215523,9.0
7431,281707,0.9661348869682514,1.0
7431,372921,0.837222623380002,2.0
7431,292991,0.4286594425479163,4.0
7431,501384,0.37065339469279646,5.0
7431,423403,0.4314802237956684,3.0
7431,44594,0.2111675330608986,6.0
7431,305287,0.17053781251889674,7.0
7431,114768,0.13201941721450672,8.0
7431,178303,0.06340177249504152,10.0
7431,257248,0.07683759098219452,9.0
2118,76515,0.866686458542787,1.0
2118,338313,0.6729368004751634,2.0
2118,384322,0.6487021397140625,3.0
2118,467509,0.3688724368468557,6.0
2118,411061,0.4901546364130154,4.0
2118,191977,0.36956451669379886,5.0
2118,328556,0.13570502772490906,7.0
2118,528661,0.06940754190628037,8.0
2118,361028,0.034283074413512034,9.0
2118,373271,0.023415008205910224,10.0
5380,549254,1.0,1.0
5380,216196,0.6188827511667455,2.0
5380,46099,0.17659472221604053,4.0
5380,360481,0.1955428265471123,3.0
5380,175771,0.09931430089510696,7.0
5380,242524,0.1639052429642808,5.0
5380,507284,0.12085748969777692,6.0
5380,416307,0.05317996135824947,8.0
5380,345895,0.0489282358180454,9.0
5380,336772,0.042006506672660475,10.0
3404,62966,0.8151945590618486,1.0
3404,322246,0.567992046320122,2.0
3404,583635,0.525239545862778,3.0
3404,272425,0.45796372501705956,4.0
3404,153541,0.3751812082650525,5.0
3404,251411,0.22663943793035238,7.0
3404,488574,0.35372586814162177,6.0
3404,241136,0.05810431976545574,10.0
3404,442110,0.15519610132256775,8.0
3404,298128,0.10860090943344321,9.0
6420,565568,1.0,1.0
6420,480315,0.7222051612666095,2.0
6420,294295,0.6007059156744468,3.0
6420,394244,0.33636210187597043,4.0
6420,69696,0.22956308533736186,5.0
6420,122432,0.1913283298989492,7.0
6420,269898,0.20312895773806244,6.0
6420,279897,0.1364670457288794,9.0
6420,442048,0.14977472304408784,8.0
6420,112714,0.12097502857345474,10.0
9961,21311,1.0,1.0
9961,72402,0.4992211669542652,2.0
9961,335991,0.42857540666213767,3.0
9961,518379,0.3912654397043968,4.0
9961,174335,0.2519093592066109,6.0
9961,341493,0.2785472414237104,5.0
9961,17166,0.14301298634002407,8.0
9961,528522,0.18120004498954145,7.0
9961,565684,0.009699849015245156,10.0
9961,156358,0.018013315473330994,9.0
8079,125940,0.8236603729153305,2.0
8079,95278,0.9701023420041802,1.0
8079,187583,0.6684989314588494,3.0
8079,57138,0.4715915629350713,4.0
8079,11184,0.428623042255326,5.0
8079,108040,0.30016458642295596,6.0
8079,39478,0.21641719802514245,7.0
8079,224231,0.10028467066958112,8.0
8079,93971,0.04742818347337642,9.0
8079,1198,0.0,10.0
