query_id,doc_id,score_hybrid,rank
3394,112208,0.7925755339985545,2.0
3394,172703,0.4257496115332231,3.0
3394,87722,0.33433067831748287,4.0
3394,445971,0.8113950718392057,1.0
3394,345199,0.2640475081212352,5.0
3394,377429,0.19082303480374682,7.0
3394,387277,0.2414946513127817,6.0
3394,133093,0.18063335272244097,8.0
3394,418150,0.03820926921778813,10.0
3394,539263,0.040309804156280306,9.0
5505,100387,1.0,1.0
5505,141738,0.270545089502575,3.0
5505,278824,0.2633189193478237,4.0
5505,70488,0.36249360189671337,2.0
5505,349160,0.07430678365999524,7.0
5505,478457,0.043825481004207745,9.0
5505,200338,0.17268488691566466,5.0
5505,408327,0.14560358100375323,6.0
5505,442142,0.04970288423956183,8.0
5505,593085,0.0,10.0
6792,558617,1.0,1.0
6792,400841,0.48798504621142214,3.0
6792,29306,0.5086460215054999,2.0
6792,136825,0.4863348910986378,4.0
6792,259081,0.43493465527150466,7.0
6792,40447,0.25829215754812074,8.0
6792,480515,0.4501145696549683,6.0
6792,156467,0.45641777435683095,5.0
6792,545434,0.03841985885049964,10.0
6792,585447,0.1869512004218962,9.0
6909,452175,0.6253024263507216,1.0
6909,13260,0.5204566672865188,5.0
6909,435963,0.5347585859729667,4.0
6909,375019,0.6115969028588737,3.0
6909,266900,0.37690073894302367,7.0
6909,464502,0.0915420790426816,9.0
6909,214003,0.0301102329627081,10.0
6909,79357,0.6246665348392783,2.0
6909,535697,0.38268550410987656,6.0
6909,330041,0.28325906520721306,8.0
4946,121690,1.0,1.0
4946,156816,0.5373890614072072,2.0
4946,79357,0.43298594678030766,4.0
4946,9938,0.38176805621233906,5.0
4946,350680,0.23566127943983486,7.0
4946,28119,0.20320313270538598,8.0
4946,343489,0.3038726815962888,6.0
4946,100485,0.5010421144940455,3.0
4946,88105,0.013076484586904314,10.0
4946,496935,0.06384269681469412,9.0
4125,283079,0.4550333735646951,5.0
4125,232199,0.4759765866296679,4.0
4125,363591,0.5734441846460696,2.0
4125,452987,0.3611633153211019,6.0
4125,571362,0.7568000799557313,1.0
4125,292769,0.2711983193488736,7.0
4125,340044,0.5147899781858911,3.0
4125,103593,0.016753357194540904,10.0
4125,276400,0.169269655865576,8.0
4125,7632,0.1435756212091567,9.0
6009,62151,0.6333851770560104,5.0
6009,175831,0.6641753726756233,3.0
6009,303325,0.7775547245684296,2.0
6009,228983,0.8259735954657709,1.0
6009,158717,0.6528941131038334,4.0
6009,472585,0.043997955208960805,10.0
6009,178684,0.1873570071656761,8.0
6009,442048,0.4534827582017984,6.0
6009,125298,0.1631713699615721,9.0
6009,99857,0.3010651131918333,7.0
9598,528034,0.5557300238621187,4.0
9598,379311,0.5707321191533649,3.0
9598,322826,0.14521426517388034,9.0
9598,136270,0.14535939894342753,8.0
9598,574327,0.6871269914693461,1.0
9598,112208,0.27588378962671406,5.0
9598,17923,0.2046263253336764,6.0
9598,172703,0.16472897579425025,7.0
9598,297290,0.5973829485322337,2.0
9598,383978,0.010266664870850435,10.0
10645,22221,1.0,1.0
10645,340131,0.7244055029236722,3.0
10645,441176,0.7958017659943072,2.0
10645,183349,0.2880289365323747,8.0
10645,102684,0.4570287199128843,6.0
10645,248799,0.6054693875249397,4.0
10645,317354,0.36790569093614434,7.0
10645,293679,0.5251045080498213,5.0
10645,415340,0.2536407518894599,9.0
10645,487791,0.0,10.0
7441,125659,0.6486857813902767,5.0
7441,192900,0.7300728627144146,4.0
7441,537418,0.8737016537379818,2.0
7441,231781,0.9067097386224363,1.0
7441,117576,0.7587795179201268,3.0
7441,404339,0.12477208237512705,9.0
7441,329662,0.37173182868549814,6.0
7441,504996,0.30287784520803807,8.0
7441,336018,0.31637033525190866,7.0
7441,180733,0.05752248771193879,10.0
5080,305901,0.6089805237991865,4.0
5080,553304,0.6253132924750925,2.0
5080,392434,0.4390136320505123,6.0
5080,514512,0.4184589496474981,7.0
5080,67063,0.7893961825452613,1.0
5080,488334,0.6126777183060526,3.0
5080,356928,0.5992391743903784,5.0
5080,271026,0.07336369011762509,10.0
5080,88912,0.16332231755105875,9.0
5080,167950,0.24913732645176237,8.0
9329,326991,1.0,1.0
9329,385574,0.2796173221882171,6.0
9329,340210,0.4289325203141504,4.0
9329,394924,0.42482820361704043,5.0
9329,265098,0.4781583323495405,3.0
9329,586018,0.4941670636668274,2.0
9329,179103,0.07985620313443131,9.0
9329,192900,0.27238155173121825,7.0
9329,209493,0.21483525617971722,8.0
9329,209065,0.0,10.0
6479,404339,1.0,1.0
6479,272008,0.8086919108787831,2.0
6479,536120,0.31732632127659877,5.0
6479,9938,0.08561620397516723,9.0
6479,453839,0.18662254970414358,7.0
6479,104793,0.02677002153531486,10.0
6479,257656,0.38787498685135136,3.0
6479,491969,0.3237827806675606,4.0
6479,114439,0.11569830668583303,8.0
6479,340210,0.23894336109414835,6.0
8513,175821,1.0,1.0
8513,69790,0.7218432588624536,2.0
8513,167950,0.4029369971200292,3.0
8513,183612,0.10456282977815241,10.0
8513,449039,0.25307719968515763,8.0
8513,267113,0.38076471310820315,5.0
8513,167896,0.2242420364676862,9.0
8513,417840,0.3616610677777013,6.0
8513,232712,0.3871332216818006,4.0
8513,87667,0.2606862798785628,7.0
10109,93231,1.0,1.0
10109,28314,0.8484941495442777,2.0
10109,535317,0.3705721084658069,3.0
10109,395357,0.31800572778444613,4.0
10109,124630,0.1619986463502795,6.0
10109,244749,0.10735404860819284,9.0
10109,305467,0.14752162573067668,7.0
10109,116420,0.11447122257398498,8.0
10109,474384,0.23733982403917314,5.0
10109,105818,0.0,10.0
4844,275257,1.0,1.0
4844,367137,0.6111426727697851,3.0
4844,192193,0.6898490485031774,2.0
4844,111033,0.516819653340685,4.0
4844,235522,0.3803235554447805,5.0
4844,549741,0.15039698406220958,8.0
4844,140088,0.2945796113192551,6.0
4844,386423,0.10318683734138527,9.0
4844,144177,0.19100682722557513,7.0
4844,409432,0.0,10.0
8544,214003,1.0,1.0
8544,37517,0.355468374177489,3.0
8544,336541,0.3538185842521013,4.0
8544,75437,0.26324287134524704,6.0
8544,13260,0.3286581965522439,5.0
8544,100103,0.43169750207559704,2.0
8544,416307,0.09348361306684877,8.0
8544,12432,0.05210400121083757,9.0
8544,561884,0.2425069278447744,7.0
8544,111768,0.05186420188426731,10.0
4823,561929,1.0,1.0
4823,362919,0.6355648257737794,2.0
4823,340131,0.28415807079114397,8.0
4823,104726,0.5799167579828043,3.0
4823,11572,0.4729804214866837,5.0
4823,7094,0.5076590388314616,4.0
4823,2860,0.17872306893741297,9.0
4823,459423,0.41224324055911904,6.0
4823,252716,0.3114072000162057,7.0
4823,271118,0.0,10.0
1085,366597,1.0,1.0
1085,405702,0.7923507420926631,2.0
1085,485195,0.2941667028269215,5.0
1085,374334,0.27643691477574434,6.0
1085,108302,0.26047173568887905,7.0
1085,581889,0.21611038633539295,8.0
1085,94586,0.020708499415868106,10.0
1085,184175,0.4145031285763847,4.0
1085,401125,0.4857773993396568,3.0
1085,315275,0.17574267878460095,9.0
2388,104988,1.0,1.0
2388,300287,0.46655213680403035,2.0
2388,13657,0.2583018932610186,6.0
2388,123733,0.09631938096871978,10.0
2388,459423,0.3616089653242617,3.0
2388,565698,0.26662404881226515,5.0
2388,423403,0.21212024380503247,7.0
2388,157702,0.3199464554473856,4.0
2388,141320,0.2006793084324442,8.0
2388,429978,0.12414077757742323,9.0
6891,474351,1.0,1.0
6891,492506,0.33624781866550124,2.0
6891,504497,0.03822547586642235,9.0
6891,558924,0.21910686524978804,5.0
6891,264095,0.1666217398775667,7.0
6891,381757,0.25410768912395176,4.0
6891,323363,0.25982496405570343,3.0
6891,579543,0.05681946298346419,8.0
6891,143425,0.17421389907977733,6.0
6891,73434,0.0,10.0
2568,346042,1.0,1.0
2568,164702,0.43296542440614083,4.0
2568,170141,0.619926153927874,3.0
2568,13975,0.2664604954162078,6.0
2568,544654,0.13596115045761234,9.0
2568,130209,0.4078395629615793,5.0
2568,428150,0.15304390388961356,8.0
2568,269898,0.6415679433380997,2.0
2568,368802,0.1842481396853861,7.0
2568,213370,0.1010578214553682,10.0
7702,558924,0.8607347649478092,1.0
7702,133093,0.766496192222816,3.0
7702,387277,0.8546076281236324,2.0
7702,592636,0.2395265828792466,6.0
7702,214542,0.2306723270789524,7.0
7702,192193,0.26105803020229035,4.0
7702,108721,0.07030897378082393,9.0
7702,140088,0.2545498661638201,5.0
7702,367137,0.0998576987451708,8.0
7702,259317,0.0,10.0
2376,91545,0.9224259235164268,1.0
2376,402249,0.9192443458620336,2.0
2376,244961,0.740040464538245,4.0
2376,114417,0.7009707461944543,6.0
2376,549833,0.8342710101417675,3.0
2376,324411,0.6510400035256638,7.0
2376,407455,0.6394841546529106,8.0
2376,64263,0.7150272260024501,5.0
2376,582521,0.42005687107033685,9.0
2376,44110,0.0,10.0
4339,386531,1.0,1.0
4339,488615,0.7712970854354001,2.0
4339,16392,0.33473301402248135,4.0
4339,242076,0.20697522009218466,6.0
4339,240645,0.18039805690873342,7.0
4339,473540,0.3560195687419294,3.0
4339,260328,0.32766382342197914,5.0
4339,455398,0.033847103576940776,10.0
4339,242294,0.16187496648578956,8.0
4339,103256,0.05874732315617293,9.0
5427,387854,0.6520290951820051,1.0
5427,580709,0.48727460822398283,5.0
5427,55666,0.5182892769518277,4.0
5427,200338,0.14504488403094612,10.0
5427,597467,0.41067784506776167,6.0
5427,142876,0.5363279145016592,3.0
5427,522358,0.161732420931381,9.0
5427,273084,0.2105139345846008,8.0
5427,200603,0.6029902365881966,2.0
5427,549759,0.2224585056746353,7.0
7734,226070,1.0,1.0
7734,96013,0.6341853906259456,2.0
7734,87667,0.39864979397571965,4.0
7734,94591,0.38495394033004593,5.0
7734,10703,0.44143589453107307,3.0
7734,150544,0.0835993527077497,9.0
7734,421371,0.31796330706409215,8.0
7734,232712,0.3371774242225461,7.0
7734,247486,0.009362836771651492,10.0
7734,433905,0.3521851345605994,6.0
2486,487791,1.0,1.0
2486,58937,0.5348382274504637,2.0
2486,388575,0.27959711640621376,7.0
2486,101604,0.2962903631545428,6.0
2486,216327,0.15868937553804086,9.0
2486,250702,0.3752489220246692,4.0
2486,357914,0.227632986164394,8.0
2486,234436,0.5063738273445613,3.0
2486,518563,0.00405420802093263,10.0
2486,130021,0.3293087702157253,5.0
7071,238629,0.7536779461407617,1.0
7071,99857,0.2943864983768185,8.0
7071,178684,0.6568980552663544,2.0
7071,14543,0.3734521034052348,5.0
7071,588384,0.1597241275670943,9.0
7071,246221,0.39277121979830504,4.0
7071,403899,0.03351017060594389,10.0
7071,434812,0.6167338943543135,3.0
7071,319793,0.349498637482604,6.0
7071,378173,0.2980587085600893,7.0
8537,511093,0.9484800397240983,1.0
8537,416307,0.8869194977528756,2.0
8537,572842,0.32024142578503345,7.0
8537,281707,0.23419987880793058,8.0
8537,374020,0.5573948651476308,6.0
8537,96467,0.6216758044624525,4.0
8537,557356,0.5873969266779862,5.0
8537,472516,0.7025059792034163,3.0
8537,472014,0.1452648180199583,9.0
8537,501384,0.07904849344074587,10.0
7178,70096,0.5932452090622604,2.0
7178,401329,0.7798327800383045,1.0
7178,420851,0.35753779333889674,3.0
7178,518563,0.15813141276683393,7.0
7178,58851,0.032526312594193175,10.0
7178,474384,0.21624263335334742,5.0
7178,88892,0.12353110671182284,9.0
7178,193312,0.2019821928944947,6.0
7178,484055,0.22766463560904365,4.0
7178,554568,0.14532525542595065,8.0
4777,2860,0.9219228908367783,1.0
4777,409535,0.9203383628103791,2.0
4777,228983,0.23602077636794894,4.0
4777,429378,0.1760938439351995,6.0
4777,407455,0.18541295678057734,5.0
4777,167896,0.6164937100837774,3.0
4777,525231,0.13045927599845913,7.0
4777,570155,0.10628577548590028,8.0
4777,413041,0.023540763623968897,10.0
4777,164008,0.03255852818090335,9.0
2398,168922,0.4,7.0
2398,96538,0.8923188423823434,1.0
2398,443246,0.7583569749067322,2.0
2398,490443,0.5578423110465475,4.0
2398,527698,0.7498857144950515,3.0
2398,548465,0.5447742096621749,5.0
2398,107092,0.38347681041492127,8.0
2398,505959,0.41375244320489635,6.0
2398,403515,0.16055866216633133,10.0
2398,342212,0.37781593286810367,9.0
849,557186,1.0,1.0
849,528564,0.7394758033567113,3.0
849,232199,0.809655302417237,2.0
849,183612,0.7349911251679628,4.0
849,234436,0.34366872950370564,8.0
849,366830,0.5046515057071479,5.0
849,24890,0.3168773134749353,9.0
849,327263,0.44448386635099696,6.0
849,454810,0.010591750672627668,10.0
849,273947,0.43172188006058315,7.0
7534,175821,1.0,1.0
7534,301224,0.4344556343124254,4.0
7534,498378,0.44727377905115506,3.0
7534,46099,0.1028469328450692,8.0
7534,147765,0.13807388568733855,7.0
7534,89714,0.4482290215082019,2.0
7534,51046,0.19880869475282453,5.0
7534,211839,0.0066406300991421795,10.0
7534,255491,0.08064027152228113,9.0
7534,169062,0.15531310599187223,6.0
5021,226070,0.5983761748500904,2.0
5021,423034,0.8573078041722907,1.0
5021,588607,0.21078389202811887,7.0
5021,79357,0.5945428384189373,3.0
5021,494939,0.5416491041134206,4.0
5021,3118,0.06233075704857684,10.0
5021,339640,0.2596950365535527,5.0
5021,289813,0.12882612596994297,9.0
5021,481308,0.2141984348484966,6.0
5021,136825,0.1632298958953831,8.0
6131,326094,0.954309639339765,1.0
6131,334111,0.8042337291222924,2.0
6131,44223,0.4174000850337606,5.0
6131,258465,0.6410122241161601,4.0
6131,123733,0.12341645353391031,9.0
6131,368806,0.6692779097044179,3.0
6131,315275,0.13099939724843596,8.0
6131,470024,0.41107429821373576,6.0
6131,483441,0.2639924835840586,7.0
6131,169699,0.02115532547189263,10.0
10136,152316,0.9146788580518574,2.0
10136,32744,0.6233294272399146,3.0
10136,290930,0.926754440267256,1.0
10136,277179,0.442833947415879,4.0
10136,18509,0.15404433296510997,8.0
10136,198349,0.2622213384388804,6.0
10136,302792,0.1045406893538402,9.0
10136,507284,0.3161149647868065,5.0
10136,280204,0.18288362559307283,7.0
10136,144177,0.04443109636896892,10.0
9548,423658,0.9457057482591789,1.0
9548,523810,0.532968670954948,4.0
9548,297290,0.8472457904341518,2.0
9548,231227,0.7629273320860863,3.0
9548,61022,0.17995545799624635,8.0
9548,72160,0.22992918096427228,6.0
9548,539263,0.2380737680208857,5.0
9548,32811,0.0645110866770202,10.0
9548,583203,0.15824981329320512,9.0
9548,482544,0.2206387338738374,7.0
4942,314898,1.0,1.0
4942,433490,0.6617650094664144,2.0
4942,295864,0.23354430768009454,7.0
4942,70853,0.40834006500188164,3.0
4942,420556,0.2683462475585342,5.0
4942,94689,0.2651223674685087,6.0
4942,486333,0.28306559210968346,4.0
4942,62966,0.22050756959257892,8.0
4942,55999,0.02584465282752408,9.0
4942,539263,0.01141657184758835,10.0
5090,572272,0.7025805593996403,2.0
5090,12988,0.9151746644059368,1.0
5090,270856,0.5063629383183643,3.0
5090,468777,0.19090797740968657,9.0
5090,507544,0.433450655401546,4.0
5090,551423,0.3029727440053934,6.0
5090,149500,0.3638690198783805,5.0
5090,247721,0.17080299460454068,10.0
5090,169688,0.29946776518460416,7.0
5090,414534,0.2927662308574541,8.0
6005,149500,1.0,1.0
6005,507544,0.7124823813281619,2.0
6005,572272,0.6462898780244514,3.0
6005,551423,0.24625929206640707,6.0
6005,140947,0.039775440653042664,10.0
6005,30311,0.10990770919784838,7.0
6005,176498,0.42742099119550064,4.0
6005,414288,0.3562913024798493,5.0
6005,515060,0.10023498620863289,9.0
6005,377223,0.10278828699757048,8.0
7533,162668,1.0,1.0
7533,461084,0.6505871491019984,2.0
7533,438680,0.4767946648693894,5.0
7533,284411,0.5544469211853221,3.0
7533,167356,0.31406983163926694,8.0
7533,257016,0.42037925941437065,6.0
7533,201495,0.4812139897640959,4.0
7533,213435,0.362412073124331,7.0
7533,167950,0.023287244540678948,9.0
7533,407654,0.011821119583105255,10.0
8034,284075,0.4,5.0
8034,327978,0.46295772151813575,4.0
8034,415340,0.31797170129329644,7.0
8034,307999,0.8070453974664658,1.0
8034,292991,0.19633130552203032,10.0
8034,198764,0.39458494488299184,6.0
8034,13153,0.5421984051909157,2.0
8034,22221,0.5248661365439564,3.0
8034,213435,0.22739459015795263,9.0
8034,579557,0.2542870510409833,8.0
2330,478514,1.0,1.0
2330,260014,0.14697668055588103,7.0
2330,370334,0.39250147419820364,2.0
2330,345895,0.1665214680950648,5.0
2330,156873,0.16310755259342627,6.0
2330,572272,0.03145839999855621,9.0
2330,488334,0.168858564386445,4.0
2330,94586,0.09171260227675768,8.0
2330,167684,0.20015568936885372,3.0
2330,9656,0.0,10.0
7803,62151,1.0,1.0
7803,572205,0.42587298797884343,4.0
7803,327127,0.3751151826352238,5.0
7803,216065,0.49256560398127147,2.0
7803,214003,0.4317682718700028,3.0
7803,100103,0.267419672656401,8.0
7803,336541,0.29816192021148186,7.0
7803,324037,0.10196459635916758,9.0
7803,583651,0.009571355505447382,10.0
7803,12432,0.3748702652923355,6.0
1933,183612,1.0,1.0
1933,446984,0.336575022168913,3.0
1933,141738,0.06999890880758616,9.0
1933,352640,0.22558618665205413,7.0
1933,445298,0.28768341097617733,4.0
1933,413041,0.01979157842959596,10.0
1933,466718,0.3657220464169927,2.0
1933,234436,0.16973351511409976,8.0
1933,264554,0.23163740414928932,6.0
1933,134794,0.23386356053205076,5.0
6849,44601,1.0,1.0
6849,59714,0.4493924747117761,3.0
6849,78675,0.4337775569288114,4.0
6849,578427,0.4739797249320088,2.0
6849,172703,0.19390050289843982,6.0
6849,79998,0.1775476619816173,7.0
6849,112208,0.08838452144381834,8.0
6849,418150,0.3883030902382876,5.0
6849,328086,0.009700467547002318,9.0
6849,61962,0.002921096561045023,10.0
7448,418150,1.0,1.0
7448,100485,0.13288069331802346,6.0
7448,273861,0.04995009836540802,10.0
7448,112208,0.2794030729513346,2.0
7448,377429,0.1699848352030595,5.0
7448,387277,0.12864903220033144,7.0
7448,307095,0.17389878096951997,4.0
7448,133093,0.08485272983173546,9.0
7448,44601,0.24208129583716126,3.0
7448,172703,0.10374416252532992,8.0
42,283079,0.9806523596029116,1.0
42,278824,0.6651954447822351,4.0
42,528564,0.7310685988850847,2.0
42,327002,0.6840270505075232,3.0
42,141738,0.24001362049578692,8.0
42,124630,0.15670026994110822,9.0
42,366830,0.5179225250420932,6.0
42,467509,0.06375790104942669,10.0
42,536849,0.6382885712875391,5.0
42,583956,0.3205274013076826,7.0
4102,125940,0.4955330873524858,5.0
4102,293320,0.46919947106350124,6.0
4102,572340,0.7089889654533168,2.0
4102,554734,0.8783719367658993,1.0
4102,275925,0.46608892946362596,7.0
4102,327978,0.5935747120967045,3.0
4102,326142,0.5439275445588876,4.0
4102,460457,0.21288586394428452,9.0
4102,356987,0.028797661225322298,10.0
4102,324779,0.25544148717482423,8.0
7269,474351,0.5761489381211478,3.0
7269,588607,0.4755969501719131,4.0
7269,72402,0.31215534062916106,6.0
7269,226070,0.14723862976805752,8.0
7269,301580,0.06787360895616187,10.0
7269,486696,0.5849002550494472,2.0
7269,386173,0.12619283725681268,9.0
7269,392894,0.624746484424205,1.0
7269,129319,0.30057745372263955,7.0
7269,90294,0.3165526728520411,5.0
10975,363591,0.4471194371479006,4.0
10975,17166,0.8920716775658118,1.0
10975,72160,0.41778119538546044,5.0
10975,545759,0.2843479164517122,6.0
10975,384564,0.2601358536552263,7.0
10975,482544,0.6411705753816508,2.0
10975,528522,0.07448171273712055,10.0
10975,61022,0.2418591723421194,8.0
10975,452870,0.5212324196556634,3.0
10975,341493,0.21623590422849545,9.0
715,93936,0.4356091759562306,6.0
715,232262,0.7088370319592562,1.0
715,377223,0.6944243946347695,2.0
715,590489,0.6195260420545197,4.0
715,560872,0.6692608327377689,3.0
715,127316,0.3614649289182694,8.0
715,273925,0.5369574870710063,5.0
715,524752,0.040115999646223345,9.0
715,212028,0.008688716640169286,10.0
715,167896,0.4212315717576458,7.0
4037,557186,0.8415956899322152,1.0
4037,408327,0.4151947872718657,3.0
4037,81483,0.07583180914593984,9.0
4037,264554,0.24984331136061072,5.0
4037,70488,0.11878876800009802,8.0
4037,73427,0.29258840871054903,4.0
4037,141738,0.06631248849258774,10.0
4037,327002,0.24149370128271855,6.0
4037,298099,0.6019386617509156,2.0
4037,278824,0.15082778747229095,7.0
4047,159836,0.5314663449105359,4.0
4047,538352,0.9052593408352176,1.0
4047,124230,0.5840067794906341,3.0
4047,457294,0.29627971599731034,6.0
4047,227423,0.641975176899338,2.0
4047,488258,0.1790123935835045,8.0
4047,186453,0.4506867226359928,5.0
4047,560872,0.07710194336336532,9.0
4047,304477,0.007795671351516437,10.0
4047,472585,0.20902166211311962,7.0
8072,31465,1.0,1.0
8072,127452,0.6393371238398702,2.0
8072,164008,0.5281843944899757,5.0
8072,413041,0.2664921579767818,8.0
8072,394244,0.5440163368080544,4.0
8072,284235,0.5714048081957245,3.0
8072,494727,0.33382551696247675,7.0
8072,294867,0.42303635252922256,6.0
8072,316838,0.15941093692014818,10.0
8072,169062,0.16652296599111302,9.0
5906,258465,0.6485283961124888,3.0
5906,409907,0.8064570147749391,1.0
5906,318520,0.6790076386772153,2.0
5906,470024,0.21859367195611934,7.0
5906,289231,0.14586938856636153,8.0
5906,273528,0.42224216490196526,5.0
5906,326094,0.1152244435613331,9.0
5906,2460,0.22402492609010474,6.0
5906,394467,0.10494549419345899,10.0
5906,15172,0.46739279250755505,4.0
8378,178684,1.0,1.0
8378,246221,0.7013755523547797,3.0
8378,238629,0.6965470524063857,4.0
8378,434812,0.7105039127075343,2.0
8378,102237,0.6564166633160713,5.0
8378,43497,0.2596887383696316,6.0
8378,403025,0.08393598547692754,9.0
8378,382381,0.21453380314127146,7.0
8378,554568,0.1409245387725035,8.0
8378,597401,0.0,10.0
885,315275,0.6157574427020533,2.0
885,273528,0.3650440636426602,5.0
885,173929,0.28895875684065847,8.0
885,394467,0.37296398081285953,4.0
885,485195,0.14448535412999916,9.0
885,326094,0.6642017123848476,1.0
885,483441,0.330890524559563,6.0
885,258465,0.5642821447255699,3.0
885,399013,0.09988787242091428,10.0
885,246459,0.3009916457996909,7.0
2423,529444,0.928332037309321,2.0
2423,396127,0.9631082313810899,1.0
2423,89049,0.5150462758179633,4.0
2423,124027,0.5086719682073363,5.0
2423,461084,0.35319223324096394,8.0
2423,388646,0.3882488496163753,7.0
2423,553288,0.5840011454012752,3.0
2423,428150,0.4994399669159917,6.0
2423,370334,0.0503724979143316,9.0
2423,175232,0.0,10.0
4414,235522,0.9568493901102912,1.0
4414,367137,0.8882933722357417,2.0
4414,133093,0.29276755035668345,7.0
4414,144177,0.553544155050124,4.0
4414,111033,0.4622431744275026,5.0
4414,275257,0.16966386260546928,9.0
4414,29073,0.6375812745961521,3.0
4414,140088,0.23026756162530662,8.0
4414,76776,0.007422849027079014,10.0
4414,577578,0.44158450807099536,6.0
1297,313909,0.5579830863418016,3.0
1297,171761,0.9938567541627831,1.0
1297,219758,0.47403131137527144,5.0
1297,289813,0.4657607304759901,7.0
1297,90712,0.46807012382317303,6.0
1297,146021,0.5773675511057055,2.0
1297,370663,0.493423754876946,4.0
1297,66246,0.05239496546567457,9.0
1297,545434,0.01288592662415363,10.0
1297,521712,0.14427742228486906,8.0
8512,32811,1.0,1.0
8512,61022,0.615307658995742,2.0
8512,149696,0.40292195399413727,3.0
8512,320101,0.13695005454929485,9.0
8512,528522,0.2869876151320023,6.0
8512,231227,0.14206398126509923,8.0
8512,461592,0.3645114604027876,4.0
8512,474384,0.20715637089740982,7.0
8512,214901,0.11026876745451059,10.0
8512,452870,0.3244214047283124,5.0
3822,290930,0.7318243992884637,2.0
3822,454157,0.516879715447192,4.0
3822,586151,0.8083173385963369,1.0
3822,318583,0.18540633244130303,9.0
3822,592636,0.5420349859075799,3.0
3822,476834,0.4591588919756646,7.0
3822,597880,0.32616306717443644,8.0
3822,309269,0.46208203846445195,6.0
3822,431814,0.06911203611671404,10.0
3822,369355,0.4951728794051139,5.0
859,32530,0.9258157155807394,1.0
859,326094,0.7568790757543984,2.0
859,171720,0.5513953934328344,3.0
859,377223,0.48073220393452853,5.0
859,310215,0.2512990151769052,9.0
859,308837,0.3198604376740246,8.0
859,513258,0.036082976809050725,10.0
859,388201,0.40107262485932194,7.0
859,506374,0.4471385453569115,6.0
859,217683,0.5342955359023759,4.0
6668,457294,1.0,1.0
6668,93971,0.315857750461978,2.0
6668,301570,0.12919174109435763,8.0
6668,228403,0.30780319023946556,4.0
6668,159703,0.14390284782272444,7.0
6668,326991,0.12494916794380174,9.0
6668,526110,0.25263488919733634,5.0
6668,88892,0.1693375333682169,6.0
6668,241337,0.31165322739216067,3.0
6668,11988,0.09614206719073526,10.0
604,38711,0.7223317919959674,2.0
604,571430,0.9249456728927659,1.0
604,224869,0.3705369321285693,5.0
604,115553,0.1288419511375118,9.0
604,197222,0.3438835845430993,6.0
604,348353,0.5431661561878189,3.0
604,561377,0.3288521910823946,7.0
604,195191,0.029410809906974745,10.0
604,342307,0.22189185894616567,8.0
604,486333,0.5046908729216698,4.0
3177,539263,0.877690537483498,2.0
3177,172703,0.9196214071789998,1.0
3177,536120,0.6752900408082283,5.0
3177,377429,0.8200229879521297,4.0
3177,480315,0.8377352483067211,3.0
3177,87722,0.5090913583207008,7.0
3177,17208,0.6548375758389811,6.0
3177,467575,0.2872703676455126,8.0
3177,328086,0.03368005541919712,10.0
3177,423658,0.0910016822032425,9.0
721,496225,1.0,1.0
721,51615,0.1287610034858821,7.0
721,298128,0.2705138741386907,3.0
721,568526,0.3337211668357962,2.0
721,251824,0.1316378219877565,6.0
721,196427,0.0235301219207141,10.0
721,597880,0.07849497696453032,8.0
721,150650,0.13820264900975718,5.0
721,447353,0.15288065110207297,4.0
721,358661,0.02838366406215335,9.0
7124,427726,0.6347870145815467,2.0
7124,242524,0.5860607044384657,3.0
7124,62151,0.5211388837649009,4.0
7124,265314,0.4710050043231873,8.0
7124,226070,0.5133397484155249,5.0
7124,558617,0.7822028123551685,1.0
7124,433905,0.5109443821554409,6.0
7124,421371,0.4858067735998337,7.0
7124,96013,0.305222611709532,9.0
7124,162668,0.0,10.0
4500,236482,0.49212060541729824,3.0
4500,533623,0.7798413385627305,1.0
4500,474234,0.3612795706524005,6.0
4500,166487,0.41515457340811857,5.0
4500,231781,0.25145440031340405,7.0
4500,80031,0.17623750164497254,8.0
4500,163048,0.6519019072657646,2.0
4500,62897,0.048181273376778945,9.0
4500,275929,0.4596493856732565,4.0
4500,81101,0.012611941869375152,10.0
603,64103,0.6712470018045846,2.0
603,399013,0.8113564724992085,1.0
603,535651,0.25948503805913337,7.0
603,120090,0.49687412897924577,3.0
603,279897,0.26399153166831163,6.0
603,55022,0.26724556160516433,5.0
603,35736,0.3766998488025673,4.0
603,544486,0.0504680012765889,8.0
603,77503,0.02164763294627067,10.0
603,139047,0.048899644344820574,9.0
6647,462265,1.0,1.0
6647,13260,0.4036985006743175,2.0
6647,96013,0.2934699628859855,4.0
6647,464533,0.20755291450034222,7.0
6647,562171,0.11807978011615887,8.0
6647,326233,0.20796347666643192,6.0
6647,209188,0.3909849700036535,3.0
6647,231068,0.22620832149788148,5.0
6647,391988,0.03308374417454842,10.0
6647,531990,0.0550074896594952,9.0
5369,258465,0.8883890874244278,1.0
5369,172128,0.6630030422603923,3.0
5369,184175,0.7705010935927709,2.0
5369,399013,0.6278061388080659,4.0
5369,173929,0.09591902149474395,9.0
5369,171339,0.5281489933750366,6.0
5369,414288,0.53380898763727,5.0
5369,500946,0.43736536872139264,7.0
5369,70724,0.2575161743000216,8.0
5369,118280,0.03914544003111004,10.0
932,48722,0.967381017088261,1.0
932,387010,0.9502455702594372,2.0
932,442110,0.569677660788305,3.0
932,292769,0.1887298687934505,7.0
932,593085,0.10021745709505778,9.0
932,23747,0.19439175551568616,6.0
932,418630,0.5054830475868994,4.0
932,281045,0.176246608971655,8.0
932,196427,0.01972024771533565,10.0
932,571430,0.3485953725158404,5.0
9633,259081,0.814794237862225,2.0
9633,534418,0.931771311976573,1.0
9633,481166,0.30423997845834017,4.0
9633,185909,0.3342932356453501,3.0
9633,552479,0.22278962751968362,7.0
9633,590578,0.09387580077445559,8.0
9633,484055,0.26999018570498573,6.0
9633,474351,0.28993740984295496,5.0
9633,363741,0.018511039838326783,10.0
9633,262441,0.06017377197519537,9.0
1676,394871,0.6273055866293489,3.0
1676,234436,0.914633495105702,1.0
1676,77245,0.5169248550199277,4.0
1676,487791,0.698297574142672,2.0
1676,58937,0.29319124816070674,6.0
1676,352640,0.3190073607344678,5.0
1676,279538,0.12632991425664888,7.0
1676,196920,0.05957404215036148,8.0
1676,555732,8.870981100394284e-06,10.0
1676,136804,0.005756536017300737,9.0
4804,222153,0.7546524394950764,1.0
4804,325892,0.3116822031273072,6.0
4804,255795,0.45775501220164216,3.0
4804,285255,0.43053228875753924,5.0
4804,45218,0.088291419423362,9.0
4804,162456,0.640863843706545,2.0
4804,143100,0.14615521129590747,7.0
4804,51583,0.08422123216155226,10.0
4804,116574,0.4463471826920217,4.0
4804,393132,0.13805130738592727,8.0
2747,445298,1.0,1.0
2747,431685,0.2705517615089636,7.0
2747,535705,0.4675055474941403,3.0
2747,583635,0.16472005776767218,8.0
2747,387010,0.42664704697419203,4.0
2747,571430,0.12676115414988892,9.0
2747,418630,0.6136466406963664,2.0
2747,279538,0.35161646751205083,6.0
2747,582864,0.4203895368377025,5.0
2747,123468,0.031235659741336547,10.0
8632,43497,1.0,1.0
8632,382381,0.7557740489510252,2.0
8632,344372,0.4650780391142424,3.0
8632,575741,0.203876668598652,6.0
8632,458385,0.06851857125120814,10.0
8632,416307,0.12384514555827147,8.0
8632,102436,0.36706593672095283,4.0
8632,223070,0.22822256083310682,5.0
8632,363043,0.08624537599346158,9.0
8632,186453,0.1256593802150906,7.0
4981,102684,0.9319529247185209,1.0
4981,45218,0.8597577508056686,2.0
4981,578585,0.25997904408519734,5.0
4981,341625,0.37901857125929117,3.0
4981,590710,0.12119744027788583,6.0
4981,264800,0.11309210111257528,7.0
4981,475541,0.024684629340197634,9.0
4981,212481,0.010178004601428434,10.0
4981,567362,0.34986477102578273,4.0
4981,319692,0.08815026716067574,8.0
6146,289231,0.4,6.0
6146,2460,0.5029442593926504,4.0
6146,470024,0.39573784708118853,7.0
6146,394467,0.4235439691849151,5.0
6146,160125,0.7881981167007395,1.0
6146,581889,0.5062519502522576,3.0
6146,326094,0.25790904571777284,8.0
6146,580709,0.050217261229102875,10.0
6146,273528,0.16075784916468802,9.0
6146,7403,0.5473308791659773,2.0
10674,328556,0.6236786054242278,2.0
10674,435963,0.4925903138030008,3.0
10674,89460,0.4423586889856418,5.0
10674,109860,0.24728441304343626,7.0
10674,88813,0.39650441246732093,6.0
10674,319793,0.4603524427122634,4.0
10674,99857,0.6417679445535519,1.0
10674,99757,0.18347788962718156,8.0
10674,431814,0.1604391645960997,9.0
10674,363043,0.0,10.0
3683,276975,0.9890933738070844,1.0
3683,105973,0.8403111696369726,2.0
3683,421538,0.3443291306258218,4.0
3683,522713,0.5851519055140774,3.0
3683,303977,0.05571932141159818,8.0
3683,178521,0.09178189768543316,7.0
3683,500460,0.30138289975611654,5.0
3683,116865,0.03544037204114939,10.0
3683,158717,0.054859122929257514,9.0
3683,349866,0.1210517761281999,6.0
928,394460,0.6544837499220721,2.0
928,349866,0.9504237013560841,1.0
928,400009,0.19641660008492007,6.0
928,573276,0.09823841775633047,8.0
928,490443,0.13860578396831486,7.0
928,305509,0.06848426224383883,10.0
928,11572,0.5617293886662653,3.0
928,253563,0.07124186574685049,9.0
928,422770,0.2878542362924615,4.0
928,409573,0.23143948640069958,5.0
5054,21311,0.6146401892311337,2.0
5054,485863,0.32322593342402806,5.0
5054,542521,0.41575149401341843,4.0
5054,144660,0.2805056351932116,6.0
5054,307113,0.1616095831456042,8.0
5054,305901,0.197422913124831,7.0
5054,406457,0.6913272611103458,1.0
5054,366219,0.020867712523628325,10.0
5054,340131,0.598353844920674,3.0
5054,15172,0.12723903768681485,9.0
6554,583203,1.0,1.0
6554,226967,0.38018621458524565,2.0
6554,377429,0.25186636659666617,6.0
6554,122012,0.36232077420478487,3.0
6554,403755,0.29714097920165294,5.0
6554,574327,0.3242106886362652,4.0
6554,275902,0.03498172880357749,10.0
6554,536120,0.22374295750645445,8.0
6554,480315,0.22928174510648652,7.0
6554,21103,0.04459910004341911,9.0
7377,579557,1.0,1.0
7377,6666,0.5439632421183402,5.0
7377,328086,0.3999616208040363,6.0
7377,345895,0.18779158629474638,9.0
7377,293679,0.701224617898551,2.0
7377,81304,0.6595385557099503,3.0
7377,172703,0.5823398831551577,4.0
7377,17208,0.35322579679836547,8.0
7377,505027,0.16283004510970903,10.0
7377,453542,0.3771781682124791,7.0
1309,15824,0.7945082471434615,2.0
1309,438869,0.8240612228126893,1.0
1309,279845,0.4277207848672781,4.0
1309,266319,0.4126901207577508,5.0
1309,110386,0.18628310799873715,8.0
1309,366594,0.3375114982475751,6.0
1309,443795,0.03365908023486573,10.0
1309,135415,0.32335419104641994,7.0
1309,16778,0.10622215462305952,9.0
1309,471630,0.6,3.0
8351,273142,1.0,1.0
8351,469776,0.10433179884170415,7.0
8351,171720,0.1467035724582637,6.0
8351,213331,0.17372524315969634,4.0
8351,528132,0.23340989662431239,3.0
8351,191977,0.02642794754364297,10.0
8351,71873,0.3479955249544983,2.0
8351,405374,0.036811717649648405,8.0
8351,568526,0.16539835232383931,5.0
8351,304009,0.034870337675311634,9.0
6441,254279,1.0,1.0
6441,156029,0.576711655267873,2.0
6441,28314,0.5015459783985368,3.0
6441,529993,0.10169976262673266,9.0
6441,87722,0.2733896026195184,5.0
6441,536120,0.13831063024412038,8.0
6441,593644,0.27537285256704214,4.0
6441,108721,0.22470471802745565,6.0
6441,174619,0.08738601876919182,10.0
6441,90712,0.14604406870313835,7.0
4837,426223,0.5481597622818836,7.0
4837,95778,0.7255542640390176,3.0
4837,565330,0.6039768030598054,4.0
4837,159936,0.8062462386386011,1.0
4837,187739,0.7355463935406359,2.0
4837,254454,0.5485898508507476,6.0
4837,167896,0.06996916780979061,10.0
4837,565698,0.38801183893835134,8.0
4837,275410,0.20310306103423756,9.0
4837,274870,0.5534356524585966,5.0
9871,553288,0.7155033338985308,2.0
9871,76562,0.8419003609915848,1.0
9871,322771,0.5401028827495415,4.0
9871,240645,0.3200852044123577,7.0
9871,547301,0.33152221078984423,6.0
9871,213755,0.0920888968146684,9.0
9871,488366,0.3983564016627349,5.0
9871,305907,0.5861211854568096,3.0
9871,172718,0.12295651757513294,8.0
9871,271832,0.08453161311440875,10.0
3067,423403,0.972315003885528,1.0
3067,372921,0.7804506068481978,2.0
3067,578488,0.7201755310491618,4.0
3067,104726,0.7741524133647615,3.0
3067,104788,0.15314406033671993,8.0
3067,582005,0.29182234349433284,6.0
3067,467135,0.2939823492274412,5.0
3067,318473,0.02769639037587165,10.0
3067,187739,0.22254280459012302,7.0
3067,167896,0.03490075817133476,9.0
5741,124219,0.8656163159334718,1.0
5741,328086,0.46647008552775504,4.0
5741,43781,0.3973976255330074,5.0
5741,259081,0.6853593265702569,2.0
5741,568200,0.3924886921644799,6.0
5741,107688,0.37317234935872134,7.0
5741,301224,0.25718100381098974,8.0
5741,329337,0.01310367690877137,9.0
5741,136825,0.4882984462545971,3.0
5741,437427,0.012906808764212178,10.0
3566,45029,0.751538167875995,3.0
3566,195191,0.40988795980081144,6.0
3566,149306,0.8709487635379779,1.0
3566,408123,0.7868297443387704,2.0
3566,152286,0.6481243569721025,4.0
3566,519390,0.3257038003551715,7.0
3566,65782,0.20512959305043038,9.0
3566,595211,0.05332441743908624,10.0
3566,317493,0.436862634191518,5.0
3566,284075,0.23520913021605716,8.0
5862,562511,0.924107705429393,1.0
5862,21194,0.8178832179151292,2.0
5862,273947,0.12949675305690794,8.0
5862,170141,0.5905021150409736,3.0
5862,29790,0.17547370633323783,7.0
5862,253563,0.4664155438289631,5.0
5862,269898,0.585359427097962,4.0
5862,346042,0.39467711658273114,6.0
5862,258465,0.10783441504996263,9.0
5862,78176,0.0,10.0
8779,209730,0.9610234699680628,1.0
8779,180571,0.8113494133178824,2.0
8779,17166,0.34740767937229466,4.0
8779,213591,0.12719081183615358,8.0
8779,279538,0.28278190973377304,5.0
8779,72160,0.3553166533730564,3.0
8779,319954,0.20423342727224572,6.0
8779,452870,0.11827798957497404,9.0
8779,491964,0.1697176642648012,7.0
8779,214901,0.08151433400380269,10.0
4714,505057,0.9875689942247826,1.0
4714,584450,0.8442801034145624,2.0
4714,324833,0.5373113177665791,3.0
4714,184506,0.27919808120651296,4.0
4714,295980,0.25730635646542993,7.0
4714,249450,0.259344155767916,6.0
4714,118374,0.2784982958848916,5.0
4714,424585,0.12684490913051608,9.0
4714,473809,0.0008228266022349395,10.0
4714,46211,0.2532834029013881,8.0
7311,125355,0.7206692204991973,1.0
7311,279897,0.2797344249170683,6.0
7311,183349,0.05914172724438191,9.0
7311,523279,0.12842859111302357,8.0
7311,33576,0.23786540154167074,7.0
7311,215154,0.28877308053338124,5.0
7311,344267,0.615032090854033,2.0
7311,238421,0.5250762751248759,3.0
7311,334696,0.305601595129164,4.0
7311,100485,0.004442217426547171,10.0
109,73427,1.0,1.0
109,213331,0.10824226334758061,7.0
109,538023,0.3538962521324445,3.0
109,461084,0.19886985967250434,6.0
109,563025,0.4284277225222194,2.0
109,406457,0.048488802313687906,10.0
109,342212,0.10650077310641547,8.0
109,535705,0.22075267796545056,5.0
109,547301,0.35237713187175407,4.0
109,18509,0.05578261886447797,9.0
570,21311,0.9220446232320407,1.0
570,103593,0.38525820644393893,9.0
570,232199,0.7242825098980996,2.0
570,341493,0.6586161556406703,3.0
570,565684,0.4369636139619397,7.0
570,156358,0.5122905204019882,5.0
570,79888,0.3105747449515178,10.0
570,335991,0.618766229074078,4.0
570,349384,0.41396324994644346,8.0
570,17166,0.4827479634923561,6.0
6959,301570,0.6248694301226387,2.0
6959,69790,0.7355327685830452,1.0
6959,293767,0.34629012166377,7.0
6959,482415,0.20690178094235467,9.0
6959,330041,0.3727845313268689,5.0
6959,88813,0.42638297465050556,4.0
6959,427726,0.31962647290840607,8.0
6959,266480,0.16996484494656242,10.0
6959,431814,0.6030310467731077,3.0
6959,231781,0.35358597856709323,6.0
90,56718,0.8872760695872115,1.0
90,150219,0.6287612662346547,3.0
90,31793,0.8381646787282822,2.0
90,385073,0.5765386213600185,4.0
90,234436,0.5532311086362717,5.0
90,153541,0.32498106321915954,6.0
90,172594,0.3146823935482849,7.0
90,366830,0.23962786903126254,9.0
90,34731,0.3088041954327937,8.0
90,314898,0.0,10.0
5064,2003,1.0,1.0
5064,455614,0.6254953198814182,3.0
5064,135514,0.28972190683410787,8.0
5064,192811,0.678781513794412,2.0
5064,551423,0.4641481542637772,4.0
5064,414288,0.3468811439828569,7.0
5064,377223,0.4082793935944665,6.0
5064,393278,0.10011854074503812,9.0
5064,524888,0.010659924098268563,10.0
5064,176498,0.4444842544597835,5.0
4103,307380,1.0,1.0
4103,29073,0.9360265537273237,2.0
4103,577578,0.7317701829082695,3.0
4103,482415,0.6835773082143153,4.0
4103,175265,0.3050196723841889,7.0
4103,370879,0.3902682145425015,5.0
4103,163590,0.05272213880905972,9.0
4103,133093,0.21768116246358155,8.0
4103,169921,0.03651908151686631,10.0
4103,192193,0.344892141024224,6.0
1198,56718,1.0,1.0
1198,232199,0.27290386037821746,4.0
1198,175272,0.27388209651660433,3.0
1198,103593,0.04150235201146432,10.0
1198,366761,0.31721172433930295,2.0
1198,105872,0.14377169110335364,6.0
1198,467390,0.11868979970399018,8.0
1198,352120,0.14010492330674607,7.0
1198,58937,0.2171740372563494,5.0
1198,434769,0.0649142234700302,9.0
4539,32744,0.915930898655455,1.0
4539,61792,0.4219295588578341,5.0
4539,275925,0.707840446269983,2.0
4539,61346,0.3834779235867686,6.0
4539,370879,0.4948975306553491,3.0
4539,426461,0.31680221682389054,7.0
4539,235522,0.27938261908665823,8.0
4539,440270,0.2432169493733629,9.0
4539,83330,0.4400239993196514,4.0
4539,572272,0.0,10.0
9391,248158,0.9169280336705492,1.0
9391,136270,0.5874652807300881,5.0
9391,108859,0.6237221911965949,3.0
9391,136515,0.8923379567066791,2.0
9391,142631,0.6143436746341208,4.0
9391,301580,0.4831787171174252,6.0
9391,127263,0.3279883017793458,7.0
9391,105973,0.025410558601833347,10.0
9391,429579,0.28065305228528553,8.0
9391,163590,0.16135252913012813,9.0
4600,577578,0.8183786837367845,1.0
4600,61792,0.32007758492328586,5.0
4600,482415,0.7233292782380141,2.0
4600,257633,0.34829447459153473,4.0
4600,133093,0.31700866238499986,6.0
4600,76515,0.0876787719589529,9.0
4600,367137,0.4007956186055421,3.0
4600,214542,0.041405999881605975,10.0
4600,34925,0.2655368609050437,7.0
4600,275257,0.1863124128288898,8.0
3735,125659,0.7199450939109904,2.0
3735,93231,0.5341955560329046,5.0
3735,537418,0.6025967217758001,4.0
3735,330041,0.6141149754860955,3.0
3735,344065,0.3240721548056079,7.0
3735,511093,0.18953527037486928,8.0
3735,32290,0.7343322422632248,1.0
3735,504996,0.18109383863662915,9.0
3735,266900,0.4439236698033634,6.0
3735,40447,0.0,10.0
5422,483299,0.7328752394881135,1.0
5422,108,0.35381158477103664,6.0
5422,55022,0.2712986962338343,9.0
5422,528034,0.6496599329003679,3.0
5422,81304,0.2995839688719354,8.0
5422,259081,0.710380535365737,2.0
5422,579235,0.4980883178219745,5.0
5422,136270,0.3137340188326874,7.0
5422,22221,0.15582474662075393,10.0
5422,124219,0.5891325717109844,4.0
744,573276,0.8941689645923383,1.0
744,138845,0.3857247822991511,4.0
744,409573,0.5649521947487809,3.0
744,171339,0.3455929454252839,5.0
744,289231,0.7121418357754487,2.0
744,273528,0.16182944683751643,9.0
744,172305,0.07098275814108769,10.0
744,350819,0.24683697881827085,7.0
744,120852,0.22943153407164057,8.0
744,118280,0.2738072728949125,6.0
515,372909,1.0,1.0
515,328341,0.6894291620803222,3.0
515,431685,0.7043054045591347,2.0
515,352838,0.5826685926622382,4.0
515,231614,0.4072710787440522,5.0
515,195081,0.21490692020438676,7.0
515,98112,0.05250652564866813,8.0
515,60443,0.019585463229844828,9.0
515,123733,0.008029761294617,10.0
515,360011,0.24745347231822773,6.0
2443,331253,0.5483823630367279,5.0
2443,44609,0.47250976325439786,6.0
2443,305579,0.7654471158920491,1.0
2443,306800,0.6423532920413921,2.0
2443,446647,0.5823820850079043,4.0
2443,313437,0.18112178531911854,9.0
2443,426216,0.5964993928501711,3.0
2443,208051,0.26579874182823465,8.0
2443,305907,0.3973168685796417,7.0
2443,510130,0.0,10.0
4265,157553,1.0,1.0
4265,392163,0.6354722372605985,2.0
4265,584273,0.4402303555896751,5.0
4265,149974,0.3365594162592172,6.0
4265,523158,0.056505166250970865,9.0
4265,140947,0.4496375833676824,4.0
4265,386229,0.02851270597490446,10.0
4265,575729,0.19899258014008994,8.0
4265,93881,0.5479133047918346,3.0
4265,577517,0.32258415479184166,7.0
4865,223032,0.49829712013227034,4.0
4865,370569,0.9874636304577332,1.0
4865,251824,0.514284310360152,3.0
4865,435963,0.5601421952604279,2.0
4865,508821,0.3355774825717265,6.0
4865,481166,0.45762153248491005,5.0
4865,305117,0.3323241646501598,7.0
4865,110515,0.15876513799788305,8.0
4865,565698,0.016901190404011095,10.0
4865,585738,0.11674359440710602,9.0
2968,187196,0.6715026352189848,3.0
2968,388646,0.9487526458557668,1.0
2968,242124,0.8286406093200649,2.0
2968,176498,0.2519278664249169,5.0
2968,198371,0.4603648167083473,4.0
2968,583640,0.038129118156572696,10.0
2968,280967,0.04792345955909669,9.0
2968,287991,0.16603601351993194,6.0
2968,455398,0.054661244043704295,8.0
2968,329757,0.101058588779355,7.0
7221,305117,0.6977356452425209,2.0
7221,473809,0.8380637477334749,1.0
7221,481166,0.5087676417165589,4.0
7221,71873,0.449402250543898,5.0
7221,537418,0.41955808015836515,6.0
7221,307315,0.04541472321398641,10.0
7221,81542,0.2650793685947155,8.0
7221,452175,0.3228098731916322,7.0
7221,570664,0.1659008548930655,9.0
7221,77652,0.6,3.0
2407,2064,0.8129144381086917,1.0
2407,78176,0.6274570813036126,3.0
2407,173929,0.5557041698744636,5.0
2407,516444,0.7125973997228123,2.0
2407,255491,0.34535545036362425,6.0
2407,273528,0.5661592121774133,4.0
2407,514425,0.168908341102549,8.0
2407,367641,0.10691548416849732,9.0
2407,566480,0.3417345508633058,7.0
2407,63678,0.0,10.0
3039,136804,1.0,1.0
3039,467390,0.6454435133582035,3.0
3039,147080,0.7280967939580719,2.0
3039,387010,0.34922493638828767,7.0
3039,442110,0.35031566930831975,6.0
3039,483274,0.0379886620995032,10.0
3039,510409,0.3695410912121604,5.0
3039,106501,0.1727042801466263,9.0
3039,4947,0.21926869235315596,8.0
3039,398622,0.3825662998064088,4.0
1748,18001,1.0,1.0
1748,528564,0.627133213618679,2.0
1748,418135,0.44754957524317224,5.0
1748,462892,0.5012109079306246,4.0
1748,298427,0.5633162875238849,3.0
1748,429378,0.17391734487530264,8.0
1748,223206,0.18162870946728993,7.0
1748,517372,0.12933301153052296,9.0
1748,171780,0.017254317746819244,10.0
1748,124027,0.29108864008415725,6.0
10547,404339,1.0,1.0
10547,536120,0.3554327389135628,4.0
10547,272008,0.6441783299366252,2.0
10547,4666,0.069550763032238,9.0
10547,597351,0.3430797610694745,5.0
10547,112714,0.39755267932730387,3.0
10547,32290,0.27476660504965755,7.0
10547,23609,0.2907973666266426,6.0
10547,392037,0.04422583455414898,10.0
10547,491969,0.22690158622896195,8.0
10596,164008,0.8176959122995311,2.0
10596,284235,0.6790481371201751,4.0
10596,208070,0.9072781530889132,1.0
10596,413041,0.6094677273116705,5.0
10596,316838,0.6949001703225393,3.0
10596,494727,0.24216435512637954,7.0
10596,394244,0.2400842654159636,8.0
10596,127452,0.21983309537924708,9.0
10596,69197,0.26754757767571496,6.0
10596,169062,0.0,10.0
5061,352838,0.7117895933177727,2.0
5061,242124,0.6612446504721343,3.0
5061,329757,0.47500338629321837,4.0
5061,447353,0.4702748943195504,5.0
5061,149974,0.41896206525007007,6.0
5061,380863,0.41366148245016343,7.0
5061,261189,0.7200654217924338,1.0
5061,46755,0.3994762582612837,8.0
5061,158845,0.054585357552790925,10.0
5061,287991,0.3110941544296179,9.0
853,510373,0.7486000083503948,2.0
853,510409,0.8578786763830302,1.0
853,314984,0.6066591471175258,5.0
853,106501,0.6446367046999477,3.0
853,263361,0.30437624443915173,7.0
853,131996,0.06804871098868717,9.0
853,72402,0.1476983260422406,8.0
853,150219,0.40420905078555164,6.0
853,582864,0.6073125537088105,4.0
853,303929,0.06349739648341335,10.0
6803,544053,1.0,1.0
6803,193012,0.7851659501211747,2.0
6803,42620,0.49688443199501486,3.0
6803,316045,0.07123695261998436,8.0
6803,271243,0.06787985800085142,9.0
6803,10703,0.3070049327622207,5.0
6803,142726,0.33887973702507734,4.0
6803,78675,0.08935124981312881,7.0
6803,60355,0.163165014541386,6.0
6803,272784,0.0,10.0
6644,187497,1.0,1.0
6644,572842,0.4258901593576083,4.0
6644,308837,0.5180900971772036,2.0
6644,426216,0.34787425215731677,6.0
6644,578954,0.48204254133877744,3.0
6644,305907,0.345486028995524,7.0
6644,293687,0.19862740706089554,8.0
6644,373271,0.3832874718678149,5.0
6644,31793,0.10387517150447527,9.0
6644,238421,0.020524211716227852,10.0
699,107092,1.0,1.0
699,169688,0.4259693464056257,3.0
699,68357,0.2646279343580193,5.0
699,446679,0.4427040044295631,2.0
699,385658,0.04670922501925177,9.0
699,472924,0.21165394502170684,7.0
699,521010,0.30511855314868475,4.0
699,586920,0.06280714483662986,8.0
699,414598,0.00494831858829305,10.0
699,96538,0.22134697904322953,6.0
549,214024,1.0,1.0
549,67167,0.7018566732742206,2.0
549,446647,0.39301436022265873,7.0
549,546020,0.6397352890715855,3.0
549,73427,0.4814007757383697,5.0
549,547301,0.39500538778605243,6.0
549,563025,0.30618240715655887,9.0
549,397449,0.02019429605552452,10.0
549,449630,0.3215698175472413,8.0
549,443795,0.5398651485022827,4.0
904,415514,1.0,1.0
904,85229,0.7696435349192485,2.0
904,433905,0.28485590067529865,4.0
904,120852,0.3247855256133739,3.0
904,101369,0.2149191758484708,7.0
904,359579,0.20674068615995955,8.0
904,169824,0.22405840304554023,6.0
904,320579,0.2400797517242173,5.0
904,75235,0.0052841124708531365,10.0
904,29360,0.03828488804352835,9.0
2590,583635,0.6421039196571885,2.0
2590,296528,0.7318841749272497,1.0
2590,55999,0.5265791085359407,3.0
2590,307095,0.30668898305557085,6.0
2590,209493,0.5077505541664038,4.0
2590,106424,0.036122843423157046,10.0
2590,471964,0.3231744318769547,5.0
2590,387010,0.041271017751450666,9.0
2590,26203,0.2713769780207495,7.0
2590,454222,0.23442067052813548,8.0
1451,538005,1.0,1.0
1451,559482,0.2071569246616945,9.0
1451,98112,0.6097856563629602,2.0
1451,377571,0.41432108794863337,4.0
1451,313437,0.32865369240771536,6.0
1451,94689,0.3827011338046319,5.0
1451,433809,0.2983762732206995,8.0
1451,522481,0.18048170509891404,10.0
1451,51729,0.30361330978559425,7.0
1451,440910,0.4196173191795414,3.0
5790,469776,0.9803175042042024,1.0
5790,97348,0.677507464408039,3.0
5790,101369,0.4001204911826588,6.0
5790,363810,0.49760730030105277,5.0
5790,141738,0.7621304836743625,2.0
5790,241136,0.6049881571238229,4.0
5790,305287,0.23202351114719733,9.0
5790,277353,0.26561888281505175,8.0
5790,149305,0.007425451092098384,10.0
5790,75235,0.3662934168862653,7.0
7295,435125,0.6942645234468028,1.0
7295,403755,0.13893994264934845,10.0
7295,93971,0.364691681622005,5.0
7295,193398,0.24734874989087582,7.0
7295,39478,0.4948577059820163,4.0
7295,513258,0.5450003696022847,3.0
7295,456470,0.31520070903812264,6.0
7295,115553,0.6148858938653754,2.0
7295,3118,0.2288382485404206,8.0
7295,102436,0.13932872135533653,9.0
5083,142876,1.0,1.0
5083,13975,0.7071892399148577,2.0
5083,368802,0.5913341798398717,3.0
5083,433197,0.2729569193821052,4.0
5083,333184,0.16121184249969345,7.0
5083,21103,0.054371058169825584,9.0
5083,579473,0.08687437011279854,8.0
5083,305360,0.0,10.0
5083,20958,0.18553387032715488,6.0
5083,19183,0.24200368268094402,5.0
7936,363043,0.9828760767468196,1.0
7936,336541,0.962750097903471,2.0
7936,293767,0.6305513723356913,3.0
7936,320101,0.6233200943058693,4.0
7936,43087,0.40869970083246365,7.0
7936,561884,0.47766927266552384,5.0
7936,416307,0.4685249890824977,6.0
7936,187404,0.11546503966040403,10.0
7936,127585,0.16412947153098426,8.0
7936,214003,0.1451179251270102,9.0
8296,78675,1.0,1.0
8296,79998,0.7723913849775852,2.0
8296,146315,0.16188722681517248,5.0
8296,180571,0.03340970066011539,10.0
8296,26203,0.22625784269903151,4.0
8296,371720,0.24135320416643263,3.0
8296,61962,0.1305549912688029,7.0
8296,392037,0.09966953005211324,9.0
8296,99757,0.13594640308994263,6.0
8296,3118,0.11922862930647307,8.0
475,431685,0.8525318237423387,1.0
475,88124,0.6972329848992851,3.0
475,366761,0.8081802579840556,2.0
475,232199,0.3953772974828007,4.0
475,60637,0.025512134735678017,10.0
475,328341,0.32202476395591845,6.0
475,352640,0.3497663991245161,5.0
475,232563,0.28173821186089426,8.0
475,433,0.07616746812287438,9.0
475,372909,0.28951860100039833,7.0
3759,384631,0.4,3.0
3759,152250,0.338057181105449,5.0
3759,105634,0.7066979112717507,1.0
3759,414188,0.32381905965857544,6.0
3759,101369,0.3149000242849865,7.0
3759,445794,0.13220479640907049,9.0
3759,405217,0.36251444463218735,4.0
3759,264800,0.11006017288302795,10.0
3759,130877,0.2758343371328325,8.0
3759,146181,0.4459059677098186,2.0
4615,596196,0.9064309619695009,2.0
4615,425595,0.9747560985946218,1.0
4615,69523,0.8804775378160614,3.0
4615,496427,0.8075029502816277,5.0
4615,261900,0.841348470924437,4.0
4615,226060,0.6396961430007453,7.0
4615,421365,0.7225585832225612,6.0
4615,19179,0.6351028184886749,8.0
4615,341493,0.01891262281994105,9.0
4615,15891,0.0,10.0
8874,403025,1.0,1.0
8874,251704,0.5205248099898134,2.0
8874,527231,0.4075906562782059,4.0
8874,66631,0.13948420505300235,7.0
8874,357685,0.028072433002460286,10.0
8874,370569,0.16882934245746348,6.0
8874,556976,0.11156297093290612,9.0
8874,349160,0.1191196023982178,8.0
8874,319793,0.46224151992688634,3.0
8874,571362,0.17331428602694487,5.0
26,399013,0.8914619071427524,1.0
26,528132,0.35077988956717776,6.0
26,409611,0.40772300344199874,4.0
26,565330,0.23410103575621505,8.0
26,563025,0.736876713796235,2.0
26,2064,0.5661225468184812,3.0
26,401254,0.37862540517010657,5.0
26,452544,0.03947492749459079,10.0
26,367641,0.26849573996230575,7.0
26,71898,0.08060744138313965,9.0
3875,249859,1.0,1.0
3875,136315,0.7279366476314534,2.0
3875,442110,0.46615240491034543,3.0
3875,571258,0.36967196745391706,5.0
3875,158185,0.283536199789472,6.0
3875,426570,0.4262787494942272,4.0
3875,76515,0.2127125904875095,7.0
3875,143100,0.17362219875673093,8.0
3875,518406,0.12847630118692652,9.0
3875,414288,0.0,10.0
6835,159703,0.5579034080689909,2.0
6835,246221,0.34866155406980526,4.0
6835,149305,0.8159972263366269,1.0
6835,195767,0.5192419746539475,3.0
6835,403755,0.1345306000245247,9.0
6835,592636,0.1887243240017389,5.0
6835,108721,0.15193971295974576,7.0
6835,238629,0.16329616515409628,6.0
6835,196427,0.14210079225894773,8.0
6835,467575,0.0,10.0
4433,301580,0.5663179482892122,3.0
4433,172703,0.37668349692064174,5.0
4433,539263,0.5224727546835956,4.0
4433,297290,0.6848893004389005,1.0
4433,21311,0.21585719747453264,7.0
4433,379311,0.3241883876015442,6.0
4433,453542,0.12764393905007965,8.0
4433,451855,0.0740445599863206,9.0
4433,146181,0.6172746187422242,2.0
4433,536120,0.0,10.0
5374,115553,0.5254450500801158,3.0
5374,92267,0.8729166390259832,1.0
5374,251704,0.316776835762499,9.0
5374,44601,0.5142420563428454,5.0
5374,60175,0.6569141955127774,2.0
5374,294295,0.03373665345282433,10.0
5374,99857,0.5245951901807512,4.0
5374,537418,0.4579709293868535,7.0
5374,576564,0.41958074830310643,8.0
5374,186453,0.4854435124610059,6.0
6221,529551,0.8387626926152218,2.0
6221,551423,0.9018861777873874,1.0
6221,240261,0.5223172029601608,5.0
6221,128698,0.7077197906883885,3.0
6221,270856,0.6299102498255806,4.0
6221,66901,0.06451248653279974,10.0
6221,578488,0.3468963550228722,9.0
6221,384626,0.49856202209427747,6.0
6221,405352,0.4342260998529562,7.0
6221,494753,0.3612817449965827,8.0
672,593283,0.9517972056784747,1.0
672,563025,0.8953126755154494,2.0
672,213370,0.6510424642468311,6.0
672,40966,0.7013526757872588,5.0
672,273947,0.7321368557609356,3.0
672,15824,0.7251969495408175,4.0
672,67167,0.3677752945381269,8.0
672,170141,0.1670071988955133,9.0
672,201800,0.019595657871687863,10.0
672,494689,0.451377844486642,7.0
2593,231614,0.987609911630064,1.0
2593,169688,0.21099813616428092,9.0
2593,147343,0.6815628875112215,2.0
2593,73427,0.056356625567081965,10.0
2593,528132,0.4916646309143462,3.0
2593,399013,0.4389086107520626,4.0
2593,387573,0.33926875744893026,7.0
2593,449630,0.43302917525261875,5.0
2593,394460,0.4216719620005921,6.0
2593,171339,0.33857503693071195,8.0
4019,287991,0.9282938795049005,2.0
4019,553288,0.9419004918684621,1.0
4019,332749,0.8917707933274437,3.0
4019,94423,0.21671139044826962,8.0
4019,561056,0.5266478850608322,5.0
4019,448699,0.2968025935603331,7.0
4019,377223,0.5503214760580163,4.0
4019,126134,0.027139548121006715,10.0
4019,1164,0.19144971831558624,9.0
4019,468879,0.41838630248463604,6.0
7205,370569,0.7186739759109606,2.0
7205,159966,0.907375455017341,1.0
7205,186453,0.34073020748932903,4.0
7205,100103,0.29126758981531486,6.0
7205,62151,0.31226590940173604,5.0
7205,565926,0.41737352459764737,3.0
7205,336541,0.14112670555724033,9.0
7205,442048,0.18642045862861129,8.0
7205,558370,0.011823434891651802,10.0
7205,12432,0.2135004198975112,7.0
6611,329425,0.6561532008012807,2.0
6611,293679,0.9970587591508611,1.0
6611,142631,0.23070850543774207,6.0
6611,39819,0.11590089891057241,9.0
6611,81304,0.41093450960228245,4.0
6611,198764,0.51664540860509,3.0
6611,297290,0.2893638557057449,5.0
6611,17208,0.21973215539596871,7.0
6611,112208,0.1603322864468819,8.0
6611,345533,0.016317070546190332,10.0
7911,131996,1.0,1.0
7911,57711,0.863525585523579,2.0
7911,553304,0.2546956848640852,6.0
7911,69197,0.34750169752491433,4.0
7911,386173,0.05914393352496581,10.0
7911,506617,0.367664918897798,3.0
7911,597401,0.2764128293672199,5.0
7911,543714,0.1286759201525935,9.0
7911,116647,0.13572425682339062,8.0
7911,385574,0.24580602606807744,7.0
7463,577951,1.0,1.0
7463,387277,0.4902940795193089,4.0
7463,176498,0.509118282643451,3.0
7463,423403,0.6620611909366858,2.0
7463,565698,0.21529860560655673,7.0
7463,328086,0.060335945960854266,10.0
7463,350145,0.17447587509900908,8.0
7463,216384,0.3514117242146969,6.0
7463,188015,0.3916667842742202,5.0
7463,528034,0.10080558551201214,9.0
4999,9938,1.0,1.0
4999,305117,0.4456233229333644,3.0
4999,46211,0.6202013782112641,2.0
4999,350680,0.28465468602700406,4.0
4999,216327,0.10809686251824976,8.0
4999,411061,0.18187766133910874,5.0
4999,406185,0.14562146333801312,6.0
4999,13657,0.02645002809168745,10.0
4999,580920,0.1218470276427149,7.0
4999,222153,0.09288704193657076,9.0
7344,14368,1.0,1.0
7344,418150,0.6208592917178994,2.0
7344,327978,0.2936502282740304,4.0
7344,392851,0.41854036708319153,3.0
7344,301224,0.0470186184721995,9.0
7344,39247,0.25756429987447177,6.0
7344,527231,0.2347853852215191,7.0
7344,72652,0.19612419994044558,8.0
7344,58753,0.005339565841059021,10.0
7344,266319,0.2757044194789884,5.0
7705,377429,0.8569816850687522,2.0
7705,539263,0.8604924769895395,1.0
7705,480315,0.6562775457402877,3.0
7705,467575,0.3350632410008074,8.0
7705,172703,0.3037530645451862,9.0
7705,536120,0.5120130195952817,4.0
7705,87722,0.3934030650133823,6.0
7705,345199,0.03830898721634623,10.0
7705,96926,0.44195071247840784,5.0
7705,387277,0.3611365547952664,7.0
1815,372909,0.8227958246247167,2.0
1815,446928,0.9801652707019275,1.0
1815,363591,0.7368165406031967,3.0
1815,432080,0.49243087505870997,6.0
1815,88124,0.5443505028790006,5.0
1815,457701,0.6337177028784723,4.0
1815,328341,0.4333114097321693,7.0
1815,528522,0.24588502466025175,9.0
1815,539133,0.36857820262377855,8.0
1815,459677,0.0,10.0
7467,193312,1.0,1.0
7467,371720,0.43157738469046375,3.0
7467,26203,0.4019693635420114,5.0
7467,457532,0.49632877934102504,2.0
7467,55999,0.3693747155755012,6.0
7467,428017,0.25646205912462205,7.0
7467,435963,0.4244321915991693,4.0
7467,431814,0.02644135456816224,10.0
7467,253024,0.21631375032451144,8.0
7467,99757,0.2150133506098395,9.0
8013,198349,0.7409881951877249,3.0
8013,383978,0.7916518615883495,1.0
8013,374151,0.7188668876978467,4.0
8013,244433,0.7759026829313451,2.0
8013,251824,0.5597853967691638,7.0
8013,241101,0.6190120012974052,5.0
8013,398123,0.49489377807756285,8.0
8013,31793,0.02202312111014211,10.0
8013,498378,0.616978834420424,6.0
8013,588247,0.14772337299521088,9.0
1415,66246,0.8887876636076921,2.0
1415,306144,0.7653396529569589,4.0
1415,393953,0.8814804411245398,3.0
1415,591940,0.6097945321997418,5.0
1415,387165,0.9011085477277914,1.0
1415,583956,0.473557772493936,6.0
1415,110515,0.12420864382721633,9.0
1415,318266,0.17954020783104366,8.0
1415,183612,0.023270609136404385,10.0
1415,232063,0.30797749748833864,7.0
7758,480315,0.727508945046702,2.0
7758,574327,0.9207282657613988,1.0
7758,69696,0.3741178928020675,4.0
7758,112714,0.5848501520726599,3.0
7758,379311,0.2468059805884634,5.0
7758,122432,0.03300749893352468,10.0
7758,322826,0.11571219766778035,9.0
7758,112208,0.13844931045472322,8.0
7758,17923,0.17908864893452836,7.0
7758,172703,0.23762370607138222,6.0
1915,306144,0.8209044094447937,1.0
1915,182168,0.6450534084940935,5.0
1915,78176,0.21988352780326986,9.0
1915,393953,0.7320005629312758,2.0
1915,140038,0.5214040632298828,7.0
1915,583956,0.6902681577459988,4.0
1915,318266,0.7062004642099062,3.0
1915,66246,0.5470167928650089,6.0
1915,505580,0.004211638054996856,10.0
1915,591940,0.3802067514531971,8.0
4415,108859,0.4,9.0
4415,32744,0.6824319015856677,3.0
4415,61792,0.5082308745330787,7.0
4415,370879,0.543617250703923,6.0
4415,14926,0.753204355793448,1.0
4415,244427,0.5686950499478691,4.0
4415,399751,0.45517741231392483,8.0
4415,147646,0.6839686330376136,2.0
4415,309550,0.5444609979374405,5.0
4415,235522,0.3584628215903686,10.0
10482,201495,0.8467915587186889,2.0
10482,439757,0.978298358036088,1.0
10482,387277,0.6763172803033629,4.0
10482,518379,0.7186487113633852,3.0
10482,175821,0.34492529025872176,8.0
10482,142696,0.19797788612291448,9.0
10482,535317,0.3667069474371462,6.0
10482,364575,0.004580987617059564,10.0
10482,72402,0.3453198023615316,7.0
10482,34925,0.5988800158356256,5.0
2296,119298,0.9691485250858893,1.0
2296,279897,0.7311403540146124,2.0
2296,460357,0.48787345959863426,5.0
2296,396853,0.7178704070935428,3.0
2296,577201,0.367637627491491,6.0
2296,410119,0.14065140813619534,9.0
2296,275410,0.05325363923411636,10.0
2296,120090,0.313859272826245,7.0
2296,169688,0.31212482909318656,8.0
2296,175982,0.5136531627104661,4.0
6787,58290,0.7071879608406042,3.0
6787,456436,0.9526201892189443,1.0
6787,124230,0.8077847985186127,2.0
6787,457294,0.19838371820770584,8.0
6787,261189,0.3898615242717325,6.0
6787,220022,0.16391541464153048,9.0
6787,382381,0.3823734233318938,7.0
6787,552707,0.4532386366729882,5.0
6787,309555,0.11643579525725405,10.0
6787,223070,0.6,4.0
2857,117451,0.9101439319466568,1.0
2857,123659,0.523725474443886,5.0
2857,590917,0.19798076282500435,8.0
2857,295864,0.7293169109437105,2.0
2857,19606,0.5890591969298303,4.0
2857,60175,0.7021534112041175,3.0
2857,348733,0.11549685093036642,9.0
2857,464502,0.19963829128832247,7.0
2857,581038,0.4563449382077113,6.0
2857,482335,0.03972221566332865,10.0
753,114418,0.8401387416503785,1.0
753,51729,0.535620821014138,3.0
753,581509,0.4252401237751611,4.0
753,72046,0.16456791760682132,7.0
753,466718,0.6892681522800942,2.0
753,504255,0.31586078262097445,5.0
753,297290,0.11655243375951799,8.0
753,125355,0.17104772511311497,6.0
753,177648,0.1123078438096245,9.0
753,61792,0.0,10.0
2676,55666,1.0,1.0
2676,13975,0.6448472354049608,2.0
2676,264408,0.4646250634996984,5.0
2676,44110,0.21653702920749815,8.0
2676,182168,0.5362059896432958,3.0
2676,313171,0.49982061921028875,4.0
2676,244749,0.10180532328718007,10.0
2676,218845,0.2541188988751337,7.0
2676,279897,0.2710730299094729,6.0
2676,196427,0.12359538777550208,9.0
7456,164008,0.7006925322658583,3.0
7456,494727,0.7962594948756817,1.0
7456,284235,0.6666832891176822,4.0
7456,169062,0.5924336459416215,5.0
7456,413041,0.18237652781897765,10.0
7456,316838,0.39407304445583957,6.0
7456,112714,0.76663860998527,2.0
7456,69197,0.3397221425753702,7.0
7456,127452,0.22205284437898515,9.0
7456,394244,0.311508258438294,8.0
2579,524471,0.8862763655590441,1.0
2579,280838,0.7106146596021219,2.0
2579,229809,0.29177332972562325,6.0
2579,570155,0.3192743501564559,5.0
2579,263481,0.450131532230848,4.0
2579,197052,0.6675234991052722,3.0
2579,55064,0.1358363464165395,7.0
2579,579473,0.0837759080002449,8.0
2579,566480,0.024471450642554314,10.0
2579,410119,0.08360640935805431,9.0
687,506831,0.7661522072068784,1.0
687,342258,0.6252223390444944,3.0
687,449630,0.4977106474930365,5.0
687,214024,0.4444209446088312,7.0
687,478186,0.6585523399830704,2.0
687,579473,0.6036866426949217,4.0
687,406457,0.48300354371796766,6.0
687,508895,0.2766740917047324,8.0
687,494926,0.0036008814436335433,10.0
687,16670,0.13303789796108717,9.0
2445,431685,1.0,1.0
2445,328341,0.4562193621773416,4.0
2445,352838,0.4586166911690946,3.0
2445,372909,0.3744536649820547,5.0
2445,366761,0.46021505162617204,2.0
2445,195081,0.09386182919200439,9.0
2445,88124,0.30460262887560213,6.0
2445,114418,0.23940014878081534,7.0
2445,360011,0.009520667293047354,10.0
2445,539133,0.20747436280240145,8.0
2885,17651,0.4943679485936189,2.0
2885,460398,0.36463875758019004,5.0
2885,429579,0.39926127081973994,4.0
2885,516444,0.21923815413699074,8.0
2885,102081,0.7705518174477939,1.0
2885,540539,0.17673446005229773,9.0
2885,118730,0.4469842423908702,3.0
2885,279865,0.26414531443647465,7.0
2885,101453,0.026834522999893286,10.0
2885,167356,0.28842838650919805,6.0
5264,431814,0.8252847622239106,1.0
5264,42438,0.22743056992952698,6.0
5264,52579,0.7536772873857367,2.0
5264,505694,0.3184742587924848,4.0
5264,114439,0.04828531056977746,9.0
5264,580920,0.3534450019972186,3.0
5264,481166,0.09930813030456384,7.0
5264,400841,0.013088376395539975,10.0
5264,371720,0.263844459964798,5.0
5264,186453,0.05496190059136349,8.0
7633,494727,1.0,1.0
7633,284235,0.6926015802251895,2.0
7633,164008,0.47020004835858664,4.0
7633,175831,0.4667065783661979,5.0
7633,228983,0.5061623954966372,3.0
7633,413041,0.1273066879036018,10.0
7633,112714,0.269621167224977,8.0
7633,127452,0.3028617516008973,7.0
7633,31465,0.23498795594961988,9.0
7633,394244,0.45295150145844476,6.0
9291,17208,0.9968353559354793,1.0
9291,480315,0.7722106887013652,3.0
9291,536120,0.7803424265864264,2.0
9291,377429,0.6871446633537084,4.0
9291,539263,0.4167363215718289,6.0
9291,423658,0.3823972770742964,7.0
9291,172703,0.4890857340966689,5.0
9291,345199,0.24012089318769395,8.0
9291,61022,0.1480227886279224,9.0
9291,328086,0.0,10.0
4640,331534,1.0,1.0
4640,367785,0.6698576651025444,2.0
4640,104788,0.5392107197676009,3.0
4640,183612,0.278666454087286,5.0
4640,526110,0.11852422021982628,8.0
4640,298099,0.4687260140080258,4.0
4640,454810,0.10611053648323243,10.0
4640,153541,0.21892675720930088,6.0
4640,49797,0.10706535049299519,9.0
4640,468923,0.20084232740149682,7.0
939,366761,0.7625076028573082,1.0
939,466084,0.2528420451147889,6.0
939,31793,0.42521152460222933,3.0
939,392434,0.6765042203396107,2.0
939,55666,0.2335912863045033,7.0
939,19183,0.27262208140387534,5.0
939,565181,0.11563052469208349,9.0
939,467575,0.015105410287867188,10.0
939,115333,0.1566697282114269,8.0
939,250702,0.27858140928189346,4.0
1306,387022,0.7893474550715889,1.0
1306,266952,0.3975197454339955,4.0
1306,594206,0.7228933517551317,2.0
1306,472243,0.5926904670741056,3.0
1306,447353,0.24630589895594807,7.0
1306,410119,0.26388475778289777,5.0
1306,460457,0.2531413004858635,6.0
1306,18003,0.16719047022902223,9.0
1306,372204,0.009519440544282626,10.0
1306,583203,0.23965710468443654,8.0
8475,104793,0.8983941465666326,2.0
8475,494655,0.9142536164843031,1.0
8475,240562,0.8238393868115419,3.0
8475,21311,0.4118518495389945,6.0
8475,437427,0.5350848585378392,5.0
8475,361028,0.07647005027979596,10.0
8475,51615,0.11880868455732034,9.0
8475,444107,0.5753369223635476,4.0
8475,72402,0.16184425383140105,8.0
8475,174335,0.26579917146024507,7.0
6807,332567,1.0,1.0
6807,402466,0.4363866542174662,2.0
6807,187583,0.24948564736519568,5.0
6807,459351,0.33845679767241627,3.0
6807,535697,0.25986380371066187,4.0
6807,59714,0.03844264500206942,10.0
6807,211622,0.15818983581542123,7.0
6807,11184,0.19484762204395487,6.0
6807,565765,0.14323928444823317,9.0
6807,93971,0.15311142070009248,8.0
5228,259476,0.7175789195647453,2.0
5228,158732,0.8356861178369706,1.0
5228,131774,0.6965477352217568,4.0
5228,331534,0.709889908480154,3.0
5228,341947,0.5805752344518439,6.0
5228,366594,0.3990043716471373,8.0
5228,140038,0.40860872322310327,7.0
5228,156194,0.1284631784578211,9.0
5228,352120,0.6165148707583229,5.0
5228,414534,0.0,10.0
2856,108739,0.6278892926724833,1.0
2856,296769,0.5758072002444876,3.0
2856,346042,0.507157637760242,4.0
2856,219033,0.4297597381244603,7.0
2856,361028,0.489451850858497,6.0
2856,23340,0.34801168932706306,9.0
2856,386173,0.08960678857956118,10.0
2856,231727,0.49895737759695424,5.0
2856,110848,0.6258949465659058,2.0
2856,213331,0.40296679920166545,8.0
3791,212222,1.0,1.0
3791,301570,0.07101599582651484,10.0
3791,521641,0.27614311527123925,5.0
3791,10790,0.1800132070392197,8.0
3791,197494,0.130202001562496,9.0
3791,482415,0.31928009268736923,4.0
3791,572272,0.18774493152758698,7.0
3791,34925,0.26369027242691656,6.0
3791,440270,0.3574126056958161,3.0
3791,577201,0.4172642955510557,2.0
4514,1642,0.7547685433385736,3.0
4514,156211,0.881519197069177,1.0
4514,426270,0.850230649532848,2.0
4514,317429,0.6127779935320103,5.0
4514,352485,0.6193193878732077,4.0
4514,197222,0.32257087611655555,7.0
4514,117451,0.19214819700142835,9.0
4514,565782,0.35866642387588227,6.0
4514,514417,0.21371762210500964,8.0
4514,134722,0.0,10.0
6122,496166,1.0,1.0
6122,118280,0.3444922345274115,3.0
6122,117274,0.3350180704160427,4.0
6122,305509,0.3857382567555739,2.0
6122,42533,0.2320570800417101,8.0
6122,219504,0.2956157991617751,5.0
6122,283072,0.011920508595269774,10.0
6122,428829,0.2607550189854131,7.0
6122,39819,0.1684485225592359,9.0
6122,102081,0.2921107173583218,6.0
8832,108059,0.4,2.0
8832,94689,0.9964957802960878,1.0
8832,597351,0.3744514973226245,3.0
8832,268289,0.3155960911198085,4.0
8832,170594,0.25263186689396633,5.0
8832,133093,0.20421544049270074,7.0
8832,259317,0.23012240217160523,6.0
8832,234103,0.144401920505402,8.0
8832,195767,0.032690948267849726,10.0
8832,387141,0.035089905289967846,9.0
7145,301580,0.9259167047397088,1.0
7145,379311,0.899277849309257,2.0
7145,62966,0.34818637397168617,5.0
7145,297290,0.5470036150055007,4.0
7145,451855,0.08320543092097715,10.0
7145,471964,0.24690199930671924,7.0
7145,453542,0.1928995810077305,9.0
7145,387277,0.24025837884808446,8.0
7145,81458,0.5877602453712435,3.0
7145,172703,0.302314175336496,6.0
7674,164008,0.5852242535377482,4.0
7674,249279,0.9505466137996541,1.0
7674,367641,0.17806706072932046,8.0
7674,89460,0.6507659357648363,3.0
7674,65120,0.6622684200665265,2.0
7674,494295,0.5331171386345809,5.0
7674,223206,0.22340117858226088,6.0
7674,452870,0.1813034226615003,7.0
7674,172443,0.040583965769145934,9.0
7674,2064,0.0098605338691838,10.0
8202,115553,0.703057063461653,2.0
8202,92267,0.9924885882594556,1.0
8202,251704,0.3145923334630376,8.0
8202,514500,0.3981717858473916,6.0
8202,60175,0.5327315181072705,4.0
8202,99857,0.6588319443749764,3.0
8202,186453,0.4475016118214217,5.0
8202,31465,0.14902061815543216,9.0
8202,59714,0.3871324577610341,7.0
8202,265213,0.0,10.0
3682,233497,0.42853790571402156,6.0
3682,329662,0.9937725457279429,1.0
3682,426223,0.4967154170794389,4.0
3682,537418,0.7358745812427867,3.0
3682,388613,0.27386432506450686,7.0
3682,336018,0.8090229848375703,2.0
3682,27401,0.2696461305924945,8.0
3682,281707,0.13482029857598604,10.0
3682,55022,0.20919669450223283,9.0
3682,330041,0.4475021750087586,5.0
3446,323498,1.0,1.0
3446,211839,0.8332475450557624,2.0
3446,31550,0.6436586255126571,3.0
3446,505027,0.4518132190078974,5.0
3446,367785,0.40958207654623924,6.0
3446,204176,0.32769461473248906,7.0
3446,366685,0.49299471701460423,4.0
3446,157702,0.24985168318671086,9.0
3446,241099,0.07332507125930143,10.0
3446,511386,0.30891507258980067,8.0
7592,40966,0.8651938249021884,1.0
7592,273947,0.7122681772282762,2.0
7592,593283,0.5691998431175621,5.0
7592,170141,0.15935001888621217,9.0
7592,208219,0.6650904307475484,4.0
7592,563025,0.7055545811145717,3.0
7592,73427,0.4495657554074117,6.0
7592,213370,0.34086933191414903,8.0
7592,15824,0.418456967130345,7.0
7592,198349,0.024110980106627992,10.0
6715,13732,0.9768313424873338,1.0
6715,568526,0.846227946909775,2.0
6715,275902,0.4279056769172436,4.0
6715,193312,0.4535841727860573,3.0
6715,518563,0.10869305085837633,10.0
6715,51729,0.35114879077013045,6.0
6715,457294,0.3584820032577954,5.0
6715,149306,0.3175321971903543,7.0
6715,526110,0.2985241845630813,9.0
6715,113619,0.30688880765163956,8.0
2264,534454,1.0,1.0
2264,556976,0.46243340376044123,4.0
2264,244104,0.6328437542480021,2.0
2264,350819,0.1393102072620511,10.0
2264,588247,0.22086120865505166,8.0
2264,488574,0.5990331775939524,3.0
2264,31793,0.29054403592531824,6.0
2264,352838,0.16065853263521726,9.0
2264,450808,0.3100379914030146,5.0
2264,498834,0.267404677626663,7.0
6121,315275,0.6281187271838992,2.0
6121,289231,0.9497970302356707,1.0
6121,523158,0.17505186403079853,7.0
6121,184175,0.33489561640424576,3.0
6121,333184,0.13280301106326925,9.0
6121,524801,0.3342932520108114,4.0
6121,235545,0.2415300506311302,6.0
6121,570964,0.10792259523552938,10.0
6121,171339,0.15556851899272953,8.0
6121,344573,0.2990297451532619,5.0
3453,418626,1.0,1.0
3453,156211,0.6000606250189506,3.0
3453,1642,0.505850984051552,4.0
3453,296516,0.0832191394437404,10.0
3453,233635,0.6040010203107838,2.0
3453,317429,0.24852455274405683,8.0
3453,352485,0.26837289304388046,6.0
3453,565782,0.2564719869888582,7.0
3453,337764,0.15895276640563827,9.0
3453,209804,0.27280932163460014,5.0
6985,561884,0.5616829439317608,2.0
6985,149305,0.4231762878236442,3.0
6985,456436,0.8097365557985896,1.0
6985,78029,0.23103211466010534,8.0
6985,403755,0.2805322911305047,5.0
6985,538023,0.1697418712274077,9.0
6985,464533,0.06427777008007869,10.0
6985,196427,0.2535498438649024,7.0
6985,54584,0.26416264769771725,6.0
6985,587120,0.29221902924200494,4.0
2181,77245,0.9626203441440057,2.0
2181,234436,0.9697968215870959,1.0
2181,470289,0.8203609181004842,3.0
2181,136315,0.30299159635240414,7.0
2181,101604,0.2798645992629877,9.0
2181,288189,0.40071172249998943,5.0
2181,391988,0.29248715649136453,8.0
2181,56718,0.42087894146405175,4.0
2181,555732,0.33684073532614917,6.0
2181,499782,0.0,10.0
8532,40702,0.678375685211974,2.0
8532,416307,0.994204861206511,1.0
8532,427726,0.5511517234523907,4.0
8532,543714,0.31471050594995437,9.0
8532,42438,0.602949845095197,3.0
8532,344372,0.3460020606250325,8.0
8532,125355,0.41790711131796715,6.0
8532,483299,0.3841719156721968,7.0
8532,100103,0.2276287258173635,10.0
8532,6574,0.44423962642355797,5.0
4312,222639,0.8358649047280602,2.0
4312,282435,0.9550326675862698,1.0
4312,167950,0.8346072814304805,3.0
4312,324779,0.21840734114998092,8.0
4312,507284,0.5863627805057361,4.0
4312,116647,0.55504592860659,5.0
4312,218759,0.23614105367052915,7.0
4312,535998,0.006602046556105049,10.0
4312,228341,0.28393844145251684,6.0
4312,535651,0.09869060392408026,9.0
9108,415976,0.4,5.0
9108,123702,0.6090840473786618,2.0
9108,133468,0.2304195252224762,9.0
9108,258291,0.5131826681451034,3.0
9108,461592,0.34871103274024545,6.0
9108,579763,0.6742988157205259,1.0
9108,472051,0.415934939030553,4.0
9108,298128,0.14871735187484805,10.0
9108,305579,0.3000578426328788,8.0
9108,22221,0.3381126144619741,7.0
8116,433032,1.0,1.0
8116,319793,0.4629445068746808,5.0
8116,236482,0.7040909383132758,2.0
8116,182297,0.25901314605646936,7.0
8116,533457,0.5626669088959811,3.0
8116,403186,0.07940752005179354,10.0
8116,433197,0.4776398312583888,4.0
8116,38711,0.2416831378218954,8.0
8116,374867,0.25936008005586275,6.0
8116,314478,0.10742750659660613,9.0
9403,243148,0.4,5.0
9403,228403,0.6515090592596964,1.0
9403,175982,0.29373548162617696,7.0
9403,562793,0.43701835946513584,4.0
9403,81924,0.19474062805065362,8.0
9403,472516,0.1371394812827219,9.0
9403,513258,0.07707135833584672,10.0
9403,150650,0.6070666945680152,2.0
9403,269898,0.5621262548202407,3.0
9403,29790,0.3813448498230561,6.0
776,124027,1.0,1.0
776,597247,0.410909919941485,4.0
776,597880,0.4660655417583601,2.0
776,592680,0.39755622719103606,5.0
776,10440,0.44156636942953265,3.0
776,276411,0.017998074754388093,10.0
776,496899,0.3397811240792501,6.0
776,418864,0.3103604806828794,7.0
776,454810,0.2607846825979056,9.0
776,136270,0.2973084865005967,8.0
6199,473322,0.9955417882906361,1.0
6199,157553,0.8970494874749239,2.0
6199,332314,0.4992849441616107,5.0
6199,521641,0.7218052717104508,3.0
6199,433801,0.335614475792564,8.0
6199,93231,0.11789178833622685,10.0
6199,525827,0.3444484868516172,7.0
6199,409120,0.23831540501226317,9.0
6199,279845,0.3887621546685455,6.0
6199,366448,0.5348356989468632,4.0
1393,234436,0.9828342918627176,1.0
1393,220022,0.8320109283649378,2.0
1393,532932,0.7772432592993165,3.0
1393,394871,0.5109529417034131,6.0
1393,77245,0.6237877404688285,5.0
1393,352640,0.6768911815433789,4.0
1393,499782,0.11094109897547862,10.0
1393,326665,0.19153753233743792,9.0
1393,196920,0.4086840909298733,7.0
1393,555732,0.31957612681751185,8.0
9668,111768,0.9365661465830912,1.0
9668,75437,0.3807802587471033,6.0
9668,55022,0.22089370887548018,7.0
9668,6574,0.4350536943032557,4.0
9668,62151,0.41527802348097914,5.0
9668,594655,0.08657790889674305,10.0
9668,13260,0.6189813641741211,3.0
9668,79998,0.17090586998451307,8.0
9668,42438,0.6400580646724661,2.0
9668,416307,0.1632534387116624,9.0
9088,557219,0.9340504445549507,1.0
9088,224654,0.5081695859571683,4.0
9088,536120,0.3715281846376083,7.0
9088,226303,0.7860887122792164,2.0
9088,539263,0.16978161477240938,9.0
9088,511093,0.25017033607878875,8.0
9088,433809,0.12908943701209638,10.0
9088,472516,0.4748822000497934,5.0
9088,461051,0.5511816770704063,3.0
9088,344041,0.39558917929701154,6.0
3091,159936,0.8960576520932553,1.0
3091,187739,0.8839123513519456,2.0
3091,95778,0.6611229413554824,3.0
3091,416796,0.3013642750471448,6.0
3091,437538,0.2691138674878631,7.0
3091,254454,0.20452798171279352,9.0
3091,274870,0.5581479689959585,5.0
3091,426223,0.0034571838073630696,10.0
3091,366448,0.5910196620318042,4.0
3091,216384,0.23088794765843268,8.0
1157,405777,1.0,1.0
1157,266952,0.24325237379403214,5.0
1157,251411,0.29883070737869283,3.0
1157,243503,0.5291667328303563,2.0
1157,452544,0.2777350994443277,4.0
1157,564618,0.14524315839081028,7.0
1157,295980,0.009469229781003279,10.0
1157,388455,0.237097787520081,6.0
1157,350819,0.04046854250850417,9.0
1157,97348,0.1215055663418736,8.0
4335,318583,1.0,1.0
4335,322246,0.7526188419729165,2.0
4335,416225,0.39232154529261765,3.0
4335,109860,0.20638239501871652,6.0
4335,382381,0.06892017162068859,10.0
4335,110515,0.28550684818451566,5.0
4335,126134,0.29760612028603445,4.0
4335,190169,0.1040582673264183,9.0
4335,158185,0.19925599035952368,7.0
4335,274359,0.12439364240307244,8.0
8947,545759,0.4,6.0
8947,61022,0.619464329535768,2.0
8947,532657,0.6165600467017578,3.0
8947,461592,0.7848849640238982,1.0
8947,461084,0.4859495880844129,4.0
8947,127134,0.408019762804712,5.0
8947,384564,0.3355698231856742,8.0
8947,388646,0.1489386761311697,10.0
8947,452870,0.3566430621644015,7.0
8947,214901,0.19577764600370032,9.0
6410,418150,1.0,1.0
6410,112208,0.6803890859598571,2.0
6410,273861,0.4236285002411893,5.0
6410,172703,0.5402193813453995,3.0
6410,59994,0.4535773728647938,4.0
6410,528034,0.27606253841976147,9.0
6410,107092,0.06522437598518008,10.0
6410,100485,0.3884883474287023,6.0
6410,133093,0.34890015759802,8.0
6410,87722,0.36250846772385753,7.0
5196,565745,1.0,1.0
5196,219033,0.7307840055673347,2.0
5196,213370,0.5992656621821015,3.0
5196,171339,0.5127459672913051,4.0
5196,356928,0.3042781179831966,6.0
5196,581889,0.13214378539768837,8.0
5196,273528,0.14318370764582633,7.0
5196,114829,0.10728298832081609,9.0
5196,555101,0.002945379849223712,10.0
5196,474050,0.47621235560081565,5.0
8789,87349,1.0,1.0
8789,41912,0.6076019808012016,2.0
8789,102436,0.2234203194202644,5.0
8789,58290,0.18878118391845766,6.0
8789,14870,0.3103367132435003,3.0
8789,328341,0.16395130552337933,7.0
8789,152014,0.1604895104488185,8.0
8789,296528,0.005612557835365262,10.0
8789,213526,0.2357607344076454,4.0
8789,316838,0.1185825584447522,9.0
5808,251824,1.0,1.0
5808,51615,0.27291068613353986,7.0
5808,535697,0.5897492673836218,2.0
5808,43781,0.3709054859935936,5.0
5808,226053,0.20648921270145504,8.0
5808,226070,0.3947315331839165,4.0
5808,271243,0.4500545141263527,3.0
5808,88477,0.020681871652238303,10.0
5808,350145,0.07549246916726325,9.0
5808,72652,0.2877352975575128,6.0
9701,225682,1.0,1.0
9701,19711,0.3733377743375982,3.0
9701,494926,0.31995121194694015,5.0
9701,384230,0.06707113869163765,10.0
9701,457416,0.27022379501031296,7.0
9701,279865,0.4643833350540501,2.0
9701,473540,0.34425099390672964,4.0
9701,76054,0.16945392006312165,9.0
9701,533515,0.28014936861843776,6.0
9701,321969,0.2248718801017466,8.0
3179,56718,0.7835198495811972,3.0
3179,385073,0.9619184189726744,1.0
3179,150219,0.7889263965894271,2.0
3179,243503,0.31122173016720817,6.0
3179,442142,0.3395272905020747,5.0
3179,352838,0.48742313279904714,4.0
3179,124630,0.023136850394994232,10.0
3179,431685,0.2682148424129308,7.0
3179,597247,0.06316418174365668,9.0
3179,174335,0.195989182316674,8.0
6896,196427,0.7719035617304626,1.0
6896,330041,0.611428243707077,3.0
6896,244749,0.30979152123126513,7.0
6896,223070,0.4303749208636067,4.0
6896,403755,0.17765333944575204,10.0
6896,38711,0.2148767087857861,9.0
6896,149305,0.23973804334143345,8.0
6896,106501,0.42591646656306986,5.0
6896,587120,0.6250520766989729,2.0
6896,102443,0.36341093115096573,6.0
2513,25762,0.6928534681787767,2.0
2513,518624,0.5156845209293529,3.0
2513,588247,0.3699612032231208,4.0
2513,82344,0.7244173843660855,1.0
2513,97348,0.3494870149110241,5.0
2513,102443,0.2202274467193912,8.0
2513,405777,0.30759524371714664,7.0
2513,352838,0.34913155935968226,6.0
2513,147646,0.10194294942066034,9.0
2513,120090,0.0,10.0
8937,294295,0.6265891822252834,1.0
8937,13260,0.4215290908057407,7.0
8937,336541,0.49211411007184824,5.0
8937,320101,0.5291614783674765,4.0
8937,416307,0.5643572544985106,3.0
8937,100103,0.443200744672965,6.0
8937,363043,0.6202189585548668,2.0
8937,429378,0.015344949015637967,10.0
8937,88892,0.2230539391931789,9.0
8937,214003,0.2927835151417776,8.0
9643,112208,1.0,1.0
9643,100485,0.5361124770370154,2.0
9643,480315,0.3902357908973716,3.0
9643,428082,0.08861474429112917,10.0
9643,467575,0.19335817835761937,9.0
9643,87722,0.2802398511096677,6.0
9643,581038,0.31331801814356697,4.0
9643,214542,0.20197702088501363,7.0
9643,539263,0.2859142517803102,5.0
9643,156816,0.20138851846305447,8.0
5653,588247,1.0,1.0
5653,483456,0.17952709811416181,3.0
5653,14543,0.13215962020434846,6.0
5653,87722,0.10471292497458558,8.0
5653,290930,0.20925267226142327,2.0
5653,461592,0.12411395200041574,7.0
5653,446984,0.03470243695890853,9.0
5653,583635,0.1510875233336184,5.0
5653,31377,0.16840736875896917,4.0
5653,66631,0.028365160451704948,10.0
2551,143100,1.0,1.0
2551,479276,0.4497526688972959,2.0
2551,202990,0.28862889181713947,3.0
2551,9938,0.1077381154515635,7.0
2551,394460,0.19536645082108364,4.0
2551,242124,0.1250787833007932,6.0
2551,523158,0.17063629859131982,5.0
2551,384642,0.06623811724299683,8.0
2551,572272,0.021236420795576263,9.0
2551,362805,0.0,10.0
1948,467509,1.0,1.0
1948,108739,0.5302502576322786,2.0
1948,356928,0.5031115761190312,3.0
1948,223206,0.14806879436399742,9.0
1948,219033,0.500739984877161,4.0
1948,443795,0.3577392047248273,6.0
1948,362215,0.4668737742791745,5.0
1948,377571,0.2015782162023601,8.0
1948,399700,0.07564507662961281,10.0
1948,213331,0.282419084260975,7.0
4920,228341,1.0,1.0
4920,82294,0.9411907909676458,2.0
4920,277217,0.39058156830167823,4.0
4920,306815,0.8276694420274453,3.0
4920,22221,0.07151861739892683,7.0
4920,371720,0.09007625428942684,6.0
4920,415340,0.025772682079340366,10.0
4920,323363,0.054864784234464836,8.0
4920,283202,0.03683554688305614,9.0
4920,115517,0.17162838181513426,5.0
2589,450577,1.0,1.0
2589,43961,0.8443855932801543,2.0
2589,468144,0.6526899838491553,3.0
2589,437969,0.1792567522234293,6.0
2589,581889,0.23408498969754218,4.0
2589,509650,0.1266745095554213,9.0
2589,75252,0.1490288428445125,7.0
2589,307610,0.12967311787267322,8.0
2589,557877,0.20417033937452775,5.0
2589,527698,0.0,10.0
7513,112208,0.9378486001467228,1.0
7513,172703,0.8110462823538895,2.0
7513,328086,0.7478607451429473,4.0
7513,115372,0.7964158678610188,3.0
7513,273861,0.6077234338637983,5.0
7513,87722,0.15941517991947013,10.0
7513,377429,0.27738841337768466,7.0
7513,387277,0.2522975417016342,8.0
7513,62966,0.5634974183933567,6.0
7513,418150,0.1758357122588065,9.0
5410,13975,1.0,1.0
5410,371720,0.3362149321929979,6.0
5410,494323,0.6908888283688802,2.0
5410,249844,0.23340541088856115,8.0
5410,488258,0.4414078326585088,3.0
5410,75235,0.2809389187036713,7.0
5410,488732,0.3780353061318367,5.0
5410,457532,0.21953899772226815,9.0
5410,108739,0.4397333658364058,4.0
5410,193312,0.1390293128396772,10.0
2334,228403,1.0,1.0
2334,107092,0.27678693143898303,7.0
2334,150650,0.6040917303578642,2.0
2334,93936,0.3812219818153892,4.0
2334,2304,0.5137207794197469,3.0
2334,208219,0.3334520641121445,5.0
2334,274870,0.09710234412489598,9.0
2334,156194,0.008016769402161178,10.0
2334,204917,0.3309000776573975,6.0
2334,385506,0.18159123130660948,8.0
1783,445298,1.0,1.0
1783,306800,0.5964896300840811,3.0
1783,309555,0.44318345888957555,5.0
1783,167660,0.5878143929130062,4.0
1783,272425,0.608590201303717,2.0
1783,43497,0.11984917282638859,9.0
1783,57320,0.43241028260349273,6.0
1783,384631,0.1486793977606588,8.0
1783,179066,0.3595127144081337,7.0
1783,102237,0.031648777271423546,10.0
4641,494753,0.6822925996671092,2.0
4641,213673,0.6441656163592584,3.0
4641,237580,0.6230486731789852,5.0
4641,44594,0.7853238648519901,1.0
4641,211867,0.12227827840680515,10.0
4641,406219,0.6305684533063713,4.0
4641,409120,0.3325719147001255,6.0
4641,461592,0.2682943694751326,8.0
4641,450228,0.2255661369214473,9.0
4641,192811,0.2881108354109303,7.0
1469,444589,1.0,1.0
1469,243503,0.4052116981388187,4.0
1469,426570,0.5336043879167787,2.0
1469,469776,0.08458810863133509,9.0
1469,18003,0.36310384460347633,5.0
1469,421371,0.41584628722044104,3.0
1469,335336,0.13944148318447763,8.0
1469,484649,0.2740793009369814,7.0
1469,56320,0.30950836289519745,6.0
1469,451737,0.003649877805071694,10.0
10267,569632,1.0,1.0
10267,487348,0.3221614113297859,4.0
10267,22036,0.3835467763089634,3.0
10267,522713,0.19114031532065512,7.0
10267,457108,0.6082483509325605,2.0
10267,379667,0.10766840899350655,10.0
10267,330379,0.1447609762152048,9.0
10267,108859,0.24836183388562705,6.0
10267,186578,0.16844231106071234,8.0
10267,17652,0.251350358015782,5.0
3771,59994,0.9927518967983429,1.0
3771,95966,0.3181227456207908,3.0
3771,13346,0.6983264774103257,2.0
3771,40062,0.2999114669571511,4.0
3771,95762,0.036596324857371125,10.0
3771,97764,0.24996363702953456,5.0
3771,478890,0.08713070913928644,8.0
3771,515072,0.23049241215589675,6.0
3771,303025,0.11736895190058544,7.0
3771,346450,0.07067934329558323,9.0
10497,147765,1.0,1.0
10497,159880,0.935928792143488,2.0
10497,445230,0.6759833023032991,3.0
10497,535705,0.22058794684139027,8.0
10497,575729,0.4961604229449862,6.0
10497,71898,0.658072949252583,4.0
10497,569461,0.09572553949910116,9.0
10497,31483,0.5159008499867033,5.0
10497,456436,0.05406808316803652,10.0
10497,160301,0.2468385976352371,7.0
2472,337165,0.43503638642185677,4.0
2472,584273,0.5818116194503962,2.0
2472,138151,0.22381520584680079,9.0
2472,534099,0.41306743187424183,5.0
2472,416796,0.2628587882331213,7.0
2472,366597,0.5641112748238436,3.0
2472,216384,0.12934132733382775,10.0
2472,187739,0.2660795357268368,6.0
2472,169921,0.24691988210127927,8.0
2472,518563,0.6,1.0
503,171761,0.9668630295938027,1.0
503,257656,0.194256843106474,8.0
503,405374,0.7375812213080425,2.0
503,433032,0.3398584776202012,4.0
503,343489,0.038634287812189055,9.0
503,531990,0.20283241206303793,6.0
503,156816,0.4951922730614565,3.0
503,100485,0.009750916597863256,10.0
503,69965,0.19825968154145285,7.0
503,350680,0.24406871569051203,5.0
6832,552346,0.884705472890731,1.0
6832,573874,0.7055305240872491,2.0
6832,244749,0.19612150583123208,8.0
6832,377853,0.6830084179609308,3.0
6832,116694,0.034532659414440864,9.0
6832,108040,0.20669164173526008,7.0
6832,349554,0.5379046061869026,4.0
6832,459351,0.2138667605611373,6.0
6832,42533,0.025454918619731152,10.0
6832,239214,0.223418615293219,5.0
864,24890,0.8498903066975517,2.0
864,30142,0.9369167107117149,1.0
864,450808,0.30994182295879136,8.0
864,472924,0.8403601972759365,3.0
864,566337,0.7129287457495128,4.0
864,291726,0.3893957585211605,5.0
864,479625,0.38446654869414787,6.0
864,175339,0.24792278648452584,9.0
864,231947,0.12961003909422256,10.0
864,244104,0.32878622784555456,7.0
2580,11988,0.8530465149189527,2.0
2580,344118,0.8565889192703742,1.0
2580,371720,0.3526344979338051,4.0
2580,87722,0.09210684006142394,10.0
2580,360481,0.1351343248982938,9.0
2580,75764,0.15399246844290682,8.0
2580,585447,0.37921555027839843,3.0
2580,114439,0.22889422384847594,6.0
2580,272738,0.18638962223808092,7.0
2580,503934,0.2972307156886299,5.0
6625,416307,0.6596298154291693,2.0
6625,88892,0.8883003032610923,1.0
6625,336541,0.4249853461772052,5.0
6625,27401,0.461906424690715,4.0
6625,320101,0.48741942713515823,3.0
6625,557356,0.2879629049334884,7.0
6625,138703,0.2294976569700721,8.0
6625,13260,0.36749911172180155,6.0
6625,595133,0.010965326176456415,10.0
6625,75437,0.17853676907618982,9.0
2685,308837,0.44411225475477284,2.0
2685,539133,0.20038307510469144,4.0
2685,302792,0.14044941091282548,6.0
2685,243499,0.11524362739006046,7.0
2685,575497,0.22611719927189383,3.0
2685,158845,0.07450624062790868,9.0
2685,284075,0.18217381546665212,5.0
2685,382005,0.6487443571320439,1.0
2685,136825,0.041968135377936824,10.0
2685,395357,0.1078477814172673,8.0
68,123634,0.7617733635824282,2.0
68,296098,0.6603443196058592,3.0
68,528564,0.8256416205267731,1.0
68,197839,0.2127480460230126,9.0
68,532932,0.6015804228316308,5.0
68,352640,0.38198561494548566,7.0
68,327002,0.630517205870892,4.0
68,55666,0.3343676056120039,8.0
68,232199,0.5335688306596686,6.0
68,259766,0.14764820545240417,10.0
813,548705,0.955296224132927,1.0
813,284411,0.7692387925448023,3.0
813,196427,0.8348444538794708,2.0
813,2809,0.3664069519917784,4.0
813,127974,0.24196601393336042,7.0
813,171596,0.34406145914611097,5.0
813,318583,0.09219767576654213,9.0
813,459677,0.3131493076402149,6.0
813,418630,0.2042007187749735,8.0
813,123468,0.0,10.0
7345,69790,0.5287836978844389,5.0
7345,254288,0.4106598555315826,6.0
7345,67063,0.5552766281416945,3.0
7345,98130,0.606576541772011,2.0
7345,416727,0.40248252681589597,7.0
7345,417840,0.2072202950179901,8.0
7345,108,0.6622607006891155,1.0
7345,90447,0.5400631264533762,4.0
7345,348405,0.18168036277590163,9.0
7345,504996,0.0,10.0
8970,96121,1.0,1.0
8970,108040,0.7902587978339539,2.0
8970,187583,0.7323897938009775,3.0
8970,496899,0.554622263645959,5.0
8970,537857,0.6048052485382901,4.0
8970,314478,0.09120353392660796,8.0
8970,167356,0.15395062596682235,7.0
8970,11988,0.25353366405921185,6.0
8970,128574,0.03744350952306476,9.0
8970,514500,0.02128265424395097,10.0
7105,72652,1.0,1.0
7105,307380,0.6167048388897404,2.0
7105,220060,0.24057735217812068,6.0
7105,455891,0.24230543456918968,5.0
7105,490294,0.17076781150183834,8.0
7105,314919,0.32813534852945314,3.0
7105,324037,0.10514697207259065,9.0
7105,228341,0.29997885125333057,4.0
7105,479384,0.1871028777144398,7.0
7105,366488,0.0,10.0
1310,535651,0.8764169114993137,1.0
1310,471870,0.20134512116388692,8.0
1310,565698,0.3672937545932995,3.0
1310,344648,0.0945089534930599,10.0
1310,55022,0.3463264027780774,4.0
1310,346622,0.20582339592248114,7.0
1310,24567,0.6113043087192521,2.0
1310,489401,0.23811332288368625,5.0
1310,297831,0.09863063767592184,9.0
1310,44492,0.2224862356405266,6.0
9060,12432,0.5850352247932392,2.0
9060,511093,0.9366571123968759,1.0
9060,108,0.2768236985625786,6.0
9060,13260,0.407587342373947,3.0
9060,511515,0.12708590671300266,10.0
9060,304304,0.1564125619929358,8.0
9060,37517,0.3075454425010722,5.0
9060,75437,0.3637011027288767,4.0
9060,43087,0.2290449729478153,7.0
9060,111768,0.131508981448577,9.0
2549,418150,0.7848002080082255,1.0
2549,327978,0.6665382750627393,3.0
2549,14368,0.7016373090877694,2.0
2549,307380,0.5368294128669648,4.0
2549,301224,0.34020399776350374,6.0
2549,59714,0.32999059505968514,7.0
2549,44601,0.4593958480736264,5.0
2549,265874,0.28769390507900205,8.0
2549,17923,0.24147688064007924,9.0
2549,350145,0.0,10.0
559,401254,0.6068377390153047,1.0
559,213370,0.22442167567236143,7.0
559,151639,0.5658047652033259,3.0
559,198349,0.3342222882546759,5.0
559,485195,0.07518569847802405,9.0
559,494689,0.2597147845625974,6.0
559,21194,0.07960866693481518,8.0
559,281977,0.40745777836437724,4.0
559,61706,0.05741163071546718,10.0
559,75252,0.6,2.0
7218,266900,0.8747330294978032,2.0
7218,32290,0.9017385589736002,1.0
7218,117576,0.25296112683564936,5.0
7218,537418,0.25167021620810764,6.0
7218,482517,0.07306784828596773,9.0
7218,125659,0.3328754698609915,4.0
7218,40447,0.07936817433841564,8.0
7218,6701,0.0497660324759189,10.0
7218,158520,0.22458512996397767,7.0
7218,314478,0.4330002458906346,3.0
2400,158523,0.4,5.0
2400,456470,0.8013486887311234,1.0
2400,29306,0.5728163017756993,4.0
2400,22469,0.3370685189394904,6.0
2400,3118,0.5914500021383609,3.0
2400,226967,0.3229852516538956,7.0
2400,571258,0.24663816723504672,8.0
2400,1198,0.6302149017295009,2.0
2400,307424,0.1308887032346883,10.0
2400,535697,0.1476202961102276,9.0
2348,447619,1.0,1.0
2348,112591,0.5049323972764889,4.0
2348,306430,0.7781150635836975,2.0
2348,244433,0.4107297976252804,5.0
2348,268261,0.6440976635758986,3.0
2348,265874,0.40729473054418425,6.0
2348,403025,0.17178255587142843,8.0
2348,117576,0.1809235243817547,7.0
2348,14870,0.16520996394368104,9.0
2348,12432,0.0,10.0
3615,335991,1.0,1.0
3615,518379,0.9085205385132856,2.0
3615,72402,0.5470685322622001,4.0
3615,72160,0.553508900037842,3.0
3615,156358,0.3330517777526899,7.0
3615,482544,0.345912017502061,6.0
3615,174335,0.3218509982819175,8.0
3615,341493,0.38762187538744164,5.0
3615,17166,0.19717275094319192,9.0
3615,489401,0.0,10.0
8102,314478,0.7495639766831941,1.0
8102,149305,0.34306520025959675,4.0
8102,416307,0.3075213181907106,5.0
8102,99857,0.475651842209026,3.0
8102,552707,0.7134048358243839,2.0
8102,223309,0.11207676863044569,10.0
8102,481166,0.2864398478247661,7.0
8102,320101,0.15519482324569914,9.0
8102,344372,0.2966797657933005,6.0
8102,408123,0.2517940172070507,8.0
5155,462892,1.0,1.0
5155,367785,0.39500979852930457,3.0
5155,69495,0.543192966504426,2.0
5155,280805,0.32906364771981284,5.0
5155,175265,0.04832241355393657,9.0
5155,305671,0.1372637496906672,6.0
5155,191495,0.11831636589700925,8.0
5155,537725,0.12081289197688656,7.0
5155,157702,0.32938133621461363,4.0
5155,409573,0.022489084077240425,10.0
2460,530037,0.9700827838852696,1.0
2460,584337,0.925248304496167,2.0
2460,279346,0.6395212533741175,4.0
2460,549180,0.7181499262353767,3.0
2460,196427,0.1186056196782348,8.0
2460,502281,0.24486230652221838,6.0
2460,512803,0.5111758121015637,5.0
2460,505028,0.0869506312670786,9.0
2460,295980,0.01567441720332134,10.0
2460,38711,0.2151660867688273,7.0
2399,343489,1.0,1.0
2399,583124,0.34665928000167767,2.0
2399,468743,0.23808790575974514,5.0
2399,29790,0.16831983387550725,6.0
2399,19606,0.24988019030178263,4.0
2399,521712,0.29989078889554993,3.0
2399,510314,0.06092216401888067,8.0
2399,476834,0.04895563065407237,9.0
2399,457419,0.09001906060778765,7.0
2399,442489,0.0,10.0
4071,170594,0.6850042817972966,4.0
4071,328556,0.828978610485092,1.0
4071,337764,0.41368674567677155,8.0
4071,296516,0.7142203682000468,3.0
4071,135113,0.7700196793491185,2.0
4071,565782,0.5450463455386376,6.0
4071,352485,0.6754562902770052,5.0
4071,368150,0.09329130241627763,10.0
4071,317429,0.5070965587262516,7.0
4071,543589,0.21127178799423732,9.0
18,431685,0.7219188818525721,2.0
18,88124,0.7427150120744396,1.0
18,161162,0.10018038998227018,8.0
18,528564,0.13802590901037204,7.0
18,227098,0.23805666761348193,4.0
18,172594,0.18907584685563789,6.0
18,152218,0.09416028419894494,9.0
18,349554,0.04412265634825766,10.0
18,366761,0.5174187762591284,3.0
18,143622,0.20487517321098345,5.0
2306,581889,1.0,1.0
2306,509650,0.4212593070075723,4.0
2306,494689,0.4403074562528403,3.0
2306,75252,0.552938390533222,2.0
2306,368806,0.3075968057302939,5.0
2306,246459,0.28590978292694785,7.0
2306,485195,0.30582404739848446,6.0
2306,401254,0.1944460772332749,9.0
2306,399013,0.00018350847972678844,10.0
2306,160125,0.2365464121050711,8.0
3051,232063,0.8959725598230872,1.0
3051,591940,0.845345303543668,2.0
3051,306144,0.48349249265717714,3.0
3051,318266,0.2615204735633234,7.0
3051,583956,0.3787609005339021,4.0
3051,73434,0.04161063343359568,10.0
3051,66246,0.3402146041940769,5.0
3051,110515,0.16399003066247722,9.0
3051,393953,0.2654464858218082,6.0
3051,387165,0.24555163074086034,8.0
2395,594182,1.0,1.0
2395,149306,0.7168156677466107,2.0
2395,568526,0.4917285557683464,3.0
2395,308837,0.2775125372164951,6.0
2395,13732,0.46781110177757934,4.0
2395,307999,0.12889575770492545,9.0
2395,387010,0.295140592646316,5.0
2395,414192,0.0003582710996663026,10.0
2395,13153,0.18338702489029537,7.0
2395,204176,0.1709582224903916,8.0
5134,17208,0.7258016146986036,3.0
5134,579557,0.7326269788628053,2.0
5134,536120,0.5709966618032907,5.0
5134,100485,0.6358704849358315,4.0
5134,172703,0.5470855412146098,6.0
5134,206727,0.738784996826125,1.0
5134,122012,0.28396800050968585,8.0
5134,453542,0.3212078589603921,7.0
5134,328086,0.023043269157835996,10.0
5134,539263,0.027950169312271112,9.0
5343,204075,1.0,1.0
5343,296528,0.3471961938933217,6.0
5343,366597,0.5287485630078562,4.0
5343,581889,0.5076367821994243,5.0
5343,184175,0.7028539166433045,2.0
5343,367641,0.5931543181464118,3.0
5343,157553,0.2298784105748919,8.0
5343,405702,0.2121647302082434,9.0
5343,548433,0.25397196866336097,7.0
5343,17443,0.158285636677308,10.0
5254,471723,0.5257833574549668,2.0
5254,59714,0.36173072432395664,3.0
5254,402466,0.7924376244576091,1.0
5254,383978,0.30910567076670137,5.0
5254,78675,0.2715899400249583,6.0
5254,14368,0.32956190592344303,4.0
5254,467390,0.040239183968059145,9.0
5254,327978,0.2614670057603288,7.0
5254,44601,0.24492835176959526,8.0
5254,297290,0.019211874162077622,10.0
3049,582864,1.0,1.0
3049,352640,0.5895335977677899,3.0
3049,77245,0.6746976379904472,2.0
3049,536849,0.32142600664868876,5.0
3049,220022,0.22217842216958822,7.0
3049,127974,0.38930320712372163,4.0
3049,132780,0.19402224470890822,8.0
3049,445052,0.16187092661455343,9.0
3049,263361,0.006428214109031706,10.0
3049,555732,0.29601274994716487,6.0
7509,61191,0.4,5.0
7509,423034,0.3266458432230515,6.0
7509,472051,0.4094904966258224,4.0
7509,298128,0.26647121722773315,7.0
7509,461592,0.2633565178487247,8.0
7509,22221,0.4520727027862975,3.0
7509,480944,0.11388932440800612,10.0
7509,301580,0.12060900097208205,9.0
7509,323363,0.6155546626354096,1.0
7509,392826,0.5038358662643442,2.0
5067,328341,0.9352427316449464,1.0
5067,366830,0.8991819543853975,3.0
5067,547301,0.9070778873255045,2.0
5067,539133,0.7339228158008316,4.0
5067,231227,0.365625022581913,7.0
5067,88124,0.3607653815798981,8.0
5067,172594,0.6020850902222846,5.0
5067,460357,0.14723404591160463,9.0
5067,18001,0.4963999031237468,6.0
5067,574327,0.0,10.0
8456,257853,1.0,1.0
8456,115141,0.5962462790216463,4.0
8456,125659,0.3326602106131631,7.0
8456,486696,0.6658839716756415,3.0
8456,81924,0.5137466320424803,6.0
8456,159703,0.722164789038314,2.0
8456,193398,0.5424588668662201,5.0
8456,431507,0.10854788851400679,8.0
8456,290156,0.011641024081264807,9.0
8456,367137,0.0,10.0
10734,62882,0.9818070720924137,1.0
10734,426278,0.8225169491960747,2.0
10734,461261,0.2537364795568681,5.0
10734,207354,0.2074519603844048,6.0
10734,467044,0.11055730472099295,7.0
10734,589970,0.6785301279262206,3.0
10734,549759,0.09649959564275803,8.0
10734,55064,0.020174474751193383,10.0
10734,58937,0.4510440064861022,4.0
10734,551934,0.06742256688932016,9.0
5178,507544,0.9058458556923814,1.0
5178,257016,0.8440639543716818,2.0
5178,572272,0.5400176546950256,4.0
5178,9656,0.3606070981530708,7.0
5178,76414,0.5716420281333059,3.0
5178,60355,0.14830152164983762,9.0
5178,437538,0.4749834529215303,5.0
5178,268553,0.3607580599562881,6.0
5178,579235,0.002284225635154822,10.0
5178,216384,0.2485460194302435,8.0
9174,303025,0.7362734844435455,2.0
9174,404339,0.7661026906181928,1.0
9174,149306,0.5309707995352845,5.0
9174,313437,0.30092143790189296,8.0
9174,272008,0.6449841674197935,3.0
9174,374750,0.5770170828267087,4.0
9174,21194,0.1751502582645841,9.0
9174,265098,0.43663054384560407,6.0
9174,479625,0.01602679904373178,10.0
9174,434812,0.3817453074866837,7.0
988,501384,1.0,1.0
988,280967,0.5781350636449324,2.0
988,301224,0.5463471128843201,3.0
988,187196,0.11876089028310084,9.0
988,45029,0.380461203603547,6.0
988,287991,0.3741737019152405,7.0
988,236899,0.14296200014257257,8.0
988,201495,0.4658551910270427,5.0
988,345199,0.4939527440333295,4.0
988,455398,0.084813091613645,10.0
2154,476632,1.0,1.0
2154,132371,0.5136629087719,3.0
2154,153541,0.5241402515473472,2.0
2154,366761,0.336244300347207,6.0
2154,62966,0.04731699258579601,10.0
2154,24890,0.4898158481637457,4.0
2154,147080,0.24301042036265913,8.0
2154,450808,0.35676304343360854,5.0
2154,150219,0.21575594647307217,9.0
2154,148757,0.26789393814556056,7.0
9646,272784,0.8882194926777328,1.0
9646,236482,0.7090413167764589,3.0
9646,29306,0.6653901200359914,4.0
9646,556191,0.8250157866945853,2.0
9646,395437,0.15944199793772906,6.0
9646,96121,0.10232052874085856,9.0
9646,26203,0.332302612846756,5.0
9646,257853,0.14329174236378356,7.0
9646,323768,0.009117183063064051,10.0
9646,535697,0.11537469969823975,8.0
3033,571430,1.0,1.0
3033,518624,0.6827303941783429,2.0
3033,318583,0.32653792657829317,5.0
3033,123468,0.3664337874734341,4.0
3033,295980,0.1660672065216375,9.0
3033,481102,0.3154443029548285,6.0
3033,398622,0.1839084688043422,7.0
3033,570453,0.16882106972707056,8.0
3033,387010,0.3803449269138592,3.0
3033,62966,0.0,10.0
15,583956,0.5582059490384715,3.0
15,119213,0.33757747985157405,4.0
15,170294,0.6706998054686023,2.0
15,325273,0.8028495047513922,1.0
15,570155,0.26078737123629453,6.0
15,509723,0.22344868710772245,7.0
15,18509,0.31778679523538916,5.0
15,298159,0.04920008472826495,10.0
15,338313,0.11155518852190768,9.0
15,387165,0.19746675815132944,8.0
6612,274870,0.7258360467898122,2.0
6612,254454,0.9449471649505972,1.0
6612,216384,0.6304781954059724,3.0
6612,187739,0.507746764689323,4.0
6612,366448,0.35648357801456754,6.0
6612,95778,0.22385477760898342,9.0
6612,205522,0.2877076106439994,8.0
6612,416796,0.376684228607376,5.0
6612,159936,0.3184116409362277,7.0
6612,108302,0.0,10.0
5940,304743,0.9067314115805863,1.0
5940,326665,0.5982598451995764,3.0
5940,226303,0.19798880803581312,10.0
5940,438243,0.7511221009151818,2.0
5940,428082,0.3066767862435429,7.0
5940,433490,0.4738086559935939,6.0
5940,167684,0.4912474860749457,5.0
5940,16670,0.22125041109006624,8.0
5940,150650,0.21475791199401242,9.0
5940,546313,0.5898389063895244,4.0
9385,403755,1.0,1.0
9385,442127,0.5919783783021719,2.0
9385,1198,0.2951100536419242,5.0
9385,379667,0.34180743999067265,4.0
9385,341579,0.4007291131009133,3.0
9385,70853,0.21495792538205966,6.0
9385,57138,0.18416316551367715,7.0
9385,407654,0.048030024149458984,10.0
9385,208070,0.11021898874182862,8.0
9385,62151,0.05767214783557584,9.0
9332,159577,0.8013397464094627,1.0
9332,293687,0.6226290303370685,4.0
9332,271243,0.7832027770368606,2.0
9332,212770,0.20142441855394244,7.0
9332,178521,0.6328685987298502,3.0
9332,286074,0.1740769123612998,8.0
9332,271766,0.5640580972958668,5.0
9332,123418,0.21037064497547542,6.0
9332,236389,0.011440233482305035,10.0
9332,444107,0.15023707228671165,9.0
8275,435963,0.8961558525842717,1.0
8275,26203,0.4847607616400662,5.0
8275,514500,0.19696864656628177,9.0
8275,294867,0.7513978336925556,2.0
8275,571306,0.5277203178386802,4.0
8275,114439,0.3623291576752754,6.0
8275,576564,0.20855950103466914,8.0
8275,99757,0.2708545818928516,7.0
8275,44601,0.05840997417967241,10.0
8275,554568,0.5416602918567233,3.0
4785,435021,0.43391851799474457,2.0
4785,37517,0.9780376045543604,1.0
4785,326991,0.2779328379257027,4.0
4785,85522,0.054392085052679284,9.0
4785,34789,0.11138585800351888,8.0
4785,564841,0.18378257308212892,6.0
4785,162456,0.3225602278145905,3.0
4785,69696,0.03178770022660509,10.0
4785,140170,0.12239364787866257,7.0
4785,385574,0.2150133190289601,5.0
4465,569461,0.8438545002707126,2.0
4465,561377,0.4743543495565168,6.0
4465,299242,0.9027564779209413,1.0
4465,349710,0.431479737345822,8.0
4465,344041,0.6021893096804212,3.0
4465,109860,0.4422462364830288,7.0
4465,226303,0.5078054791115104,4.0
4465,170294,0.08697429997894558,10.0
4465,213591,0.3419665975976738,9.0
4465,461051,0.4947934173620481,5.0
7279,476834,1.0,1.0
7279,214542,0.5713486542901007,2.0
7279,412502,0.44987897591288145,6.0
7279,50744,0.5287542284373864,3.0
7279,27081,0.4784886677294691,4.0
7279,322456,0.4554931032125398,5.0
7279,442489,0.11818050022199918,8.0
7279,19606,0.17816400158417828,7.0
7279,343489,0.0004035448411536767,10.0
7279,29790,0.01026695981226466,9.0
7431,281707,0.8984046609047543,2.0
7431,372921,0.918611311690001,1.0
7431,292991,0.5349416832361966,4.0
7431,501384,0.4598388662267652,5.0
7431,423403,0.6951100810133515,3.0
7431,44594,0.1055837665304493,9.0
7431,305287,0.3522466269588527,6.0
7431,114768,0.23794923007808214,7.0
7431,178303,0.04995661634839592,10.0
7431,257248,0.2305127729465836,8.0
2118,76515,0.6000593756283611,2.0
2118,338313,0.467233478985259,4.0
2118,384322,0.5912690935415539,3.0
2118,467509,0.29791758232476784,6.0
2118,411061,0.7450773182065077,1.0
2118,191977,0.4253984325329675,5.0
2118,328556,0.2627333803987768,7.0
2118,528661,0.11959017358926059,8.0
2118,361028,0.017141537206756017,10.0
2118,373271,0.07024502461773069,9.0
5380,549254,1.0,1.0
5380,216196,0.39879793008182735,2.0
5380,46099,0.10542445507683426,9.0
5380,360481,0.31110489684853426,4.0
5380,175771,0.04965715044755348,10.0
5380,242524,0.37599733461550333,3.0
5380,507284,0.2776253727570163,5.0
5380,416307,0.11098323571341492,8.0
5380,345895,0.11581559942170751,7.0
5380,336772,0.12601952001798145,6.0
3404,62966,0.44558367718554553,3.0
3404,322246,0.35460147601309067,5.0
3404,583635,0.262619772931389,8.0
3404,272425,0.43289210927358224,4.0
3404,153541,0.32631192491098393,6.0
3404,251411,0.26218213455896894,9.0
3404,488574,0.6768629340708109,1.0
3404,241136,0.10236966472115483,10.0
3404,442110,0.4476857404598867,2.0
3404,298128,0.3258027283003297,7.0
6420,565568,1.0,1.0
6420,480315,0.36110258063330475,7.0
6420,294295,0.523503322501609,3.0
6420,394244,0.5772711687463005,2.0
6420,69696,0.29232235974543946,9.0
6420,122432,0.263563812959857,10.0
6420,269898,0.41991986342881876,5.0
6420,279897,0.3510258741394519,8.0
6420,442048,0.4338850137539756,4.0
6420,112714,0.3629250857203643,6.0
9961,21311,1.0,1.0
9961,72402,0.6218180043235393,2.0
9961,335991,0.47151823077112187,4.0
9961,518379,0.49565676903017997,3.0
9961,174335,0.270222931615268,7.0
9961,341493,0.3639255919296465,6.0
9961,17166,0.12765964421832332,8.0
9961,528522,0.39736210844366393,5.0
9961,565684,0.004849924507622578,10.0
9961,156358,0.054039946419993,9.0
8079,125940,0.4709811187459912,6.0
8079,95278,0.9850511710020902,1.0
8079,187583,0.49199011993836006,5.0
8079,57138,0.6033912191822814,2.0
8079,11184,0.5500867711076038,4.0
8079,108040,0.5772464635999707,3.0
8079,39478,0.42153716720590273,7.0
8079,224231,0.09963969298473938,9.0
8079,93971,0.12788519951067154,8.0
8079,1198,0.0,10.0
