query_id,doc_id,score_hybrid,rank
3394,112208,0.7234340453314061,2.0
3394,172703,0.26088949401628614,3.0
3394,87722,0.16716533915874143,6.0
3394,445971,0.9056975359196029,1.0
3394,345199,0.18644574978811806,5.0
3394,377429,0.12686148458437163,8.0
3394,387277,0.20236700915252698,4.0
3394,133093,0.13261955795520047,7.0
3394,418150,0.03266787354921312,10.0
3394,539263,0.05374640554170708,9.0
5505,100387,1.0,1.0
5505,141738,0.19353088740246407,5.0
5505,278824,0.24621814214726698,3.0
5505,70488,0.40041174608433844,2.0
5505,349160,0.06382152007108563,8.0
5505,478457,0.028575522909170557,9.0
5505,200338,0.2008490504510984,4.0
5505,408327,0.19135830934278686,6.0
5505,442142,0.06592689779822573,7.0
5505,593085,0.0,10.0
6792,558617,1.0,1.0
6792,400841,0.5735926367076242,5.0
6792,29306,0.6088580120536683,2.0
6792,136825,0.5810439870444659,3.0
6792,259081,0.5214135778454337,7.0
6792,40447,0.29346228148837616,8.0
6792,480515,0.5646262217699182,6.0
6792,156467,0.5752676001111386,4.0
6792,545434,0.01920992942524982,10.0
6792,585447,0.24926826722919496,9.0
6909,452175,0.5004032351342955,4.0
6909,13260,0.4602461808465619,6.0
6909,435963,0.6069827331173518,3.0
6909,375019,0.7244588113795191,2.0
6909,266900,0.44034208478298115,7.0
6909,464502,0.0826400134704737,9.0
6909,214003,0.01505511648135405,10.0
6909,79357,0.8123332674196392,1.0
6909,535697,0.5001722533884404,5.0
6909,330041,0.37767875360961745,8.0
4946,121690,1.0,1.0
4946,156816,0.6338268989442262,3.0
4946,79357,0.5123895723226548,4.0
4946,9938,0.46423701937745027,5.0
4946,350680,0.28011940584232575,7.0
4946,28119,0.23910929802008937,8.0
4946,343489,0.38332363790255625,6.0
4946,100485,0.6530457117774424,2.0
4946,88105,0.006538242293452157,10.0
4946,496935,0.08512359575292551,9.0
4125,283079,0.2733778314195935,5.0
4125,232199,0.3536199600718641,4.0
4125,363591,0.5146461687893382,3.0
4125,452987,0.2638571142118589,6.0
4125,571362,0.8784000399778656,1.0
4125,292769,0.2622870204896405,7.0
4125,340044,0.6538079496811409,2.0
4125,103593,0.008376678597270452,10.0
4125,276400,0.22461599600165907,8.0
4125,7632,0.19143416161220897,9.0
6009,62151,0.5111802360746804,6.0
6009,175831,0.6234267576537899,4.0
6009,303325,0.827426162186373,2.0
6009,228983,0.9129867977328855,1.0
6009,158717,0.7670089865530727,3.0
6009,472585,0.021998977604480403,10.0
6009,178684,0.22439795284595973,8.0
6009,442048,0.579663613567719,5.0
6009,125298,0.1941643035984216,9.0
6009,99857,0.4014201509224445,7.0
9598,528034,0.40764003181615827,4.0
9598,379311,0.6164402518380319,3.0
9598,322826,0.07260713258694017,9.0
9598,136270,0.10539672376386325,8.0
9598,574327,0.843563495734673,1.0
9598,112208,0.30888466017657584,5.0
9598,17923,0.2234978030837898,6.0
9598,172703,0.1732009451325927,7.0
9598,297290,0.7512585118149988,2.0
9598,383978,0.01368888649446725,10.0
10645,22221,1.0,1.0
10645,340131,0.6911159692852868,3.0
10645,441176,0.8815227217385191,2.0
10645,183349,0.22882768292755423,9.0
10645,102684,0.4697407238136147,6.0
10645,248799,0.677022390927957,4.0
10645,317354,0.3932410586439546,7.0
10645,293679,0.6602872376880563,5.0
10645,415340,0.31502292757269934,8.0
10645,487791,0.0,10.0
7441,125659,0.5315810418537021,5.0
7441,192900,0.6945746243011975,4.0
7441,537418,0.9064864222100255,2.0
7441,231781,0.9533548693112182,1.0
7441,117576,0.8773214285273919,3.0
7441,404339,0.06238604118756352,10.0
7441,329662,0.4632583126141592,6.0
7441,504996,0.3946086288311657,8.0
7441,336018,0.4210931108547724,7.0
7441,180733,0.07669665028258506,9.0
5080,305901,0.4786406983989155,5.0
5080,553304,0.5325049066587899,4.0
5080,392434,0.35702122266196623,7.0
5080,514512,0.3790262956673842,6.0
5080,67063,0.8946980912726308,1.0
5080,488334,0.7411239146446285,2.0
5080,356928,0.736210914818986,3.0
5080,271026,0.03668184505881254,10.0
5080,88912,0.18348481704139857,9.0
5080,167950,0.3321831019356832,8.0
9329,326991,1.0,1.0
9329,385574,0.2916389260937105,7.0
9329,340210,0.49219233274517943,4.0
9329,394924,0.49029652390118644,5.0
9329,265098,0.569280494702823,3.0
9329,586018,0.604418717925898,2.0
9329,179103,0.07981903035227443,9.0
9329,192900,0.3435937020578633,6.0
9329,209493,0.28308357421714103,8.0
9329,209065,0.0,10.0
6479,404339,1.0,1.0
6479,272008,0.8977768374083548,2.0
6479,536120,0.3106040111796552,6.0
6479,9938,0.06953665095429216,9.0
6479,453839,0.21579833776571733,7.0
6479,104793,0.01338501076765743,10.0
6479,257656,0.5033793235711892,3.0
6479,491969,0.42437305262854197,4.0
6479,114439,0.15260480568063142,8.0
6479,340210,0.3185911481255312,5.0
8513,175821,1.0,1.0
8513,69790,0.6422587808811582,2.0
8513,167950,0.4348679507821076,6.0
8513,183612,0.05228141488907621,10.0
8513,449039,0.2789359739775614,8.0
8513,267113,0.4661495985847172,4.0
8513,167896,0.2609621147811462,9.0
8513,417840,0.45682630731976565,5.0
8513,232712,0.5071847046434561,3.0
8513,87667,0.34758170650475045,7.0
10109,93231,1.0,1.0
10109,28314,0.8210351635109279,2.0
10109,535317,0.3115899850631411,3.0
10109,395357,0.3041822192598411,4.0
10109,124630,0.16079077502482045,6.0
10109,244749,0.08854319274682287,9.0
10109,305467,0.14541528563520062,7.0
10109,116420,0.1160966154715943,8.0
10109,474384,0.2876179078692501,5.0
10109,105818,0.0,10.0
4844,275257,1.0,1.0
4844,367137,0.5469143520779253,4.0
4844,192193,0.6905350778982053,2.0
4844,111033,0.571778228603755,3.0
4844,235522,0.44068977244795016,5.0
4844,549741,0.16518271202085882,8.0
4844,140088,0.3602978205687356,6.0
4844,386423,0.12056746607825596,9.0
4844,144177,0.24603844661941762,7.0
4844,409432,0.0,10.0
8544,214003,1.0,1.0
8544,37517,0.1777341870887445,7.0
8544,336541,0.34315947028490285,4.0
8544,75437,0.258212025266817,6.0
8544,13260,0.3504299691163927,3.0
8544,100103,0.5130894975899161,2.0
8544,416307,0.08674781094203124,8.0
8544,12432,0.04159217953910404,10.0
8544,561884,0.29707347679858753,5.0
8544,111768,0.06915226917902309,9.0
4823,561929,1.0,1.0
4823,362919,0.6737233408239739,2.0
4823,340131,0.26591754269027146,8.0
4823,104726,0.6653872319249214,3.0
4823,11572,0.5364921111910556,6.0
4823,7094,0.6265345751021036,4.0
4823,2860,0.20186875336726487,9.0
4823,459423,0.5367547868930583,5.0
4823,252716,0.4066686242117782,7.0
4823,271118,0.0,10.0
1085,366597,1.0,1.0
1085,405702,0.7580445043279347,2.0
1085,485195,0.1606624839227538,9.0
1085,374334,0.20688048062311862,8.0
1085,108302,0.29157741550007044,5.0
1085,581889,0.2657779921929263,6.0
1085,94586,0.010354249707934053,10.0
1085,184175,0.5402280719709643,4.0
1085,401125,0.6377458089324595,3.0
1085,315275,0.2343235717128013,7.0
2388,104988,1.0,1.0
2388,300287,0.5024004033279794,2.0
2388,13657,0.2570858872197481,8.0
2388,123733,0.04815969048435989,10.0
2388,459423,0.4419743822905032,3.0
2388,565698,0.325140655678642,5.0
2388,423403,0.2657485455712611,6.0
2388,157702,0.4166724519318006,4.0
2388,141320,0.2591373461364669,7.0
2388,429978,0.16552103676989766,9.0
6891,474351,1.0,1.0
6891,492506,0.40101539485528626,2.0
6891,504497,0.0307744003088862,9.0
6891,558924,0.2750122383584141,5.0
6891,264095,0.20553821666772898,7.0
6891,381757,0.3267467520833803,4.0
6891,323363,0.3369806915233796,3.0
6891,579543,0.07148292191362046,8.0
6891,143425,0.2322430362783852,6.0
6891,73434,0.0,10.0
2568,346042,1.0,1.0
2568,164702,0.30735724596996566,5.0
2568,170141,0.6644772238156151,3.0
2568,13975,0.21628127885945908,6.0
2568,544654,0.06798057522880617,10.0
2568,130209,0.4386021986513791,4.0
2568,428150,0.11824298988691301,9.0
2568,269898,0.7824060383352472,2.0
2568,368802,0.20174039855334563,7.0
2568,213370,0.13474376194049095,8.0
7702,558924,0.8143130199304123,2.0
7702,133093,0.721328236701838,3.0
7702,387277,0.9273038140618163,1.0
7702,592636,0.18633858547271034,7.0
7702,214542,0.2093574503415201,6.0
7702,192193,0.261191352436822,5.0
7702,108721,0.06456469957258473,9.0
7702,140088,0.31106301236230177,4.0
7702,367137,0.11991038103681727,8.0
7702,259317,0.0,10.0
2376,91545,0.8965678980219025,3.0
2376,402249,0.9178925903442654,1.0
2376,244961,0.7256525293345344,5.0
2376,114417,0.688425869450892,8.0
2376,549833,0.9171355050708838,2.0
2376,324411,0.6987001317608247,7.0
2376,407455,0.7202588190861365,6.0
2376,64263,0.8363538654248308,4.0
2376,582521,0.49469359772883853,9.0
2376,44110,0.0,10.0
4339,386531,1.0,1.0
4339,488615,0.8765299913803655,2.0
4339,16392,0.36789924824030934,5.0
4339,242076,0.20374184320359334,7.0
4339,240645,0.17070050709190926,8.0
4339,473540,0.40998325295000826,3.0
4339,260328,0.38115134597001227,4.0
4339,455398,0.016923551788470388,10.0
4339,242294,0.2074649895475146,6.0
4339,103256,0.07832976420823058,9.0
5427,387854,0.5360387935760067,4.0
5427,580709,0.5050721155866043,5.0
5427,55666,0.5699325128480722,3.0
5427,200338,0.07252244201547306,10.0
5427,597467,0.4286769297194011,6.0
5427,142876,0.5982828760864194,2.0
5427,522358,0.12279272290298598,9.0
5427,273084,0.27543552532579285,8.0
5427,200603,0.8014951182940984,1.0
5427,549759,0.29661134089951374,7.0
7734,226070,1.0,1.0
7734,96013,0.665045229775864,2.0
7734,87667,0.41617540416124355,7.0
7734,94591,0.43643017664878153,6.0
7734,10703,0.5314993939018194,3.0
7734,150544,0.05967852807353986,9.0
7734,421371,0.3855786852911581,8.0
7734,232712,0.4373350817582669,5.0
7734,247486,0.004681418385825746,10.0
7734,433905,0.46958017941413255,4.0
2486,487791,1.0,1.0
2486,58937,0.6118569854484195,3.0
2486,388575,0.30998373340921237,7.0
2486,101604,0.35139579069864685,6.0
2486,216327,0.16881606732126025,9.0
2486,250702,0.46449464297827514,4.0
2486,357914,0.2802796506334272,8.0
2486,234436,0.6583478728006552,2.0
2486,518563,0.002027104010466315,10.0
2486,130021,0.43907836028763375,5.0
7071,238629,0.671570594854349,3.0
7071,99857,0.21312570092434202,8.0
7071,178684,0.7021021194459622,2.0
7071,14543,0.3669375213942188,7.0
7071,588384,0.12062524755743699,9.0
7071,246221,0.4895398929778578,4.0
7071,403899,0.016755085302971946,10.0
7071,434812,0.8083669471771567,1.0
7071,319793,0.46593051480683,5.0
7071,378173,0.3974116114134525,6.0
8537,511093,0.9313067196321312,2.0
8537,416307,0.9434597488764378,1.0
8537,572842,0.19241230333902254,7.0
8537,281707,0.11709993940396529,8.0
8537,374020,0.5547471620767205,6.0
8537,96467,0.6795388537722267,5.0
8537,557356,0.6816607096796793,4.0
8537,472516,0.8361425594171437,3.0
8537,472014,0.10173396478528528,10.0
8537,501384,0.10539799125432783,9.0
7178,70096,0.4576602787496805,2.0
7178,401329,0.8899163900191522,1.0
7178,420851,0.4085966917104073,3.0
7178,518563,0.16194977839950597,8.0
7178,58851,0.016263156297096588,10.0
7178,474384,0.26195127435082083,6.0
7178,88892,0.1563320328434299,9.0
7178,193312,0.26494292398221153,5.0
7178,484055,0.3032844666982585,4.0
7178,554568,0.19376700723460089,7.0
4777,2860,0.8958971877823709,2.0
4777,409535,0.9601691814051896,1.0
4777,228983,0.13480340605016533,6.0
4777,429378,0.14083871921503713,5.0
4777,407455,0.15410473919563503,4.0
4777,167896,0.7354227359668829,3.0
4777,525231,0.11026544402753702,8.0
4777,570155,0.11572489907891,7.0
4777,413041,0.011770381811984448,10.0
4777,164008,0.04341137090787114,9.0
2398,168922,0.2,10.0
2398,96538,0.8902719633112285,1.0
2398,443246,0.7429836309409203,3.0
2398,490443,0.6090558930087205,5.0
2398,527698,0.8749428572475257,2.0
2398,548465,0.6146520059838161,4.0
2398,107092,0.45849764577424573,8.0
2398,505959,0.5403289048247626,6.0
2398,403515,0.21407821622177511,9.0
2398,342212,0.5037545771574716,7.0
849,557186,1.0,1.0
849,528564,0.7049576588551643,4.0
849,232199,0.7999693847327651,2.0
849,183612,0.7124359556392904,3.0
849,234436,0.34156671665291033,9.0
849,366830,0.5906103066358267,5.0
849,24890,0.34428861348324213,8.0
849,327263,0.5408827516741872,7.0
849,454810,0.005295875336313834,10.0
849,273947,0.5756291734141109,6.0
7534,175821,1.0,1.0
7534,301224,0.37613948921152485,4.0
7534,498378,0.3950061623399457,3.0
7534,46099,0.05187615879164035,9.0
7534,147765,0.13609378251616022,7.0
7534,89714,0.5639758888874915,2.0
7534,51046,0.2573541577508547,5.0
7534,211839,0.0033203150495710898,10.0
7534,255491,0.10302074704859152,8.0
7534,169062,0.20708414132249633,6.0
5021,226070,0.46450156646678725,4.0
5021,423034,0.9286539020861454,1.0
5021,588607,0.1308780217896468,9.0
5021,79357,0.6902749430085406,2.0
5021,494939,0.659400516849124,3.0
5021,3118,0.03116537852428842,10.0
5021,339640,0.2950520718393814,5.0
5021,289813,0.15087498886765366,8.0
5021,481308,0.2828117396745519,6.0
5021,136825,0.21763986119384413,7.0
6131,326094,0.9390795191196866,1.0
6131,334111,0.8724500686828804,2.0
6131,44223,0.41332667119703603,6.0
6131,258465,0.7424016682294439,4.0
6131,123733,0.06170822676695516,9.0
6131,368806,0.834638954852209,3.0
6131,315275,0.11970355900031102,8.0
6131,470024,0.5155947757037278,5.0
6131,483441,0.3425717497140982,7.0
6131,169699,0.028207100629190174,10.0
10136,152316,0.8862384774024765,2.0
10136,32744,0.5464996283871519,3.0
10136,290930,0.963377220133628,1.0
10136,277179,0.41699841083356814,4.0
10136,18509,0.07702216648255499,9.0
10136,198349,0.2766474565896764,6.0
10136,302792,0.0915420247911792,8.0
10136,507284,0.4005809578038922,5.0
10136,280204,0.22943755236218283,7.0
10136,144177,0.0592414618252919,10.0
9548,423658,0.927607664345572,1.0
9548,523810,0.48271497140897446,4.0
9548,297290,0.923622895217076,2.0
9548,231227,0.8293011485484094,3.0
9548,61022,0.08997772899812317,9.0
9548,72160,0.20838107857668625,7.0
9548,539263,0.25151718264361045,6.0
9548,32811,0.04547762042032629,10.0
9548,583203,0.20238682998677598,8.0
9548,482544,0.2941849784984499,5.0
4942,314898,1.0,1.0
4942,433490,0.6814924254200372,2.0
4942,295864,0.11700202005973145,8.0
4942,70853,0.36051808755394815,3.0
4942,420556,0.19325843399793474,7.0
4942,94689,0.2247266209857584,6.0
4942,486333,0.29599362589544365,4.0
4942,62966,0.24889624692798387,5.0
4942,55999,0.01292232641376204,10.0
4942,539263,0.01522209579678447,9.0
5090,572272,0.603440745866187,2.0
5090,12988,0.9575873322029684,1.0
5090,270856,0.4891194376705419,3.0
5090,468777,0.09545398870484328,10.0
5090,507544,0.4705852766799672,4.0
5090,551423,0.2986474107734165,8.0
5090,149500,0.38149915456820854,6.0
5090,247721,0.15378724328018561,9.0
5090,169688,0.34858599241019556,7.0
5090,414534,0.3903549744766055,5.0
6005,149500,1.0,1.0
6005,507544,0.7799772385694599,2.0
6005,572272,0.7406863747394263,3.0
6005,551423,0.25268715384078094,6.0
6005,140947,0.019887720326521332,10.0
6005,30311,0.1216023134218007,9.0
6005,176498,0.5569583835515834,4.0
6005,414288,0.46353068706406386,5.0
6005,515060,0.1257041436559981,8.0
6005,377223,0.137051049330094,7.0
7533,162668,1.0,1.0
7533,461084,0.5882820449398468,3.0
7533,438680,0.44249901928324087,6.0
7533,284411,0.6074049657998271,2.0
7533,167356,0.3009465542798875,8.0
7533,257016,0.46827870738294003,5.0
7533,201495,0.5506861180886943,4.0
7533,213435,0.43812699550578454,7.0
7533,167950,0.011643622270339474,10.0
7533,407654,0.015761492777473674,9.0
8034,284075,0.2,9.0
8034,327978,0.3806664861907777,5.0
8034,415340,0.20723526315453716,8.0
8034,307999,0.903522698733233,1.0
8034,292991,0.14354299333964093,10.0
8034,198764,0.4286819703952549,4.0
8034,13153,0.6465608119896533,2.0
8034,22221,0.6292632311491015,3.0
8034,213435,0.29488403210076836,7.0
8034,579557,0.3390494013879778,6.0
2330,478514,1.0,1.0
2330,260014,0.10536451485889523,8.0
2330,370334,0.4864380009176293,2.0
2330,345895,0.2023830522808078,6.0
2330,156873,0.20247156917949755,5.0
2330,572272,0.028317553952529495,9.0
2330,488334,0.2174375828671941,4.0
2330,94586,0.11616193032592843,7.0
2330,167684,0.2644989071971196,3.0
2330,9656,0.0,10.0
7803,62151,1.0,1.0
7803,572205,0.40855330027640097,5.0
7803,327127,0.35123035017643817,6.0
7803,216065,0.51706346616904,2.0
7803,214003,0.4455114984375008,4.0
7803,100103,0.3036313221878264,8.0
7803,336541,0.34483438539613115,7.0
7803,324037,0.10933219116929527,9.0
7803,583651,0.004785677752723691,10.0
7803,12432,0.4998270203897807,3.0
1933,183612,1.0,1.0
1933,446984,0.40527699426109876,3.0
1933,141738,0.05023494185994003,9.0
1933,352640,0.2581429804056409,7.0
1933,445298,0.35573989915742776,4.0
1933,413041,0.00989578921479798,10.0
1933,466718,0.4785999813350067,2.0
1933,234436,0.22079709892862717,8.0
1933,264554,0.30437271994414744,6.0
1933,134794,0.3118180807094011,5.0
6849,44601,1.0,1.0
6849,59714,0.369123378042052,5.0
6849,78675,0.41589178039147834,4.0
6849,578427,0.5698682885502203,2.0
6849,172703,0.21626650267558806,6.0
6849,79998,0.20269637812140345,7.0
6849,112208,0.10107060703213036,8.0
6849,418150,0.5025873169419682,3.0
6849,328086,0.004850233773501159,9.0
6849,61962,0.003894795414726698,10.0
7448,418150,1.0,1.0
7448,100485,0.1210359141869979,8.0
7448,273861,0.02497504918270401,10.0
7448,112208,0.33260207616781956,2.0
7448,377429,0.188855416453373,5.0
7448,387277,0.14296835440997221,6.0
7448,307095,0.22380339285474268,4.0
7448,133093,0.10896240209098308,9.0
7448,44601,0.3216470490929174,3.0
7448,172703,0.13832555003377323,7.0
42,283079,0.9742031461372156,1.0
42,278824,0.6240014914147263,6.0
42,528564,0.7138197541093672,4.0
42,327002,0.8372746047428768,2.0
42,141738,0.2467500015608716,8.0
42,124630,0.14340044159049634,9.0
42,366830,0.6363172861041987,5.0
42,467509,0.031878950524713345,10.0
42,536849,0.8191442856437696,3.0
42,583956,0.4273698684102435,7.0
4102,125940,0.3273774498033144,8.0
4102,293320,0.3465194544982406,6.0
4102,572340,0.7108665116757756,2.0
4102,554734,0.9391859683829498,1.0
4102,275925,0.3927834019758855,5.0
4102,327978,0.5860466804520502,4.0
4102,326142,0.5957957122415258,3.0
4102,460457,0.1956925771040058,9.0
4102,356987,0.014398830612661149,10.0
4102,324779,0.3405886495664323,7.0
7269,474351,0.434865250828197,3.0
7269,588607,0.4071814035144019,5.0
7269,72402,0.2994033564510033,7.0
7269,226070,0.1345471489595575,9.0
7269,301580,0.03393680447808094,10.0
7269,486696,0.7443418686237256,2.0
7269,386173,0.1450154329234204,8.0
7269,392894,0.8123732422121025,1.0
7269,129319,0.3820587658446358,6.0
7269,90294,0.42207023046938813,4.0
10975,363591,0.26282591619720075,8.0
10975,17166,0.946035838782906,1.0
10975,72160,0.3954735496653805,4.0
10975,545759,0.28255740891941,6.0
10975,384564,0.25900253317942346,9.0
10975,482544,0.7758745463117463,2.0
10975,528522,0.037240856368560275,10.0
10975,61022,0.2764130567876144,7.0
10975,452870,0.6648534992265595,3.0
10975,341493,0.28831453897132725,5.0
715,93936,0.24747890127497413,8.0
715,232262,0.7855788218556404,3.0
715,377223,0.8234613322266933,2.0
715,590489,0.737018419704708,4.0
715,560872,0.8346304163688845,1.0
715,127316,0.43853597332134037,7.0
715,273925,0.673730036912983,5.0
715,524752,0.030321671801317857,9.0
715,212028,0.004344358320084643,10.0
715,167896,0.5616420956768611,6.0
4037,557186,0.7887942532429537,2.0
4037,408327,0.46046770447464175,3.0
4037,81483,0.03791590457296992,10.0
4037,264554,0.2994061044258858,6.0
4037,70488,0.12953900950953243,8.0
4037,73427,0.36965366826764146,4.0
4037,141738,0.06848248976914215,9.0
4037,327002,0.31076467742585595,5.0
4037,298099,0.8009693308754579,1.0
4037,278824,0.2011037166297213,7.0
4047,159836,0.37528845988071446,5.0
4047,538352,0.9526296704176089,1.0
4047,124230,0.5805306416791473,3.0
4047,457294,0.25046510742982236,7.0
4047,227423,0.7280693526349058,2.0
4047,488258,0.14324246189192846,8.0
4047,186453,0.5425356378230306,4.0
4047,560872,0.08946638635369136,9.0
4047,304477,0.0038978356757582186,10.0
4047,472585,0.27869554948415953,6.0
8072,31465,1.0,1.0
8072,127452,0.5685814052878908,3.0
8072,164008,0.47177807110507197,6.0
8072,413041,0.1332460789883909,10.0
8072,394244,0.5523950238530353,4.0
8072,284235,0.5939059125928657,2.0
8072,494727,0.35475022214466573,7.0
8072,294867,0.486717468983073,5.0
8072,316838,0.2083066159586546,9.0
8072,169062,0.22203062132148405,8.0
5906,258465,0.5313711948166517,4.0
5906,409907,0.9032285073874696,1.0
5906,318520,0.7468539572592331,2.0
5906,470024,0.15672501022051805,7.0
5906,289231,0.07293469428318076,10.0
5906,273528,0.4709849641368107,5.0
5906,326094,0.13066935004009841,9.0
5906,2460,0.27871136741100677,6.0
5906,394467,0.13498280673066515,8.0
5906,15172,0.6231903900100735,3.0
8378,178684,1.0,1.0
8378,246221,0.7029459196521243,5.0
8378,238629,0.7426664509273534,3.0
8378,434812,0.7843521672443643,2.0
8378,102237,0.7198890520394051,4.0
8378,43497,0.2285966512900633,7.0
8378,403025,0.0768999869940194,9.0
8378,382381,0.26272854549304786,6.0
8378,554568,0.17371454214485352,8.0
8378,597401,0.0,10.0
885,315275,0.4876765902694044,3.0
885,273528,0.33825282393309075,7.0
885,173929,0.24583727883852471,8.0
885,394467,0.3696361454914099,6.0
885,485195,0.07224267706499958,10.0
885,326094,0.8321008561924239,1.0
885,483441,0.3887294010667945,5.0
885,258465,0.7156218738520178,2.0
885,399013,0.10881899607639883,9.0
885,246459,0.4013221943995879,4.0
2423,529444,0.904442716412428,2.0
2423,396127,0.981554115690545,1.0
2423,89049,0.5413690348201083,6.0
2423,124027,0.5796528990323891,5.0
2423,461084,0.4191187347223996,8.0
2423,388646,0.46616692047908004,7.0
2423,553288,0.7306506165759336,3.0
2423,428150,0.6505241288204481,4.0
2423,370334,0.06472210034399543,9.0
2423,175232,0.0,10.0
4414,235522,0.9424658534803885,2.0
4414,367137,0.9441466861178709,1.0
4414,133093,0.22204783672729111,8.0
4414,144177,0.6172159214127741,4.0
4414,111033,0.5062138010768731,6.0
4414,275257,0.14334275349736372,9.0
4414,29073,0.7851673628842275,3.0
4414,140088,0.2840607827360579,7.0
4414,76776,0.003711424513539507,10.0
4414,577578,0.5887793440946605,5.0
1297,313909,0.41064411512240223,4.0
1297,171761,0.9969283770813916,1.0
1297,219758,0.3492306997642066,7.0
1297,289813,0.37257698702831876,6.0
1297,90712,0.398945348889922,5.0
1297,146021,0.5816108139273818,2.0
1297,370663,0.557208464210377,3.0
1297,66246,0.05707994199493168,9.0
1297,545434,0.006442963312076815,10.0
1297,521712,0.19236989637982543,8.0
8512,32811,1.0,1.0
8512,61022,0.6443114859576214,2.0
8512,149696,0.3897240276901547,5.0
8512,320101,0.06847502727464742,10.0
8512,528522,0.27908959118212606,6.0
8512,231227,0.1315259880754363,9.0
8512,461592,0.4378444667845445,3.0
8512,474384,0.26549822956707664,7.0
8512,214901,0.1414100448405418,8.0
8512,452870,0.4325618729710832,4.0
3822,290930,0.6424325323846182,3.0
3822,454157,0.5020907730153873,7.0
3822,586151,0.9041586692981686,1.0
3822,318583,0.09270316622065151,9.0
3822,592636,0.5684887580662047,4.0
3822,476834,0.5049091393358465,6.0
3822,597880,0.3697382355385709,8.0
3822,309269,0.5598430220426645,5.0
3822,431814,0.04704645027654125,10.0
3822,369355,0.6602305058734852,2.0
859,32530,0.9010876207743193,1.0
859,326094,0.8784395378771993,2.0
859,171720,0.649670884875056,4.0
859,377223,0.5900683636567451,6.0
859,310215,0.29998431116390883,9.0
859,308837,0.39502323005125695,8.0
859,513258,0.018041488404525362,10.0
859,388201,0.5184150326501115,7.0
859,506374,0.5926628720818687,5.0
859,217683,0.7123940478698345,3.0
6668,457294,1.0,1.0
6668,93971,0.23845881706650154,5.0
6668,301570,0.06459587054717882,10.0
6668,228403,0.3076605929919593,4.0
6668,159703,0.1366368639392882,8.0
6668,326991,0.14347530734132355,7.0
6668,526110,0.3197177410169158,3.0
6668,88892,0.21072598218561936,6.0
6668,241337,0.4116410965867228,2.0
6668,11988,0.12818942292098034,9.0
604,38711,0.6297757226612899,4.0
604,571430,0.9624728364463829,1.0
604,224869,0.38650491218010585,7.0
604,115553,0.08722823322534992,9.0
604,197222,0.3977514214384511,5.0
604,348353,0.6780358067889819,2.0
604,561377,0.39403820901907705,6.0
604,195191,0.014705404953487372,10.0
604,342307,0.2781231483324242,8.0
604,486333,0.6729211638955598,3.0
3177,539263,0.8369207166446642,4.0
3177,172703,0.937572240538389,1.0
3177,536120,0.6301763607322525,6.0
3177,377429,0.8782382300345493,3.0
3177,480315,0.9188676241533607,2.0
3177,87722,0.5216987873602359,7.0
3177,17208,0.7605643624152805,5.0
3177,467575,0.3045505394784463,8.0
3177,328086,0.01684002770959856,10.0
3177,423658,0.12133557627099001,9.0
721,496225,1.0,1.0
721,51615,0.10857682459143758,7.0
721,298128,0.3109619081430157,3.0
721,568526,0.39659120102041956,2.0
721,251824,0.14249240370085042,6.0
721,196427,0.01176506096035705,10.0
721,597880,0.08868192234424416,8.0
721,150650,0.171848999505926,5.0
721,447353,0.19195208050476628,4.0
721,358661,0.037844885416204475,9.0
7124,427726,0.5130493527753957,4.0
7124,242524,0.47838420681240057,6.0
7124,62151,0.4135815791533747,8.0
7124,265314,0.4472408836819153,7.0
7124,226070,0.5078594772618182,5.0
7124,558617,0.8911014061775844,1.0
7124,433905,0.5325052393167273,3.0
7124,421371,0.5814346198887025,2.0
7124,96013,0.3738279190407518,9.0
7124,162668,0.0,10.0
4500,236482,0.322827473889731,5.0
4500,533623,0.817192383548495,2.0
4500,474234,0.3060371517707741,6.0
4500,166487,0.3846932008903496,4.0
4500,231781,0.1683786497467186,7.0
4500,80031,0.16606506601647297,8.0
4500,163048,0.8259509536328824,1.0
4500,62897,0.024090636688389473,9.0
4500,275929,0.5769040841998527,3.0
4500,81101,0.0168159224925002,10.0
603,64103,0.5616626690727795,2.0
603,399013,0.9056782362496043,1.0
603,535651,0.1819982080878198,7.0
603,120090,0.5563673403239477,3.0
603,279897,0.2700037606059838,6.0
603,55022,0.28478470695999014,5.0
603,35736,0.4545493478021785,4.0
603,544486,0.041932802649562874,9.0
603,77503,0.010823816473135335,10.0
603,139047,0.06519952579309411,8.0
6647,462265,1.0,1.0
6647,13260,0.277019479876132,3.0
6647,96013,0.14673498144299274,7.0
6647,464533,0.17631779260219357,6.0
6647,562171,0.06082340737781472,9.0
6647,326233,0.18589555388650233,5.0
6647,209188,0.43424369567631715,2.0
6647,231068,0.23644651519808518,4.0
6647,391988,0.04309761244100423,10.0
6647,531990,0.0733433195459936,8.0
5369,258465,0.8511854498992371,2.0
5369,172128,0.6320129966637067,6.0
5369,184175,0.8852505467963855,1.0
5369,399013,0.7538825132038598,3.0
5369,173929,0.047959510747371974,10.0
5369,171339,0.6374374908760483,5.0
5369,414288,0.6481283045826773,4.0
5369,500946,0.5593459203055484,7.0
5369,70724,0.3280982660501686,8.0
5369,118280,0.05219392004148006,9.0
932,48722,0.9565080227843479,2.0
932,387010,0.9751227851297186,1.0
932,442110,0.6889749198418139,3.0
932,292769,0.18481241757450514,8.0
932,593085,0.07739679836883456,9.0
932,23747,0.20604515623860992,6.0
932,418630,0.6252211762743616,4.0
932,281045,0.200030238522749,7.0
932,196427,0.009860123857667826,10.0
932,571430,0.4647938300211205,5.0
9633,259081,0.7530589838163002,2.0
9633,534418,0.9658856559882866,1.0
9633,481166,0.2363475801564574,6.0
9633,185909,0.35111328160553423,3.0
9633,552479,0.21392610135328674,7.0
9633,590578,0.046937900387227796,9.0
9633,484055,0.28909878207998124,5.0
9633,474351,0.34530179931880944,4.0
9633,363741,0.014385841215286308,10.0
9633,262441,0.08023169596692717,8.0
1676,394871,0.5030741155057985,4.0
1676,234436,0.957316747552851,1.0
1676,77245,0.5064944725266073,3.0
1676,487791,0.7599789314782124,2.0
1676,58937,0.24268873765119883,6.0
1676,352640,0.2779641961556595,5.0
1676,279538,0.11946607322353561,7.0
1676,196920,0.06634953997268642,8.0
1676,555732,4.435490550197142e-06,10.0
1676,136804,0.007675381356400984,9.0
4804,222153,0.6728699193267687,2.0
4804,325892,0.2816657170521989,6.0
4804,255795,0.4782960878794773,4.0
4804,285255,0.47259403167534286,5.0
4804,45218,0.044145709711681,10.0
4804,162456,0.8204319218532725,1.0
4804,143100,0.16485151231492898,8.0
4804,51583,0.09754446228066507,9.0
4804,116574,0.5842855116578862,3.0
4804,393132,0.18406840984790304,7.0
2747,445298,1.0,1.0
2747,431685,0.13655818691627314,7.0
2747,535705,0.43796251354243837,6.0
2747,583635,0.08236002888383609,9.0
2747,387010,0.5300044651649584,4.0
2747,571430,0.1332074349504242,8.0
2747,418630,0.79244852436902,2.0
2747,279538,0.46780690945422077,5.0
2747,582864,0.5602315463274473,3.0
2747,123468,0.04164754632178207,10.0
8632,43497,1.0,1.0
8632,382381,0.842006684251353,2.0
8632,344372,0.524807458612736,3.0
8632,575741,0.20998507842008407,6.0
8632,458385,0.03425928562560407,10.0
8632,416307,0.11295238288936466,8.0
8632,102436,0.4537420795276867,4.0
8632,223070,0.27790151991898177,5.0
8632,363043,0.10913871481973722,9.0
8632,186453,0.16754584028678748,7.0
4981,102684,0.9092705662913612,2.0
4981,45218,0.9298788754028344,1.0
4981,578585,0.2513208475769907,5.0
4981,341625,0.4827791923614319,3.0
4981,590710,0.14540629683789136,6.0
4981,264800,0.13471032558167698,7.0
4981,475541,0.018099780993743105,9.0
4981,212481,0.005089002300714217,10.0
4981,567362,0.45850250649544927,4.0
4981,319692,0.11753368954756767,8.0
6146,289231,0.2,8.0
6146,2460,0.4534460518807455,4.0
6146,470024,0.3261210544731751,6.0
6146,394467,0.3986605892507839,5.0
6146,160125,0.8940990583503698,1.0
6146,581889,0.5358041895616337,3.0
6146,326094,0.2692111898026527,7.0
6146,580709,0.03549529232361294,10.0
6146,273528,0.1998492703272256,9.0
6146,7403,0.7297745055546365,2.0
10674,328556,0.49823814056563703,3.0
10674,435963,0.399351748212072,5.0
10674,89460,0.34005075268656665,6.0
10674,109860,0.24765842730588436,7.0
10674,88813,0.4584006438315282,4.0
10674,319793,0.555093960120976,2.0
10674,99857,0.820883972276776,1.0
10674,99757,0.24203824144561056,8.0
10674,431814,0.21218955720282187,9.0
10674,363043,0.0,10.0
3683,276975,0.9854578317427791,1.0
3683,105973,0.9201555848184864,2.0
3683,421538,0.3198526169584581,5.0
3683,522713,0.6917947247884374,3.0
3683,303977,0.02785966070579909,9.0
3683,178521,0.08272549154520613,7.0
3683,500460,0.3624454959230973,4.0
3683,116865,0.02228080183333931,10.0
3683,158717,0.0676808425264974,8.0
3683,349866,0.16140236817093323,6.0
928,394460,0.5393116665627629,3.0
928,349866,0.9752118506780422,1.0
928,400009,0.17805045314712392,6.0
928,573276,0.04911920887816523,9.0
928,490443,0.12807101245393018,7.0
928,305509,0.043463572148252125,10.0
928,11572,0.7022556816614814,2.0
928,253563,0.0496602490030497,8.0
928,422770,0.3731441597182799,4.0
928,409573,0.3085859818675995,5.0
5054,21311,0.4861869189748449,3.0
5054,485863,0.26759183089505156,6.0
5054,542521,0.4110892684827294,4.0
5054,144660,0.2690771028706922,5.0
5054,307113,0.11121042523525156,9.0
5054,305901,0.17980450981352533,7.0
5054,406457,0.845663630555173,1.0
5054,366219,0.010433856261814162,10.0
5054,340131,0.7885477502945577,2.0
5054,15172,0.16965205024908647,8.0
6554,583203,1.0,1.0
6554,226967,0.4127390862598104,3.0
6554,377429,0.25359829461357897,8.0
6554,122012,0.4232789104687464,2.0
6554,403755,0.34187053380843807,5.0
6554,574327,0.3935373932423655,4.0
6554,275902,0.017490864401788746,10.0
6554,536120,0.285708586303541,7.0
6554,480315,0.29747000370654775,6.0
6554,21103,0.05946546672455882,9.0
7377,579557,1.0,1.0
7377,6666,0.49999118147249155,6.0
7377,328086,0.36197590491356835,8.0
7377,345895,0.09389579314737319,10.0
7377,293679,0.8393764740173255,2.0
7377,81304,0.8111347315005679,3.0
7377,172703,0.7324752113706055,4.0
7377,17208,0.4500050211374576,7.0
7377,505027,0.21362149734399857,9.0
7377,453542,0.5029042242833056,5.0
1309,15824,0.726010996191282,3.0
1309,438869,0.8292804962970317,1.0
1309,279845,0.44529828719944214,5.0
1309,266319,0.46004313268375974,4.0
1309,110386,0.18321673932394222,8.0
1309,366594,0.4017493929788872,7.0
1309,443795,0.016829540117432866,10.0
1309,135415,0.41250197601449407,6.0
1309,16778,0.13750861833246358,9.0
1309,471630,0.8,2.0
8351,273142,1.0,1.0
8351,469776,0.09389482120026271,7.0
8351,171720,0.16265356831806174,6.0
8351,213331,0.20199757926095716,5.0
8351,528132,0.2849142198757487,3.0
8351,191977,0.013213973771821486,10.0
8351,71873,0.45500331289405316,2.0
8351,405374,0.04490473410685126,9.0
8351,568526,0.2177086152042397,4.0
8351,304009,0.046493783567082184,8.0
6441,254279,1.0,1.0
6441,156029,0.6411053771066566,2.0
6441,28314,0.5578078396681948,3.0
6441,529993,0.05084988131336633,10.0
6441,87722,0.28490040209713463,6.0
6441,536120,0.11311826989184351,8.0
6441,593644,0.29904530046245376,4.0
6441,108721,0.2935699436177903,5.0
6441,174619,0.11049770233081967,9.0
6441,90712,0.19472542493751782,7.0
4837,426223,0.3975463497091781,8.0
4837,95778,0.7055947671622019,4.0
4837,565330,0.5521785505908173,6.0
4837,159936,0.8407089396414235,2.0
4837,187739,0.8677731967703181,1.0
4837,254454,0.6366998805299358,5.0
4837,167896,0.034984583904895304,10.0
4837,565698,0.4875056961827749,7.0
4837,275410,0.2693862704541977,9.0
4837,274870,0.7379142032781288,3.0
9871,553288,0.6206711118647079,3.0
9871,76562,0.9209501804957925,1.0
9871,322771,0.6013600967019195,4.0
9871,240645,0.3231216152706351,7.0
9871,547301,0.3423554876181796,6.0
9871,213755,0.0460444484073342,10.0
9871,488366,0.4848637557772633,5.0
9871,305907,0.7615992913479892,2.0
9871,172718,0.15192081390273204,8.0
9871,271832,0.11270881748587834,9.0
3067,423403,0.9630866718473707,1.0
3067,372921,0.8016277283671046,3.0
3067,578488,0.8016192735215129,4.0
3067,104726,0.8870762066823809,2.0
3067,104788,0.14073643644953807,8.0
3067,582005,0.32981293186543004,6.0
3067,467135,0.3488678838785516,5.0
3067,318473,0.013848195187935826,10.0
3067,187739,0.28167332092587977,7.0
3067,167896,0.04653434422844636,9.0
5741,124219,0.8208217545779626,2.0
5741,328086,0.38805963843231595,6.0
5741,43781,0.38396434851769734,7.0
5741,259081,0.8426796632851286,1.0
5741,568200,0.46534406044099497,4.0
5741,107688,0.4446618822453981,5.0
5741,301224,0.306690193948246,8.0
5741,329337,0.006551838454385685,10.0
5741,136825,0.6442415010653042,3.0
5741,437427,0.017209078352282907,9.0
3566,45029,0.6687175571679933,4.0
3566,195191,0.3027364546435607,8.0
3566,149306,0.935474381768989,1.0
3566,408123,0.8491091409394961,2.0
3566,152286,0.7079092340888622,3.0
3566,519390,0.31985611420801885,6.0
3566,65782,0.2214328596015394,9.0
3566,595211,0.02666220871954312,10.0
3566,317493,0.5562828973258321,5.0
3566,284075,0.3136121736214096,7.0
5862,562511,0.8988102739058574,2.0
5862,21194,0.9089416089575646,1.0
5862,273947,0.0884253633227832,9.0
5862,170141,0.7410549328514381,4.0
5862,29790,0.19104950162050827,7.0
5862,253563,0.5935916503021982,5.0
5862,269898,0.765759327685521,3.0
5862,346042,0.5120480969388151,6.0
5862,258465,0.13026997102498086,8.0
5862,78176,0.0,10.0
8779,209730,0.9480312932907504,1.0
8779,180571,0.9056747066589412,2.0
8779,17166,0.319314985822411,4.0
8779,213591,0.06359540591807679,10.0
8779,279538,0.3140258754708498,5.0
8779,72160,0.4240746643076923,3.0
8779,319954,0.2332397068995741,6.0
8779,452870,0.15730536622290942,8.0
8779,491964,0.22616510921839905,7.0
8779,214901,0.10868577867173693,9.0
4714,505057,0.9834253256330434,1.0
4714,584450,0.9221400517072813,2.0
4714,324833,0.6376027413151392,3.0
4714,184506,0.30707024347942147,8.0
4714,295980,0.30839335499480325,7.0
4714,249450,0.32074284445341084,6.0
4714,118374,0.3694024368853675,4.0
4714,424585,0.16832756197597423,9.0
4714,473809,0.00041141330111746973,10.0
4714,46211,0.33771120386851755,5.0
7311,125355,0.6275589606655965,3.0
7311,279897,0.32140328840785254,6.0
7311,183349,0.029570863622190954,9.0
7311,523279,0.1497334545345017,8.0
7311,33576,0.30270604784803673,7.0
7311,215154,0.37058295317031736,5.0
7311,344267,0.8075160454270165,1.0
7311,238421,0.696123423977134,2.0
7311,334696,0.40648749961526914,4.0
7311,100485,0.005922956568729562,10.0
109,73427,1.0,1.0
109,213331,0.06782180084319507,9.0
109,538023,0.3994483345245883,4.0
109,461084,0.19677882030575083,6.0
109,563025,0.52928800252352,2.0
109,406457,0.024244401156843953,10.0
109,342212,0.11986499425165516,7.0
109,535705,0.2837927247223666,5.0
109,547301,0.4653341848644949,3.0
109,18509,0.0743768251526373,8.0
570,21311,0.896059497642721,1.0
570,103593,0.19262910322196947,10.0
570,232199,0.7539336914606032,4.0
570,341493,0.7698853830945366,3.0
570,565684,0.5091801587514694,8.0
570,156358,0.6169831631887478,6.0
570,79888,0.394090745228163,9.0
570,335991,0.809383114537039,2.0
570,349384,0.5464020354303658,7.0
570,17166,0.6436639513231416,5.0
6959,301570,0.4998259068301851,4.0
6959,69790,0.7435550056106308,2.0
6959,293767,0.2512185263798272,8.0
6959,482415,0.10345089047117734,10.0
6959,330041,0.4063559687930396,6.0
6959,88813,0.5043871279531639,3.0
6959,427726,0.372670754361504,7.0
6959,266480,0.2133292796813675,9.0
6959,431814,0.8015155233865539,1.0
6959,231781,0.471447971422791,5.0
90,56718,0.8497014261162821,2.0
90,150219,0.6316329926785076,4.0
90,31793,0.9190823393641412,1.0
90,385073,0.6082516839868247,5.0
90,234436,0.6462469706070055,3.0
90,153541,0.3507037742468516,8.0
90,172594,0.3891267436290255,7.0
90,366830,0.30685345175660783,9.0
90,34731,0.40962118636326683,6.0
90,314898,0.0,10.0
5064,2003,1.0,1.0
5064,455614,0.5383257342118686,4.0
5064,135514,0.14912377714829222,8.0
5064,192811,0.7644137910691138,2.0
5064,551423,0.5195013601419594,5.0
5064,414288,0.39555302020473515,7.0
5064,377223,0.4901501999728387,6.0
5064,393278,0.09340545292284456,9.0
5064,524888,0.005329962049134281,10.0
5064,176498,0.5926456726130448,3.0
4103,307380,1.0,1.0
4103,29073,0.9341852935172903,2.0
4103,577578,0.761109134150313,3.0
4103,482415,0.7598394177085557,4.0
4103,175265,0.2882291900615469,7.0
4103,370879,0.45899084084436476,6.0
4103,163590,0.02636106940452986,10.0
4103,133093,0.2763870132963954,8.0
4103,169921,0.03553048788155096,9.0
4103,192193,0.4598561880322987,5.0
1198,56718,1.0,1.0
1198,232199,0.3244450384472934,4.0
1198,175272,0.3288163568065174,3.0
1198,103593,0.02075117600573216,10.0
1198,366761,0.40781298874363964,2.0
1198,105872,0.17678249071668328,7.0
1198,467390,0.15139579770119063,8.0
1198,352120,0.18257264563363143,6.0
1198,58937,0.28709046989782466,5.0
1198,434769,0.08655229796004028,9.0
4539,32744,0.88790786487394,1.0
4539,61792,0.2702184877026496,8.0
4539,275925,0.8539202231349916,2.0
4539,61346,0.42310886660787533,5.0
4539,370879,0.575286246017563,3.0
4539,426461,0.3382423909504716,6.0
4539,235522,0.2901758029375029,7.0
4539,440270,0.2431103217973119,9.0
4539,83330,0.5391668443720631,4.0
4539,572272,0.0,10.0
9391,248158,0.889237378227399,2.0
9391,136270,0.4935832985447434,6.0
9391,108859,0.5525497009468134,4.0
9391,136515,0.9461689783533397,1.0
9391,142631,0.6271963775008358,3.0
9391,301580,0.511614658676803,5.0
9391,127263,0.3814605872222779,7.0
9391,105973,0.012705279300916673,10.0
9391,429579,0.35338366452377534,8.0
9391,163590,0.21513670550683753,9.0
4600,577578,0.7578382449823793,2.0
4600,61792,0.3122806820271302,7.0
4600,482415,0.861664639119007,1.0
4600,257633,0.3793350520056916,4.0
4600,133093,0.36766956160382464,5.0
4600,76515,0.0765922073132459,9.0
4600,367137,0.49961654821648865,3.0
4600,214542,0.020702999940802987,10.0
4600,34925,0.3523213978213906,6.0
4600,275257,0.24841655043851976,8.0
3735,125659,0.6265934585479871,3.0
3735,93231,0.3867274135759039,6.0
3735,537418,0.5011065390657854,5.0
3735,330041,0.667000067839853,2.0
3735,344065,0.2813381363439621,7.0
3735,511093,0.12680639216975803,9.0
3735,32290,0.8671661211316125,1.0
3735,504996,0.14001822710841744,8.0
3735,266900,0.5761609142526734,4.0
3735,40447,0.0,10.0
5422,483299,0.6438336526508182,4.0
5422,108,0.1838757099177992,9.0
5422,55022,0.13564934811691715,10.0
5422,528034,0.673113335374428,3.0
5422,81304,0.22511722812346951,7.0
5422,259081,0.8551902676828685,1.0
5422,579235,0.6179483998079344,5.0
5422,136270,0.38827511360448047,6.0
5422,22221,0.18928971897308727,8.0
5422,124219,0.7855100956146459,2.0
744,573276,0.8588919527897845,1.0
744,138845,0.30452855644387455,6.0
744,409573,0.5789045404064348,3.0
744,171339,0.3313291567946414,5.0
744,289231,0.8560709178877244,2.0
744,273528,0.1264295058986999,9.0
744,172305,0.035491379070543845,10.0
744,350819,0.29264685794886414,7.0
744,120852,0.2796273529842424,8.0
744,118280,0.3650763638598834,4.0
515,372909,1.0,1.0
515,328341,0.642467312143774,4.0
515,431685,0.7729591034303885,2.0
515,352838,0.6523207080159634,3.0
515,231614,0.46576475734496936,5.0
515,195081,0.23659490301891795,7.0
515,98112,0.04552570153276224,8.0
515,60443,0.01234681333908556,9.0
515,123733,0.0040148806473085,10.0
515,360011,0.32993796309097034,6.0
2443,331253,0.39784315071563736,6.0
2443,44609,0.33778069737068783,7.0
2443,305579,0.8827235579460245,1.0
2443,306800,0.7194521817187115,3.0
2443,446647,0.6767197041620595,4.0
2443,313437,0.1665168743233949,9.0
2443,426216,0.7347795648276775,2.0
2443,208051,0.3245366984461433,8.0
2443,305907,0.5027580153520561,5.0
2443,510130,0.0,10.0
4265,157553,1.0,1.0
4265,392163,0.727413720516222,2.0
4265,584273,0.494287396026559,5.0
4265,149974,0.3576902762729392,7.0
4265,523158,0.048929791936876965,9.0
4265,140947,0.5732953834654845,4.0
4265,386229,0.01425635298745223,10.0
4265,575729,0.25862482343717313,8.0
4265,93881,0.7266710480088082,3.0
4265,577517,0.4301122063891223,6.0
4865,223032,0.3310628268430271,6.0
4865,370569,0.9937318152288667,1.0
4865,251824,0.5191769438920365,3.0
4865,435963,0.596223504736275,2.0
4865,508821,0.30586009323462626,7.0
4865,481166,0.4793544488414032,4.0
4865,305117,0.3781605057999472,5.0
4865,110515,0.17312630862244,8.0
4865,565698,0.008450595202005548,10.0
4865,585738,0.15565812587614136,9.0
2968,187196,0.5620035136253132,3.0
2968,388646,0.9743763229278835,1.0
2968,242124,0.9120063577821222,2.0
2968,176498,0.26011506816384783,5.0
2968,198371,0.5535101392120951,4.0
2968,583640,0.019064559078286348,10.0
2968,280967,0.04511140454639816,9.0
2968,287991,0.20326346090031383,6.0
2968,455398,0.06630458581521714,8.0
2968,329757,0.13474478503914,7.0
7221,305117,0.5969808603233611,3.0
7221,473809,0.80929985118494,1.0
7221,481166,0.4605577159046151,5.0
7221,71873,0.4203723498918713,7.0
7221,537418,0.48580684642405847,4.0
7221,307315,0.022707361606993205,10.0
7221,81542,0.3350654942712562,8.0
7221,452175,0.42087876938525187,6.0
7221,570664,0.22013195438793678,9.0
7221,77652,0.8,2.0
2407,2064,0.7505525841449223,2.0
2407,78176,0.7142613413374396,4.0
2407,173929,0.624407972485054,5.0
2407,516444,0.8562986998614062,1.0
2407,255491,0.42127336226475914,7.0
2407,273528,0.7185549266459674,3.0
2407,514425,0.18908463533937409,8.0
2407,367641,0.12333526338830474,9.0
2407,566480,0.4431161034005849,6.0
2407,63678,0.0,10.0
3039,136804,1.0,1.0
3039,467390,0.5904961160698454,3.0
3039,147080,0.8376812108574632,2.0
3039,387010,0.37930374694330815,7.0
3039,442110,0.4070714085535258,6.0
3039,483274,0.0189943310497516,10.0
3039,510409,0.4850521029391337,5.0
3039,106501,0.2247013367468626,9.0
3039,4947,0.2876199871518416,8.0
3039,398622,0.5100883997418785,4.0
1748,18001,1.0,1.0
1748,528564,0.6581356156692117,3.0
1748,418135,0.46721371242076937,5.0
1748,462892,0.558821506308649,4.0
1748,298427,0.6714674925561613,2.0
1748,429378,0.16504499388175903,8.0
1748,223206,0.19036790342656257,7.0
1748,517372,0.13597094230333565,9.0
1748,171780,0.008627158873409622,10.0
1748,124027,0.38811818677887633,6.0
10547,404339,1.0,1.0
10547,536120,0.3132204856972316,7.0
10547,272008,0.7348877576875955,2.0
10547,4666,0.034775381516119,10.0
10547,597351,0.4175345473380686,4.0
10547,112714,0.5039509733466028,3.0
10547,32290,0.35952463566962,6.0
10547,23609,0.3851478990754595,5.0
10547,392037,0.0564580961924472,9.0
10547,491969,0.3025354483052827,8.0
10596,164008,0.7569278830660415,2.0
10596,284235,0.6324447833682288,4.0
10596,208070,0.9536390765444567,1.0
10596,413041,0.5647060929616239,5.0
10596,316838,0.7124970375307459,3.0
10596,494727,0.24145178560688313,9.0
10596,394244,0.25148074434140866,8.0
10596,127452,0.2617266869354152,7.0
10596,69197,0.33429641592871606,6.0
10596,169062,0.0,10.0
5061,352838,0.6157194577570304,2.0
5061,242124,0.6109588447564769,3.0
5061,329757,0.3757663467763145,9.0
5061,447353,0.44124194719282517,5.0
5061,149974,0.388438857517532,8.0
5061,380863,0.40926935950988874,7.0
5061,261189,0.860032710896217,1.0
5061,46755,0.447685482142963,4.0
5061,158845,0.027292678776395463,10.0
5061,287991,0.41479220590615723,6.0
853,510373,0.6648000111338598,3.0
853,510409,0.8132600196496018,1.0
853,314984,0.5050233196091071,6.0
853,106501,0.6245483099259836,4.0
853,263361,0.2948826105840426,7.0
853,131996,0.034024355494343586,10.0
853,72402,0.14201440264192947,8.0
853,150219,0.5261241453623019,5.0
853,582864,0.8036562768544053,2.0
853,303929,0.0846631953112178,9.0
6803,544053,1.0,1.0
6803,193012,0.8447065721951634,2.0
6803,42620,0.5600041595205976,3.0
6803,316045,0.054753414942793455,9.0
6803,271243,0.05856349361493064,8.0
6803,10703,0.3814853693669337,5.0
6803,142726,0.4272714636570152,4.0
6803,78675,0.10438501911151778,7.0
6803,60355,0.20468138713347933,6.0
6803,272784,0.0,10.0
6644,187497,1.0,1.0
6644,572842,0.28329804495336736,5.0
6644,308837,0.4105873729863144,2.0
6644,426216,0.20792968930740774,7.0
6644,578954,0.40594262068691567,3.0
6644,305907,0.2820841194256392,6.0
6644,293687,0.09931370353044777,8.0
6644,373271,0.3816680616294194,4.0
6644,31793,0.07686951129670283,9.0
6644,238421,0.027365615621637137,10.0
699,107092,1.0,1.0
699,169688,0.260461726873864,5.0
699,68357,0.14842681233142196,7.0
699,446679,0.4176579900542568,2.0
699,385658,0.025365359766240762,9.0
699,472924,0.24653436036363804,6.0
699,521010,0.3848664883826177,3.0
699,586920,0.07695449600832566,8.0
699,414598,0.002474159294146525,10.0
699,96538,0.2951293053909727,4.0
549,214024,1.0,1.0
549,67167,0.7035283357822604,3.0
549,446647,0.35021633347866604,9.0
549,546020,0.6966775222916562,4.0
549,73427,0.5337175369157438,5.0
549,547301,0.4731721577342091,6.0
549,563025,0.362385202555892,8.0
549,397449,0.01009714802776226,10.0
549,449630,0.41460212158323617,7.0
549,443795,0.7198201980030438,2.0
904,415514,1.0,1.0
904,85229,0.7555470394301829,2.0
904,433905,0.19954748543971906,8.0
904,120852,0.27871859281993483,5.0
904,101369,0.23337009865974795,7.0
904,359579,0.25448972531363956,6.0
904,169824,0.2792833091400452,4.0
904,320579,0.3010422776132201,3.0
904,75235,0.0026420562354265683,10.0
904,29360,0.05104651739137114,9.0
2590,583635,0.5228052262095846,4.0
2590,296528,0.8659420874636249,1.0
2590,55999,0.6078592319716127,3.0
2590,307095,0.36980698352713204,6.0
2590,209493,0.6385657272727093,2.0
2590,106424,0.018061421711578523,10.0
2590,471964,0.422396652102564,5.0
2590,387010,0.050133004540492375,9.0
2590,26203,0.3597988970030957,7.0
2590,454222,0.31256089403751397,8.0
1451,538005,1.0,1.0
1451,559482,0.10357846233084725,10.0
1451,98112,0.6409190846596495,2.0
1451,377571,0.38409649751220776,6.0
1451,313437,0.3313388000614228,8.0
1451,94689,0.4146867295863991,4.0
1451,433809,0.3562569201137191,7.0
1451,522481,0.21925162257348216,9.0
1451,51729,0.386204403073943,5.0
1451,440910,0.5594897589060553,3.0
5790,469776,0.9737566722722699,1.0
5790,97348,0.6457314775785319,4.0
5790,101369,0.3323250298986158,8.0
5790,363810,0.5252368445534832,5.0
5790,141738,0.8810652418371814,2.0
5790,241136,0.7931505779167715,3.0
5790,305287,0.2978301923230068,9.0
5790,277353,0.34562085451146335,7.0
5790,149305,0.003712725546049192,10.0
5790,75235,0.4883912225150205,6.0
7295,435125,0.5923526979290703,4.0
7295,403755,0.06946997132467422,10.0
7295,93971,0.43292219557411843,5.0
7295,193398,0.28255347955536536,8.0
7295,39478,0.6169255120234964,3.0
7295,513258,0.7075729188895673,2.0
7295,456470,0.40296058855870026,6.0
7295,115553,0.8074429469326878,1.0
7295,3118,0.3041212166100064,7.0
7295,102436,0.18577162847378206,9.0
5083,142876,1.0,1.0
5083,13975,0.7678101436264528,2.0
5083,368802,0.6381098867984384,3.0
5083,433197,0.36394255917614027,4.0
5083,333184,0.2149491233329246,7.0
5083,21103,0.07249474422643412,9.0
5083,579473,0.1158324934837314,8.0
5083,305360,0.0,10.0
5083,20958,0.24737849376953985,6.0
5083,19183,0.32267157690792536,5.0
7936,363043,0.9771681023290928,2.0
7936,336541,0.9813750489517356,1.0
7936,293767,0.624871658338549,4.0
7936,320101,0.6421326531163466,3.0
7936,43087,0.366190220696968,7.0
7936,561884,0.46203321825484767,6.0
7936,416307,0.5212567171188103,5.0
7936,187404,0.057732519830202014,10.0
7936,127585,0.17583591905631132,9.0
7936,214003,0.19349056683601362,8.0
8296,78675,1.0,1.0
8296,79998,0.8477424582521277,2.0
8296,146315,0.1875041239903001,5.0
8296,180571,0.016704850330057697,10.0
8296,26203,0.28689798965531993,4.0
8296,371720,0.3094861173052173,3.0
8296,61962,0.16591544994980836,7.0
8296,392037,0.12873772310139722,9.0
8296,99757,0.17883453442302097,6.0
8296,3118,0.15897150574196411,8.0
475,431685,0.803375764989785,2.0
475,88124,0.6571082046669916,3.0
475,366761,0.9040901289920278,1.0
475,232199,0.4194048294956207,5.0
475,60637,0.012756067367839009,10.0
475,328341,0.40926201939269585,6.0
475,352640,0.4490059511333414,4.0
475,232563,0.3648174832045659,8.0
475,433,0.10009593112141975,9.0
475,372909,0.3860248013338645,7.0
3759,384631,0.2,8.0
3759,152250,0.319839895534206,7.0
3759,105634,0.8533489556358754,1.0
3759,414188,0.34347914537328944,5.0
3759,101369,0.3399228461492758,6.0
3759,445794,0.10213912325921337,10.0
3759,405217,0.45056977537270737,3.0
3759,264800,0.12158822417434964,9.0
3759,130877,0.35717591537602844,4.0
3759,146181,0.5945412902797582,2.0
4615,596196,0.8752412826260012,4.0
4615,425595,0.9755873217061138,1.0
4615,69523,0.9283972597373121,2.0
4615,496427,0.8625448433494873,5.0
4615,261900,0.9206742354622185,3.0
4615,226060,0.6772811603966116,8.0
4615,421365,0.8271531454702602,6.0
4615,19179,0.7697192146143341,7.0
4615,341493,0.018755104441402545,9.0
4615,15891,0.0,10.0
8874,403025,1.0,1.0
8874,251704,0.5763568169670488,3.0
8874,527231,0.46750383794294365,4.0
8874,66631,0.1278062502437724,9.0
8874,357685,0.014036216501230143,10.0
8874,370569,0.2136475451059399,6.0
8874,556976,0.1433328299019349,8.0
8874,349160,0.15628365467084832,7.0
8874,319793,0.6140948898457252,2.0
8874,571362,0.2310857147025932,5.0
26,399013,0.8552825428570032,2.0
26,528132,0.3051007766989481,7.0
26,409611,0.41101475812293564,5.0
26,565330,0.19590459412407574,8.0
26,563025,0.8684383568981175,1.0
26,2064,0.6564969822201829,3.0
26,401254,0.4653072695583996,4.0
26,452544,0.019737463747295396,10.0
26,367641,0.3297001649705502,6.0
26,71898,0.10747658851085287,9.0
3875,249859,1.0,1.0
3875,136315,0.7607166157229164,2.0
3875,442110,0.4823214972421199,4.0
3875,571258,0.36467076605426973,5.0
3875,158185,0.27411390821402193,6.0
3875,426570,0.4874325645318468,3.0
3875,76515,0.24556058159964642,7.0
3875,143100,0.22238649402716615,8.0
3875,518406,0.16387425041853357,9.0
3875,414288,0.0,10.0
6835,159703,0.4105378774253212,3.0
6835,246221,0.23312321731297847,4.0
6835,149305,0.9079986131683134,1.0
6835,195767,0.5125558739691358,2.0
6835,403755,0.08997720021775789,9.0
6835,592636,0.17333216772522783,7.0
6835,108721,0.1453961691502417,8.0
6835,238629,0.19372446088853598,5.0
6835,196427,0.18052837265412744,6.0
6835,467575,0.0,10.0
4433,301580,0.4217572643856162,4.0
4433,172703,0.24180352613864578,6.0
4433,539263,0.5015953482973992,3.0
4433,297290,0.7467137066500728,2.0
4433,21311,0.17078503868976314,7.0
4433,379311,0.34139149608598485,5.0
4433,453542,0.10969695968060404,8.0
4433,451855,0.06753257029708863,9.0
4433,146181,0.8086373093711121,1.0
4433,536120,0.0,10.0
5374,115553,0.3672600667734876,8.0
5374,92267,0.8309464900008696,1.0
5374,251704,0.33307367243432434,9.0
5374,44601,0.6160334611924405,5.0
5374,60175,0.8284570977563888,2.0
5374,294295,0.016868326726412166,10.0
5374,99857,0.6725064678989918,3.0
5374,537418,0.5872634316848793,6.0
5374,576564,0.5387029204464874,7.0
5374,186453,0.6472580166146746,4.0
6221,529551,0.7850169234869626,3.0
6221,551423,0.9077057591005973,1.0
6221,240261,0.5333798543874868,7.0
6221,128698,0.8538598953441944,2.0
6221,270856,0.7561923290027167,4.0
6221,66901,0.03225624326639987,10.0
6221,578488,0.42277279370337895,9.0
6221,384626,0.6296510781817117,5.0
6221,405352,0.5459695580081965,6.0
6221,494753,0.48170899332877704,8.0
672,593283,0.9357296075712997,2.0
672,563025,0.9476563377577247,1.0
672,213370,0.6592953930886275,6.0
672,40966,0.7345127225923385,5.0
672,273947,0.7852951635698452,4.0
672,15824,0.7969246030887969,3.0
672,67167,0.3937930668421428,8.0
672,170141,0.19278642576966806,9.0
672,201800,0.009797828935843932,10.0
672,494689,0.6018371259821893,7.0
2593,231614,0.9834798821734188,1.0
2593,169688,0.19327738497144914,9.0
2593,147343,0.8407814437556108,2.0
2593,73427,0.028178312783540983,10.0
2593,528132,0.6131977744253001,3.0
2593,399013,0.5472246444028472,6.0
2593,387573,0.42171583377177696,8.0
2593,449630,0.5492919600878882,5.0
2593,394460,0.5516370729992801,4.0
2593,171339,0.4514333825742826,7.0
4019,287991,0.9043918393398673,3.0
4019,553288,0.9406283077534908,2.0
4019,332749,0.9458853966637218,1.0
4019,94423,0.23370646846225812,9.0
4019,561056,0.6515418306842338,5.0
4019,448699,0.3455465195125058,7.0
4019,377223,0.6922100601246393,4.0
4019,126134,0.013569774060503357,10.0
4019,1164,0.24990330744076372,8.0
4019,468879,0.5578484033128481,6.0
7205,370569,0.6248986345479475,2.0
7205,159966,0.9536877275086706,1.0
7205,186453,0.34216361034219817,4.0
7205,100103,0.28638831721277547,6.0
7205,62151,0.3403064152077463,5.0
7205,565926,0.4928307150891164,3.0
7205,336541,0.1715037638511583,9.0
7205,442048,0.23495526302884504,8.0
7205,558370,0.005911717445825901,10.0
7205,12432,0.2846672265300149,7.0
6611,329425,0.5415376010683743,3.0
6611,293679,0.9985293795754305,1.0
6611,142631,0.11535425271887104,8.0
6611,39819,0.07731657393540797,9.0
6611,81304,0.47570077052372195,4.0
6611,198764,0.6192481813078615,2.0
6611,297290,0.356487273075029,5.0
6611,17208,0.2777827611085314,6.0
6611,112208,0.21335932471110536,7.0
6611,345533,0.02175609406158711,10.0
7911,131996,1.0,1.0
7911,57711,0.8950488563210272,2.0
7911,553304,0.2729349979343516,7.0
7911,69197,0.40620871095188926,4.0
7911,386173,0.029571966762482905,10.0
7911,506617,0.45768471209548706,3.0
7911,597401,0.3511256153708845,5.0
7911,543714,0.1594526836634448,9.0
7911,116647,0.1754627711184796,8.0
7911,385574,0.3277413680907699,6.0
7463,577951,1.0,1.0
7463,387277,0.3362992581497961,6.0
7463,176498,0.42334747987026167,5.0
7463,423403,0.7327421040054614,2.0
7463,565698,0.15809691575603374,8.0
7463,328086,0.030167972980427133,10.0
7463,350145,0.21024050825460416,7.0
7463,216384,0.4462242363838356,4.0
7463,188015,0.5195337999647948,3.0
7463,528034,0.13440744734934953,9.0
4999,9938,1.0,1.0
4999,305117,0.46505021687517956,3.0
4999,46211,0.7545164137611802,2.0
4999,350680,0.31473506075313373,4.0
4999,216327,0.08921934541628017,9.0
4999,411061,0.1930017304574172,5.0
4999,406185,0.15473553506734652,7.0
4999,13657,0.013225014045843725,10.0
4999,580920,0.16136551971437058,6.0
4999,222153,0.12384938924876102,8.0
7344,14368,1.0,1.0
7344,418150,0.6246533007374706,2.0
7344,327978,0.299163598941346,6.0
7344,392851,0.5014015145800583,3.0
7344,301224,0.030432726955434787,9.0
7344,39247,0.3167347064962787,5.0
7344,527231,0.2957173833686826,7.0
7344,72652,0.2550051678931833,8.0
7344,58753,0.0026697829205295106,10.0
7344,266319,0.36760589263865123,4.0
7705,377429,0.8093089134250031,2.0
7705,539263,0.9302462384947697,1.0
7705,480315,0.7238575789442294,3.0
7705,467575,0.29625849441773017,8.0
7705,172703,0.2821625378558932,9.0
7705,536120,0.5628901312202512,5.0
7705,87722,0.45220837883348447,7.0
7705,345199,0.019154493608173114,10.0
7705,96926,0.5660923563506874,4.0
7705,387277,0.4815154063936886,6.0
1815,372909,0.7637277661662891,2.0
1815,446928,0.9900826353509639,1.0
1815,363591,0.6660960996654295,4.0
1815,432080,0.368086328981327,8.0
1815,88124,0.5117845051231568,5.0
1815,457701,0.6828145307295623,3.0
1815,328341,0.44306223397773437,6.0
1815,528522,0.204970282004807,9.0
1815,539133,0.3978207231149172,7.0
1815,459677,0.0,10.0
7467,193312,1.0,1.0
7467,371720,0.28439534017691626,7.0
7467,26203,0.3882096866402762,5.0
7467,457532,0.5155286880476467,2.0
7467,55999,0.3976874343186767,4.0
7467,428017,0.2650230053243709,9.0
7467,435963,0.4988837919924948,3.0
7467,431814,0.01322067728408112,10.0
7467,253024,0.2741327343624789,8.0
7467,99757,0.28668446747978604,6.0
8013,198349,0.6546509269169665,6.0
8013,383978,0.8409321060892263,2.0
8013,374151,0.7526341187641454,4.0
8013,244433,0.8809780600385252,1.0
8013,251824,0.6125228801374222,7.0
8013,241101,0.6989994098161709,5.0
8013,398123,0.5973788965921701,8.0
8013,31793,0.011011560555071055,10.0
8013,498378,0.8084894172102121,3.0
8013,588247,0.19696449732694787,9.0
1415,66246,0.8517168848102563,3.0
1415,306144,0.7307114985277676,4.0
1415,393953,0.8989793065945251,2.0
1415,591940,0.5603805733909162,5.0
1415,387165,0.9505542738638958,1.0
1415,583956,0.45736577437319315,6.0
1415,110515,0.10788529296868152,9.0
1415,318266,0.2134188602351308,8.0
1415,183612,0.011635304568202193,10.0
1415,232063,0.41063666331778487,7.0
7758,480315,0.6366785933956027,3.0
7758,574327,0.9603641328806994,1.0
7758,69696,0.3542767947452468,4.0
7758,112714,0.6497434163446033,2.0
7758,379311,0.299241720571765,6.0
7758,122432,0.01650374946676234,10.0
7758,322826,0.13160396458233922,9.0
7758,112208,0.1807907666548288,8.0
7758,17923,0.2379030574099711,7.0
7758,172703,0.3168316080951763,5.0
1915,306144,0.7612058792597249,4.0
1915,182168,0.559329123831817,6.0
1915,78176,0.11883009281950724,9.0
1915,393953,0.8051494959859897,2.0
1915,140038,0.5408109960615778,7.0
1915,583956,0.8007501838651798,3.0
1915,318266,0.8531002321049532,1.0
1915,66246,0.6948931542156453,5.0
1915,505580,0.002105819027498428,10.0
1915,591940,0.5069423352709296,8.0
4415,108859,0.2,10.0
4415,32744,0.6469969319219908,5.0
4415,61792,0.4667108631118469,9.0
4415,370879,0.5834947285386021,6.0
4415,14926,0.8766021778967241,1.0
4415,244427,0.6578182368419715,4.0
4415,399751,0.5251525621029046,7.0
4415,147646,0.8328920343885758,2.0
4415,309550,0.7139741958960072,3.0
4415,235522,0.4779504287871581,8.0
10482,201495,0.7957220782915853,4.0
10482,439757,0.989149179018044,1.0
10482,387277,0.7484135534993653,5.0
10482,518379,0.8566299052504311,2.0
10482,175821,0.4109456772370519,8.0
10482,142696,0.23208367208853659,9.0
10482,535317,0.4729388495347847,6.0
10482,364575,0.002290493808529782,10.0
10482,72402,0.4569110010332255,7.0
10482,34925,0.7985066877808342,3.0
2296,119298,0.9588647001145192,1.0
2296,279897,0.7388847246178651,3.0
2296,460357,0.5223301500607943,5.0
2296,396853,0.8589352035467714,2.0
2296,577201,0.4048347425623149,7.0
2296,410119,0.13641965102637235,9.0
2296,275410,0.02662681961705818,10.0
2296,120090,0.40021399180438333,8.0
2296,169688,0.41239442012323296,6.0
2296,175982,0.684870883613955,4.0
6787,58290,0.6095839477874724,4.0
6787,456436,0.9472180643510041,1.0
6787,124230,0.8238431092350922,2.0
6787,457294,0.09919185910385292,10.0
6787,261189,0.3606191261576218,7.0
6787,220022,0.1531741738716151,8.0
6787,382381,0.46353225427968964,6.0
6787,552707,0.5749858196165365,5.0
6787,309555,0.14707029197886723,9.0
6787,223070,0.8,3.0
2857,117451,0.880191909262209,1.0
2857,123659,0.5139710416550926,6.0
2857,590917,0.09899038141250217,9.0
2857,295864,0.8646584554718553,2.0
2857,19606,0.6877308041613115,4.0
2857,60175,0.8386912496003154,3.0
2857,348733,0.11346234055142548,8.0
2857,464502,0.23836518606653737,7.0
2857,581038,0.6022770668844732,5.0
2857,482335,0.05296295421777153,10.0
753,114418,0.7868516555338381,2.0
753,51729,0.4218715845523436,3.0
753,581509,0.3780046544543467,5.0
753,72046,0.13432077509888415,7.0
753,466718,0.8446340761400472,1.0
753,504255,0.37844575981647033,4.0
753,297290,0.12532966890850158,9.0
753,125355,0.2060858251106415,6.0
753,177648,0.13144519251066114,8.0
753,61792,0.0,10.0
2676,55666,1.0,1.0
2676,13975,0.6185638832664314,2.0
2676,264408,0.39583277053340926,5.0
2676,44110,0.10826851460374907,9.0
2676,182168,0.5620470354097714,4.0
2676,313171,0.6037213231377926,3.0
2676,244749,0.08641286584474697,10.0
2676,218845,0.30496672614067205,7.0
2676,279897,0.32757223418645764,6.0
2676,196427,0.16479385036733613,8.0
7456,164008,0.6009233763544777,4.0
7456,494727,0.7451197759835925,2.0
7456,284235,0.6754478973426613,3.0
7456,169062,0.5845823142897641,5.0
7456,413041,0.09118826390948882,10.0
7456,316838,0.3825284748733545,7.0
7456,112714,0.8833193049926351,1.0
7456,69197,0.3290455410180832,8.0
7456,127452,0.2430905067308252,9.0
7456,394244,0.41534434458439207,6.0
2579,524471,0.8483684874120587,1.0
2579,280838,0.7019112612851928,3.0
2579,229809,0.14588666486281163,6.0
2579,570155,0.2887083961036228,5.0
2579,263481,0.48524270870927655,4.0
2579,197052,0.8337617495526362,2.0
2579,55064,0.1274367631423651,7.0
2579,579473,0.06817517961050816,9.0
2579,566480,0.027853422790387362,10.0
2579,410119,0.11147521247740576,8.0
687,506831,0.6882029429425045,3.0
687,342258,0.6593762588870983,4.0
687,449630,0.5833206694472948,6.0
687,214024,0.5429574189637756,7.0
687,478186,0.8292761699915352,1.0
687,579473,0.758640249347474,2.0
687,406457,0.6152086904403717,5.0
687,508895,0.3627978940798414,8.0
687,494926,0.0018004407218167717,10.0
687,16670,0.17738386394811625,9.0
2445,431685,1.0,1.0
2445,328341,0.4925155807406571,4.0
2445,352838,0.5256553887824694,3.0
2445,372909,0.4225416236501137,5.0
2445,366761,0.5469357835863642,2.0
2445,195081,0.09976758817487892,9.0
2445,88124,0.38953855183467634,6.0
2445,114418,0.3039693749912053,7.0
2445,360011,0.004760333646523677,10.0
2445,539133,0.27663248373653526,8.0
2885,17651,0.32582393145815847,5.0
2885,460398,0.2988748870282431,6.0
2885,429579,0.3511168470704721,4.0
2885,516444,0.13055556820631975,8.0
2885,102081,0.885275908723897,1.0
2885,540539,0.10549678743036277,9.0
2885,118730,0.47826752045362936,2.0
2885,279865,0.2639531165812513,7.0
2885,101453,0.013417261499946643,10.0
2885,167356,0.3845711820122641,3.0
5264,431814,0.7670463496318807,2.0
5264,42438,0.17120928233880112,6.0
5264,52579,0.8768386436928683,1.0
5264,505694,0.3496628809164227,4.0
5264,114439,0.037013704844440935,9.0
5264,580920,0.44419781696457794,3.0
5264,481166,0.11467461378580825,7.0
5264,400841,0.006544188197769987,10.0
5264,371720,0.34363746742403384,5.0
5264,186453,0.073282534121818,8.0
7633,494727,1.0,1.0
7633,284235,0.6430923484841776,2.0
7633,164008,0.44353745169084124,6.0
7633,175831,0.48166959362820505,5.0
7633,228983,0.537345189960205,4.0
7633,413041,0.0636533439518009,10.0
7633,112714,0.3277786055887041,8.0
7633,127452,0.37804208746946844,7.0
7633,31465,0.30349834143715976,9.0
7633,394244,0.6039353352779264,3.0
9291,17208,0.9957804745806391,1.0
9291,480315,0.835393196098043,3.0
9291,536120,0.8901712132932132,2.0
9291,377429,0.766492705542585,4.0
9291,539263,0.47589789164529456,7.0
9291,423658,0.4822588844659343,6.0
9291,172703,0.6266620469880566,5.0
9291,345199,0.3052661933655998,8.0
9291,61022,0.192018265139413,9.0
9291,328086,0.0,10.0
4640,331534,1.0,1.0
4640,367785,0.7565377484269123,2.0
4640,104788,0.6156096323457096,3.0
4640,183612,0.2708107238341568,5.0
4640,526110,0.05926211010991314,9.0
4640,298099,0.5269976824039564,4.0
4640,454810,0.05586303531347337,10.0
4640,153541,0.2106627737694181,7.0
4640,49797,0.1116163719215041,8.0
4640,468923,0.26778976986866243,6.0
939,366761,0.683343470476411,2.0
939,466084,0.23000041931823573,7.0
939,31793,0.4669647338245245,3.0
939,392434,0.8382521101698054,1.0
939,55666,0.2779370315245257,6.0
939,19183,0.3325649990665769,5.0
939,565181,0.12524279546088982,9.0
939,467575,0.007552705143933594,10.0
939,115333,0.1969082677550416,8.0
939,250702,0.3714418790425247,4.0
1306,387022,0.7191299400954521,2.0
1306,266952,0.2830283515006585,7.0
1306,594206,0.8614466758775658,1.0
1306,472243,0.708785169988294,3.0
1306,447353,0.2642443339358766,8.0
1306,410119,0.3053157009806367,5.0
1306,460457,0.2999544211571551,6.0
1306,18003,0.21219387850580052,9.0
1306,372204,0.004759720272141313,10.0
1306,583203,0.3195428062459154,4.0
8475,104793,0.8645255287555103,3.0
8475,494655,0.916620169683845,1.0
8475,240562,0.911919693405771,2.0
8475,21311,0.42423892499166616,6.0
8475,437427,0.6006752529636377,5.0
8475,361028,0.03823502513989798,10.0
8475,51615,0.10127142938714678,9.0
8475,444107,0.7286010589169858,4.0
8475,72402,0.20839054594593717,8.0
8475,174335,0.3543988952803268,7.0
6807,332567,1.0,1.0
6807,402466,0.4973427446050277,2.0
6807,187583,0.2738729769280974,5.0
6807,459351,0.406549669044705,3.0
6807,535697,0.31231409473605487,4.0
6807,59714,0.01922132250103471,10.0
6807,211622,0.1981685209182365,8.0
6807,11184,0.2481391504050768,6.0
6807,565765,0.18756295922844168,9.0
6807,93971,0.20414856093345668,7.0
5228,259476,0.6234385594196603,5.0
5228,158732,0.8201481092440049,1.0
5228,131774,0.6586313027757666,4.0
5228,331534,0.6925232004390577,3.0
5228,341947,0.5355738168757169,6.0
5228,366594,0.42328741204155157,8.0
5228,140038,0.44587988390201566,7.0
5228,156194,0.13025844642014608,9.0
5228,352120,0.8082574353791615,2.0
5228,414534,0.0,10.0
2856,108739,0.5038523902299776,4.0
2856,296769,0.4644137805027822,6.0
2856,346042,0.3743794156719822,7.0
2856,219033,0.349655659584546,9.0
2856,361028,0.4704211390248972,5.0
2856,23340,0.3695617567568953,8.0
2856,386173,0.04480339428978059,10.0
2856,231727,0.6207222901148456,2.0
2856,110848,0.8129474732829529,1.0
2856,213331,0.5372890656022207,3.0
3791,212222,1.0,1.0
3791,301570,0.03550799791325742,10.0
3791,521641,0.3328002703095112,6.0
3791,10790,0.20740732212954782,8.0
3791,197494,0.1563661744871143,9.0
3791,482415,0.4146652400319102,4.0
3791,572272,0.2438574557436328,7.0
3791,34925,0.3452211985208118,5.0
3791,440270,0.47028791198895226,3.0
3791,577201,0.5563523940680744,2.0
4514,1642,0.6730247244514314,4.0
4514,156211,0.8432078471633685,2.0
4514,426270,0.9251153247664241,1.0
4514,317429,0.6432795688033153,5.0
4514,352485,0.6836473877173301,3.0
4514,197222,0.3877030346907924,7.0
4514,117451,0.2445437455180894,9.0
4514,565782,0.4686326004457078,6.0
4514,514417,0.28473506248226427,8.0
4514,134722,0.0,10.0
6122,496166,1.0,1.0
6122,118280,0.4075699816161699,3.0
6122,117274,0.3951790914987565,4.0
6122,305509,0.47083222756102233,2.0
6122,42533,0.2823488866112028,8.0
6122,219504,0.3841629912567646,6.0
6122,283072,0.005960254297634887,10.0
6122,428829,0.3393222779627958,7.0
6122,39819,0.22120550786810722,9.0
6122,102081,0.38948095647776243,5.0
8832,108059,0.2,6.0
8832,94689,0.9982478901480439,1.0
8832,597351,0.34091432277016964,2.0
8832,268289,0.3039676038223945,3.0
8832,170594,0.23235746997265838,5.0
8832,133093,0.171410824637435,8.0
8832,259317,0.24157556652777112,4.0
8832,234103,0.18444004392758073,7.0
8832,195767,0.040232842260373256,10.0
8832,387141,0.0467865403866238,9.0
7145,301580,0.9012222729862784,2.0
7145,379311,0.9496389246546286,1.0
7145,62966,0.3523693567528822,6.0
7145,297290,0.6334250653425906,4.0
7145,451855,0.041602715460488576,10.0
7145,471964,0.2817239871561554,8.0
7145,453542,0.2520025825816332,9.0
7145,387277,0.31524603390645434,7.0
7145,81458,0.7798262957479551,3.0
7145,172703,0.40308556711532806,5.0
7674,164008,0.4469656713836643,5.0
7674,249279,0.9752733068998272,1.0
7674,367641,0.08903353036466023,8.0
7674,89460,0.7278183786125514,3.0
7674,65120,0.7436450053614134,2.0
7674,494295,0.6159162303122133,4.0
7674,223206,0.22197998674751068,6.0
7674,452870,0.20480696665974824,7.0
7674,172443,0.047989176000683274,9.0
7674,2064,0.013147378492245069,10.0
8202,115553,0.6040760846155373,4.0
8202,92267,0.9903475884753703,1.0
8202,251704,0.31257951574008375,8.0
8202,514500,0.4450703087094968,7.0
8202,60175,0.6422824417326353,3.0
8202,99857,0.8294159721874882,2.0
8202,186453,0.5726541202577241,5.0
8202,31465,0.18031938700328168,9.0
8202,59714,0.5007353625702043,6.0
8202,265213,0.0,10.0
3682,233497,0.2380505409520287,7.0
3682,329662,0.9968862728639716,1.0
3682,426223,0.3719105686599571,5.0
3682,537418,0.7523636988093246,3.0
3682,388613,0.13693216253225343,9.0
3682,336018,0.8690619835539964,2.0
3682,27401,0.17213378581022656,8.0
3682,281707,0.12896979580999776,10.0
3682,55022,0.277755051748175,6.0
3682,330041,0.5966695666783449,4.0
3446,323498,1.0,1.0
3446,211839,0.8070304286535932,2.0
3446,31550,0.5808713151367644,3.0
3446,505027,0.3600969389640147,7.0
3446,367785,0.3725331930058543,6.0
3446,204176,0.27871756522994817,8.0
3446,366685,0.5481783723159206,4.0
3446,157702,0.267934915194144,9.0
3446,241099,0.03666253562965072,10.0
3446,511386,0.41188676345306763,5.0
7592,40966,0.8202584332029179,2.0
7592,273947,0.7236628981284698,4.0
7592,593283,0.606420674562654,5.0
7592,170141,0.07967500944310608,9.0
7592,208219,0.7687354358216283,3.0
7592,563025,0.8527772905572859,1.0
7592,73427,0.5309978303195286,6.0
7592,213370,0.39415352146482585,8.0
7592,15824,0.5262804997371752,7.0
7592,198349,0.03214797347550399,10.0
6715,13732,0.9691084566497785,1.0
6715,568526,0.9231139734548875,2.0
6715,275902,0.44461362593802684,5.0
6715,193312,0.5016552302838482,3.0
6715,518563,0.054346525429188164,10.0
6715,51729,0.43651323342563075,6.0
6715,457294,0.4467160112978005,4.0
6715,149306,0.39557113027825624,8.0
6715,526110,0.379212085464807,9.0
6715,113619,0.4091850768688528,7.0
2264,534454,1.0,1.0
2264,556976,0.4925684207602784,4.0
2264,244104,0.7273075129463791,3.0
2264,350819,0.06965510363102555,10.0
2264,588247,0.22042114844437327,8.0
2264,488574,0.7296448534862254,2.0
2264,31793,0.33161605975110825,7.0
2264,352838,0.17183352219848083,9.0
2264,450808,0.407818779586086,5.0
2264,498834,0.35653957016888405,6.0
6121,315275,0.5041583029118655,2.0
6121,289231,0.9748985151178354,1.0
6121,523158,0.08752593201539927,10.0
6121,184175,0.36600440876648366,5.0
6121,333184,0.10264605718750852,8.0
6121,524801,0.373193874364441,4.0
6121,235545,0.25718969013256204,6.0
6121,570964,0.09810417577277823,9.0
6121,171339,0.20668900259021677,7.0
6121,344573,0.3987063268710159,3.0
3453,418626,1.0,1.0
3453,156211,0.532741562872515,3.0
3453,1642,0.4919532523686866,4.0
3453,296516,0.0416095697218702,10.0
3453,233635,0.7499280430592109,2.0
3453,317429,0.30267120335732967,8.0
3453,352485,0.3382529088266691,6.0
3453,565782,0.3336988340289504,7.0
3453,337764,0.20969298049582502,9.0
3453,209804,0.36374576217946686,5.0
6985,561884,0.41557725857568106,2.0
6985,149305,0.36628476845368546,4.0
6985,456436,0.9048682778992949,1.0
6985,78029,0.18180625591644273,8.0
6985,403755,0.2785877398569229,7.0
6985,538023,0.13905222288278035,9.0
6985,464533,0.032138885040039346,10.0
6985,196427,0.2933569025051657,6.0
6985,54584,0.3251264586588748,5.0
6985,587120,0.38962537232267325,3.0
2181,77245,0.9501604588586743,2.0
2181,234436,0.984898410793548,1.0
2181,470289,0.7954139193120466,3.0
2181,136315,0.3165210839817333,8.0
2181,101604,0.28819686542301926,9.0
2181,288189,0.48027539300045596,5.0
2181,391988,0.34897415084244837,7.0
2181,56718,0.5216679447650153,4.0
2181,555732,0.44331784171761746,6.0
2181,499782,0.0,10.0
8532,40702,0.5711675802826319,4.0
8532,416307,0.9971024306032555,1.0
8532,427726,0.4426996102451949,6.0
8532,543714,0.15735525297497718,10.0
8532,42438,0.5939877129974387,2.0
8532,344372,0.2972990955873958,8.0
8532,125355,0.4608266240259189,5.0
8532,483299,0.4351209169428097,7.0
8532,100103,0.27771580059636436,9.0
8532,6574,0.5923195018980774,3.0
4312,222639,0.7811532063040802,3.0
4312,282435,0.977516333793135,1.0
4312,167950,0.8519097672654441,2.0
4312,324779,0.20899320355227463,8.0
4312,507284,0.7053030366859053,4.0
4312,116647,0.665036180382445,5.0
4312,218759,0.30212089223868355,7.0
4312,535998,0.0033010232780525243,10.0
4312,228341,0.37577948877647627,6.0
4312,535651,0.1315874718987737,9.0
9108,415976,0.2,8.0
9108,123702,0.5532225338764626,2.0
9108,133468,0.1574044430882483,10.0
9108,258291,0.5356923123141148,4.0
9108,461592,0.3760409669925292,7.0
9108,579763,0.837149407860263,1.0
9108,472051,0.5396505049271962,3.0
9108,298128,0.1844724205167427,9.0
9108,305579,0.39514787800155465,6.0
9108,22221,0.4508168192826322,5.0
8116,433032,1.0,1.0
8116,319793,0.30822307269313304,7.0
8116,236482,0.7789752726162414,2.0
8116,182297,0.22549269417461376,8.0
8116,533457,0.6527312209717201,3.0
8116,403186,0.03970376002589677,10.0
8116,433197,0.592557347266938,4.0
8116,38711,0.31452309092838926,6.0
8116,374867,0.3402566931728421,5.0
8116,314478,0.14323667546214153,9.0
9403,243148,0.2,8.0
9403,228403,0.8257545296298483,1.0
9403,175982,0.37044949803515587,6.0
9403,562793,0.5633158848458689,4.0
9403,81924,0.2455689600110602,7.0
9403,472516,0.17296988116863599,9.0
9403,513258,0.09299811502602406,10.0
9403,150650,0.8005779468764975,2.0
9403,269898,0.7415433947746247,3.0
9403,29790,0.5084597997640748,5.0
776,124027,1.0,1.0
776,597247,0.489997155109176,4.0
776,597880,0.5738791787164658,2.0
776,592680,0.4894944674568702,5.0
776,10440,0.5592570215785814,3.0
776,276411,0.008999037377194046,10.0
776,496899,0.43862339489531865,6.0
776,418864,0.4032454128394728,7.0
776,454810,0.34562850987520444,9.0
776,136270,0.396411315334129,8.0
6199,473322,0.9940557177208482,1.0
6199,157553,0.948524743737462,2.0
6199,332314,0.4727406876806667,6.0
6199,521641,0.8234985270902913,3.0
6199,433801,0.3312557540992797,8.0
6199,93231,0.058945894168113425,10.0
6199,525827,0.394199756219338,7.0
6199,409120,0.271954936744657,9.0
6199,279845,0.4890563033206921,5.0
6199,366448,0.7131142652624844,4.0
1393,234436,0.9771123891502902,1.0
1393,220022,0.8988132986441588,2.0
1393,532932,0.8886216296496583,3.0
1393,394871,0.5426660264860865,7.0
1393,77245,0.7021865532624343,5.0
1393,352640,0.7869516830187978,4.0
1393,499782,0.05547054948773931,10.0
1393,326665,0.19657235725681382,9.0
1393,196920,0.5429791493266963,6.0
1393,555732,0.42610150242334915,8.0
9668,111768,0.915421528777455,1.0
9668,75437,0.3834326851745679,6.0
9668,55022,0.17048210571796046,9.0
9668,6574,0.45885999911866376,5.0
9668,62151,0.4757441936691148,4.0
9668,594655,0.043288954448371525,10.0
9668,13260,0.7550488453241428,3.0
9668,79998,0.19228875477449842,8.0
9668,42438,0.8200290323362331,2.0
9668,416307,0.21767125161554987,7.0
9088,557219,0.912067259406601,1.0
9088,224654,0.3490565203902657,6.0
9088,536120,0.23131109819701828,7.0
9088,226303,0.8930443561396082,2.0
9088,539263,0.08489080738620469,9.0
9088,511093,0.19824288612351576,8.0
9088,433809,0.0716702098828264,10.0
9088,472516,0.5515432764158116,4.0
9088,461051,0.7202541526828015,3.0
9088,344041,0.5274522390626821,5.0
3091,159936,0.8614102027910071,2.0
3091,187739,0.9419561756759729,1.0
3091,95778,0.6913493124607626,5.0
3091,416796,0.27869122879918284,7.0
3091,437538,0.2383654792399037,8.0
3091,254454,0.18575932707257642,9.0
3091,274870,0.7190970321777391,4.0
3091,426223,0.0017285919036815348,10.0
3091,366448,0.7862105682875272,3.0
3091,216384,0.3078505968779103,6.0
1157,405777,1.0,1.0
1157,266952,0.2190594971957438,6.0
1157,251411,0.3183533495153752,4.0
1157,243503,0.6484008528375057,2.0
1157,452544,0.3201809110292697,3.0
1157,564618,0.18245259734710106,7.0
1157,295980,0.004734614890501639,10.0
1157,388455,0.314227359860995,5.0
1157,350819,0.05385469597491447,9.0
1157,97348,0.16200742178916483,8.0
4335,318583,1.0,1.0
4335,322246,0.7681290930307478,2.0
4335,416225,0.4408705927244558,3.0
4335,109860,0.20889111741938812,7.0
4335,382381,0.03446008581034429,10.0
4335,110515,0.3537253748642365,5.0
4335,126134,0.37227577939944634,4.0
4335,190169,0.1348046799588073,9.0
4335,158185,0.26265815067073844,6.0
4335,274359,0.16585818987076328,8.0
8947,545759,0.2,9.0
8947,61022,0.5538434407412927,3.0
8947,532657,0.6083444440894948,2.0
8947,461592,0.8924424820119492,1.0
8947,461084,0.5519976152190919,4.0
8947,127134,0.4522403730749772,6.0
8947,384564,0.3877205798451338,7.0
8947,388646,0.1650092133741229,10.0
8947,452870,0.45938482923301305,5.0
8947,214901,0.26103686133826715,8.0
6410,418150,1.0,1.0
6410,112208,0.7475855656855227,2.0
6410,273861,0.4179649827484916,8.0
6410,172703,0.5870618550082753,3.0
6410,59994,0.5117413852079724,4.0
6410,528034,0.2851833578223367,9.0
6410,107092,0.03261218799259004,10.0
6410,100485,0.473693873311083,6.0
6410,133093,0.46311402264553253,7.0
6410,87722,0.4833446236318101,5.0
5196,565745,1.0,1.0
5196,219033,0.7174769292997356,2.0
5196,213370,0.6293832536095009,4.0
5196,171339,0.5439416483163522,5.0
5196,356928,0.26892213638350043,6.0
5196,581889,0.06909272333404014,9.0
5196,273528,0.14540713398429755,7.0
5196,114829,0.11769561930310236,8.0
5196,555101,0.001472689924611856,10.0
5196,474050,0.6349498074677542,3.0
8789,87349,1.0,1.0
8789,41912,0.6965118181808282,2.0
8789,102436,0.2015091562974146,5.0
8789,58290,0.1821077230209268,7.0
8789,14870,0.3486676177948189,3.0
8789,328341,0.15394499581195198,9.0
8789,152014,0.20142441894391677,6.0
8789,296528,0.002806278917682631,10.0
8789,213526,0.31406015660871966,4.0
8789,316838,0.15811007792633627,8.0
5808,251824,1.0,1.0
5808,51615,0.20545858399213854,7.0
5808,535697,0.6290623280937706,2.0
5808,43781,0.3868903572746011,5.0
5808,226053,0.184074496381652,8.0
5808,226070,0.447982691035258,4.0
5808,271243,0.550804923501114,3.0
5808,88477,0.010340935826119151,10.0
5808,350145,0.10055718413673588,9.0
5808,72652,0.3836470634100171,6.0
9701,225682,1.0,1.0
9701,19711,0.43750037854896495,4.0
9701,494926,0.3689904652265852,6.0
9701,384230,0.033535569345818826,10.0
9701,457416,0.3298034283432549,7.0
9701,279865,0.5999125707363179,2.0
9701,473540,0.45342402071301385,3.0
9701,76054,0.2230716531383973,9.0
9701,533515,0.3718536464214874,5.0
9701,321969,0.29982917346899546,8.0
3179,56718,0.7113597994415963,3.0
3179,385073,0.9809592094863373,1.0
3179,150219,0.7835289724037586,2.0
3179,243503,0.34866656338226604,6.0
3179,442142,0.3931185283715578,5.0
3179,352838,0.6191471084563772,4.0
3179,124630,0.011568425197497116,10.0
3179,431685,0.34650022501467637,7.0
3179,597247,0.08323576154281616,9.0
3179,174335,0.2613189097555654,8.0
6896,196427,0.6958714156406167,2.0
6896,330041,0.49637624510656536,4.0
6896,244749,0.20461964437357327,8.0
6896,223070,0.36662811508728405,6.0
6896,403755,0.08882666972287602,10.0
6896,38711,0.1873811572537553,9.0
6896,149305,0.27746687604692843,7.0
6896,106501,0.5343239212121528,3.0
6896,587120,0.8125260383494866,1.0
6896,102443,0.4845479082012877,5.0
2513,25762,0.5904712909050356,2.0
2513,518624,0.5078118666868717,3.0
2513,588247,0.3146250615198869,7.0
2513,82344,0.8622086921830427,1.0
2513,97348,0.4206687204898208,5.0
2513,102443,0.2667836741699072,8.0
2513,405777,0.3838820455544543,6.0
2513,352838,0.4567485776295854,4.0
2513,147646,0.12910669510902983,9.0
2513,120090,0.0,10.0
8937,294295,0.5021189096337113,7.0
8937,13260,0.5022587416504511,6.0
8937,336541,0.5999007870010327,4.0
8937,320101,0.6618520274689028,3.0
8937,416307,0.7191561630227028,2.0
8937,100103,0.5739235764969197,5.0
8937,363043,0.8101094792774335,1.0
8937,429378,0.007672474507818983,10.0
8937,88892,0.2925329441605377,9.0
8937,214003,0.39037802018903683,8.0
9643,112208,1.0,1.0
9643,100485,0.4366508108268716,2.0
9643,480315,0.4318284989741685,3.0
9643,428082,0.044307372145564586,10.0
9643,467575,0.1880677745535042,9.0
9643,87722,0.32769337527621234,6.0
9643,581038,0.38257769489445326,4.0
9643,214542,0.25094973594974823,8.0
9643,539263,0.3751611297400516,5.0
9643,156816,0.268518024617406,7.0
5653,588247,1.0,1.0
5653,483456,0.13045311236821128,5.0
5653,14543,0.11466266325273727,7.0
5653,87722,0.0797683540294814,8.0
5653,290930,0.23275167078516518,2.0
5653,461592,0.12005425916712054,6.0
5653,446984,0.017351218479454266,10.0
5653,583635,0.1934400267227506,4.0
5653,31377,0.22121595252565732,3.0
5653,66631,0.037820213935606604,9.0
2551,143100,1.0,1.0
2551,479276,0.3577445984797376,2.0
2551,202990,0.2843511759823563,3.0
2551,9938,0.07891978291520597,7.0
2551,394460,0.19798636099962735,4.0
2551,242124,0.11804638510011523,6.0
2551,523158,0.18649810400638744,5.0
2551,384642,0.06074326098178769,8.0
2551,572272,0.023396890480384583,9.0
2551,362805,0.0,10.0
1948,467509,1.0,1.0
1948,108739,0.4698300081806056,5.0
1948,356928,0.4871328608641152,4.0
1948,223206,0.07403439718199871,9.0
1948,219033,0.5554025266643433,2.0
1948,443795,0.36664268084265844,7.0
1948,362215,0.5188214759222793,3.0
1948,377571,0.17044994812848568,8.0
1948,399700,0.06293913741087306,10.0
1948,213331,0.3765587790146334,6.0
4920,228341,1.0,1.0
4920,82294,0.9524897722840481,2.0
4920,277217,0.25571024539832554,4.0
4920,306815,0.8723672877322517,3.0
4920,22221,0.03738887637489223,9.0
4920,371720,0.08333422945619905,6.0
4920,415340,0.012886341039670183,10.0
4920,323363,0.06650734621646885,7.0
4920,283202,0.047720212256208774,8.0
4920,115517,0.22883784242017904,5.0
2589,450577,1.0,1.0
2589,43961,0.8702551783142177,2.0
2589,468144,0.7615189950073513,3.0
2589,437969,0.1654083609942246,6.0
2589,581889,0.23944644498616485,5.0
2589,509650,0.11581501529420822,9.0
2589,75252,0.15494533463102356,8.0
2589,307610,0.15596820653520385,7.0
2589,557877,0.2650109303204677,4.0
2589,527698,0.0,10.0
7513,112208,0.9171314668622972,1.0
7513,172703,0.776159063455206,4.0
7513,328086,0.8190232125756814,3.0
7513,115372,0.8982079339305095,2.0
7513,273861,0.6561896862568811,6.0
7513,87722,0.07970758995973506,10.0
7513,377429,0.25421931098858397,7.0
7513,387277,0.229169016008317,9.0
7513,62966,0.7213345819122567,5.0
7513,418150,0.23444761634507538,8.0
5410,13975,1.0,1.0
5410,371720,0.23930721754757706,8.0
5410,494323,0.7244618222527656,2.0
5410,249844,0.11670270544428057,10.0
5410,488258,0.47497146615931723,4.0
5410,75235,0.33439720953525937,6.0
5410,488732,0.47192096626829366,5.0
5410,457532,0.26170977551101926,7.0
5410,108739,0.5707469870261318,3.0
5410,193312,0.18537241711956964,9.0
2334,228403,1.0,1.0
2334,107092,0.2696106991823787,7.0
2334,150650,0.7319909128921418,2.0
2334,93936,0.43808514764004275,5.0
2334,2304,0.6185146157356515,3.0
2334,208219,0.3861740975367841,6.0
2334,274870,0.1223104465651464,9.0
2334,156194,0.004008384701080589,10.0
2334,204917,0.43989431715407395,4.0
2334,385506,0.242121641742146,8.0
1783,445298,1.0,1.0
1783,306800,0.4929223485527446,5.0
1783,309555,0.32839451360957894,7.0
1783,167660,0.531072767275607,3.0
1783,272425,0.6796398850423757,2.0
1783,43497,0.05992458641319429,9.0
1783,57320,0.5139158721141955,4.0
1783,384631,0.16342528505477666,8.0
1783,179066,0.4711429627155912,6.0
1783,102237,0.0421983696952314,10.0
4641,494753,0.5763901328894789,5.0
4641,213673,0.6431785571707411,3.0
4641,237580,0.6257933385301674,4.0
4641,44594,0.8926619324259951,1.0
4641,211867,0.061139139203402575,10.0
4641,406219,0.7933897596848899,2.0
4641,409120,0.40148925358439574,6.0
4641,461592,0.3182547747583378,8.0
4641,450228,0.297275972174365,9.0
4641,192811,0.3841477805479071,7.0
1469,444589,1.0,1.0
1469,243503,0.40944655662928897,5.0
1469,426570,0.6022825700091304,2.0
1469,469776,0.042294054315667545,9.0
1469,18003,0.46939429827265566,4.0
1469,421371,0.5452553768602835,3.0
1469,335336,0.1797010136034264,8.0
1469,484649,0.360146517467475,7.0
1469,56320,0.4087193205826532,6.0
1469,451737,0.004866503740095593,10.0
10267,569632,1.0,1.0
10267,487348,0.22502658030371925,6.0
10267,22036,0.32588056172474256,4.0
10267,522713,0.09557015766032756,9.0
10267,457108,0.7033936297373091,2.0
10267,379667,0.06769678056224981,10.0
10267,330379,0.13319334294143614,8.0
10267,108859,0.30072098464570984,5.0
10267,186578,0.21255677285357355,7.0
10267,17652,0.3351338106877093,3.0
3771,59994,0.9903358623977905,1.0
3771,95966,0.29892234094523207,5.0
3771,13346,0.8491632387051629,2.0
3771,40062,0.3210237757425769,3.0
3771,95762,0.018298162428685563,10.0
3771,97764,0.3037994204772403,4.0
3771,478890,0.08700371970867234,9.0
3771,515072,0.27987679299258594,6.0
3771,303025,0.13495028712992074,7.0
3771,346450,0.09423912439411099,8.0
10497,147765,1.0,1.0
10497,159880,0.9363719862098031,2.0
10497,445230,0.6562919846101051,4.0
10497,535705,0.20323486252247366,8.0
10497,575729,0.5749527316672681,6.0
10497,71898,0.7908361000773971,3.0
10497,569461,0.04786276974955058,10.0
10497,31483,0.6242091164455811,5.0
10497,456436,0.05688403914034427,9.0
10497,160301,0.32911813018031616,7.0
2472,337165,0.24671518189580902,8.0
2472,584273,0.4751395345606974,3.0
2472,138151,0.11190760292340039,10.0
2472,534099,0.3781618942546776,4.0
2472,416796,0.26380587436290975,7.0
2472,366597,0.6849460874601582,2.0
2472,216384,0.14706459283072132,9.0
2472,187739,0.34053002455171716,5.0
2472,169921,0.31984378233467137,6.0
2472,518563,0.8,1.0
503,171761,0.955817372791737,1.0
503,257656,0.10398302740964192,8.0
503,405374,0.8687906106540213,2.0
503,433032,0.40368746649351006,4.0
503,343489,0.021584349801505476,9.0
503,531990,0.24811945057224932,7.0
503,156816,0.649126162779989,3.0
503,100485,0.004875458298931628,10.0
503,69965,0.26297267786760203,6.0
503,350680,0.3254249542540161,5.0
6832,552346,0.846273963854308,1.0
6832,573874,0.807084852549876,3.0
6832,244749,0.18351225681796995,8.0
6832,377853,0.8415042089804654,2.0
6832,116694,0.017266329707220432,10.0
6832,108040,0.25196974624110074,7.0
6832,349554,0.6944241093704916,4.0
6832,459351,0.27848562702816093,6.0
6832,42533,0.03267159303594388,9.0
6832,239214,0.29789148705762536,5.0
864,24890,0.7998537422634022,4.0
864,30142,0.9573657065944767,1.0
864,450808,0.15497091147939568,9.0
864,472924,0.8623494087638286,2.0
864,566337,0.8564643728747564,3.0
864,291726,0.4419171589834415,6.0
864,479625,0.4596873352806122,5.0
864,175339,0.29530428069188697,8.0
864,231947,0.148847801102685,10.0
864,244104,0.4383816371274061,7.0
2580,11988,0.8040620198919368,2.0
2580,344118,0.9282944596351872,1.0
2580,371720,0.2938270259053303,5.0
2580,87722,0.04605342003071197,10.0
2580,360481,0.1524421003667574,9.0
2580,75764,0.18101831559153533,8.0
2580,585447,0.48275223820845103,3.0
2580,114439,0.28439864494978984,6.0
2580,272738,0.23089057158134094,7.0
2580,503934,0.39630762091817323,4.0
6625,416307,0.5461730872388924,2.0
6625,88892,0.9441501516305462,1.0
6625,336541,0.36993683035741587,6.0
6625,27401,0.4593205520909746,5.0
6625,320101,0.5376868535718957,3.0
6625,557356,0.31266901369542677,7.0
6625,138703,0.27696033728048053,8.0
6625,13260,0.47206158277955246,4.0
6625,595133,0.005482663088228207,10.0
6625,75437,0.2380490254349198,9.0
2685,308837,0.2588163396730304,2.0
2685,539133,0.16801058594849327,5.0
2685,302792,0.10191750391803694,7.0
2685,243499,0.07818369700836181,8.0
2685,575497,0.2355913312063444,3.0
2685,158845,0.03725312031395434,9.0
2685,284075,0.1950596424345012,4.0
2685,382005,0.824372178566022,1.0
2685,136825,0.035249816442113203,10.0
2685,395357,0.14379704188968975,6.0
68,123634,0.6823644847765709,5.0
68,296098,0.567332645730237,6.0
68,528564,0.8054519013642026,2.0
68,197839,0.1063740230115063,10.0
68,532932,0.6964433134725246,3.0
68,352640,0.47723094072355454,7.0
68,327002,0.815258602935446,1.0
68,55666,0.42901257246712815,8.0
68,232199,0.695553640570933,4.0
68,259766,0.19686427393653894,9.0
813,548705,0.9403949655105694,1.0
813,284411,0.7182172129025509,3.0
813,196427,0.9174222269397355,2.0
813,2809,0.35162700416530684,6.0
813,127974,0.2645751810414356,7.0
813,171596,0.40667912752676455,4.0
813,318583,0.07182666821295036,9.0
813,459677,0.3919354306581277,5.0
813,418630,0.25900177941667035,8.0
813,123468,0.0,10.0
7345,69790,0.3717115971792519,6.0
7345,254288,0.3231681283634419,7.0
7345,67063,0.5421250631227145,4.0
7345,98130,0.6158565073730704,3.0
7345,416727,0.40798109232060853,5.0
7345,417840,0.1914133091960804,9.0
7345,108,0.8311303503445578,1.0
7345,90447,0.6837312407037834,2.0
7345,348405,0.2335265796031915,8.0
7345,504996,0.0,10.0
8970,96121,1.0,1.0
8970,108040,0.769128562318536,3.0
8970,187583,0.8111275762575969,2.0
8970,496899,0.5769903759427689,5.0
8970,537857,0.6444047120806969,4.0
8970,314478,0.04560176696330398,8.0
8970,167356,0.15005867517335025,7.0
8970,11988,0.2892699222923154,6.0
8970,128574,0.02720903142623117,10.0
8970,514500,0.028376872325267963,9.0
7105,72652,1.0,1.0
7105,307380,0.5739492887957638,2.0
7105,220060,0.13115391455623254,7.0
7105,455891,0.178403494948165,6.0
7105,490294,0.10576398737099063,8.0
7105,314919,0.3406015036763473,4.0
7105,324037,0.055367847590365,9.0
7105,228341,0.3935540744328037,3.0
7105,479384,0.24855139692928888,5.0
7105,366488,0.0,10.0
1310,535651,0.8352225486657516,1.0
1310,471870,0.10067256058194346,9.0
1310,565698,0.42910199913998676,3.0
1310,344648,0.06599202078210831,10.0
1310,55022,0.41221923685664275,4.0
1310,346622,0.25969486791286805,7.0
1310,24567,0.8056521543596261,2.0
1310,489401,0.30966429200688816,5.0
1310,297831,0.12719503604360768,8.0
1310,44492,0.2966483141873688,6.0
9060,12432,0.44671363305765227,2.0
9060,511093,0.9683285561984379,1.0
9060,108,0.18909264825269503,7.0
9060,13260,0.40906840327277527,4.0
9060,511515,0.06354295335650133,10.0
9060,304304,0.10933622252126848,9.0
9060,37517,0.33038551347664635,5.0
9060,75437,0.4220880734110004,3.0
9060,43087,0.27265755937320196,6.0
9060,111768,0.17534530859810268,8.0
2549,418150,0.7130669440109674,2.0
2549,327978,0.6827026483015761,3.0
2549,14368,0.8508186545438847,1.0
2549,307380,0.6779705865818525,4.0
2549,301224,0.4255296594264646,6.0
2549,59714,0.4191097500258776,7.0
2549,44601,0.5919162852628657,5.0
2549,265874,0.36419936289492477,8.0
2549,17923,0.32156000053680356,9.0
2549,350145,0.0,10.0
559,401254,0.4757836520204063,4.0
559,213370,0.11221083783618072,7.0
559,151639,0.5747747165151614,2.0
559,198349,0.2919889753095647,6.0
559,485195,0.05727060418749269,10.0
559,494689,0.31685984141152534,5.0
559,21194,0.0902103750725398,8.0
559,281977,0.5289730198802624,3.0
559,61706,0.07499083346829556,9.0
559,75252,0.8,1.0
7218,266900,0.8329773726637375,2.0
7218,32290,0.9508692794868001,1.0
7218,117576,0.23220127047571285,7.0
7218,537418,0.23385053409493511,6.0
7218,482517,0.03653392414298386,9.0
7218,125659,0.3907332111744859,4.0
7218,40447,0.07204641856156327,8.0
7218,6701,0.034110599218009255,10.0
7218,158520,0.28210480950868266,5.0
7218,314478,0.577333661187513,3.0
2400,158523,0.2,8.0
2400,456470,0.7544811179010462,2.0
2400,29306,0.5098849272657479,4.0
2400,22469,0.2843196827833029,6.0
2400,3118,0.6256327164710183,3.0
2400,226967,0.32471184209089404,5.0
2400,571258,0.2537855055025215,7.0
2400,1198,0.8151074508647506,1.0
2400,307424,0.17202182538306615,10.0
2400,535697,0.19682706148030346,9.0
2348,447619,1.0,1.0
2348,112591,0.46792868973700935,4.0
2348,306430,0.8643260824350265,2.0
2348,244433,0.4330421257017356,6.0
2348,268261,0.7569770304656253,3.0
2348,265874,0.4559546588354587,5.0
2348,403025,0.20886702932870346,9.0
2348,117576,0.22912647509647,7.0
2348,14870,0.20998156166789142,8.0
2348,12432,0.0,10.0
3615,335991,1.0,1.0
3615,518379,0.9421916747021041,2.0
3615,72402,0.628593511926054,4.0
3615,72160,0.6584714052238646,3.0
3615,156358,0.42424863782811056,7.0
3615,482544,0.4432043429002217,6.0
3615,174335,0.418994975427125,8.0
3615,341493,0.5098932117259612,5.0
3615,17166,0.2570396026101559,9.0
3615,489401,0.0,10.0
8102,314478,0.6660853022442588,2.0
8102,149305,0.2837726762205885,7.0
8102,416307,0.2621413189247335,8.0
8102,99857,0.5153851512236697,3.0
8102,552707,0.856702417912192,1.0
8102,223309,0.056038384315222844,10.0
8102,481166,0.3224578357736854,6.0
8102,320101,0.17155776863185188,9.0
8102,344372,0.39412116809888986,4.0
8102,408123,0.33572535627606764,5.0
5155,462892,1.0,1.0
5155,367785,0.4782837602645239,3.0
5155,69495,0.6776805138414524,2.0
5155,280805,0.39415387144174785,5.0
5155,175265,0.024161206776968286,10.0
5155,305671,0.15980725448082347,6.0
5155,191495,0.13606259243909272,8.0
5155,537725,0.15548914733455052,7.0
5155,157702,0.43590135270952707,4.0
5155,409573,0.02998544543632057,9.0
2460,530037,0.9601103785136929,1.0
2460,584337,0.9445827908423272,2.0
2460,279346,0.5974165338934131,5.0
2460,549180,0.8590749631176884,3.0
2460,196427,0.09812243695697817,8.0
2460,502281,0.28383671029437385,7.0
2460,512803,0.6400459021082604,4.0
2460,505028,0.09057349047535498,9.0
2460,295980,0.00783720860166067,10.0
2460,38711,0.28688811569176975,6.0
2399,343489,1.0,1.0
2399,583124,0.3297807868354011,3.0
2399,468743,0.19078912110355692,5.0
2399,29790,0.16073655899487674,6.0
2399,19606,0.2861374070677593,4.0
2399,521712,0.35514033967368247,2.0
2399,510314,0.06720890935862633,8.0
2399,476834,0.05277341293780899,9.0
2399,457419,0.10999828050824467,7.0
2399,442489,0.0,10.0
4071,170594,0.5800057090630621,7.0
4071,328556,0.8053003077777082,2.0
4071,337764,0.365106743475471,8.0
4071,296516,0.785441715587059,4.0
4071,135113,0.8850098396745593,1.0
4071,565782,0.5891987879449762,6.0
4071,352485,0.7887140263494504,3.0
4071,368150,0.046645651208138815,10.0
4071,317429,0.6438248620853325,5.0
4071,543589,0.28169571732564974,9.0
18,431685,0.6292251758034296,3.0
18,88124,0.8713575060372198,1.0
18,161162,0.05009019499113509,10.0
18,528564,0.133895811523141,7.0
18,227098,0.27067789202342274,5.0
18,172594,0.24345690389500824,6.0
18,152218,0.11777922823679893,8.0
18,349554,0.05171876946030743,9.0
18,366761,0.6884258965214648,2.0
18,143622,0.2731668976146446,4.0
2306,581889,1.0,1.0
2306,509650,0.46588449547545707,4.0
2306,494689,0.5083411750574154,3.0
2306,75252,0.6770479895804355,2.0
2306,368806,0.3591295532379721,6.0
2306,246459,0.33216732521838,7.0
2306,485195,0.3730187726700682,5.0
2306,401254,0.25403362789677325,9.0
2306,399013,9.175423986339422e-05,10.0
2306,160125,0.3153952161400948,8.0
3051,232063,0.861296746430783,2.0
3051,591940,0.9226726517718341,1.0
3051,306144,0.526146312863194,3.0
3051,318266,0.2902589019723147,8.0
3051,583956,0.45655352023555695,4.0
3051,73434,0.02080531671679784,10.0
3051,66246,0.42750261996382094,5.0
3051,110515,0.2107419932536332,9.0
3051,393953,0.34654454701544496,6.0
3051,387165,0.32740217432114715,7.0
2395,594182,1.0,1.0
2395,149306,0.7105355737540913,2.0
2395,568526,0.5268402472420852,4.0
2395,308837,0.2759151163145368,6.0
2395,13732,0.5530305847230614,3.0
2395,307999,0.11870650461699128,9.0
2395,387010,0.38324027013844975,5.0
2395,414192,0.0001791355498331513,10.0
2395,13153,0.2443534106045322,7.0
2395,204176,0.22794429665385552,8.0
5134,17208,0.6344021529314714,4.0
5134,579557,0.7279952855953826,2.0
5134,536120,0.537352622054511,6.0
5134,100485,0.7090829784453042,3.0
5134,172703,0.5982749387869694,5.0
5134,206727,0.8693924984130625,1.0
5134,122012,0.3030418831288264,8.0
5134,453542,0.35796532476047094,7.0
5134,328086,0.011521634578917998,10.0
5134,539263,0.03726689241636149,9.0
5343,204075,1.0,1.0
5343,296528,0.17359809694666084,10.0
5343,366597,0.4311645734287274,4.0
5343,581889,0.40652050904090986,5.0
5343,184175,0.6880188368497677,2.0
5343,367641,0.615928648784622,3.0
5343,157553,0.20320412030783425,9.0
5343,405702,0.22808838804045062,7.0
5343,548433,0.3364156145909999,6.0
5343,17443,0.211047515569744,8.0
5254,471723,0.36771114327328924,3.0
5254,59714,0.32000638190486075,7.0
5254,402466,0.8962188122288046,1.0
5254,383978,0.3290939237725191,5.0
5254,78675,0.29937581170940486,8.0
5254,14368,0.3915403184409983,2.0
5254,467390,0.020119591984029572,10.0
5254,327978,0.3332377759962911,4.0
5254,44601,0.323246121582492,6.0
5254,297290,0.025615832216103498,9.0
3049,582864,1.0,1.0
3049,352640,0.46304659811438176,4.0
3049,77245,0.5849054002900798,2.0
3049,536849,0.36529621812842833,6.0
3049,220022,0.2570537658500567,7.0
3049,127974,0.5018584039819867,3.0
3049,132780,0.2421108872951129,8.0
3049,445052,0.20850716100848568,9.0
3049,263361,0.003214107054515853,10.0
3049,555732,0.3946836665962199,5.0
7509,61191,0.2,8.0
7509,423034,0.356131904836853,5.0
7509,472051,0.46906623368638745,4.0
7509,298128,0.2788806813065072,6.0
7509,461592,0.2756239266302255,7.0
7509,22221,0.5326467454282214,3.0
7509,480944,0.10230552753674071,10.0
7509,301580,0.12150602265326374,9.0
7509,323363,0.8077773313177048,1.0
7509,392826,0.6717811550191256,2.0
5067,328341,0.9136569755265953,3.0
5067,366830,0.9368150956761634,2.0
5067,547301,0.9535389436627523,1.0
5067,539133,0.7338309632934931,4.0
5067,231227,0.2842164092712852,8.0
5067,88124,0.343364484538778,7.0
5067,172594,0.6899574425293287,5.0
5067,460357,0.11506319184470755,9.0
5067,18001,0.6242557827795182,6.0
5067,574327,0.0,10.0
8456,257853,1.0,1.0
8456,115141,0.6051562126264118,4.0
8456,125659,0.29313304662651674,7.0
8456,486696,0.751172217937419,3.0
8456,81924,0.5512578261871235,6.0
8456,159703,0.8354269322872727,2.0
8456,193398,0.600926938524615,5.0
8456,431507,0.13874331136364976,8.0
8456,290156,0.012670348889690963,9.0
8456,367137,0.0,10.0
10734,62882,0.9757427627898849,1.0
10734,426278,0.8278022983554494,3.0
10734,461261,0.23126983851825333,5.0
10734,207354,0.1748024187140937,6.0
10734,467044,0.05527865236049648,9.0
10734,589970,0.8392650639631104,2.0
10734,549759,0.11107978466652761,7.0
10734,55064,0.016940266795808373,10.0
10734,58937,0.5991330028844088,4.0
10734,551934,0.08989675585242689,8.0
5178,507544,0.8744611409231753,2.0
5178,257016,0.922031977185841,1.0
5178,572272,0.5908856519252396,5.0
5178,9656,0.3783275652711822,7.0
5178,76414,0.7399654374942635,3.0
5178,60355,0.18781813968485606,9.0
5178,437538,0.6269780790600327,4.0
5178,268553,0.47712084843852776,6.0
5178,579235,0.001142112817577411,10.0
5178,216384,0.331394692573658,8.0
9174,303025,0.6483646459247272,4.0
9174,404339,0.8095030082833705,2.0
9174,149306,0.5780050970006481,5.0
9174,313437,0.3492765921372771,8.0
9174,272008,0.8224920837098968,1.0
9174,374750,0.7344915282290211,3.0
9174,21194,0.20987410191747558,9.0
9174,265098,0.5669966755853797,6.0
9174,479625,0.00801339952186589,10.0
9174,434812,0.5089937433155783,7.0
988,501384,1.0,1.0
988,280967,0.5893486120218283,5.0
988,301224,0.6074940057726302,4.0
988,187196,0.05938044514155042,10.0
988,45029,0.4607304690197261,7.0
988,287991,0.46198572275779676,6.0
988,236899,0.15938086549891906,8.0
988,201495,0.6078506863613073,3.0
988,345199,0.6478241878763117,2.0
988,455398,0.11308412215152669,9.0
2154,476632,1.0,1.0
2154,132371,0.37274448600147314,5.0
2154,153541,0.3909723919197263,4.0
2154,366761,0.338489633827745,7.0
2154,62966,0.023658496292898006,10.0
2154,24890,0.6213959046978696,2.0
2154,147080,0.3032996062451779,8.0
2154,450808,0.46296826294151994,3.0
2154,150219,0.2808465325154998,9.0
2154,148757,0.3571919175274141,6.0
9646,272784,0.8509593235703103,2.0
9646,236482,0.7187219491058316,3.0
9646,29306,0.6744048351958368,4.0
9646,556191,0.9125078933472928,1.0
9646,395437,0.13628364696125955,8.0
9646,96121,0.08732034642029779,9.0
9646,26203,0.395781208534667,5.0
9646,257853,0.15656047303902815,6.0
9646,323768,0.004558591531532026,10.0
9646,535697,0.15383293293098635,7.0
3033,571430,1.0,1.0
3033,518624,0.6478112768976054,2.0
3033,318583,0.25473617402446413,6.0
3033,123468,0.3455447849168519,4.0
3033,295980,0.12179997192981826,9.0
3033,481102,0.3231668067785831,5.0
3033,398622,0.20758967518552002,7.0
3033,570453,0.19650736802968483,8.0
3033,387010,0.4974643223942699,3.0
3033,62966,0.0,10.0
15,583956,0.4109412653846287,3.0
15,119213,0.1818357691044627,7.0
15,170294,0.7014877016952943,2.0
15,325273,0.9014247523756961,1.0
15,570155,0.1897465180164563,6.0
15,509723,0.17082272954087752,8.0
15,18509,0.34953198262669577,4.0
15,298159,0.024600042364132477,10.0
15,338313,0.11974523074685228,9.0
15,387165,0.2632890108684393,5.0
6612,274870,0.6344480623864164,2.0
6612,254454,0.9724735824752986,1.0
6612,216384,0.5754638831235137,3.0
6612,187739,0.4384047512779194,5.0
6612,366448,0.3142995642281716,8.0
6612,95778,0.20955930044816154,9.0
6612,205522,0.33241390084407885,7.0
6612,416796,0.4629805970250388,4.0
6612,159936,0.3944036274389993,6.0
6612,108302,0.0,10.0
5940,304743,0.8756418821074485,1.0
5940,326665,0.5406269370419404,6.0
5940,226303,0.09899440401790656,10.0
5940,438243,0.8755610504575909,2.0
5940,428082,0.29097520655279896,7.0
5940,433490,0.5789062632933847,5.0
5940,167684,0.6044072389415209,4.0
5940,16670,0.2810380717921308,8.0
5940,150650,0.27846145583747006,9.0
5940,546313,0.7864518751860325,3.0
9385,403755,1.0,1.0
9385,442127,0.5208637741827796,2.0
9385,1198,0.19793750361053525,6.0
9385,379667,0.3191123084972527,4.0
9385,341579,0.42883394017817855,3.0
9385,70853,0.21053414601860782,5.0
9385,57138,0.18628337618722188,7.0
9385,407654,0.024015012074729492,10.0
9385,208070,0.12742462994192574,8.0
9385,62151,0.07689619711410112,9.0
9332,159577,0.7351196618792837,2.0
9332,293687,0.6019588194633924,5.0
9332,271243,0.8916013885184303,1.0
9332,212770,0.1368114777506633,9.0
9332,178521,0.7267015933917216,3.0
9332,286074,0.16371303384466954,8.0
9332,271766,0.7042104088250327,4.0
9332,123418,0.2586196384118054,6.0
9332,236389,0.005720116741152518,10.0
9332,444107,0.20031609638228223,7.0
8275,435963,0.8615411367790289,2.0
8275,26203,0.49176486015105536,5.0
8275,514500,0.1295268308244115,9.0
8275,294867,0.8756989168462779,1.0
8275,571306,0.5957397882068453,4.0
8275,114439,0.38355864722372995,6.0
8275,576564,0.19011818463831218,8.0
8275,99757,0.3096742843049364,7.0
8275,44601,0.029204987089836206,10.0
8275,554568,0.7222137224756311,3.0
4785,435021,0.24522469065965938,5.0
4785,37517,0.9890188022771802,1.0
4785,326991,0.31478538269228806,3.0
4785,85522,0.027196042526339642,10.0
4785,34789,0.10432613348706939,8.0
4785,564841,0.21409815404145027,6.0
4785,162456,0.4017599171778219,2.0
4785,69696,0.029621048636245595,9.0
4785,140170,0.16142725196820112,7.0
4785,385574,0.2866844253719468,4.0
4465,569461,0.7918060003609502,2.0
4465,561377,0.30684190543613366,9.0
4465,299242,0.9513782389604707,1.0
4465,349710,0.3796358857479855,8.0
4465,344041,0.6181679213780301,4.0
4465,109860,0.45264118280811966,6.0
4465,226303,0.6040412060297359,5.0
4465,170294,0.04348714998947279,10.0
4465,213591,0.3983849170050178,7.0
4465,461051,0.6597245564827309,3.0
7279,476834,1.0,1.0
7279,214542,0.5845413251163505,2.0
7279,412502,0.44179203167347914,6.0
7279,50744,0.5606131271124148,5.0
7279,27081,0.575869226838943,4.0
7279,322456,0.5818236069888324,3.0
7279,442489,0.140427998566311,8.0
7279,19606,0.2367029594867121,7.0
7279,343489,0.00020177242057683835,10.0
7279,29790,0.013689279749686213,9.0
7431,281707,0.8645395478730058,2.0
7431,372921,0.9593056558450006,1.0
7431,292991,0.5880828035803368,4.0
7431,501384,0.5044316019937496,5.0
7431,423403,0.8269250096221932,3.0
7431,44594,0.05279188326522465,9.0
7431,305287,0.44310103417883073,6.0
7431,114768,0.29091413650986986,8.0
7431,178303,0.04323403827507312,10.0
7431,257248,0.3073503639287782,7.0
2118,76515,0.4667458341711481,3.0
2118,338313,0.3643818182403068,5.0
2118,384322,0.5625525704552997,2.0
2118,467509,0.262440155063724,7.0
2118,411061,0.8725386591032539,1.0
2118,191977,0.4533153904525519,4.0
2118,328556,0.32624755673571065,6.0
2118,528661,0.1446814894307507,8.0
2118,361028,0.008570768603378008,10.0
2118,373271,0.09366003282364092,9.0
5380,549254,1.0,1.0
5380,216196,0.2887555195393683,5.0
5380,46099,0.06983932150723114,9.0
5380,360481,0.3688859319992453,3.0
5380,175771,0.02482857522377674,10.0
5380,242524,0.48204338044111467,2.0
5380,507284,0.35600931428663607,4.0
5380,416307,0.13988487289099766,8.0
5380,345895,0.14925928122353857,7.0
5380,336772,0.16802602669064196,6.0
3404,62966,0.26077823624739405,7.0
3404,322246,0.24790619085957497,8.0
3404,583635,0.1313098864656945,9.0
3404,272425,0.42035630140184355,4.0
3404,153541,0.30187728323394963,5.0
3404,251411,0.27995348287327726,6.0
3404,488574,0.8384314670354055,1.0
3404,241136,0.1245023371990044,10.0
3404,442110,0.5939305600285462,2.0
3404,298128,0.43440363773377294,3.0
6420,565568,1.0,1.0
6420,480315,0.18055129031665237,10.0
6420,294295,0.48490202591519016,5.0
6420,394244,0.6977257021814656,2.0
6420,69696,0.32370199694947827,8.0
6420,122432,0.2996815544903109,9.0
6420,269898,0.5283153162741969,4.0
6420,279897,0.4583052883447381,7.0
6420,442048,0.5759401591089195,3.0
6420,112714,0.4839001142938191,6.0
9961,21311,1.0,1.0
9961,72402,0.6831164230081764,2.0
9961,335991,0.4929896428256141,5.0
9961,518379,0.5478524336930716,3.0
9961,174335,0.27937971781959653,7.0
9961,341493,0.4066147671826146,6.0
9961,17166,0.11998297315747293,8.0
9961,528522,0.5054431401707252,4.0
9961,565684,0.002424962253811289,10.0
9961,156358,0.07205326189332399,9.0
8079,125940,0.2946414916613216,7.0
8079,95278,0.9925255855010451,1.0
8079,187583,0.4037357141781154,6.0
8079,57138,0.6692910473058865,3.0
8079,11184,0.6108186355337429,4.0
8079,108040,0.7157874021884781,2.0
8079,39478,0.5240971517962829,5.0
8079,224231,0.09931720414231851,9.0
8079,93971,0.1681137075293191,8.0
8079,1198,0.0,10.0
