query_id,doc_id,score_hybrid,rank
3394,112208,0.7169787386700655,2.0
3394,172703,0.3100180540405583,6.0
3394,87722,0.35795454892762774,4.0
3394,445971,0.8585463038794042,1.0
3394,345199,0.25243475927099923,7.0
3394,377429,0.2087566164437572,8.0
3394,387277,0.3875092453443854,3.0
3394,133093,0.32547342090730913,5.0
3394,418150,0.016450036867053954,10.0
3394,539263,0.1385833700970018,9.0
5505,100387,1.0,1.0
5505,141738,0.2938996031944979,3.0
5505,278824,0.21858691784874024,6.0
5505,70488,0.3497188281966071,2.0
5505,349160,0.23918561709326105,5.0
5505,478457,0.09175902241368358,8.0
5505,200338,0.1443985328509181,7.0
5505,408327,0.01666860770498995,9.0
5505,442142,0.24892304723308198,4.0
5505,593085,0.0,10.0
6792,558617,0.9790772546766711,1.0
6792,400841,0.6383028905197374,4.0
6792,29306,0.45667453281347914,7.0
6792,136825,0.6987244768089191,3.0
6792,259081,0.5345013350341822,6.0
6792,40447,0.2501863760213172,9.0
6792,480515,0.6133903371975373,5.0
6792,156467,0.7299604891281724,2.0
6792,545434,0.02881489413787473,10.0
6792,585447,0.2961018702473137,8.0
6909,452175,0.719289314354871,1.0
6909,13260,0.4378480694219301,6.0
6909,435963,0.6159226056020842,3.0
6909,375019,0.5954184016204855,4.0
6909,266900,0.3388852070808415,7.0
6909,464502,0.15407649686448543,9.0
6909,214003,0.022582674722031078,10.0
6909,79357,0.7184999011294586,2.0
6909,535697,0.5617779871853334,5.0
6909,330041,0.3021351582629401,8.0
4946,121690,1.0,1.0
4946,156816,0.5488850335271738,2.0
4946,79357,0.40304486050867133,7.0
4946,9938,0.5037443132558053,3.0
4946,350680,0.44583344822950055,5.0
4946,28119,0.20100340788085633,8.0
4946,343489,0.413676140294976,6.0
4946,100485,0.48294864881461247,4.0
4946,88105,0.1643290203535365,9.0
4946,496935,0.0,10.0
4125,283079,0.762979222442869,1.0
4125,232199,0.7466310485891803,2.0
4125,363591,0.6605030703997947,4.0
4125,452987,0.2245038534663418,8.0
4125,571362,0.5562388773486477,7.0
4125,292769,0.08937966477797189,9.0
4125,340044,0.6484965790345669,5.0
4125,103593,0.6170781087821987,6.0
4125,276400,0.700969190637198,3.0
4125,7632,0.08870936013948635,10.0
6009,62151,0.5203763380566182,6.0
6009,175831,0.5747223657373789,5.0
6009,303325,0.650676550973223,3.0
6009,228983,0.8694801965993282,1.0
6009,158717,0.5784367166286999,4.0
6009,472585,0.039543757026448655,8.0
6009,178684,0.036504809430697394,9.0
6009,442048,0.6776116319110465,2.0
6009,125298,0.021057770715307136,10.0
6009,99857,0.23832778710253533,7.0
9598,528034,1.0,1.0
9598,379311,0.646202834290624,3.0
9598,322826,0.44368934654382675,5.0
9598,136270,0.07957422734463614,10.0
9598,574327,0.7618791949860921,2.0
9598,112208,0.4335136410736437,6.0
9598,17923,0.35520781275454305,8.0
9598,172703,0.22896822929640587,9.0
9598,297290,0.63020453456984,4.0
9598,383978,0.4101558173948152,7.0
10645,22221,1.0,1.0
10645,340131,0.7495108892568633,3.0
10645,441176,0.842088409918786,2.0
10645,183349,0.3667724433427155,7.0
10645,102684,0.6402061340324031,6.0
10645,248799,0.6498630451329434,5.0
10645,317354,0.33791472132815004,9.0
10645,293679,0.6922783760110793,4.0
10645,415340,0.36044740300164974,8.0
10645,487791,0.0,10.0
7441,125659,0.7149872381275212,4.0
7441,192900,0.8139652799388789,3.0
7441,537418,0.6018937037481302,5.0
7441,231781,0.8776917177519334,1.0
7441,117576,0.8209461358294993,2.0
7441,404339,0.16055412440304517,9.0
7441,329662,0.4647185214660773,6.0
7441,504996,0.21879821532623703,8.0
7441,336018,0.28600492369315433,7.0
7441,180733,0.0,10.0
5080,305901,0.6934859509282272,4.0
5080,553304,0.6088434647556614,7.0
5080,392434,0.9054972580648453,1.0
5080,514512,0.6624016584102713,6.0
5080,67063,0.7254489357815892,2.0
5080,488334,0.6967343665303897,3.0
5080,356928,0.6857248738154639,5.0
5080,271026,0.05502276758821882,10.0
5080,88912,0.1765932649378857,9.0
5080,167950,0.4140154724034835,8.0
9329,326991,1.0,1.0
9329,385574,0.4214377276837496,4.0
9329,340210,0.38203560700839734,5.0
9329,394924,0.5759461815296096,3.0
9329,265098,0.2484656763895376,8.0
9329,586018,0.6272635614002926,2.0
9329,179103,0.2951106829066101,6.0
9329,192900,0.25007616109082587,7.0
9329,209493,0.17346525498620885,9.0
9329,209065,0.0,10.0
6479,404339,1.0,1.0
6479,272008,0.687906273864742,2.0
6479,536120,0.3249885900955665,6.0
6479,9938,0.11577186390439916,7.0
6479,453839,0.1090789952468468,8.0
6479,104793,0.020077516151486147,10.0
6479,257656,0.4323591411256611,3.0
6479,491969,0.3331600224808192,5.0
6479,114439,0.10173416153419433,9.0
6479,340210,0.4003660919681302,4.0
8513,175821,1.0,1.0
8513,69790,0.6953171695688528,2.0
8513,167950,0.5013779896939003,3.0
8513,183612,0.07842212233361431,10.0
8513,449039,0.20882932520694097,9.0
8513,267113,0.3555574532570052,5.0
8513,167896,0.3335501314015258,6.0
8513,417840,0.2736387184589719,7.0
8513,232712,0.40265744779801615,4.0
8513,87667,0.26762643606423975,8.0
10109,93231,0.9629333022336272,2.0
10109,28314,0.9792613322932983,1.0
10109,535317,0.511990387358259,3.0
10109,395357,0.36737558984557583,6.0
10109,124630,0.12618368189900103,8.0
10109,244749,0.06575975307516593,9.0
10109,305467,0.046152193805131476,10.0
10109,116420,0.4040756620648476,5.0
10109,474384,0.4717936291027091,4.0
10109,105818,0.14442903210429664,7.0
4844,275257,1.0,1.0
4844,367137,0.6548444339356199,3.0
4844,192193,0.6915456877208379,2.0
4844,111033,0.4825849133667377,5.0
4844,235522,0.5621439068427163,4.0
4844,549741,0.188789792713855,8.0
4844,140088,0.3940150538076971,6.0
4844,386423,0.015313485339231978,9.0
4844,144177,0.34152163892802884,7.0
4844,409432,0.014556427053520948,10.0
8544,214003,1.0,1.0
8544,37517,0.2666012806331168,7.0
8544,336541,0.5574256050189872,3.0
8544,75437,0.41660211901592287,5.0
8544,13260,0.37692633957268734,6.0
8544,100103,0.5876252403831023,2.0
8544,416307,0.2113411108624258,8.0
8544,12432,0.04904946655935051,10.0
8544,561884,0.5270128009296446,4.0
8544,111768,0.05489902026912737,9.0
4823,561929,1.0,1.0
4823,362919,0.7271630492016888,2.0
4823,340131,0.32855773594273807,8.0
4823,104726,0.6273807995370828,3.0
4823,11572,0.4800520616374914,6.0
4823,7094,0.541674820493643,4.0
4823,2860,0.31597131971978165,9.0
4823,459423,0.45373634057654544,7.0
4823,252716,0.4847177368909953,5.0
4823,271118,0.0,10.0
1085,366597,0.7460878210681203,2.0
1085,405702,0.9685808366160547,1.0
1085,485195,0.36967159156449486,5.0
1085,374334,0.3536107421892961,6.0
1085,108302,0.2441431926574965,7.0
1085,581889,0.02013227062883792,10.0
1085,94586,0.10945073390086055,9.0
1085,184175,0.39823356581816155,4.0
1085,401125,0.44072185891708726,3.0
1085,315275,0.1909193183349939,8.0
2388,104988,1.0,1.0
2388,300287,0.41267592155447597,3.0
2388,13657,0.3083070844432728,6.0
2388,123733,0.07223953572653985,10.0
2388,459423,0.44667111293341355,2.0
2388,565698,0.2969507065730361,7.0
2388,423403,0.38312260868100956,4.0
2388,157702,0.22700071957469017,8.0
2388,141320,0.32216661435544397,5.0
2388,429978,0.12141633894319921,9.0
6891,474351,1.0,1.0
6891,492506,0.4446699985066473,3.0
6891,504497,0.14326671127700277,8.0
6891,558924,0.5199593024484864,2.0
6891,264095,0.3365575333265188,6.0
6891,381757,0.2891258249156032,7.0
6891,323363,0.4183184055155904,4.0
6891,579543,0.10070453378177811,9.0
6891,143425,0.40297945762055815,5.0
6891,73434,0.0,10.0
2568,346042,1.0,1.0
2568,164702,0.40141196272512025,5.0
2568,170141,0.5099354372882962,3.0
2568,13975,0.2873051802528496,7.0
2568,544654,0.39456027303185154,6.0
2568,130209,0.4873164043440167,4.0
2568,428150,0.07723399376931457,9.0
2568,269898,0.6398070546586706,2.0
2568,368802,0.26466134483825077,8.0
2568,213370,0.0008150061728741274,10.0
7702,558924,0.9263402614548822,1.0
7702,133093,0.8939068861719557,2.0
7702,387277,0.8909557210927244,3.0
7702,592636,0.11972717252965664,9.0
7702,214542,0.4196999581433032,4.0
7702,192193,0.27835617673071084,6.0
7702,108721,0.25964076210768605,7.0
7702,140088,0.36488766039876586,5.0
7702,367137,0.20844017949457125,8.0
7702,259317,0.03694139930379259,10.0
2376,91545,0.9977812500539802,1.0
2376,402249,0.8491900908151608,3.0
2376,244961,0.7382873263259068,7.0
2376,114417,0.8201676172974014,5.0
2376,549833,0.8336197619628312,4.0
2376,324411,0.8524178856460543,2.0
2376,407455,0.7303333431634108,8.0
2376,64263,0.7718478300991481,6.0
2376,582521,0.4266722206936098,9.0
2376,44110,0.0,10.0
4339,386531,1.0,1.0
4339,488615,0.7022666800798896,2.0
4339,16392,0.40004936936315255,4.0
4339,242076,0.24730400702107772,8.0
4339,240645,0.25056915448707695,6.0
4339,473540,0.4276235524508912,3.0
4339,260328,0.3433875104332899,5.0
4339,455398,0.025385327682705582,9.0
4339,242294,0.24894934575697356,7.0
4339,103256,0.019249116593576386,10.0
5427,387854,0.7347668778508165,2.0
5427,580709,0.7343027482573565,3.0
5427,55666,0.6499304415273757,6.0
5427,200338,0.1087836630232096,10.0
5427,597467,0.7440598415397587,1.0
5427,142876,0.6784363637949915,5.0
5427,522358,0.18722259516747003,9.0
5427,273084,0.3916284446694011,8.0
5427,200603,0.7022426774411474,4.0
5427,549759,0.46993847093437874,7.0
7734,226070,1.0,1.0
7734,96013,0.6302863492362824,2.0
7734,87667,0.4645444053349927,3.0
7734,94591,0.3299854025510867,7.0
7734,10703,0.3494494253057674,6.0
7734,150544,0.046608547983113764,10.0
7734,421371,0.3596020740707101,5.0
7734,232712,0.2949290239308946,8.0
7734,247486,0.07344627383208555,9.0
7734,433905,0.3975486561194761,4.0
2486,487791,1.0,1.0
2486,58937,0.6270426399526396,2.0
2486,388575,0.33521562441069985,7.0
2486,101604,0.472624315126684,5.0
2486,216327,0.15416632656161108,9.0
2486,250702,0.49019839069595467,3.0
2486,357914,0.37786101969036395,6.0
2486,234436,0.48684354499455906,4.0
2486,518563,0.0030406560156994726,10.0
2486,130021,0.2864374177918568,8.0
7071,238629,0.7374820851478916,1.0
7071,99857,0.3006532759890449,7.0
7071,178684,0.6727510651093057,3.0
7071,14543,0.38258845470549074,5.0
7071,588384,0.08310623027881989,9.0
7071,246221,0.4367540185900996,4.0
7071,403899,0.07602729569433249,10.0
7071,434812,0.712550420765735,2.0
7071,319793,0.3799921376795978,6.0
7071,378173,0.27876508313647586,8.0
8537,511093,0.9685754991146862,1.0
8537,416307,0.9151896233146566,2.0
8537,572842,0.2111186379369199,8.0
8537,281707,0.3290200715040009,7.0
8537,374020,0.5706067482197864,4.0
8537,96467,0.47700363032997956,6.0
8537,557356,0.55617330570003,5.0
8537,472516,0.7779016807292105,3.0
8537,472014,0.1671530571463542,9.0
8537,501384,0.16047748993509683,10.0
7178,70096,0.5404774638874534,2.0
7178,401329,0.8348745850287284,1.0
7178,420851,0.41475575240913465,3.0
7178,518563,0.11422071294028814,8.0
7178,58851,0.024394734445644883,9.0
7178,474384,0.28607320039680073,4.0
7178,88892,0.15620620247160066,6.0
7178,193312,0.11933663920623767,7.0
7178,484055,0.011047585704399388,10.0
7178,554568,0.18914259645997272,5.0
4777,2860,1.0,1.0
4777,409535,0.911935029518381,2.0
4777,228983,0.284137082624023,5.0
4777,429378,0.29798107600785617,4.0
4777,407455,0.1963244970134681,8.0
4777,167896,0.7041903912312152,3.0
4777,525231,0.25016330993825686,6.0
4777,570155,0.20065371725238856,7.0
4777,413041,0.017655572717976676,10.0
4777,164008,0.11766330908322616,9.0
2398,168922,0.30000000000000004,9.0
2398,96538,0.9186508685045403,1.0
2398,443246,0.4936999205671567,5.0
2398,490443,0.8212604695480084,2.0
2398,527698,0.6326628272159351,3.0
2398,548465,0.5543932188369853,4.0
2398,107092,0.35972557358429164,6.0
2398,505959,0.3147073929096532,8.0
2398,403515,0.22943113032482962,10.0
2398,342212,0.3181913724103869,7.0
849,557186,1.0,1.0
849,528564,0.6199958664167412,4.0
849,232199,0.7329494230111806,2.0
849,183612,0.7288756765101058,3.0
849,234436,0.28513875810108413,8.0
849,366830,0.5445596731342703,6.0
849,24890,0.24553933766711733,9.0
849,327263,0.37823244373632947,7.0
849,454810,0.007943813004470751,10.0
849,273947,0.5863522128896814,5.0
7534,175821,1.0,1.0
7534,301224,0.5462393288288648,2.0
7534,498378,0.2709531861384372,5.0
7534,46099,0.12288218473624385,8.0
7534,147765,0.05771481090532402,9.0
7534,89714,0.426565155404226,3.0
7534,51046,0.2975187554122692,4.0
7534,211839,0.004980472574356635,10.0
7534,255491,0.1797374509703394,6.0
7534,169062,0.13385728874702374,7.0
5021,226070,0.7170399202514858,3.0
5021,423034,0.892980853129218,1.0
5021,588607,0.2621477411182632,6.0
5021,79357,0.7574791730777506,2.0
5021,494939,0.4248267525966411,5.0
5021,3118,0.12280907048706101,9.0
5021,339640,0.43465036502034415,4.0
5021,289813,0.018803861183043273,10.0
5021,481308,0.14447953744726144,8.0
5021,136825,0.23098610628426544,7.0
6131,326094,0.8442583047333949,1.0
6131,334111,0.7697077008169402,2.0
6131,44223,0.33962085272883885,6.0
6131,258465,0.5983652579480644,4.0
6131,123733,0.09256234015043274,8.0
6131,368806,0.7519584322783134,3.0
6131,315275,0.09097871228629048,9.0
6131,470024,0.4644767010620953,5.0
6131,483441,0.1266249149110614,7.0
6131,169699,0.05659848266666085,10.0
10136,152316,0.8582997427080354,2.0
10136,32744,0.6464730486526621,3.0
10136,290930,0.945065830200442,1.0
10136,277179,0.4748202142837116,5.0
10136,18509,0.2580710751643546,8.0
10136,198349,0.4438100534069016,6.0
10136,302792,0.2624298277637291,7.0
10136,507284,0.22534615251470347,9.0
10136,280204,0.4814433888286615,4.0
10136,144177,0.0,10.0
9548,423658,0.9954348230349194,1.0
9548,523810,0.819245804311193,4.0
9548,297290,0.8854343428256138,2.0
9548,231227,0.8309923288436413,3.0
9548,61022,0.13496659349718476,10.0
9548,72160,0.37284145614994124,6.0
9548,539263,0.36023128773430685,7.0
9548,32811,0.1610503671419209,9.0
9548,583203,0.3096736990126201,8.0
9548,482544,0.4024695820954292,5.0
4942,314898,1.0,1.0
4942,433490,0.731985606166806,2.0
4942,295864,0.36789552699522166,5.0
4942,70853,0.1655417992037047,9.0
4942,420556,0.2555826405132009,7.0
4942,94689,0.44290673367968636,3.0
4942,486333,0.29859152597097377,6.0
4942,62966,0.39066219662992496,4.0
4942,55999,0.22741699905274249,8.0
4942,539263,0.053703768016514546,10.0
5090,572272,0.5537469625869664,2.0
5090,12988,0.9363809983044525,1.0
5090,270856,0.38957402364969024,3.0
5090,468777,0.14318098305726493,10.0
5090,507544,0.3177478369637951,7.0
5090,551423,0.16139334611704853,9.0
5090,149500,0.3179632641676573,6.0
5090,247721,0.251946498986208,8.0
5090,169688,0.3221312002827672,5.0
5090,414534,0.38782052821177293,4.0
6005,149500,1.0,1.0
6005,507544,0.6397098776814811,2.0
6005,572272,0.613771924602426,3.0
6005,551423,0.2484661961897358,6.0
6005,140947,0.029831580489782,10.0
6005,30311,0.17791004650241452,8.0
6005,176498,0.4951244460525073,4.0
6005,414288,0.3970887596981182,5.0
6005,515060,0.1192950970810349,9.0
6005,377223,0.1804395478345752,7.0
7533,162668,1.0,1.0
7533,461084,0.6627054640752175,4.0
7533,438680,0.7029712906985391,3.0
7533,284411,0.7352730419667507,2.0
7533,167356,0.6260941440184082,6.0
7533,257016,0.3554800713671085,8.0
7533,201495,0.6219096123533414,7.0
7533,213435,0.643793503521072,5.0
7533,167950,0.017465433405509212,10.0
7533,407654,0.2941447851559257,9.0
8034,284075,0.4054939107878709,3.0
8034,327978,0.741074082253445,1.0
8034,415340,0.25633574156335914,9.0
8034,307999,0.3746071917028111,4.0
8034,292991,0.10640887262075957,10.0
8034,198764,0.35645943006108377,5.0
8034,13153,0.26206271138397075,8.0
8034,22221,0.28944858705921905,7.0
8034,213435,0.3147303821308524,6.0
8034,579557,0.7,2.0
2330,478514,1.0,1.0
2330,260014,0.08154395329405154,9.0
2330,370334,0.5327895070942047,2.0
2330,345895,0.35505829019751656,3.0
2330,156873,0.1020995350011718,8.0
2330,572272,0.1433892323883716,7.0
2330,488334,0.26768514726490406,6.0
2330,94586,0.32722398852931744,4.0
2330,167684,0.31376785479994235,5.0
2330,9656,0.05912301440571974,10.0
7803,62151,1.0,1.0
7803,572205,0.6853108332302371,2.0
7803,327127,0.49169077210655543,6.0
7803,216065,0.585486079290772,4.0
7803,214003,0.49087402486782244,7.0
7803,100103,0.48757276905168456,8.0
7803,336541,0.644803160883477,3.0
7803,324037,0.07939761762703373,9.0
7803,583651,0.007178516629085537,10.0
7803,12432,0.5171385566393973,5.0
1933,183612,1.0,1.0
1933,446984,0.50369119958543,2.0
1933,141738,0.2013863968271688,9.0
1933,352640,0.2890293226483785,6.0
1933,445298,0.3851272819992046,4.0
1933,413041,0.01484368382219697,10.0
1933,466718,0.26422290771405377,7.0
1933,234436,0.3120693592578294,5.0
1933,264554,0.4187951478505414,3.0
1933,134794,0.26176378994364136,8.0
6849,44601,1.0,1.0
6849,59714,0.5550855469966919,4.0
6849,78675,0.6684296187500434,2.0
6849,578427,0.5343252024304527,5.0
6849,172703,0.14298050439994053,8.0
6849,79998,0.3240941383376328,6.0
6849,112208,0.11803381855908301,9.0
6849,418150,0.617344240614961,3.0
6849,328086,0.007275350660251739,10.0
6849,61962,0.26903622522981274,7.0
7448,418150,1.0,1.0
7448,100485,0.30613794332590805,5.0
7448,273861,0.03746257377405602,10.0
7448,112208,0.326629795413614,4.0
7448,377429,0.20319579596940185,7.0
7448,387277,0.17191211033740444,8.0
7448,307095,0.2508159105956306,6.0
7448,133093,0.34748927721512307,3.0
7448,44601,0.48869247746126604,2.0
7448,172703,0.09269499134164201,9.0
42,283079,0.9893078727371353,1.0
42,278824,0.6057507032366956,5.0
42,528564,0.749484882062217,2.0
42,327002,0.7010794243426807,4.0
42,141738,0.11424164107882327,9.0
42,124630,0.05897992649788319,10.0
42,366830,0.5742644969711872,6.0
42,467509,0.17651955976864386,8.0
42,536849,0.7287164284656543,3.0
42,583956,0.29210254936024516,7.0
4102,125940,0.30000000000000004,7.0
4102,293320,0.47621349220183395,5.0
4102,572340,0.6655441701815104,3.0
4102,554734,0.9087789525744245,1.0
4102,275925,0.41375573214233,6.0
4102,327978,0.732190702559552,2.0
4102,326142,0.5802890519596318,4.0
4102,460457,0.240275274425914,8.0
4102,356987,0.1406926159078998,10.0
4102,324779,0.14564126610239533,9.0
7269,474351,0.48814760436595306,3.0
7269,588607,0.5014139021374066,2.0
7269,72402,0.22620922816916147,7.0
7269,226070,0.2763704819359447,6.0
7269,301580,0.050905206717121405,9.0
7269,486696,0.7319726242979836,1.0
7269,386173,0.029093884616436905,10.0
7269,392894,0.32855984428342694,5.0
7269,129319,0.45427742632933726,4.0
7269,90294,0.08031473233393613,8.0
10975,363591,0.7723794563112532,3.0
10975,17166,0.910452174383049,1.0
10975,72160,0.8454112397637101,2.0
10975,545759,0.26200345550548765,8.0
10975,384564,0.07941517129181212,9.0
10975,482544,0.6286359270180334,5.0
10975,528522,0.5253481728634762,6.0
10975,61022,0.04145925570169036,10.0
10975,452870,0.7096193783277885,4.0
10975,341493,0.3331192603010608,7.0
715,93936,0.3462317395156014,8.0
715,232262,0.42185902282858545,6.0
715,377223,0.5824938933641891,4.0
715,590489,0.7096645677134978,2.0
715,560872,0.7519456245533266,1.0
715,127316,0.4599602394593486,5.0
715,273925,0.6130081092228649,3.0
715,524752,0.16237873097006564,9.0
715,212028,0.006516537480126965,10.0
715,167896,0.37227419477994766,7.0
4037,557186,0.8701261089300297,1.0
4037,408327,0.4393059583577992,3.0
4037,81483,0.08482975556639048,9.0
4037,264554,0.3352950683642301,4.0
4037,70488,0.20220299146268564,7.0
4037,73427,0.2024859877623837,6.0
4037,141738,0.017940745398877363,10.0
4037,327002,0.22108337115539461,5.0
4037,298099,0.7014539963131867,2.0
4037,278824,0.18893016828239012,8.0
4047,159836,0.5278831895499734,4.0
4047,538352,0.9289445056264133,1.0
4047,124230,0.5977317750855597,3.0
4047,457294,0.4283465918228212,6.0
4047,227423,0.6862898860528336,2.0
4047,488258,0.27810691295789025,8.0
4047,186453,0.4909110375398271,5.0
4047,560872,0.25642388396702265,9.0
4047,304477,0.0058467535136373285,10.0
4047,472585,0.39169798088013963,7.0
8072,31465,0.6884111004769613,3.0
8072,127452,0.8419725483104203,2.0
8072,164008,0.6157373406904968,5.0
8072,413041,0.3589267096244708,9.0
8072,394244,0.8556640827019335,1.0
8072,284235,0.6428648711741731,4.0
8072,494727,0.45408237368834103,7.0
8072,294867,0.547793215710195,6.0
8072,316838,0.3998688414065513,8.0
8072,169062,0.0,10.0
5906,258465,0.7508534911184372,3.0
5906,409907,0.8548427610812044,1.0
5906,318520,0.8012422507977661,2.0
5906,470024,0.26620745963965103,7.0
5906,289231,0.502850012934883,4.0
5906,273528,0.496987078665847,5.0
5906,326094,0.020666917237511167,10.0
5906,2460,0.19983063669785645,9.0
5906,394467,0.26384093877005477,8.0
5906,15172,0.40725043669733796,6.0
8378,178684,1.0,1.0
8378,246221,0.6865642113383292,4.0
8378,238629,0.7816072174003926,3.0
8378,434812,0.825872022091854,2.0
8378,102237,0.47743979952206717,5.0
8378,43497,0.2596143276303374,6.0
8378,403025,0.15841987649731928,8.0
8378,382381,0.23403935677503343,7.0
8378,554568,0.0897193425883427,9.0
8378,597401,0.0,10.0
885,315275,0.4589724346718821,3.0
885,273528,0.7406308571422939,2.0
885,173929,0.1254969572541179,9.0
885,394467,0.15365330364078889,7.0
885,485195,0.17033955442529233,6.0
885,326094,0.7481512842886358,1.0
885,483441,0.34713377696808234,5.0
885,258465,0.34761614563398946,4.0
885,399013,0.12880868873291487,8.0
885,246459,0.10982374125422058,10.0
2423,529444,0.848585177519271,2.0
2423,396127,0.9723311735358174,1.0
2423,89049,0.5679059145338488,3.0
2423,124027,0.5424340034912376,4.0
2423,461084,0.2603087768296259,8.0
2423,388646,0.3845334788618094,7.0
2423,553288,0.5370761705073864,5.0
2423,428150,0.4841540536921936,6.0
2423,370334,0.012146435945960725,9.0
2423,175232,0.0,10.0
4414,235522,1.0,1.0
4414,367137,0.7461127090894746,3.0
4414,133093,0.35929960833826147,7.0
4414,144177,0.7844099634048521,2.0
4414,111033,0.40597992515762804,6.0
4414,275257,0.33373485127724645,8.0
4414,29073,0.6893842162724015,4.0
4414,140088,0.25176224620216014,9.0
4414,76776,0.005567136770309261,10.0
4414,577578,0.5775368806443827,5.0
1297,313909,0.7867281823198875,2.0
1297,171761,0.9953925656220873,1.0
1297,219758,0.3969857856150347,7.0
1297,289813,0.5540400843392658,4.0
1297,90712,0.5032655100190027,5.0
1297,146021,0.6664460746918137,3.0
1297,370663,0.42224900070081556,6.0
1297,66246,0.21218167544876715,8.0
1297,545434,0.009664444968115223,10.0
1297,521712,0.2036466296599204,9.0
8512,32811,1.0,1.0
8512,61022,0.5499304114971477,2.0
8512,149696,0.3673377971018552,4.0
8512,320101,0.10271254091197114,10.0
8512,528522,0.31994629684387715,9.0
8512,231227,0.32352796405063633,8.0
8512,461592,0.5151189892622773,3.0
8512,474384,0.33725556501191184,6.0
8512,214901,0.34575091944191483,5.0
8512,452870,0.33282829359575467,7.0
3822,290930,0.9640639489945247,1.0
3822,454157,0.8108508372635042,3.0
3822,586151,0.838739073307602,2.0
3822,318583,0.13905474933097728,9.0
3822,592636,0.6939743081598744,5.0
3822,476834,0.6706109112293324,6.0
3822,597880,0.4495956218196273,7.0
3822,309269,0.4098014654089782,8.0
3822,431814,0.11462827984228438,10.0
3822,369355,0.7,4.0
859,32530,0.9939516826554524,1.0
859,326094,0.7450900463371338,2.0
859,171720,0.5991762998252506,4.0
859,377223,0.4864462339529554,8.0
859,310215,0.3195334615600738,9.0
859,308837,0.4982761944947854,7.0
859,513258,0.027062232606788045,10.0
859,388201,0.527165160956014,5.0
859,506374,0.5091405429165803,6.0
859,217683,0.7,3.0
6668,457294,1.0,1.0
6668,93971,0.2765427002824476,5.0
6668,301570,0.16260484518847906,9.0
6668,228403,0.26779629227835533,6.0
6668,159703,0.3354952019404351,3.0
6668,326991,0.02081122492537091,10.0
6668,526110,0.32655089119053954,4.0
6668,88892,0.16614396185084085,8.0
6668,241337,0.3901289862140024,2.0
6668,11988,0.2578328552351404,7.0
604,38711,0.7418045569935485,1.0
604,571430,0.7196132598521576,3.0
604,224869,0.33170150884258237,7.0
604,115553,0.1842931397570221,8.0
604,197222,0.368713211643126,6.0
604,348353,0.4636245167619785,5.0
604,561377,0.7399882411817041,2.0
604,195191,0.09449389090850845,9.0
604,342307,0.015959397236217095,10.0
604,486333,0.6802073561876884,4.0
3177,539263,0.9246837612212574,1.0
3177,172703,0.714186970177498,3.0
3177,536120,0.6912521030421841,4.0
3177,377429,0.6889581548289694,5.0
3177,480315,0.8783014362300409,2.0
3177,87722,0.3828822366772731,7.0
3177,17208,0.551797769457784,6.0
3177,467575,0.3602024406859248,8.0
3177,328086,0.04074318317054377,9.0
3177,423658,0.0,10.0
721,496225,1.0,1.0
721,51615,0.24687515027483314,4.0
721,298128,0.2956927121122207,2.0
721,568526,0.21203570174379205,5.0
721,251824,0.1286345816317282,6.0
721,196427,0.12397777178031688,7.0
721,597880,0.014380242247616666,10.0
721,150650,0.2530458847093861,3.0
721,447353,0.10425998968459323,8.0
721,358661,0.05722524039925883,9.0
7124,427726,0.6485183446346192,2.0
7124,242524,0.5888564591344291,3.0
7124,62151,0.3960144485253767,6.0
7124,265314,0.3536269784090029,8.0
7124,226070,0.43038935288910724,4.0
7124,558617,0.8366521092663763,1.0
7124,433905,0.411563558093494,5.0
7124,421371,0.37804521770337407,7.0
7124,96013,0.34370336269654517,9.0
7124,162668,0.0,10.0
4500,236482,0.745466771297163,2.0
4500,533623,0.9003364610816311,1.0
4500,474234,0.22171683797129776,8.0
4500,166487,0.15490667876155695,9.0
4500,231781,0.436677502715959,5.0
4500,80031,0.23054787207967758,7.0
4500,163048,0.601121164457022,4.0
4500,62897,0.03613595503258421,10.0
4500,275929,0.6195313658601719,3.0
4500,81101,0.36204896467137415,6.0
603,64103,0.6688089550836407,3.0
603,399013,0.7376418382467624,2.0
603,535651,0.43183586318738176,7.0
603,120090,0.795518348483542,1.0
603,279897,0.5926835524596602,4.0
603,55022,0.43745400227671516,6.0
603,35736,0.042945405541120175,9.0
603,544486,0.3049634098038911,8.0
603,77503,0.026779393596431535,10.0
603,139047,0.484688288692382,5.0
6647,462265,1.0,1.0
6647,13260,0.3426625903992905,4.0
6647,96013,0.3740013721638396,2.0
6647,464533,0.17762730923836006,6.0
6647,562171,0.11657322425468636,7.0
6647,326233,0.21214997495006793,5.0
6647,209188,0.3449298981292158,3.0
6647,231068,0.07537714106749968,8.0
6647,391988,0.05034772001644182,9.0
6647,531990,0.0,10.0
5369,258465,0.8118854097747471,2.0
5369,172128,0.61158923288905,3.0
5369,184175,0.8278758201945782,1.0
5369,399013,0.5079348967791226,4.0
5369,173929,0.07193926612105797,8.0
5369,171339,0.43171347643463776,5.0
5369,414288,0.28389198769924645,7.0
5369,500946,0.2977372325438101,6.0
5369,70724,0.02151693601720195,10.0
5369,118280,0.055101074213078985,9.0
932,48722,0.8654781815472358,2.0
932,387010,0.9626841776945778,1.0
932,442110,0.5228138883295683,4.0
932,292769,0.27925331917200186,7.0
932,593085,0.07395258016477659,9.0
932,23747,0.5906276440500566,3.0
932,418630,0.49594078602038,5.0
932,281045,0.25118560284442426,8.0
932,196427,0.01479018578650174,10.0
932,571430,0.47774269692019894,6.0
9633,259081,0.9138214275819003,2.0
9633,534418,0.9488284839824297,1.0
9633,481166,0.29231558773050026,6.0
9633,185909,0.32696142615701135,4.0
9633,552479,0.231516188728354,7.0
9633,590578,0.0704068505808417,9.0
9633,484055,0.37857497919492944,3.0
9633,474351,0.29864437214989403,5.0
9633,363741,0.11738266934965697,8.0
9633,262441,0.05215773317931198,10.0
1676,394871,1.0,1.0
1676,234436,0.6443634838754743,4.0
1676,77245,0.7381622288063578,2.0
1676,487791,0.6745122842381568,3.0
1676,58937,0.5334080538393726,5.0
1676,352640,0.3096322325303446,8.0
1676,279538,0.47597550422430746,6.0
1676,196920,0.3426891797732613,7.0
1676,555732,6.6532358252957135e-06,10.0
1676,136804,0.16382638752053896,9.0
4804,222153,0.8134601800733685,1.0
4804,325892,0.22919951653138543,6.0
4804,255795,0.5044279693221627,5.0
4804,285255,0.5691920313857575,4.0
4804,45218,0.21797479759397193,7.0
4804,162456,0.7306478827799088,2.0
4804,143100,0.11104083773226449,9.0
4804,51583,0.13094779743317153,8.0
4804,116574,0.5789561122513933,3.0
4804,393132,0.0,10.0
2747,445298,0.9606372073919819,1.0
2747,431685,0.38462183812950357,7.0
2747,535705,0.5586907696859849,3.0
2747,583635,0.12354004332575413,10.0
2747,387010,0.7349724377205679,2.0
2747,571430,0.15221243712398025,9.0
2747,418630,0.5518575302387465,4.0
2747,279538,0.5074350580044042,5.0
2747,582864,0.3805161303614363,8.0
2747,123468,0.40876841026551847,6.0
8632,43497,1.0,1.0
8632,382381,0.7368471006957573,2.0
8632,344372,0.6192703591642172,4.0
8632,575741,0.25926075050232994,6.0
8632,458385,0.23253838359406132,8.0
8632,416307,0.23478126693723506,7.0
8632,102436,0.624878224263532,3.0
8632,223070,0.2160780914875746,9.0
8632,363043,0.2692597998861556,5.0
8632,186453,0.0,10.0
4981,102684,0.8612871454146945,2.0
4981,45218,0.8948183131042515,1.0
4981,578585,0.17273458805682734,7.0
4981,341625,0.42151507608281474,4.0
4981,590710,0.21667425920502098,5.0
4981,264800,0.03759007528151524,9.0
4981,475541,0.013331752313868366,10.0
4981,212481,0.20175905151098866,6.0
4981,567362,0.4334408967931542,3.0
4981,319692,0.06406184724201279,8.0
6146,289231,0.5145620360034446,5.0
6146,2460,0.4894068767699462,6.0
6146,470024,0.5355252349372982,4.0
6146,394467,0.4239800923205266,7.0
6146,160125,0.8411485875255547,1.0
6146,581889,0.5876080723886445,3.0
6146,326094,0.19373632784165068,9.0
6146,580709,0.02831495038367181,10.0
6146,273528,0.20693277355725098,8.0
6146,7403,0.696372523847051,2.0
10674,328556,0.4206481868869234,4.0
10674,435963,0.33518993260443725,5.0
10674,89460,0.28661118285509085,6.0
10674,109860,0.2154580475025443,7.0
10674,88813,0.5146169838343658,3.0
10674,319793,0.5846581410680011,2.0
10674,99857,0.7313259584151639,1.0
10674,99757,0.004502174538168688,9.0
10674,431814,0.018370664601292143,8.0
10674,363043,0.0,10.0
3683,276975,1.0,1.0
3683,105973,0.7261423738561206,2.0
3683,421538,0.2612959469810705,6.0
3683,522713,0.5358317481654689,3.0
3683,303977,0.2120873712911466,7.0
3683,178521,0.2767200637766738,5.0
3683,500460,0.3417641805838738,4.0
3683,116865,0.030981529470165,9.0
3683,158717,0.004918189241261351,10.0
3683,349866,0.12257673263933933,8.0
928,394460,0.6765166895777088,2.0
928,349866,0.9628177760170631,1.0
928,400009,0.21861041808767379,6.0
928,573276,0.13421889601723921,9.0
928,490443,0.1645339331416953,7.0
928,305509,0.04306389975917969,10.0
928,11572,0.4009132311847007,3.0
928,253563,0.14155630044431153,8.0
928,422770,0.3397404593854592,4.0
928,409573,0.24188848164944818,5.0
5054,21311,0.791979891053939,1.0
5054,485863,0.5651435885345057,5.0
5054,542521,0.4800859909568808,6.0
5054,144660,0.09443736964823099,9.0
5054,307113,0.3571793124229027,8.0
5054,305901,0.6096522387949249,4.0
5054,406457,0.7030163928637975,3.0
5054,366219,0.042252790687935526,10.0
5054,340131,0.7083316386397069,2.0
5054,15172,0.4701583511692725,7.0
6554,583203,1.0,1.0
6554,226967,0.293104890856932,3.0
6554,377429,0.07400117476377835,9.0
6554,122012,0.31884703864487396,2.0
6554,403755,0.08861365759314987,8.0
6554,574327,0.1588067031011785,4.0
6554,275902,0.12119354032725779,7.0
6554,536120,0.14708045026261687,6.0
6554,480315,0.15492329125906895,5.0
6554,21103,0.042991419989013895,10.0
7377,579557,1.0,1.0
7377,6666,0.3598019695299949,6.0
7377,328086,0.15417563054263217,9.0
7377,345895,0.28027681564418816,8.0
7377,293679,0.6377394053540877,2.0
7377,81304,0.4024307925476909,5.0
7377,172703,0.616298558960523,3.0
7377,17208,0.4457522225467615,4.0
7377,505027,0.05208362594727041,10.0
7377,453542,0.2923415941137618,7.0
1309,15824,0.763390053010291,1.0
1309,438869,0.7504553076927296,2.0
1309,279845,0.23969987006299104,7.0
1309,266319,0.21765887807362133,8.0
1309,110386,0.130105177783279,9.0
1309,366594,0.40670604428296125,4.0
1309,443795,0.0252443101761493,10.0
1309,135415,0.2694296169932302,6.0
1309,16778,0.27280656259821484,5.0
1309,471630,0.7,3.0
8351,273142,1.0,1.0
8351,469776,0.47372594840449966,2.0
8351,171720,0.3235892171364695,7.0
8351,213331,0.05513508463605521,9.0
8351,528132,0.332944673137243,6.0
8351,191977,0.019820960657732232,10.0
8351,71873,0.43982411439462166,4.0
8351,405374,0.4532677882251622,3.0
8351,568526,0.27439458373412584,8.0
8351,304009,0.3967537578569939,5.0
6441,254279,1.0,1.0
6441,156029,0.7892030870204076,2.0
6441,28314,0.6227098636563956,3.0
6441,529993,0.1189656655214546,8.0
6441,87722,0.2729563304462363,5.0
6441,536120,0.28337152722664827,4.0
6441,593644,0.06130665266424223,9.0
6441,108721,0.012037034416990186,10.0
6441,174619,0.2641382176915039,6.0
6441,90712,0.14222177588756205,7.0
4837,426223,0.5779644659506551,5.0
4837,95778,0.888178631442202,1.0
4837,565330,0.40951880619588776,6.0
4837,159936,0.7065516103620298,3.0
4837,187739,0.8016597951554769,2.0
4837,254454,0.21864712502671355,8.0
4837,167896,0.05247687585734296,10.0
4837,565698,0.2263648043756571,7.0
4837,275410,0.08122976812141218,9.0
4837,274870,0.6825257304958149,4.0
9871,553288,0.6501469129230262,2.0
9871,76562,0.8814252707436886,1.0
9871,322771,0.4715438164217469,4.0
9871,240645,0.36227622982615854,7.0
9871,547301,0.4432967560870794,5.0
9871,213755,0.12657033285613895,8.0
9871,488366,0.42791891949017435,6.0
9871,305907,0.5867262261124652,3.0
9871,172718,0.12341853162399784,9.0
9871,271832,0.0,10.0
3067,423403,1.0,1.0
3067,372921,0.6209491472072262,3.0
3067,578488,0.6036593149809532,4.0
3067,104726,0.6383363946213063,2.0
3067,104788,0.3385126125099848,7.0
3067,582005,0.4389734072913786,6.0
3067,467135,0.4849734435801774,5.0
3067,318473,0.02077229278190374,10.0
3067,187739,0.3255005650849547,8.0
3067,167896,0.322588990094236,9.0
5741,124219,0.8338328568287107,1.0
5741,328086,0.3714464609528035,6.0
5741,43781,0.25188822746295453,8.0
5741,259081,0.7640194949276927,2.0
5741,568200,0.2763611846592462,7.0
5741,107688,0.43527615519665575,4.0
5741,301224,0.4096189794993579,5.0
5741,329337,0.023766483921416306,9.0
5741,136825,0.6259311972174206,3.0
5741,437427,0.0,10.0
3566,45029,0.6754844048562002,2.0
3566,195191,0.5010599856540187,6.0
3566,149306,0.5711897191593914,4.0
3566,408123,0.6608290717960519,3.0
3566,152286,0.840630917686547,1.0
3566,519390,0.10633599243691334,9.0
3566,65782,0.04686593801913103,10.0
3566,595211,0.15216113896648092,8.0
3566,317493,0.5035298907017425,5.0
3566,284075,0.3864798790172311,7.0
5862,562511,1.0,1.0
5862,21194,0.8101606094243212,2.0
5862,273947,0.18875415190742761,8.0
5862,170141,0.6275158720816145,4.0
5862,29790,0.20847537630607815,7.0
5862,253563,0.5749380798040677,5.0
5862,269898,0.6513717439442004,3.0
5862,346042,0.45256936259663516,6.0
5862,258465,0.05554209742108164,9.0
5862,78176,0.0,10.0
8779,209730,1.0,1.0
8779,180571,0.6126953340177191,2.0
8779,17166,0.40952654705891783,3.0
8779,213591,0.2416451609509709,5.0
8779,279538,0.16716146368134308,8.0
8779,72160,0.29353859595150056,4.0
8779,319954,0.1562689942945145,9.0
8779,452870,0.20600876321498304,6.0
8779,491964,0.18398130379558286,7.0
8779,214901,0.0,10.0
4714,505057,0.975340114553485,1.0
4714,584450,0.8832100775609218,2.0
4714,324833,0.6096574847555704,3.0
4714,184506,0.29810194081748714,4.0
4714,295980,0.2253991469164318,7.0
4714,249450,0.2555122046270725,5.0
4714,118374,0.18976264016743516,8.0
4714,424585,0.006104161706048565,9.0
4714,473809,0.0006171199516762047,10.0
4714,46211,0.22841652103212348,6.0
7311,125355,0.6481184039450816,2.0
7311,279897,0.3790904223191444,5.0
7311,183349,0.059310335624933305,8.0
7311,523279,0.019354200254576768,10.0
7311,33576,0.14353851568562184,7.0
7311,215154,0.3021173501173969,6.0
7311,344267,0.7112740681405247,1.0
7311,238421,0.613962960199977,3.0
7311,334696,0.5176195836612064,4.0
7311,100485,0.019819508968885884,9.0
109,73427,1.0,1.0
109,213331,0.1327893156019453,7.0
109,538023,0.32518922121201344,4.0
109,461084,0.12198672093720905,8.0
109,563025,0.5161661816100654,2.0
109,406457,0.07309815826372057,9.0
109,342212,0.20121459050148477,6.0
109,535705,0.22589058558306246,5.0
109,547301,0.43034694945177066,3.0
109,18509,0.0,10.0
570,21311,0.7559934417331171,2.0
570,103593,0.38164270866850236,7.0
570,232199,0.1905986895631769,9.0
570,341493,0.779975060572704,1.0
570,565684,0.12555648334113478,10.0
570,156358,0.5368481965369591,6.0
570,79888,0.5899683944402953,5.0
570,335991,0.7140746718055585,3.0
570,349384,0.3223361448267545,8.0
570,17166,0.6832562634104861,4.0
6959,301570,0.7306106194024398,2.0
6959,69790,0.9134398172500865,1.0
6959,293767,0.550260908146988,5.0
6959,482415,0.155176335706766,10.0
6959,330041,0.5840389770551484,4.0
6959,88813,0.670035278468782,3.0
6959,427726,0.4694091507345329,8.0
6959,266480,0.34409533983987634,9.0
6959,431814,0.5374001513158434,7.0
6959,231781,0.5411566853299301,6.0
90,56718,0.8019040374902607,2.0
90,150219,0.5681920448860497,4.0
90,31793,0.8786235090462116,1.0
90,385073,0.5570626308427143,5.0
90,234436,0.6338089876727712,3.0
90,153541,0.37330990840798095,6.0
90,172594,0.18816778932648953,7.0
90,366830,0.011385336256568039,10.0
90,34731,0.1881036051575496,8.0
90,314898,0.08596858753229486,9.0
5064,2003,1.0,1.0
5064,455614,0.684514109605101,2.0
5064,135514,0.21345488876746646,8.0
5064,192811,0.5323244704047814,5.0
5064,551423,0.5734144536814115,3.0
5064,414288,0.46808327280599954,7.0
5064,377223,0.5420393962674298,4.0
5064,393278,0.0932583642938847,10.0
5064,524888,0.15177630631353403,9.0
5064,176498,0.4993192303996966,6.0
4103,307380,0.9007165474397356,2.0
4103,29073,0.9824651003072272,1.0
4103,577578,0.7630666564005419,3.0
4103,482415,0.6929066846141899,4.0
4103,175265,0.38754595858867785,6.0
4103,370879,0.3998002194130337,5.0
4103,163590,0.054618023374992594,9.0
4103,133093,0.1382480988427295,8.0
4103,169921,0.011845458726843715,10.0
4103,192193,0.3578785387798994,7.0
1198,56718,1.0,1.0
1198,232199,0.23758094636981458,3.0
1198,175272,0.21964089768837033,4.0
1198,103593,0.08884561061668644,9.0
1198,366761,0.14493447296137255,8.0
1198,105872,0.23828347386508084,2.0
1198,467390,0.1645152798997157,6.0
1198,352120,0.1496269006163413,7.0
1198,58937,0.1760742963681014,5.0
1198,434769,0.0,10.0
4539,32744,0.8325687120093063,1.0
4539,61792,0.5680393083198856,4.0
4539,275925,0.7808803347024872,2.0
4539,61346,0.5598479301579087,5.0
4539,370879,0.13029370712361904,9.0
4539,426461,0.26299113859265666,6.0
4539,235522,0.15208568129774924,8.0
4539,440270,0.07306104963045482,10.0
4539,83330,0.6520220030306643,3.0
4539,572272,0.17909164676857595,7.0
9391,248158,0.7799042621012195,2.0
9391,136270,0.43421497566045186,5.0
9391,108859,0.36772440953841934,6.0
9391,136515,0.9192534675300095,1.0
9391,142631,0.561772957579354,3.0
9391,301580,0.5108173863420709,4.0
9391,127263,0.22813209859093936,7.0
9391,105973,0.01905791895137501,10.0
9391,429579,0.1823257032003373,9.0
9391,163590,0.2273124818073899,8.0
4600,577578,0.9458677681306843,1.0
4600,61792,0.37076586946451856,6.0
4600,482415,0.7924969586785106,2.0
4600,257633,0.4989754813682309,4.0
4600,133093,0.3251296162961093,7.0
4600,76515,0.036281539768822195,10.0
4600,367137,0.527811646372764,3.0
4600,214542,0.09276459592047416,9.0
4600,34925,0.38345578030328736,5.0
4600,275257,0.24374834296795517,8.0
3735,125659,0.8124751469808577,1.0
3735,93231,0.7268681182241559,3.0
3735,537418,0.6434326856028568,5.0
3735,330041,0.7134422626416947,4.0
3735,344065,0.37572119804872894,7.0
3735,511093,0.23288610649644625,9.0
3735,32290,0.8007491816974186,2.0
3735,504996,0.35415428025597573,8.0
3735,266900,0.42469067046546477,6.0
3735,40447,0.0,10.0
5422,483299,0.4755760847152507,5.0
5422,108,0.2590857627992247,9.0
5422,55022,0.3309318325007952,8.0
5422,528034,0.43723309502877755,6.0
5422,81304,0.3473601209067735,7.0
5422,259081,0.7827854015243028,1.0
5422,579235,0.6760830657701221,2.0
5422,136270,0.5128743864986719,4.0
5422,22221,0.1727722140739987,10.0
5422,124219,0.5815434320405006,3.0
744,573276,0.986674189850419,1.0
744,138845,0.2946558332265762,9.0
744,409573,0.3213785305658088,6.0
744,171339,0.5000021886020632,3.0
744,289231,0.7841063768315865,2.0
744,273528,0.32471553129512415,5.0
744,172305,0.05323706860581577,10.0
744,350819,0.3104264619412683,7.0
744,120852,0.2990752693355163,8.0
744,118280,0.4973355529389732,4.0
515,372909,1.0,1.0
515,328341,0.8301442460133037,2.0
515,431685,0.755017069704209,4.0
515,352838,0.7907161701366734,3.0
515,231614,0.5115509029803968,5.0
515,195081,0.28544498111227085,6.0
515,98112,0.11488704361966569,8.0
515,60443,0.12395644679131251,7.0
515,123733,0.0060223209709627515,10.0
515,360011,0.11264686572185421,9.0
2443,331253,0.686770846617092,6.0
2443,44609,0.7192769977314266,3.0
2443,305579,0.8084332710128704,1.0
2443,306800,0.6958769160808677,5.0
2443,446647,0.7151923782876664,4.0
2443,313437,0.06748095549188686,10.0
2443,426216,0.7544976630752956,2.0
2443,208051,0.4290814735644568,8.0
2443,305907,0.5137402944686719,7.0
2443,510130,0.20087530511066892,9.0
4265,157553,1.0,1.0
4265,392163,0.5900944055082981,2.0
4265,584273,0.5262782360016562,5.0
4265,149974,0.3670020804449325,6.0
4265,523158,0.023769386757975772,10.0
4265,140947,0.5598529427715081,3.0
4265,386229,0.043241270487945224,9.0
4265,575729,0.17719831936954986,8.0
4265,93881,0.5484544150400253,4.0
4265,577517,0.34780073242778275,7.0
4865,223032,0.49876140807370895,4.0
4865,370569,0.9905977228432999,1.0
4865,251824,0.5492027345182181,3.0
4865,435963,0.6094572363984959,2.0
4865,508821,0.362011074962439,7.0
4865,481166,0.4568452534721348,5.0
4865,305117,0.4149058663512611,6.0
4865,110515,0.16556142250781467,8.0
4865,565698,0.012675892803008322,9.0
4865,585738,0.00586305587776986,10.0
2968,187196,0.7242935282592142,3.0
2968,388646,0.9615644843918252,1.0
2968,242124,0.8110790726709958,2.0
2968,176498,0.06820987836243723,9.0
2968,198371,0.4359355879692211,4.0
2968,583640,0.29828276292905886,5.0
2968,280967,0.13639010257406836,8.0
2968,287991,0.17090718278792066,6.0
2968,455398,0.06101641067525807,10.0
2968,329757,0.15715088650069103,7.0
7221,305117,0.7055954826814566,2.0
7221,473809,0.9726078776073568,1.0
7221,481166,0.676606178848176,4.0
7221,71873,0.4611550350754576,6.0
7221,537418,0.5004413310735034,5.0
7221,307315,0.03406104241048981,10.0
7221,81542,0.3975606579441972,7.0
7221,452175,0.35523007977602816,8.0
7221,570664,0.3383045019548356,9.0
7221,77652,0.7,3.0
2407,2064,1.0,1.0
2407,78176,0.6864669506388136,3.0
2407,173929,0.7041989318788525,2.0
2407,516444,0.373480617280204,7.0
2407,255491,0.42284323171413796,6.0
2407,273528,0.5755564166199291,4.0
2407,514425,0.2351312935583045,8.0
2407,367641,0.052759428260160085,9.0
2407,566480,0.5413263230172216,5.0
2407,63678,0.0,10.0
3039,136804,1.0,1.0
3039,467390,0.7521778377768228,3.0
3039,147080,0.7772719628670965,2.0
3039,387010,0.5112471263568086,5.0
3039,442110,0.4189569149586148,8.0
3039,483274,0.0284914965746274,10.0
3039,510409,0.5429504169108303,4.0
3039,106501,0.44547087146938236,7.0
3039,4947,0.3366843812286448,9.0
3039,398622,0.48488703077326345,6.0
1748,18001,1.0,1.0
1748,528564,0.7459140725089914,2.0
1748,418135,0.5415011639872307,3.0
1748,462892,0.49553449503556335,5.0
1748,298427,0.502399039368232,4.0
1748,429378,0.1989697825724975,7.0
1748,223206,0.10665762003513546,9.0
1748,517372,0.17466540672104736,8.0
1748,171780,0.012940738310114434,10.0
1748,124027,0.4336677346850683,6.0
10547,404339,1.0,1.0
10547,536120,0.25525704727307247,6.0
10547,272008,0.5282546435563977,3.0
10547,4666,0.09265766448832036,9.0
10547,597351,0.32473550480267477,5.0
10547,112714,0.5566148352622874,2.0
10547,32290,0.2280892536600109,7.0
10547,23609,0.4019179613314335,4.0
10547,392037,0.002258714891776302,10.0
10547,491969,0.21965067802871918,8.0
10596,164008,0.683056355418538,3.0
10596,284235,0.7025382692093366,2.0
10596,208070,0.9304586148166849,1.0
10596,413041,0.3928752131152901,6.0
10596,316838,0.4950358741683426,4.0
10596,494727,0.3890434317179995,7.0
10596,394244,0.4876404692763244,5.0
10596,127452,0.2675408958517388,8.0
10596,69197,0.02019031887501354,10.0
10596,169062,0.15621131044851033,9.0
5061,352838,0.5911611978117286,5.0
5061,242124,0.5650842378349324,6.0
5061,329757,0.3682132106599727,8.0
5061,447353,0.41923864883942596,7.0
5061,149974,0.7102137748211185,3.0
5061,380863,0.6318022630596042,4.0
5061,261189,0.7900490663443254,1.0
5061,46755,0.7685203314135978,2.0
5061,158845,0.0409390181645932,10.0
5061,287991,0.26861582689326036,9.0
853,510373,0.7112183298391872,2.0
853,510409,0.9975203939749946,1.0
853,314984,0.6134328130409694,3.0
853,106501,0.5944868469617843,5.0
853,263361,0.10362305485480058,8.0
853,131996,0.05103653324151538,9.0
853,72402,0.1689058674289926,7.0
853,150219,0.3919800446387261,6.0
853,582864,0.6108055360688497,4.0
853,303929,0.015590096579277258,10.0
6803,544053,1.0,1.0
6803,193012,0.7771281278633859,2.0
6803,42620,0.5164839025246751,3.0
6803,316045,0.03620626969546714,10.0
6803,271243,0.2457276115651308,5.0
6803,10703,0.1754960602783046,7.0
6803,142726,0.397911962328339,4.0
6803,78675,0.1425422456176454,8.0
6803,60355,0.21477031309871294,6.0
6803,272784,0.10397225529105428,9.0
6644,187497,1.0,1.0
6644,572842,0.4122792646974635,5.0
6644,308837,0.5027434178978967,3.0
6644,426216,0.3973244657092644,6.0
6644,578954,0.5997579433834079,2.0
6644,305907,0.39185858021588477,7.0
6644,293687,0.21984047201501777,8.0
6644,373271,0.49367250974954247,4.0
6644,31793,0.05546764563833778,10.0
6644,238421,0.09856508829294679,9.0
699,107092,1.0,1.0
699,169688,0.2767476615002733,6.0
699,68357,0.27816577280328764,5.0
699,446679,0.5629697945762046,2.0
699,385658,0.11507910031550334,9.0
699,472924,0.37238412413091887,4.0
699,521010,0.41940652351612373,3.0
699,586920,0.07954273280052375,10.0
699,414598,0.12363012189231444,8.0
699,96538,0.25857410317376134,7.0
549,214024,1.0,1.0
549,67167,0.6915991574499093,2.0
549,446647,0.15642253213639104,9.0
549,546020,0.46455538052683515,3.0
549,73427,0.35980353596141224,6.0
549,547301,0.22252276695499576,8.0
549,563025,0.08280902154651379,10.0
549,397449,0.2462794375787929,7.0
549,449630,0.41764900818069745,4.0
549,443795,0.37247830618206723,5.0
904,415514,1.0,1.0
904,85229,0.5609327538243254,2.0
904,433905,0.26507404677815327,3.0
904,120852,0.2477731933341487,5.0
904,101369,0.262106340885088,4.0
904,359579,0.17075032246715452,8.0
904,169824,0.22310040349462051,7.0
904,320579,0.2309896707495893,6.0
904,75235,0.003963084353139853,10.0
904,29360,0.05395192460820951,9.0
2590,583635,0.6686982384806955,2.0
2590,296528,0.7989131311954372,1.0
2590,55999,0.5821669619969081,3.0
2590,307095,0.33106557850776874,5.0
2590,209493,0.5624013707928017,4.0
2590,106424,0.11334567154769354,9.0
2590,471964,0.3179792479503437,6.0
2590,387010,0.0044055172152976645,10.0
2590,26203,0.3099366543906675,7.0
2590,454222,0.263302951433981,8.0
1451,538005,1.0,1.0
1451,559482,0.1553676934962709,10.0
1451,98112,0.683508998845724,2.0
1451,377571,0.28388052531080554,6.0
1451,313437,0.27923484472942145,7.0
1451,94689,0.3250426214254937,5.0
1451,433809,0.5467020829252928,3.0
1451,522481,0.1760307542746328,9.0
1451,51729,0.2138570802047226,8.0
1451,440910,0.3503720290886619,4.0
5790,469776,0.555449000775791,4.0
5790,97348,0.6376124899705075,3.0
5790,101369,0.1810520625104364,6.0
5790,363810,0.14599104321015355,8.0
5790,141738,0.6999792487630216,2.0
5790,241136,0.7121502684234933,1.0
5790,305287,0.3660009500191988,5.0
5790,277353,0.15823308037839726,7.0
5790,149305,0.12546761620178823,9.0
5790,75235,0.025360005998637504,10.0
7295,435125,0.5828327200486103,3.0
7295,403755,0.1972271763377872,9.0
7295,93971,0.42950679341794706,7.0
7295,193398,0.40249997937696536,8.0
7295,39478,0.7385962863572728,1.0
7295,513258,0.6832358766668399,2.0
7295,456470,0.43833807979875067,6.0
7295,115553,0.5526875555102696,4.0
7295,3118,0.45968477376010686,5.0
7295,102436,0.0,10.0
5083,142876,0.9761266132875192,1.0
5083,13975,0.7469360510012671,3.0
5083,368802,0.8353021176892514,2.0
5083,433197,0.40275449761517745,4.0
5083,333184,0.27703006327040247,8.0
5083,21103,0.0,10.0
5083,579473,0.33203087540789794,7.0
5083,305360,0.1057526023926095,9.0
5083,20958,0.3579828422069758,6.0
5083,19183,0.40166079678882743,5.0
7936,363043,0.8513046466748219,2.0
7936,336541,0.9720625734276033,1.0
7936,293767,0.6296402453064045,5.0
7936,320101,0.6996735836149145,3.0
7936,43087,0.6307357953603082,4.0
7936,561884,0.6020347588836384,6.0
7936,416307,0.49971047421279324,7.0
7936,187404,0.20965952104184385,8.0
7936,127585,0.038703038686500955,10.0
7936,214003,0.17573389521081975,9.0
8296,78675,1.0,1.0
8296,79998,0.7569076489279164,2.0
8296,146315,0.037744739075402836,8.0
8296,180571,0.02505727549508655,9.0
8296,26203,0.16336271380562217,5.0
8296,371720,0.20938273280266811,4.0
8296,61962,0.2242446273965701,3.0
8296,392037,0.12290263170023469,7.0
8296,99757,0.002336243595452892,10.0
8296,3118,0.14700883862342193,6.0
475,431685,0.9437215267650878,1.0
475,88124,0.8163979902050539,3.0
475,366761,0.8561351934880417,2.0
475,232199,0.2964169142018308,8.0
475,60637,0.019134101051758515,10.0
475,328341,0.4111405277728844,6.0
475,352640,0.4675331619630163,5.0
475,232563,0.3453247795885703,7.0
475,433,0.08697678422095154,9.0
475,372909,0.49114039412427474,4.0
3759,384631,0.43261216958070026,7.0
3759,152250,0.294846629078352,9.0
3759,105634,0.6744114235480969,2.0
3759,414188,0.7794516407543299,1.0
3759,101369,0.35425400091034714,8.0
3759,445794,0.06672054475759255,10.0
3759,405217,0.5938193142087236,4.0
3759,264800,0.4947605360380741,6.0
3759,130877,0.6601360041354869,3.0
3759,146181,0.5597018478293214,5.0
4615,596196,0.8991822283502507,2.0
4615,425595,0.7990881255289621,5.0
4615,69523,0.9186828982193735,1.0
4615,496427,0.8927131813234146,3.0
4615,261900,0.8019388624660891,4.0
4615,226060,0.553947126082861,8.0
4615,421365,0.7598735135617395,6.0
4615,19179,0.600594142219177,7.0
4615,341493,0.040104649627069465,9.0
4615,15891,0.0,10.0
8874,403025,1.0,1.0
8874,251704,0.5567996622034935,2.0
8874,527231,0.4358782443045749,3.0
8874,66631,0.052355420844207676,9.0
8874,357685,0.04588463131206183,10.0
8874,370569,0.21146663820594036,6.0
8874,556976,0.06867285832520006,8.0
8874,349160,0.16505303532830534,7.0
8874,319793,0.2902832832760907,5.0
8874,571362,0.2981833458234691,4.0
26,399013,0.6971691375876751,2.0
26,528132,0.5965983809969053,3.0
26,409611,0.38534742041497083,7.0
26,565330,0.39936325531424527,6.0
26,563025,0.8026575353471762,1.0
26,2064,0.5383567431135876,4.0
26,401254,0.45664945235866766,5.0
26,452544,0.029606195620943097,10.0
26,367641,0.32646787183900616,8.0
26,71898,0.24333821083810378,9.0
3875,249859,1.0,1.0
3875,136315,0.7087756020755326,2.0
3875,442110,0.4450167841136485,3.0
3875,571258,0.4163770693579586,5.0
3875,158185,0.286187058359237,6.0
3875,426570,0.4437810027949581,4.0
3875,76515,0.2291858968492887,7.0
3875,143100,0.05585921608765915,9.0
3875,518406,0.21376921979830674,8.0
3875,414288,0.0,10.0
6835,159703,0.6062008772563277,2.0
6835,246221,0.4099820889153256,4.0
6835,149305,0.8619979197524701,1.0
6835,195767,0.41885580751380663,3.0
6835,403755,0.3026837802345864,7.0
6835,592636,0.07047023784938165,10.0
6835,108721,0.11697640910342609,9.0
6835,238629,0.37669556869878457,5.0
6835,196427,0.3645452844723083,6.0
6835,467575,0.147390849579271,8.0
4433,301580,0.8905323152865356,1.0
4433,172703,0.516561775400115,5.0
4433,539263,0.7705450644547465,3.0
4433,297290,0.8498248245416151,2.0
4433,21311,0.4305257051091726,7.0
4433,379311,0.4603991066740878,6.0
4433,453542,0.05444546314755195,10.0
4433,451855,0.3272562238346897,8.0
4433,146181,0.5829077457179118,4.0
4433,536120,0.28512414874598063,9.0
5374,115553,0.49363700072798555,8.0
5374,92267,0.9996481258303971,1.0
5374,251704,0.5141195844304987,6.0
5374,44601,0.30392925032863044,9.0
5374,60175,0.5707913026794399,2.0
5374,294295,0.02530249008961825,10.0
5374,99857,0.5625241775967877,3.0
5374,537418,0.5408589272256484,5.0
5374,576564,0.5009721071625166,7.0
5374,186453,0.5559178442591176,4.0
6221,529551,0.8669663928967812,2.0
6221,551423,0.9446151779900657,1.0
6221,240261,0.66129870801078,5.0
6221,128698,0.5879921515623512,6.0
6221,270856,0.7753192036882518,3.0
6221,66901,0.04838436489959981,10.0
6221,578488,0.40695098849795724,8.0
6221,384626,0.6936563806778944,4.0
6221,405352,0.5038950106239397,7.0
6221,494753,0.14472206437291887,9.0
672,593283,1.0,1.0
672,563025,0.8939668595951129,2.0
672,213370,0.7538581620957863,4.0
672,40966,0.715556623139526,5.0
672,273947,0.7678488093196412,3.0
672,15824,0.6675440629546938,6.0
672,67167,0.4080746508330413,8.0
672,170141,0.21616274157750426,9.0
672,201800,0.014696743403765897,10.0
672,494689,0.45193300382480833,7.0
2593,231614,0.7715203525443461,1.0
2593,169688,0.07924811692283287,10.0
2593,147343,0.6563473531996463,4.0
2593,73427,0.36789222960185164,6.0
2593,528132,0.7381195601144453,2.0
2593,399013,0.30192113286660405,8.0
2593,387573,0.5111481439328476,5.0
2593,449630,0.6602450502153961,3.0
2593,394460,0.20030635372407116,9.0
2593,171339,0.3248906467152921,7.0
4019,287991,0.9440688424364286,1.0
4019,553288,0.8967762898093375,3.0
4019,332749,0.9188280949955827,2.0
4019,94423,0.15057285591202688,9.0
4019,561056,0.5302732245734104,6.0
4019,448699,0.38389118335790984,7.0
4019,377223,0.6890733864873242,4.0
4019,126134,0.02035466109075504,10.0
4019,1164,0.26063831049416286,8.0
4019,468879,0.6269617749764835,5.0
7205,370569,0.7632012547681926,2.0
7205,159966,0.9305315912630057,1.0
7205,186453,0.4034610322432601,4.0
7205,100103,0.26574278986734473,6.0
7205,62151,0.2647708348029265,7.0
7205,565926,0.44918846443768945,3.0
7205,336541,0.26297932257610224,8.0
7205,442048,0.36931287995957574,5.0
7205,558370,0.008867576168738853,10.0
7205,12432,0.22877348911630138,9.0
6611,329425,0.49775314269913185,3.0
6611,293679,0.9977940693631457,1.0
6611,142631,0.20553252188694318,8.0
6611,39819,0.165366511618845,9.0
6611,81304,0.3461102588875212,6.0
6611,198764,0.6617149004993063,2.0
6611,297290,0.3552191535843473,5.0
6611,17208,0.29496573816655536,7.0
6611,112208,0.4047004956693771,4.0
6611,345533,0.0,10.0
7911,131996,0.9210853759881267,2.0
7911,57711,0.9306867319393705,1.0
7911,553304,0.3295984125581114,5.0
7911,69197,0.2661961017789394,7.0
7911,386173,0.044357950143724366,10.0
7911,506617,0.42165377204198373,3.0
7911,597401,0.2954134961618143,6.0
7911,543714,0.2148414090002484,8.0
7911,116647,0.12310759307624039,9.0
7911,385574,0.34108004410095555,4.0
7463,577951,1.0,1.0
7463,387277,0.5593655221989414,4.0
7463,176498,0.583343922800035,3.0
7463,423403,0.7470897560139721,2.0
7463,565698,0.11607110254743774,9.0
7463,328086,0.11396547910307192,10.0
7463,350145,0.4352700136882208,6.0
7463,216384,0.4177251879321583,7.0
7463,188015,0.3851768699909165,8.0
7463,528034,0.530060802099694,5.0
4999,9938,1.0,1.0
4999,305117,0.4296261375766965,3.0
4999,46211,0.5573411932762926,2.0
4999,350680,0.37674317040657385,4.0
4999,216327,0.14116168579196361,6.0
4999,411061,0.0457359156319281,9.0
4999,406185,0.16935946560286844,5.0
4999,13657,0.01983752106876559,10.0
4999,580920,0.07097984455631154,8.0
4999,222153,0.12182688200924846,7.0
7344,14368,1.0,1.0
7344,418150,0.6755825276961823,2.0
7344,327978,0.3569841213696557,4.0
7344,392851,0.35889878439433803,3.0
7344,301224,0.10833359184297633,9.0
7344,39247,0.34050401555706905,5.0
7344,527231,0.17340016947302894,8.0
7344,72652,0.23578801979550518,6.0
7344,58753,0.004004674380794266,10.0
7344,266319,0.21919090865056776,7.0
7705,377429,0.7431955803490753,2.0
7705,539263,0.8953693577421545,1.0
7705,480315,0.6798592503569637,3.0
7705,467575,0.3851643149822657,8.0
7705,172703,0.37904330816649767,9.0
7705,536120,0.5388786286007571,4.0
7705,87722,0.44082730980884743,6.0
7705,345199,0.028731740412259673,10.0
7705,96926,0.41124084264298155,7.0
7705,387277,0.45213472590841247,5.0
1815,372909,0.8304039373260664,2.0
1815,446928,0.9851239530264457,1.0
1815,363591,0.7646311712727352,3.0
1815,432080,0.6341025656448461,5.0
1815,88124,0.5993098101782222,6.0
1815,457701,0.6433728878274257,4.0
1815,328341,0.5197095907476705,7.0
1815,528522,0.2967915472736111,9.0
1815,539133,0.37839993461113697,8.0
1815,459677,0.0,10.0
7467,193312,1.0,1.0
7467,371720,0.8476997241721739,2.0
7467,26203,0.3585214926044761,6.0
7467,457532,0.5299279274873355,3.0
7467,55999,0.2121646171395309,7.0
7467,428017,0.43258249619689265,5.0
7467,435963,0.470590232757291,4.0
7467,431814,0.019831015926121683,10.0
7467,253024,0.09312671191767945,8.0
7467,99757,0.03322308207350893,9.0
8013,198349,0.5974024071636606,3.0
8013,383978,0.8931433384257159,1.0
8013,374151,0.5022032857208392,8.0
8013,244433,0.7504153219285885,2.0
8013,251824,0.5372604413282703,5.0
8013,241101,0.5649288123928246,4.0
8013,398123,0.5311104109457522,6.0
8013,31793,0.016517340832606583,10.0
8013,498378,0.5119645262943853,7.0
8013,588247,0.23120822412925937,9.0
1415,66246,0.7524911263614056,3.0
1415,306144,0.7130919397197357,4.0
1415,393953,0.8063657039341655,2.0
1415,591940,0.49809850436313285,5.0
1415,387165,0.9258314107958435,1.0
1415,583956,0.399886231060497,6.0
1415,110515,0.05195360892084626,10.0
1415,318266,0.2988009974786231,7.0
1415,183612,0.16527827923440563,9.0
1415,232063,0.258519920642149,8.0
7758,480315,0.5700527969161453,2.0
7758,574327,0.9405461993210491,1.0
7758,69696,0.23299009977781543,4.0
7758,112714,0.5517381886198719,3.0
7758,379311,0.05236136104078758,9.0
7758,122432,0.08076987070405053,7.0
7758,322826,0.0981297453351658,6.0
7758,112208,0.0034274825563220014,10.0
7758,17923,0.13559497910813564,5.0
7758,172703,0.05359961423959546,8.0
1915,306144,0.7748169229050008,2.0
1915,182168,0.5787366812651935,4.0
1915,78176,0.15691314982636734,9.0
1915,393953,0.8537661291301402,1.0
1915,140038,0.5002196421041245,7.0
1915,583956,0.6601228657082989,3.0
1915,318266,0.5309115582508008,6.0
1915,66246,0.5704159284123116,5.0
1915,505580,0.08826643104435017,10.0
1915,591940,0.4225495158175997,8.0
4415,108859,0.30000000000000004,9.0
4415,32744,0.6399189211063047,6.0
4415,61792,0.6642827949429285,4.0
4415,370879,0.586845638137184,8.0
4415,14926,0.8149032668450861,1.0
4415,244427,0.6884329721628359,3.0
4415,399751,0.5925616787632392,7.0
4415,147646,0.75616040114876,2.0
4415,309550,0.6587412568871239,5.0
4415,235522,0.2424863017299519,10.0
10482,201495,0.9404416469552952,2.0
10482,439757,0.9837237685270659,1.0
10482,387277,0.739539513473968,3.0
10482,518379,0.626965198936282,5.0
10482,175821,0.6040055679298644,6.0
10482,142696,0.35996638472450615,7.0
10482,535317,0.1593091045578164,9.0
10482,364575,0.003435740712794673,10.0
10482,72402,0.2947717401316313,8.0
10482,34925,0.644943758786953,4.0
2296,119298,0.9445038790409763,1.0
2296,279897,0.7383218600850128,2.0
2296,460357,0.2237523133953542,8.0
2296,396853,0.696003372506599,4.0
2296,577201,0.41424815538826865,5.0
2296,410119,0.1567319555353241,9.0
2296,275410,0.039940229425587274,10.0
2296,120090,0.38785243690203564,6.0
2296,169688,0.2621665733197839,7.0
2296,175982,0.7,3.0
6787,58290,0.5563122148937314,3.0
6787,456436,0.49202748783810646,4.0
6787,124230,0.5687547180904285,2.0
6787,457294,0.4382628295587751,5.0
6787,261189,0.2415816048869378,8.0
6787,220022,0.16426863760334692,9.0
6787,382381,0.34068791209362137,7.0
6787,552707,0.40490496097437084,6.0
6787,309555,0.007359691527724355,10.0
6787,223070,0.7,1.0
2857,117451,1.0,1.0
2857,123659,0.5589448587435807,5.0
2857,590917,0.7336641327025246,2.0
2857,295864,0.5016290841313145,7.0
2857,19606,0.5392773914601527,6.0
2857,60175,0.732111547296338,3.0
2857,348733,0.03667482912106384,8.0
2857,464502,0.025037282086103358,9.0
2857,581038,0.6653168892303336,4.0
2857,482335,0.004732264378780831,10.0
753,114418,1.0,1.0
753,51729,0.6435042432204374,4.0
753,581509,0.8055949376963026,2.0
753,72046,0.40682099101567604,7.0
753,466718,0.6801334409842127,3.0
753,504255,0.5029894623304908,5.0
753,297290,0.027066218493770184,10.0
753,125355,0.28083693815637784,8.0
753,177648,0.43549625391939306,6.0
753,61792,0.08814332487632048,9.0
2676,55666,1.0,1.0
2676,13975,0.5627451274333855,3.0
2676,264408,0.20130058271956977,6.0
2676,44110,0.4128911489779568,5.0
2676,182168,0.599216232595063,2.0
2676,313171,0.44730084079447263,4.0
2676,244749,0.13407822047638218,9.0
2676,218845,0.19534013018915525,8.0
2676,279897,0.11764264639283825,10.0
2676,196427,0.19880117437210124,7.0
7456,164008,0.8448825194678875,3.0
7456,494727,0.9466170403888838,1.0
7456,284235,0.8674542266140747,2.0
7456,169062,0.2554090001848805,8.0
7456,413041,0.13678239586423324,10.0
7456,316838,0.6436352729032139,6.0
7456,112714,0.7547329929623513,4.0
7456,69197,0.1509711009790177,9.0
7456,127452,0.5292810264681685,7.0
7456,394244,0.7,5.0
2579,524471,1.0,1.0
2579,280838,0.6203782212727067,2.0
2579,229809,0.3464291189904258,5.0
2579,570155,0.12892128307028064,9.0
2579,263481,0.4841548695369132,4.0
2579,197052,0.5407977541358416,3.0
2579,55064,0.20689683832195965,6.0
2579,579473,0.17873203015111608,8.0
2579,566480,0.1942499807092363,7.0
2579,410119,0.0,10.0
687,506831,0.8008215919286791,1.0
687,342258,0.608596811422305,4.0
687,449630,0.4972669482839537,6.0
687,214024,0.4690807538509741,7.0
687,478186,0.7370670055655419,3.0
687,579473,0.7416477468211794,2.0
687,406457,0.5696800858097714,5.0
687,508895,0.39112212895759013,8.0
687,494926,0.002700661082725158,10.0
687,16670,0.34743658077499917,9.0
2445,431685,1.0,1.0
2445,328341,0.47590321076703584,4.0
2445,352838,0.5248864356611639,3.0
2445,372909,0.43297046325771116,5.0
2445,366761,0.5326281348668277,2.0
2445,195081,0.0363910412086838,9.0
2445,88124,0.2213201966084711,6.0
2445,114418,0.2043397725571827,7.0
2445,360011,0.007140500469785516,10.0
2445,539133,0.1821331626029295,8.0
2885,17651,0.6820252732037121,6.0
2885,460398,0.8130139349979315,2.0
2885,429579,0.595316306176473,7.0
2885,516444,0.7372237175020662,4.0
2885,102081,0.8279138630858455,1.0
2885,540539,0.28739983723516166,9.0
2885,118730,0.7890970087983948,3.0
2885,279865,0.7318795950522913,5.0
2885,101453,0.020125892249919966,10.0
2885,167356,0.289894375824479,8.0
5264,431814,0.6645681983820059,2.0
5264,42438,0.1188283298105114,10.0
5264,52579,0.8152579655393025,1.0
5264,505694,0.5939238285251758,3.0
5264,114439,0.1444980974562587,8.0
5264,580920,0.5266548358263469,4.0
5264,481166,0.12925908536575514,9.0
5264,400841,0.21851945068589373,6.0
5264,371720,0.24285423709445617,5.0
5264,186453,0.18029787600062006,7.0
7633,494727,1.0,1.0
7633,284235,0.6411525665262073,4.0
7633,164008,0.4716021550494707,7.0
7633,175831,0.6597905119520266,2.0
7633,228983,0.5374966864381914,6.0
7633,413041,0.09548001592770136,10.0
7633,112714,0.3688075531328382,8.0
7633,127452,0.5402650502915018,5.0
7633,31465,0.1685733428793117,9.0
7633,394244,0.6564751399384932,3.0
9291,17208,1.0,1.0
9291,480315,0.509508254539867,3.0
9291,536120,0.7432593652260049,2.0
9291,377429,0.5013253405472676,4.0
9291,539263,0.4529785382806431,5.0
9291,423658,0.36348081847768604,7.0
9291,172703,0.39999286542431445,6.0
9291,345199,0.15991249301239768,8.0
9291,61022,0.0048109077280352125,10.0
9291,328086,0.1091402961878207,9.0
4640,331534,1.0,1.0
4640,367785,0.690110381616403,2.0
4640,104788,0.6268061391066921,3.0
4640,183612,0.285789671559469,7.0
4640,526110,0.284184506219241,8.0
4640,298099,0.5084411157469492,4.0
4640,454810,0.1963275018458618,9.0
4640,153541,0.3357703253821951,5.0
4640,49797,0.028023685862240553,10.0
4640,468923,0.3148703197980581,6.0
939,366761,0.7657755944210296,1.0
939,466084,0.16914490009592317,7.0
939,31793,0.35670736996031444,3.0
939,392434,0.7573781652547079,2.0
939,55666,0.05697954228019925,9.0
939,19183,0.32842154177622107,4.0
939,565181,0.14087941087434858,8.0
939,467575,0.011329057715900393,10.0
939,115333,0.18108576371151552,6.0
939,250702,0.2952603811502729,5.0
1306,387022,0.9709086175254821,1.0
1306,266952,0.4163397035511274,4.0
1306,594206,0.7720021188329999,3.0
1306,472243,0.773321907499462,2.0
1306,447353,0.3425045652366658,6.0
1306,410119,0.20490892888841744,8.0
1306,460457,0.3947581030440234,5.0
1306,18003,0.19613155623019862,9.0
1306,372204,0.007139580408211971,10.0
1306,583203,0.25860838125440927,7.0
8475,104793,0.8196031475362144,3.0
8475,494655,0.8614739448521291,2.0
8475,240562,0.8678795401086564,1.0
8475,21311,0.47037882552614213,5.0
8475,437427,0.447809868943277,6.0
8475,361028,0.057352537709846975,10.0
8475,51615,0.10853412615477517,8.0
8475,444107,0.4765008337356998,4.0
8475,72402,0.09725737813730576,9.0
8475,174335,0.17433600398121793,7.0
6807,332567,1.0,1.0
6807,402466,0.21661729989113782,4.0
6807,187583,0.16035946502220313,5.0
6807,459351,0.33200624913642435,2.0
6807,535697,0.24701840813488057,3.0
6807,59714,0.1424452471521107,7.0
6807,211622,0.154808334800504,6.0
6807,11184,0.010491911088176742,10.0
6807,565765,0.08847351210025209,8.0
6807,93971,0.053902057152960065,9.0
5228,259476,1.0,1.0
5228,158732,0.7060432591614034,3.0
5228,131774,0.773316018331956,2.0
5228,331534,0.44453197154633706,5.0
5228,341947,0.5781079676821419,4.0
5228,366594,0.436649892339099,7.0
5228,140038,0.3909580505174303,8.0
5228,156194,0.10949986934970873,9.0
5228,352120,0.43917043310018505,6.0
5228,414534,0.0,10.0
2856,108739,0.5928560153625254,2.0
2856,296769,0.5515306747780452,4.0
2856,346042,0.5404106516695119,5.0
2856,219033,0.506642257265001,6.0
2856,361028,0.3622856304551787,9.0
2856,23340,0.3845006007171364,7.0
2856,386173,0.06720509143467089,10.0
2856,231727,0.5736408813970376,3.0
2856,110848,0.7194212099244293,1.0
2856,213331,0.3793985204529583,8.0
3791,212222,1.0,1.0
3791,301570,0.05326199686988614,10.0
3791,521641,0.13396761657272677,9.0
3791,10790,0.20995447288618443,7.0
3791,197494,0.26851865571288325,5.0
3791,482415,0.47836661793168617,2.0
3791,572272,0.1672980979887928,8.0
3791,34925,0.24108331539773814,6.0
3791,440270,0.30314533270223437,4.0
3791,577201,0.46698268935451115,3.0
4514,1642,0.7638627745164199,3.0
4514,156211,0.9989359740359809,1.0
4514,426270,0.7786363392081107,2.0
4514,317429,0.757039129585267,4.0
4514,352485,0.6211140684306217,5.0
4514,197222,0.3305407968108749,8.0
4514,117451,0.36744878464955993,7.0
4514,565782,0.32228214364094027,9.0
4514,514417,0.4503065312970967,6.0
4514,134722,0.0,10.0
6122,496166,1.0,1.0
6122,118280,0.24982622630640994,6.0
6122,117274,0.2566738518427343,5.0
6122,305509,0.3043374736209806,3.0
6122,42533,0.3200246666967812,2.0
6122,219504,0.2949030500314691,4.0
6122,283072,0.00894038144645233,10.0
6122,428829,0.1879367181960209,7.0
6122,39819,0.10582612259583754,9.0
6122,102081,0.17206650125671524,8.0
8832,108059,0.34472951851668376,3.0
8832,94689,0.9973718352220659,1.0
8832,597351,0.3223787625318464,4.0
8832,268289,0.24070729939759647,5.0
8832,170594,0.3798432110891759,2.0
8832,133093,0.15538163242178576,7.0
8832,259317,0.1893041398634911,6.0
8832,234103,0.040430394110557114,8.0
8832,195767,0.010673776899614993,9.0
8832,387141,0.0,10.0
7145,301580,1.0,1.0
7145,379311,0.8082960786526152,2.0
7145,62966,0.1006912276884295,9.0
7145,297290,0.5706690623244385,4.0
7145,451855,0.11686615287402985,8.0
7145,471964,0.3305536372183775,5.0
7145,453542,0.03974447385507423,10.0
7145,387277,0.14667837002574116,7.0
7145,81458,0.6312736672474378,3.0
7145,172703,0.1880046959651896,6.0
7674,164008,0.6021988892934218,3.0
7674,249279,0.9629099603497406,1.0
7674,367641,0.35377440950121053,6.0
7674,89460,0.7056756056046016,2.0
7674,65120,0.5028667191369399,5.0
7674,494295,0.5253859917667356,4.0
7674,223206,0.24207646683767833,7.0
7674,452870,0.14930560946477986,8.0
7674,172443,0.0948268564528072,9.0
7674,2064,0.0,10.0
8202,115553,0.6462157837311194,4.0
8202,92267,0.9208956737713174,1.0
8202,251704,0.5810469084896772,6.0
8202,514500,0.6044636631195319,5.0
8202,60175,0.3879947344130955,9.0
8202,99857,0.6528289983459988,3.0
8202,186453,0.7216132259537542,2.0
8202,31465,0.3933313335313613,8.0
8202,59714,0.4435962883631755,7.0
8202,265213,0.0,10.0
3682,233497,0.30000000000000004,8.0
3682,329662,0.9953294092959573,1.0
3682,426223,0.4037058003807915,5.0
3682,537418,0.8627077608373501,3.0
3682,388613,0.37635151039397496,7.0
3682,336018,0.867731584419054,2.0
3682,27401,0.38913644221848687,6.0
3682,281707,0.2952561441712147,9.0
3682,55022,0.2592380858255609,10.0
3682,330041,0.5139730801197268,4.0
3446,323498,1.0,1.0
3446,211839,0.9326667169267022,2.0
3446,31550,0.6365760889195682,3.0
3446,505027,0.5696804899577692,4.0
3446,367785,0.38678005471174653,6.0
3446,204176,0.23759952219047187,8.0
3446,366685,0.406991297861194,5.0
3446,157702,0.20631408440996585,9.0
3446,241099,0.05499380344447608,10.0
3446,511386,0.32618574470366146,7.0
7592,40966,0.9070045281761395,1.0
7592,273947,0.8285530685638562,2.0
7592,593283,0.7332096672492007,5.0
7592,170141,0.20735148990214686,9.0
7592,208219,0.7923283012671766,3.0
7592,563025,0.7791659358359287,4.0
7592,73427,0.3681008746900429,8.0
7592,213370,0.5427307788669636,6.0
7592,15824,0.5375790577017814,7.0
7592,198349,0.0,10.0
6715,13732,0.9425548433009246,1.0
6715,568526,0.8846709601823313,2.0
6715,275902,0.3106192587186164,6.0
6715,193312,0.45968506846066476,3.0
6715,518563,0.08151978814378226,10.0
6715,51729,0.2965638464615149,7.0
6715,457294,0.23667459667791438,8.0
6715,149306,0.37415304377799224,5.0
6715,526110,0.22140199927540916,9.0
6715,113619,0.379205238154384,4.0
2264,534454,0.9171402555148258,1.0
2264,556976,0.5310305688997501,5.0
2264,244104,0.8048357434458614,2.0
2264,350819,0.10448265544653834,9.0
2264,588247,0.11487852089643316,7.0
2264,488574,0.5507124138472661,4.0
2264,31793,0.1128460386289804,8.0
2264,352838,0.09684964916331482,10.0
2264,450808,0.37138780347929695,6.0
2264,498834,0.5871160395492208,3.0
6121,315275,0.7811237725667796,2.0
6121,289231,0.9623477726767531,1.0
6121,523158,0.13128889802309893,10.0
6121,184175,0.5840752812193971,3.0
6121,333184,0.23599849969019462,9.0
6121,524801,0.43447980005991416,5.0
6121,235545,0.3978344607826702,6.0
6121,570964,0.2427161877380154,8.0
6121,171339,0.5134632340801084,4.0
6121,344573,0.3793530038394447,7.0
3453,418626,0.983308927576976,1.0
3453,156211,0.5405222043810451,3.0
3453,1642,0.348945258397657,6.0
3453,296516,0.06241435458280531,10.0
3453,233635,0.7498659856196508,2.0
3453,317429,0.38957347302528095,5.0
3453,352485,0.211132508036304,8.0
3453,565782,0.21435628141293647,7.0
3453,337764,0.17613134137506994,9.0
3453,209804,0.410638237894792,4.0
6985,561884,0.3178334716859576,3.0
6985,149305,0.4398366610524367,2.0
6985,456436,0.8573024168489422,1.0
6985,78029,0.29322396179893384,4.0
6985,403755,0.08590978348537504,10.0
6985,538023,0.19375884237151858,8.0
6985,464533,0.13700780719183975,9.0
6985,196427,0.2858893744340822,5.0
6985,54584,0.23686585533611237,6.0
6985,587120,0.21310546321722248,7.0
2181,77245,0.4818295497058696,6.0
2181,234436,0.7034076251819887,2.0
2181,470289,0.9685605743397392,1.0
2181,136315,0.18080771459624267,9.0
2181,101604,0.5177947164533426,5.0
2181,288189,0.41852589963841524,7.0
2181,391988,0.5653490731781727,3.0
2181,56718,0.5576998148587181,4.0
2181,555732,0.38450323409798925,8.0
2181,499782,0.0,10.0
8532,40702,0.5927608516873337,3.0
8532,416307,0.9956536459048833,1.0
8532,427726,0.26295241892219356,8.0
8532,543714,0.25208530678713426,9.0
8532,42438,0.7739899969034552,2.0
8532,344372,0.3368694589157192,5.0
8532,125355,0.26720077257022073,7.0
8532,483299,0.29173486958273775,6.0
8532,100103,0.20226991828139343,10.0
8532,6574,0.5735816637347898,4.0
4312,222639,0.7958330818583597,2.0
4312,282435,0.9662745006897023,1.0
4312,167950,0.7218900195632603,3.0
4312,324779,0.07399492618292994,10.0
4312,507284,0.2949734496503363,8.0
4312,116647,0.3201190270024053,6.0
4312,218759,0.3192160756065321,7.0
4312,535998,0.09160173563261664,9.0
4312,228341,0.3387722182193066,5.0
4312,535651,0.39775336109430326,4.0
9108,415976,0.30000000000000004,8.0
9108,123702,0.853090468876553,1.0
9108,133468,0.2201991398195912,9.0
9108,258291,0.8135552790019466,2.0
9108,461592,0.6581822368374762,4.0
9108,579763,0.7557241117903943,3.0
9108,472051,0.4458922515071444,7.0
9108,298128,0.4956552996264404,6.0
9108,305579,0.19580786275429835,10.0
9108,22221,0.6239358727442942,5.0
8116,433032,1.0,1.0
8116,319793,0.44138597741703534,5.0
8116,236482,0.6470507724395653,2.0
8116,182297,0.2078113646755549,8.0
8116,533457,0.5664022450635532,3.0
8116,403186,0.059555640038845156,10.0
8116,433197,0.45616386013643373,4.0
8116,38711,0.2434118957227208,7.0
8116,374867,0.32478895919972883,6.0
8116,314478,0.14969391251245476,9.0
9403,243148,0.37164780089835653,6.0
9403,228403,0.7386317944447722,1.0
9403,175982,0.48309305993637575,4.0
9403,562793,0.40754638646822167,5.0
9403,81924,0.09705197743113714,8.0
9403,472516,0.008894484487493899,10.0
9403,513258,0.02314169514021157,9.0
9403,150650,0.5729638819539092,3.0
9403,269898,0.689399111897284,2.0
9403,29790,0.3556324699091565,7.0
776,124027,1.0,1.0
776,597247,0.552948286037891,2.0
776,597880,0.390069160804882,7.0
776,592680,0.3734886999252486,9.0
776,10440,0.5269827184618798,3.0
776,276411,0.013498556065791072,10.0
776,496899,0.40423206371928155,4.0
776,418864,0.3968230819297197,6.0
776,454810,0.38976070138937,8.0
776,136270,0.39711794463946126,5.0
6199,473322,1.0,1.0
6199,157553,0.770969782460456,2.0
6199,332314,0.6259677198293614,4.0
6199,521641,0.6439343137774698,3.0
6199,433801,0.4954754998480876,6.0
6199,93231,0.26959368457986493,9.0
6199,525827,0.6035617829734341,5.0
6199,409120,0.04121904294452457,10.0
6199,279845,0.32938527307809484,7.0
6199,366448,0.3217261355439714,8.0
1393,234436,0.9066562379044139,1.0
1393,220022,0.8894811452581826,2.0
1393,532932,0.7295555166426518,3.0
1393,394871,0.49539523917189243,6.0
1393,77245,0.6182089877155675,5.0
1393,352640,0.6538343592848456,4.0
1393,499782,0.11068178903814699,9.0
1393,326665,0.05292991727379308,10.0
1393,196920,0.4541238257248041,7.0
1393,555732,0.17290631252395047,8.0
9668,111768,1.0,1.0
9668,75437,0.5376295456732214,6.0
9668,55022,0.11163855550441182,10.0
9668,6574,0.7512426888927994,2.0
9668,62151,0.5738718174504689,5.0
9668,594655,0.17967644797398669,9.0
9668,13260,0.6762839020201252,4.0
9668,79998,0.28567973135505015,8.0
9668,42438,0.7077843784797604,3.0
9668,416307,0.3216429164706451,7.0
9088,557219,0.7978800865699224,2.0
9088,224654,0.7538750413573077,3.0
9088,536120,0.5384616176329338,6.0
9088,226303,0.8395665342094123,1.0
9088,539263,0.12733621107930704,10.0
9088,511093,0.38486858588674117,8.0
9088,433809,0.3574317917778562,9.0
9088,472516,0.5973821157640054,5.0
9088,461051,0.600437629962323,4.0
9088,344041,0.46616670430543755,7.0
3091,159936,0.8061230275112735,2.0
3091,187739,0.895678036457032,1.0
3091,95778,0.6186369098420983,5.0
3091,416796,0.21305032026965642,8.0
3091,437538,0.2765663111102076,6.0
3091,254454,0.14220782428514767,9.0
3091,274870,0.6548250162190065,4.0
3091,426223,0.002592887855522302,10.0
3091,366448,0.7016340829793907,3.0
3091,216384,0.22446948806490807,7.0
1157,405777,1.0,1.0
1157,266952,0.31379387018091864,6.0
1157,251411,0.46171112475625575,3.0
1157,243503,0.5340124826537883,2.0
1157,452544,0.41807457517152996,4.0
1157,564618,0.21774321666920762,8.0
1157,295980,0.20989516174084774,9.0
1157,388455,0.3473029093665532,5.0
1157,350819,9.302463278199318e-05,10.0
1157,97348,0.2393472025376619,7.0
4335,318583,1.0,1.0
4335,322246,0.6554314806444468,2.0
4335,416225,0.3425247775906165,4.0
4335,109860,0.10897422416872296,7.0
4335,382381,0.08335472058560439,8.0
4335,110515,0.21778785624651298,5.0
4335,126134,0.1510837880898363,6.0
4335,190169,0.00354570882877541,10.0
4335,158185,0.38364995245756645,3.0
4335,274359,0.06915957057847019,9.0
8947,545759,0.4434553592140856,3.0
8947,61022,0.45506590352954673,2.0
8947,532657,0.39175602353665506,5.0
8947,461592,0.8386637230179237,1.0
8947,461084,0.12857291613129346,8.0
8947,127134,0.412703040471514,4.0
8947,384564,0.11438132269535825,9.0
8947,388646,0.030218119320693043,10.0
8947,452870,0.3154342154516795,6.0
8947,214901,0.1694486055069872,7.0
6410,418150,1.0,1.0
6410,112208,0.5967326056534801,2.0
6410,273861,0.3208714948698451,9.0
6410,172703,0.49095493296439346,7.0
6410,59994,0.5418299471766784,3.0
6410,528034,0.49908282150903877,5.0
6410,107092,0.04891828198888506,10.0
6410,100485,0.44659507002465615,8.0
6410,133093,0.5080727944772663,4.0
6410,87722,0.4937189226813595,6.0
5196,565745,1.0,1.0
5196,219033,0.9180271825906219,2.0
5196,213370,0.6786961579899246,3.0
5196,171339,0.6736822752374685,4.0
5196,356928,0.6527321207057475,5.0
5196,581889,0.30393938636021434,8.0
5196,273528,0.5489540874673192,6.0
5196,114829,0.37444381439123203,7.0
5196,555101,0.1922662707957719,9.0
5196,474050,0.0,10.0
8789,87349,1.0,1.0
8789,41912,0.529575528025979,2.0
8789,102436,0.10403218718570606,8.0
8789,58290,0.1453228788275031,5.0
8789,14870,0.24747119245991356,3.0
8789,328341,0.1549919475868306,4.0
8789,152014,0.03988420416026989,9.0
8789,296528,0.004209418376523947,10.0
8789,213526,0.13498234662815456,7.0
8789,316838,0.14152031769172507,6.0
5808,251824,1.0,1.0
5808,51615,0.2963366154547078,7.0
5808,535697,0.7806682071422238,2.0
5808,43781,0.3461395072740028,5.0
5808,226053,0.3348854939090447,6.0
5808,226070,0.38109286500218503,4.0
5808,271243,0.5449685769430942,3.0
5808,88477,0.0745309637046457,9.0
5808,350145,8.94972776536159e-05,10.0
5808,72652,0.19308432977244294,8.0
9701,225682,1.0,1.0
9701,19711,0.40768871788263134,5.0
9701,494926,0.31922221024070874,8.0
9701,384230,0.3744384153904983,6.0
9701,457416,0.4121950852838634,4.0
9701,279865,0.5716520112498071,2.0
9701,473540,0.4341811678933881,3.0
9701,76054,0.33705007571053364,7.0
9701,533515,0.16071669538597105,9.0
9701,321969,0.0,10.0
3179,56718,0.77201630222713,3.0
3179,385073,0.9714388142295058,1.0
3179,150219,0.7885789776090463,2.0
3179,243503,0.3988985787386266,5.0
3179,442142,0.3582057007874303,6.0
3179,352838,0.44549780912875864,4.0
3179,124630,0.017352637796245674,10.0
3179,431685,0.16462836330364994,7.0
3179,597247,0.12847018813114383,9.0
3179,174335,0.15002097626684344,8.0
6896,196427,0.9237069387110033,1.0
6896,330041,0.7867413996770628,3.0
6896,244749,0.5304349326356801,7.0
6896,223070,0.8101595222270426,2.0
6896,403755,0.13324000458431404,10.0
6896,38711,0.43868011151181696,8.0
6896,149305,0.6894633541897389,5.0
6896,106501,0.31639227268629067,9.0
6896,587120,0.7187890575242296,4.0
6896,102443,0.5663282208784876,6.0
2513,25762,0.7598149638515432,2.0
2513,518624,0.35330493219771203,4.0
2513,588247,0.293203153433675,5.0
2513,82344,0.7933130382745641,1.0
2513,97348,0.42313743828953865,3.0
2513,102443,0.24067077573449433,6.0
2513,405777,0.23880484666284868,7.0
2513,352838,0.19956816537137448,8.0
2513,147646,0.006135513706665565,10.0
2513,120090,0.12486778657326512,9.0
8937,294295,0.7102557939247999,2.0
8937,13260,0.29653546830375355,8.0
8937,336541,0.6484384676742845,4.0
8937,320101,0.6550484651044692,3.0
8937,416307,0.3985319337409533,6.0
8937,100103,0.7153096747603302,1.0
8937,363043,0.6300004282379529,5.0
8937,429378,0.011508711761728475,10.0
8937,88892,0.2079841354994644,9.0
8937,214003,0.33846739941585585,7.0
9643,112208,1.0,1.0
9643,100485,0.6247182305865477,2.0
9643,480315,0.36437507763889027,9.0
9643,428082,0.06646105821834689,10.0
9643,467575,0.4544679473315841,5.0
9643,87722,0.3932516111828761,8.0
9643,581038,0.5088027118030672,3.0
9643,214542,0.4641802390917419,4.0
9643,539263,0.4310552715248345,7.0
9643,156816,0.441161108982616,6.0
5653,588247,1.0,1.0
5653,483456,0.18721836049514068,6.0
5653,14543,0.203763377225836,5.0
5653,87722,0.25021067761438137,4.0
5653,290930,0.3567329961768601,2.0
5653,461592,0.12358018179042096,9.0
5653,446984,0.13324012524278045,8.0
5653,583635,0.1609952893362887,7.0
5653,31377,0.26814573312326795,3.0
5653,66631,0.0,10.0
2551,143100,1.0,1.0
2551,479276,0.5170197615912512,2.0
2551,202990,0.30477568127324944,3.0
2551,9938,0.14831315976899395,9.0
2551,394460,0.2929733711316458,4.0
2551,242124,0.2302575047280473,7.0
2551,523158,0.2897687400361333,5.0
2551,384642,0.024816805807987282,10.0
2551,572272,0.15445109349993924,8.0
2551,362805,0.23292613579759172,6.0
1948,467509,1.0,1.0
1948,108739,0.48934874163997755,5.0
1948,356928,0.6679808589621397,2.0
1948,223206,0.21339937259269626,8.0
1948,219033,0.5894641219657202,3.0
1948,443795,0.431662198894325,6.0
1948,362215,0.5259792036804769,4.0
1948,377571,0.09708252163439567,9.0
1948,399700,0.03412886828574963,10.0
1948,213331,0.4168506816733071,7.0
4920,228341,1.0,1.0
4920,82294,0.7058428219387834,3.0
4920,277217,0.5359473750811858,4.0
4920,306815,0.8043500788667968,2.0
4920,22221,0.0860521755001099,7.0
4920,371720,0.03309069863673307,10.0
4920,415340,0.09740073296037191,6.0
4920,323363,0.05775860566684211,8.0
4920,283202,0.05252061887385429,9.0
4920,115517,0.2439343313607021,5.0
2589,450577,0.8188687497859605,2.0
2589,43961,0.9099442787466621,1.0
2589,468144,0.7978608851123702,3.0
2589,437969,0.24053657560652103,9.0
2589,581889,0.4118784645767092,4.0
2589,509650,0.30343808580596454,5.0
2589,75252,0.25318366488470145,8.0
2589,307610,0.2996685920856765,6.0
2589,557877,0.006494569961012395,10.0
2589,527698,0.26860541024165313,7.0
7513,112208,1.0,1.0
7513,172703,0.701560483810276,2.0
7513,328086,0.6988238682758392,3.0
7513,115372,0.5749965467072049,5.0
7513,273861,0.3669747135511982,6.0
7513,87722,0.13539968544375422,9.0
7513,377429,0.2554963345341625,7.0
7513,387277,0.21010900066404548,8.0
7513,62966,0.6810203436605055,4.0
7513,418150,0.0,10.0
5410,13975,1.0,1.0
5410,371720,0.42765316588062785,6.0
5410,494323,0.7724220505972074,2.0
5410,249844,0.17505405816642086,9.0
5410,488258,0.4288545820719875,5.0
5410,75235,0.31075355251247894,7.0
5410,488732,0.545276703609441,3.0
5410,457532,0.24050177168677334,8.0
5410,108739,0.5319446728296141,4.0
5410,193312,0.10053230314394591,10.0
2334,228403,1.0,1.0
2334,107092,0.3255426204619116,6.0
2334,150650,0.6292938353189105,2.0
2334,93936,0.48994237959473885,4.0
2334,2304,0.5635420610797383,3.0
2334,208219,0.46559058518397906,5.0
2334,274870,0.04608047170432191,9.0
2334,156194,0.0060125770516208845,10.0
2334,204917,0.32498301579837857,7.0
2334,385506,0.23712111969014474,8.0
1783,445298,1.0,1.0
1783,306800,0.7569111560110564,2.0
1783,309555,0.41367703706237147,6.0
1783,167660,0.4973560710710781,4.0
1783,272425,0.4563536365770152,5.0
1783,43497,0.17105359353333077,8.0
1783,57320,0.38301951932816847,7.0
1783,384631,0.14806947216990918,9.0
1783,179066,0.5659489935373714,3.0
1783,102237,0.0,10.0
4641,494753,0.5685527353836974,5.0
4641,213673,0.7084609611181684,2.0
4641,237580,0.6418448172638291,4.0
4641,44594,0.8389928986389926,1.0
4641,211867,0.09170870880510387,9.0
4641,406219,0.6960090907398077,3.0
4641,409120,0.2888267538096879,7.0
4641,461592,0.0840361756013524,10.0
4641,450228,0.18742406839504766,8.0
4641,192811,0.41607868835798995,6.0
1469,444589,1.0,1.0
1469,243503,0.6380159818658467,3.0
1469,426570,0.5591754119525995,4.0
1469,469776,0.2565424368718154,8.0
1469,18003,0.42619331738687766,6.0
1469,421371,0.6500297639149374,2.0
1469,335336,0.005598867578289422,10.0
1469,484649,0.33448153931863095,7.0
1469,56320,0.43560038805917406,5.0
1469,451737,0.17511013037342849,9.0
10267,569632,1.0,1.0
10267,487348,0.7637703111835961,2.0
10267,22036,0.3131850861881003,6.0
10267,522713,0.4567975599724323,4.0
10267,457108,0.7421219006605235,3.0
10267,379667,0.06827498828618303,10.0
10267,330379,0.13114927416163455,9.0
10267,108859,0.18257409724944124,8.0
10267,186578,0.3913266160959343,5.0
10267,17652,0.20619985429160853,7.0
3771,59994,0.9623653184978371,1.0
3771,95966,0.2643899373042719,6.0
3771,13346,0.7737448580577443,2.0
3771,40062,0.48964818448671854,3.0
3771,95762,0.027447243643028345,10.0
3771,97764,0.3024842495983872,5.0
3771,478890,0.19160407779096725,8.0
3771,515072,0.23584071758167535,7.0
3771,303025,0.38333601287544067,4.0
3771,346450,0.15595560499817265,9.0
10497,147765,0.8780839577461204,1.0
10497,159880,0.8767815924128501,2.0
10497,445230,0.8646455929669224,3.0
10497,535705,0.43881950364563627,7.0
10497,575729,0.7561156849398912,5.0
10497,71898,0.7779350490334422,4.0
10497,569461,0.18370175970979086,8.0
10497,31483,0.6125642016780463,6.0
10497,456436,0.013686064575333987,10.0
10497,160301,0.13497590382095437,9.0
2472,337165,0.3446302223857415,7.0
2472,584273,0.6078705230885129,3.0
2472,138151,0.1678614043851006,9.0
2472,534099,0.674580976611749,2.0
2472,416796,0.43075385340311856,5.0
2472,366597,0.49717444648173076,4.0
2472,216384,0.142804105860143,10.0
2472,187739,0.3768958466586121,6.0
2472,169921,0.26477761911361164,8.0
2472,518563,0.7,1.0
503,171761,1.0,1.0
503,257656,0.19980521250192432,6.0
503,405374,0.721573889870345,2.0
503,433032,0.1110800047778995,8.0
503,343489,0.2237767167220138,5.0
503,531990,0.033617730575129234,9.0
503,156816,0.4487259004552382,3.0
503,100485,0.14289212749534458,7.0
503,69965,0.0012362077689015852,10.0
503,350680,0.2379207171771958,4.0
6832,552346,0.871256545216981,1.0
6832,573874,0.8202602616098105,2.0
6832,244749,0.4107710882450796,6.0
6832,377853,0.7504988145383431,3.0
6832,116694,0.20061392350747154,9.0
6832,108040,0.292731248238544,7.0
6832,349554,0.6667644688592448,4.0
6832,459351,0.4384703548480166,5.0
6832,42533,0.0011414686113278977,10.0
6832,239214,0.25400612041951487,8.0
864,24890,0.8192556083782817,2.0
864,30142,0.962670916919029,1.0
864,450808,0.23245636721909352,10.0
864,472924,0.8034043790756131,3.0
864,566337,0.6757738225148335,4.0
864,291726,0.4812061577486446,6.0
864,479625,0.48334443457392273,5.0
864,175339,0.2594924175314682,9.0
864,231947,0.2719492981112856,8.0
864,244104,0.29445694001248635,7.0
2580,11988,0.7537722688583842,2.0
2580,344118,0.8924416894527807,1.0
2580,371720,0.5766455579722353,3.0
2580,87722,0.21123794039788457,7.0
2580,360481,0.1563394255727087,8.0
2580,75764,0.12893990468954147,9.0
2580,585447,0.3095976422860864,4.0
2580,114439,0.27834687783262857,6.0
2580,272738,0.01586603226249029,10.0
2580,503934,0.3018711676882145,5.0
6625,416307,0.6547551121910989,2.0
6625,88892,0.9162252274458191,1.0
6625,336541,0.5316524027424026,4.0
6625,27401,0.5359493147950616,3.0
6625,320101,0.513378487960582,5.0
6625,557356,0.3219631291198228,7.0
6625,138703,0.2123736332769386,9.0
6625,13260,0.48651288949983273,6.0
6625,595133,0.008223994632342312,10.0
6625,75437,0.3038397667487573,8.0
2685,308837,0.4148288125026818,5.0
2685,539133,0.0892501627719858,10.0
2685,302792,0.451967766064161,4.0
2685,243499,0.22582603187801548,8.0
2685,575497,0.2882047896295435,7.0
2685,158845,0.10821815342545227,9.0
2685,284075,0.5328782232614889,2.0
2685,382005,0.7365582678490329,1.0
2685,136825,0.36216986405438756,6.0
2685,395357,0.5235034565614091,3.0
68,123634,0.5747233621477772,5.0
68,296098,0.7275558360009489,3.0
68,528564,0.9245158294691536,1.0
68,197839,0.15956103451725945,10.0
68,532932,0.7950975252726847,2.0
68,352640,0.5664966700545595,6.0
68,327002,0.6796977134292256,4.0
68,55666,0.35231434744934065,8.0
68,232199,0.3657879779243944,7.0
68,259766,0.20927334039933393,9.0
813,548705,1.0,1.0
813,284411,0.4957068950905049,3.0
813,196427,0.6860508765907445,2.0
813,2809,0.4166273605875523,4.0
813,127974,0.2201119074938843,7.0
813,171596,0.3691662770920844,5.0
813,318583,0.04599320952819525,9.0
813,459677,0.031346441040318626,10.0
813,418630,0.22106338268375453,6.0
813,123468,0.2136966259431694,8.0
7345,69790,0.5738882423000193,3.0
7345,254288,0.4476805294621504,6.0
7345,67063,0.5708021766897762,4.0
7345,98130,0.5861221112346855,2.0
7345,416727,0.3385180036542884,7.0
7345,417840,0.2382433547546658,8.0
7345,108,0.7466955255168366,1.0
7345,90447,0.5368152991262809,5.0
7345,348405,0.05244505690556837,9.0
7345,504996,0.0,10.0
8970,96121,1.0,1.0
8970,108040,0.7973773719188211,3.0
8970,187583,0.812615397630143,2.0
8970,496899,0.5756574353589226,5.0
8970,537857,0.7570181142305742,4.0
8970,314478,0.20378086313405563,8.0
8970,167356,0.2576875382982238,7.0
8970,11988,0.26579500540073586,6.0
8970,128574,0.10991677910985043,9.0
8970,514500,0.0,10.0
7105,72652,1.0,1.0
7105,307380,0.6220684850989187,2.0
7105,220060,0.3040969927563096,6.0
7105,455891,0.24485841311029904,8.0
7105,490294,0.32398636343437515,5.0
7105,314919,0.4552205685711675,3.0
7105,324037,0.18228346958680436,9.0
7105,228341,0.41010833937748403,4.0
7105,479384,0.2712392442032027,7.0
7105,366488,0.0,10.0
1310,535651,0.9280964457318697,1.0
1310,471870,0.1510088408729152,8.0
1310,565698,0.6429696628697479,3.0
1310,344648,0.1236580908665382,9.0
1310,55022,0.4655035717202317,4.0
1310,346622,0.16547184826727923,7.0
1310,24567,0.7084782315394391,2.0
1310,489401,0.038027031211784336,10.0
1310,297831,0.24866721167833092,6.0
1310,44492,0.28540252537841987,5.0
9060,12432,0.4348942676036783,2.0
9060,511093,0.9524928342976569,1.0
9060,108,0.26899260125114965,4.0
9060,13260,0.23603779440126432,5.0
9060,511515,0.2027485780423497,6.0
9060,304304,0.08929247412238132,8.0
9060,37517,0.17735673177394462,7.0
9060,75437,0.3541400167322519,3.0
9060,43087,0.0552632137817627,10.0
9060,111768,0.06896217973951772,9.0
2549,418150,0.811259693666385,1.0
2549,327978,0.6539031162902987,4.0
2549,14368,0.730351859490442,3.0
2549,307380,0.7340217675166907,2.0
2549,301224,0.33217225768929476,5.0
2549,59714,0.2065283740983005,7.0
2549,44601,0.14178832139940672,9.0
2549,265874,0.2275629746375508,6.0
2549,17923,0.20310219517905861,8.0
2549,350145,0.0,10.0
559,401254,0.7504820688397991,1.0
559,213370,0.42541711016584033,6.0
559,151639,0.5829665870929818,4.0
559,198349,0.3354714059416781,7.0
559,485195,0.03867929440488545,10.0
559,494689,0.6576939602073479,3.0
559,21194,0.1437653895477878,8.0
559,281977,0.4483445348992863,5.0
559,61706,0.11787473145323378,9.0
559,75252,0.7,2.0
7218,266900,0.652829240168965,2.0
7218,32290,0.9263039192302001,1.0
7218,117576,0.5084015133342398,4.0
7218,537418,0.5258361949782472,3.0
7218,482517,0.19289405599007356,8.0
7218,125659,0.4148307123377022,7.0
7218,40447,0.03040003250069185,10.0
7218,6701,0.0523751934294164,9.0
7218,158520,0.45932801051997124,5.0
7218,314478,0.4272088181735868,6.0
2400,158523,0.36524132583174473,6.0
2400,456470,0.6015223157593279,2.0
2400,29306,0.5033183421776936,5.0
2400,22469,0.35745866338342863,7.0
2400,3118,0.5141364295746323,3.0
2400,226967,0.5130430417897984,4.0
2400,571258,0.23878423895917555,9.0
2400,1198,0.7226611762971257,1.0
2400,307424,0.0022468010368664475,10.0
2400,535697,0.3001749440680758,8.0
2348,447619,1.0,1.0
2348,112591,0.7045288323439746,2.0
2348,306430,0.6856179738484534,3.0
2348,244433,0.6048386589611836,4.0
2348,268261,0.3656029484682087,8.0
2348,265874,0.39395713895023443,7.0
2348,403025,0.28003401611376816,9.0
2348,117576,0.4973131846629709,5.0
2348,14870,0.45836849434357063,6.0
2348,12432,0.0,10.0
3615,335991,0.9784227061906489,1.0
3615,518379,0.9422521389840491,2.0
3615,72402,0.7130006484508242,3.0
3615,72160,0.6593074540440921,4.0
3615,156358,0.4903200248502597,7.0
3615,482544,0.4404667011164873,8.0
3615,174335,0.5026076653034526,6.0
3615,341493,0.5712406479071515,5.0
3615,17166,0.3812668511565862,9.0
3615,489401,0.0,10.0
8102,314478,0.7410343524630187,1.0
8102,149305,0.3966757044471616,8.0
8102,416307,0.4561698851375786,7.0
8102,99857,0.6799561138790686,4.0
8102,552707,0.7390573633629716,2.0
8102,223309,0.08405757647283428,10.0
8102,481166,0.3796581455115587,9.0
8102,320101,0.6150096630312099,5.0
8102,344372,0.5140203972540408,6.0
8102,408123,0.7,3.0
5155,462892,1.0,1.0
5155,367785,0.6185709062919643,4.0
5155,69495,0.6735307536690867,2.0
5155,280805,0.6324056392635184,3.0
5155,175265,0.14243035875711132,8.0
5155,305671,0.1824583985682894,7.0
5155,191495,0.37803742896611137,6.0
5155,537725,0.005035237771168429,10.0
5155,157702,0.45182056549096006,5.0
5155,409573,0.05368205953254993,9.0
2460,530037,0.8563244140841489,2.0
2460,584337,0.960173453637306,1.0
2460,279346,0.5156886501760841,4.0
2460,549180,0.778739559130843,3.0
2460,196427,0.05401655035260143,10.0
2460,502281,0.2659208712645204,6.0
2460,512803,0.49895381249365434,5.0
2460,505028,0.16632540108006336,7.0
2460,295980,0.06759017127956894,9.0
2460,38711,0.1581636402691024,8.0
2399,343489,1.0,1.0
2399,583124,0.45505371641181686,2.0
2399,468743,0.11399527791849294,10.0
2399,29790,0.25370691764913705,6.0
2399,19606,0.32919904995344806,4.0
2399,521712,0.4034045065021534,3.0
2399,510314,0.17193476076734887,9.0
2399,476834,0.20007870985948453,7.0
2399,457419,0.2971242787137907,5.0
2399,442489,0.17986651331407316,8.0
4071,170594,0.7721462563582238,3.0
4071,328556,0.7918387878066819,2.0
4071,337764,0.5908538910742599,6.0
4071,296516,0.5285100176585847,7.0
4071,135113,0.8275147595118388,1.0
4071,565782,0.49847031502859,8.0
4071,352485,0.7263718860114715,4.0
4071,368150,0.22666111524583288,9.0
4071,317429,0.7235980890253803,5.0
4071,543589,0.0,10.0
18,431685,0.7205100427002696,2.0
18,88124,0.8070362590558297,1.0
18,161162,0.1522251444612155,4.0
18,528564,0.04512486044161957,7.0
18,227098,0.04230916507072145,8.0
18,172594,0.14699672720180446,5.0
18,152218,0.1403899998086356,6.0
18,349554,0.022655969339068608,9.0
18,366761,0.4011205763922654,3.0
18,143622,0.017209273617429615,10.0
2306,581889,1.0,1.0
2306,509650,0.5884823723826416,4.0
2306,494689,0.694421732900473,2.0
2306,75252,0.6273605384878098,3.0
2306,368806,0.3816861067485993,7.0
2306,246459,0.38949195996313113,6.0
2306,485195,0.42900535769787773,5.0
2306,401254,0.23734222666739854,9.0
2306,399013,0.00013763135979509135,10.0
2306,160125,0.24793160559715874,8.0
3051,232063,0.988196132758627,1.0
3051,591940,0.884008977657751,2.0
3051,306144,0.6471718851920296,3.0
3051,318266,0.5061441232766788,5.0
3051,583956,0.5202690890717772,4.0
3051,73434,0.031207975075196764,10.0
3051,66246,0.4790304346178416,6.0
3051,110515,0.24272644162711368,9.0
3051,393953,0.2900321528928185,8.0
3051,387165,0.3135658407538232,7.0
2395,594182,0.9082219779639288,2.0
2395,149306,0.9206967849172507,1.0
2395,568526,0.6942216265355385,3.0
2395,308837,0.3593955194739814,6.0
2395,13732,0.6747705223615869,4.0
2395,307999,0.354175289047623,7.0
2395,387010,0.2221383685005948,9.0
2395,414192,0.00026870332474972697,10.0
2395,13153,0.49629568589371664,5.0
2395,204176,0.34272251941819576,8.0
5134,17208,0.5833477265672409,4.0
5134,579557,0.6201118622878804,3.0
5134,536120,0.5432879886308967,5.0
5134,100485,0.6425117780161129,2.0
5134,172703,0.3941450605904383,7.0
5134,206727,0.8040887476195937,1.0
5134,122012,0.41014991968888337,6.0
5134,453542,0.32293757305748827,8.0
5134,328086,0.017282451868377,10.0
5134,539263,0.06660949465753525,9.0
5343,204075,1.0,1.0
5343,296528,0.3691088789318781,6.0
5343,366597,0.4233748692068312,5.0
5343,581889,0.5560844946763935,4.0
5343,184175,0.6370619990511543,2.0
5343,367641,0.5949169747994663,3.0
5343,157553,0.20288109384042305,9.0
5343,405702,0.3506699597699575,7.0
5343,548433,0.3490587475052612,8.0
5343,17443,0.0,10.0
5254,471723,0.35358262884221586,6.0
5254,59714,0.4000431524157611,3.0
5254,402466,0.8443282183432068,1.0
5254,383978,0.4870436101699432,2.0
5254,78675,0.24555570600954238,7.0
5254,14368,0.3682135296363721,5.0
5254,467390,0.09973748899605604,9.0
5254,327978,0.37117001353203793,4.0
5254,44601,0.15987083279243966,8.0
5254,297290,0.0,10.0
3049,582864,1.0,1.0
3049,352640,0.8355143352411338,3.0
3049,77245,0.862376060509156,2.0
3049,536849,0.4803170346872824,7.0
3049,220022,0.47539690257389944,8.0
3049,127974,0.6046373180859664,4.0
3049,132780,0.48074939384029847,6.0
3049,445052,0.5485226579104319,5.0
3049,263361,0.00482116058177378,10.0
3049,555732,0.40951582922056945,9.0
7509,61191,0.5027161138262709,6.0
7509,423034,0.58553781627365,3.0
7509,472051,0.4605852604684942,8.0
7509,298128,0.5263984532075446,4.0
7509,461592,0.4700792310681906,7.0
7509,22221,0.518036157538589,5.0
7509,480944,0.04459221450654068,10.0
7509,301580,0.06801024713757961,9.0
7509,323363,0.6167872812274252,2.0
7509,392826,0.7,1.0
5067,328341,0.9407818801572387,1.0
5067,366830,0.8565571486295811,4.0
5067,547301,0.8604465142272794,3.0
5067,539133,0.9202595119968542,2.0
5067,231227,0.31478080525297947,8.0
5067,88124,0.5004790471993317,7.0
5067,172594,0.6116048583299744,6.0
5067,460357,0.07312398243368878,10.0
5067,18001,0.6432698214938167,5.0
5067,574327,0.2050041003317299,9.0
8456,257853,1.0,1.0
8456,115141,0.4978146730956703,6.0
8456,125659,0.5468744739396043,5.0
8456,486696,0.5856435563506442,4.0
8456,81924,0.35713288490967793,8.0
8456,159703,0.6889912857165849,2.0
8456,193398,0.643757995432487,3.0
8456,431507,0.38397040875057,7.0
8456,290156,0.2307206615867013,9.0
8456,367137,0.0,10.0
10734,62882,0.6622643877555354,3.0
10734,426278,0.8349108395143989,1.0
10734,461261,0.24585058188597333,6.0
10734,207354,0.3067145845508836,4.0
10734,467044,0.12276496855181863,9.0
10734,589970,0.7588975959446654,2.0
10734,549759,0.2292876874002985,7.0
10734,55064,0.22247515330042494,8.0
10734,58937,0.272103183983489,5.0
10734,551934,0.0,10.0
5178,507544,0.5986515783774724,3.0
5178,257016,0.8830479657787613,1.0
5178,572272,0.4103676274273069,6.0
5178,9656,0.10171631835411657,8.0
5178,76414,0.48069836463704707,4.0
5178,60355,0.11161997570949207,7.0
5178,437538,0.4730011800951749,5.0
5178,268553,0.6241285347141887,2.0
5178,579235,0.0770325094883937,9.0
5178,216384,0.0,10.0
9174,303025,0.7789511512214446,2.0
9174,404339,0.890770521286798,1.0
9174,149306,0.738849957314103,3.0
9174,313437,0.04675679255872218,10.0
9174,272008,0.5569302874295049,5.0
9174,374750,0.6164247464603629,4.0
9174,21194,0.21370094336496934,9.0
9174,265098,0.35649776948038864,6.0
9174,479625,0.28901954166199445,8.0
9174,434812,0.3203615571793337,7.0
988,501384,1.0,1.0
988,280967,0.6515205237968165,2.0
988,301224,0.5254363950595211,3.0
988,187196,0.08907066771232565,9.0
988,45029,0.33981714301910826,6.0
988,287991,0.34995368223383977,5.0
988,236899,0.11698519780079278,8.0
988,201495,0.519331796847901,4.0
988,345199,0.3173705787754662,7.0
988,455398,0.05895091713775287,10.0
2154,476632,1.0,1.0
2154,132371,0.3831348888717817,7.0
2154,153541,0.5554803700304943,3.0
2154,366761,0.43020895902046746,6.0
2154,62966,0.03548774443934701,10.0
2154,24890,0.5002554295664874,4.0
2154,147080,0.48103170520511024,5.0
2154,450808,0.581289825642976,2.0
2154,150219,0.1371160199097035,9.0
2154,148757,0.23905314561068253,8.0
9646,272784,1.0,1.0
9646,236482,0.8270050232122863,3.0
9646,29306,0.715414264690791,4.0
9646,556191,0.8363307568661715,2.0
9646,395437,0.14574632238050078,7.0
9646,96121,0.08813024893732099,8.0
9646,26203,0.2520544197618915,5.0
9646,257853,0.07703076309473014,9.0
9646,323768,0.0068378872972980394,10.0
9646,535697,0.1633099875456228,6.0
3033,571430,1.0,1.0
3033,518624,0.5577225577050129,2.0
3033,318583,0.3698136602219457,5.0
3033,123468,0.454411058201993,3.0
3033,295980,0.11971898510211268,9.0
3033,481102,0.4085567013229071,4.0
3033,398622,0.18359105906854267,8.0
3033,570453,0.2227853433070057,7.0
3033,387010,0.29642815388683114,6.0
3033,62966,0.0,10.0
15,583956,0.42022459756594976,2.0
15,119213,0.42003583696688174,3.0
15,170294,0.2577349050924582,6.0
15,325273,0.8521371285635441,1.0
15,570155,0.3331634456711121,4.0
15,509723,0.29530827134839077,5.0
15,18509,0.23645130042907142,8.0
15,298159,0.036900063546198715,10.0
15,338313,0.04984965003294973,9.0
15,387165,0.2550772658071005,7.0
6612,274870,0.6516364034806732,4.0
6612,254454,0.9587103737129479,1.0
6612,216384,0.8019772311383491,2.0
6612,187739,0.6981783617699705,3.0
6612,366448,0.43970515850966874,5.0
6612,95778,0.17303650893645206,9.0
6612,205522,0.40257589543226835,7.0
6612,416796,0.4030066548008866,6.0
6612,159936,0.28968631659181554,8.0
6612,108302,0.0,10.0
5940,304743,0.8887205517751637,1.0
5940,326665,0.23134757090174535,8.0
5940,226303,0.2915701927254929,7.0
5940,438243,0.8133415756863863,2.0
5940,428082,0.16012461869515254,10.0
5940,433490,0.5759497337886011,3.0
5940,167684,0.5118140841863736,4.0
5940,16670,0.36977512567839727,5.0
5940,150650,0.17722244079943877,9.0
5940,546313,0.3229645465249049,6.0
9385,403755,1.0,1.0
9385,442127,0.893852712360176,2.0
9385,1198,0.596250068913832,4.0
9385,379667,0.4139943062943201,6.0
9385,341579,0.6682436233566575,3.0
9385,70853,0.4135811572796041,7.0
9385,57138,0.5917685389090989,5.0
9385,407654,0.03602251811209424,10.0
9385,208070,0.14127095143144353,8.0
9385,62151,0.07166709988760701,9.0
9332,159577,0.8420825313631445,1.0
9332,293687,0.704150416221282,4.0
9332,271243,0.8374020827776454,2.0
9332,212770,0.37380932407230905,6.0
9332,178521,0.7430991572423007,3.0
9332,286074,0.18480757149958854,8.0
9332,271766,0.4415739118633067,5.0
9332,123418,0.3571240321043413,7.0
9332,236389,0.008580175111728778,10.0
9332,444107,0.15924296456463777,9.0
8275,435963,1.0,1.0
8275,26203,0.4561255763634443,5.0
8275,514500,0.39550148419551723,7.0
8275,294867,0.6970772029394943,2.0
8275,571306,0.6361400252267342,3.0
8275,114439,0.28213989420877433,8.0
8275,576564,0.4141697344510277,6.0
8275,99757,0.26710141406542004,9.0
8275,44601,0.043807480634754314,10.0
8275,554568,0.5933802119628859,4.0
4785,435021,0.46274641557542484,2.0
4785,37517,0.9835282034157702,1.0
4785,326991,0.3069478965241543,4.0
4785,85522,0.09188602928192444,9.0
4785,34789,0.19888683662878406,8.0
4785,564841,0.2327385141095159,5.0
4785,162456,0.45040884424218647,3.0
4785,69696,0.011486296499305078,10.0
4785,140170,0.20916016466579102,7.0
4785,385574,0.2135797335379101,6.0
4465,569461,0.7832314157603635,2.0
4465,561377,0.5651358169060716,7.0
4465,299242,0.9270673584407059,1.0
4465,349710,0.28885834956040457,9.0
4465,344041,0.5773621402260125,5.0
4465,109860,0.5682537681624825,6.0
4465,226303,0.6728137169200219,3.0
4465,170294,0.30036699322911675,8.0
4465,213591,0.05181349181269254,10.0
4465,461051,0.6067101150412253,4.0
7279,476834,1.0,1.0
7279,214542,0.5500130155633621,2.0
7279,412502,0.480515003067815,5.0
7279,50744,0.43797837299248543,6.0
7279,27081,0.524972506207526,3.0
7279,322456,0.5156718240278915,4.0
7279,442489,0.30558919933101947,8.0
7279,19606,0.33847028789068473,7.0
7279,343489,0.0003026586308652576,10.0
7279,29790,0.17260808848625514,9.0
7431,281707,1.0,1.0
7431,372921,0.43628217153216176,3.0
7431,292991,0.20787575906030814,7.0
7431,501384,0.35736690139934657,4.0
7431,423403,0.7669239954933338,2.0
7431,44594,0.07918782489783699,10.0
7431,305287,0.21028367960432728,6.0
7431,114768,0.20538026390032238,8.0
7431,178303,0.1563884493246085,9.0
7431,257248,0.33537818170102307,5.0
2118,76515,0.8576709592668196,1.0
2118,338313,0.48254529179267536,4.0
2118,384322,0.7933586980312606,3.0
2118,467509,0.23779558475200052,6.0
2118,411061,0.8088079886548808,2.0
2118,191977,0.4478486063395269,5.0
2118,328556,0.1569570336529171,9.0
2118,528661,0.2078950034914067,7.0
2118,361028,0.012856152905067014,10.0
2118,373271,0.1593655891085376,8.0
5380,549254,1.0,1.0
5380,216196,0.4542703489158352,2.0
5380,46099,0.08642034352344388,7.0
5380,360481,0.1809714048131314,6.0
5380,175771,0.037242862835665115,10.0
5380,242524,0.2564789216726576,4.0
5380,507284,0.42278357005224426,3.0
5380,416307,0.08056647348664332,8.0
5380,345895,0.05761282653832972,9.0
5380,336772,0.19321430814758195,5.0
3404,62966,0.9514307007891873,1.0
3404,322246,0.764664549145907,2.0
3404,583635,0.19696482969854176,10.0
3404,272425,0.7281787505104708,4.0
3404,153541,0.6423583470611829,5.0
3404,251411,0.29972233797059417,8.0
3404,488574,0.7576472005531081,3.0
3404,241136,0.2212192812046429,9.0
3404,442110,0.4880135602535046,7.0
3404,298128,0.6365597925352457,6.0
6420,565568,1.0,1.0
6420,480315,0.2708269354749786,8.0
6420,294295,0.6787641915436677,3.0
6420,394244,0.6981934826752666,2.0
6420,69696,0.18216130049159124,10.0
6420,122432,0.31401440253367946,7.0
6420,269898,0.37198715123904713,5.0
6420,279897,0.34468910231524746,6.0
6420,442048,0.24079233693224836,9.0
6420,112714,0.4940703813780506,4.0
9961,21311,0.921130183759249,1.0
9961,72402,0.8313768244808885,2.0
9961,335991,0.37383836283906013,7.0
9961,518379,0.7441945767600326,3.0
9961,174335,0.5720834427753672,5.0
9961,341493,0.331704145191853,8.0
9961,17166,0.5159564342422578,6.0
9961,528522,0.6580401667377441,4.0
9961,565684,0.003637443380716934,10.0
9961,156358,0.2711420124110595,9.0
8079,125940,0.30747983037959736,6.0
8079,95278,0.7011359125870842,3.0
8079,187583,0.29927907304723467,7.0
8079,57138,0.7312537025377012,2.0
8079,11184,0.3688235484399953,5.0
8079,108040,0.7484870943503346,1.0
8079,39478,0.41771208060325415,4.0
8079,224231,0.15543002210118198,8.0
8079,93971,0.002159902636418665,10.0
8079,1198,0.1394127576393414,9.0
