query_id,doc_id,score_hybrid,rank
3394,112208,0.9191367824771616,1.0
3394,172703,0.7459551326430409,2.0
3394,87722,0.699291796689113,3.0
3394,445971,0.6227901436784113,4.0
3394,345199,0.4270190620207044,5.0
3394,377429,0.33300738002812524,7.0
3394,387277,0.36705805423664284,6.0
3394,133093,0.32490293241934726,8.0
3394,418150,0.043866764978810535,9.0
3394,539263,0.03959524859914337,10.0
5505,100387,1.0,1.0
5505,141738,0.4422482407719336,2.0
5505,278824,0.2871828700635642,3.0
5505,70488,0.2775905004374865,4.0
5505,349160,0.14388344376002038,5.0
5505,478457,0.09019926018199481,7.0
5505,200338,0.10425129246409338,6.0
5505,408327,0.010719170763320213,9.0
5505,442142,0.07185718746914495,8.0
5505,593085,0.0,10.0
6792,558617,0.9940220727647632,1.0
6792,400841,0.3474881649505079,2.0
6792,29306,0.279057044990276,5.0
6792,136825,0.3440695671319438,3.0
6792,259081,0.2780703011167074,6.0
6792,40447,0.18061166866848685,8.0
6792,480515,0.2513826772779528,7.0
6792,156467,0.27989463767512646,4.0
6792,545434,0.07683971770099927,10.0
6792,585447,0.08460053435637532,9.0
6909,452175,0.9197969469585345,1.0
6909,13260,0.6258766816965443,2.0
6909,435963,0.4031822762718891,3.0
6909,375019,0.3651275271036657,4.0
6909,266900,0.2300934173253485,6.0
6909,464502,0.12848491036078538,8.0
6909,214003,0.0602204659254162,10.0
6909,79357,0.2493330696785565,5.0
6909,535697,0.18209746510594188,7.0
6909,330041,0.08632433093226859,9.0
4946,121690,1.0,1.0
4946,156816,0.3340211158621569,2.0
4946,79357,0.25428072454052497,3.0
4946,9938,0.23989920858523403,4.0
4946,350680,0.2004430568029731,5.0
4946,28119,0.12563285708115604,8.0
4946,343489,0.1649930491396264,7.0
4946,100485,0.17015055869264273,6.0
4946,88105,0.07030201400619669,9.0
4946,496935,0.0,10.0
4125,283079,0.9322797778408197,1.0
4125,232199,0.8154992040991083,2.0
4125,363591,0.724313900268701,3.0
4125,452987,0.5306310428824054,4.0
4125,571362,0.4389255363062766,5.0
4125,292769,0.23834577274125834,7.0
4125,340044,0.2550962109385494,6.0
4125,103593,0.20622474035659408,8.0
4125,276400,0.20258450836586137,9.0
4125,7632,0.02534553146842467,10.0
6009,62151,0.8629646680161767,1.0
6009,175831,0.7259358314543396,2.0
6009,303325,0.6344364515027776,4.0
6009,228983,0.6519471909315417,3.0
6009,158717,0.3870886995768539,5.0
6009,472585,0.08986599345212963,7.0
6009,178684,0.06488292421221727,9.0
6009,442048,0.2471320320488968,6.0
6009,125298,0.056154055240819026,10.0
6009,99857,0.06809365345786723,8.0
9598,528034,1.0,1.0
9598,379311,0.4943491820111524,2.0
9598,322826,0.3860795725373082,3.0
9598,136270,0.21219793958569633,7.0
9598,574327,0.3732636833341442,4.0
9598,112208,0.25020473886184746,6.0
9598,17923,0.20721072656082384,8.0
9598,172703,0.1649288282127038,9.0
9598,297290,0.27702719465133907,5.0
9598,383978,0.11718737639851862,10.0
10645,22221,1.0,1.0
10645,340131,0.8029131853868384,2.0
10645,441176,0.6253387590922757,3.0
10645,183349,0.4373869104885159,6.0
10645,102684,0.4821251155883246,4.0
10645,248799,0.46482542526361803,5.0
10645,317354,0.305046768817124,7.0
10645,293679,0.28319119252824887,8.0
10645,415340,0.15262370431457262,9.0
10645,487791,0.0,10.0
7441,125659,0.918567782322149,1.0
7441,192900,0.8301097785211554,2.0
7441,537418,0.7257891641579307,4.0
7441,231781,0.7984650240406173,3.0
7441,117576,0.5225230288786649,5.0
7441,404339,0.26867989692788263,6.0
7441,329662,0.2021712753471043,7.0
7441,504996,0.0822891289065358,9.0
7441,336018,0.08328855565755654,8.0
7441,180733,0.0,10.0
5080,305901,0.9124245574080649,1.0
5080,553304,0.8194827398759037,2.0
5080,392434,0.7479926881729205,3.0
5080,514512,0.572655410679963,4.0
5080,67063,0.5454785933398494,5.0
5080,488334,0.36145205421605775,6.0
5080,356928,0.33043850187910107,7.0
5080,271026,0.14672738023525017,8.0
5080,88912,0.12390866075370977,9.0
5080,167950,0.11829013497242384,10.0
9329,326991,1.0,1.0
9329,385574,0.29437685824659765,4.0
9329,340210,0.2799766613031588,5.0
9329,394924,0.3277155109831759,2.0
9329,265098,0.2172700827467917,6.0
9329,586018,0.29594108960695187,3.0
9329,179103,0.14143713903110428,7.0
9329,192900,0.1134111179911525,8.0
9329,209493,0.056768860044235134,9.0
9329,209065,0.0,10.0
6479,404339,1.0,1.0
6479,272008,0.5832854577399751,2.0
6479,536120,0.3339204911468971,3.0
6479,9938,0.12868829185682293,5.0
6479,453839,0.10194770258440077,8.0
6479,104793,0.05354004307062972,9.0
6479,257656,0.15307545224435887,4.0
6479,491969,0.11091140984067449,7.0
6479,114439,0.03262319593936831,10.0
6479,340210,0.11439031199089433,6.0
8513,175821,1.0,1.0
8513,69790,0.884802543309915,2.0
8513,167950,0.36263952286525325,3.0
8513,183612,0.20912565955630483,4.0
8513,449039,0.18502329063623058,6.0
8513,267113,0.19059502712961657,5.0
8513,167896,0.17678703863422612,7.0
8513,417840,0.13258631181078367,9.0
8513,232712,0.13431553708288585,8.0
8513,87667,0.0764646960183542,10.0
10109,93231,0.9894095149238935,1.0
10109,28314,0.944696886115462,2.0
10109,535317,0.5373675954407914,3.0
10109,395357,0.3617332066403512,4.0
10109,124630,0.15435409506161216,7.0
10109,244749,0.13577894101597796,8.0
10109,305467,0.12307251681368392,9.0
10109,116420,0.19373236336221145,6.0
10109,474384,0.1965878744214472,5.0
10109,105818,0.04126543774408475,10.0
4844,275257,1.0,1.0
4844,367137,0.7612610060140089,2.0
4844,192193,0.6888637395760207,3.0
4844,111033,0.38926992349869294,4.0
4844,235522,0.30291604798025584,5.0
4844,549741,0.12968265519414557,7.0
4844,140088,0.18216500363849453,6.0
4844,386423,0.04083596090461861,9.0
4844,144177,0.11608616043947087,8.0
4844,409432,0.004158979158148842,10.0
8544,214003,1.0,1.0
8544,37517,0.710936748354978,2.0
8544,336541,0.43483297725806525,3.0
8544,75437,0.317840183704933,4.0
8544,13260,0.29579529620633754,6.0
8544,100103,0.3018368654899151,5.0
8544,416307,0.1415910455616226,8.0
8544,12432,0.07375660917841312,9.0
8544,561884,0.20686600096799496,7.0
8544,111768,0.01568543436260782,10.0
4823,561929,1.0,1.0
4823,362919,0.5799675002170512,2.0
4823,340131,0.3359305353363262,5.0
4823,104726,0.4103268971223473,3.0
4823,11572,0.3389044121632605,4.0
4823,7094,0.2626445415835661,6.0
4823,2860,0.1683389596684071,7.0
4823,459423,0.15728795556279956,8.0
4823,252716,0.15679287298991879,9.0
4823,271118,0.0,10.0
1085,366597,0.9274536631623201,1.0
1085,405702,0.9162155643094789,2.0
1085,485195,0.6018199972608731,3.0
1085,374334,0.44753608150667135,4.0
1085,108302,0.18915140951307396,5.0
1085,581889,0.05368605501023445,10.0
1085,94586,0.06825110150001035,8.0
1085,184175,0.1404440890856505,7.0
1085,401125,0.14725779580577403,6.0
1085,315275,0.05454837666714111,9.0
2388,104988,1.0,1.0
2388,300287,0.374341218467124,2.0
2388,13657,0.27519481797295653,3.0
2388,123733,0.19263876193743956,5.0
2388,459423,0.21370082828493042,4.0
2388,565698,0.1498960791731066,6.0
2388,423403,0.1460602728419646,7.0
2388,157702,0.08612053844572633,9.0
2388,141320,0.11012274361610988,8.0
2388,429978,0.03469038255519977,10.0
6891,474351,1.0,1.0
6891,492506,0.22843792107057506,2.0
6891,504497,0.08420384789273708,8.0
6891,558924,0.18526747635950314,3.0
6891,264095,0.131782373455491,5.0
6891,381757,0.10845773586564825,7.0
6891,323363,0.1397751027563653,4.0
6891,579543,0.03793635693264764,9.0
6891,143425,0.11522733609441209,6.0
6891,73434,0.0,10.0
2568,346042,1.0,1.0
2568,164702,0.6931105320033674,2.0
2568,170141,0.49303365655712045,3.0
2568,13975,0.37994301227685284,4.0
2568,544654,0.35551927525483673,6.0
2568,130209,0.36462729830699053,5.0
2568,428150,0.2059573167181722,8.0
2568,269898,0.33926891443580404,7.0
2568,368802,0.16973992929771986,9.0
2568,213370,0.00023285890653546493,10.0
7702,558924,0.9789543604156806,1.0
7702,133093,0.8996877237532375,2.0
7702,387277,0.7092152562472649,3.0
7702,592636,0.3192724600790844,5.0
7702,214542,0.3303549575346933,4.0
7702,192193,0.26571466727927123,6.0
7702,108721,0.1367129294632971,8.0
7702,140088,0.16497535123420104,7.0
7702,367137,0.08791123119147135,9.0
7702,259317,0.01055468551536931,10.0
2376,91545,0.9993660714439944,1.0
2376,402249,0.9021254633867164,2.0
2376,244961,0.7703708576283856,3.0
2376,114417,0.7619088738172156,4.0
2376,549833,0.6565181643853937,5.0
2376,324411,0.6064476950561448,6.0
2376,407455,0.49235249901328415,7.0
2376,64263,0.47127602841069105,8.0
2376,582521,0.26201112812305427,9.0
2376,44110,0.0,10.0
4339,386531,1.0,1.0
4339,488615,0.5260750283088999,2.0
4339,16392,0.28232432793875606,3.0
4339,242076,0.22542639540456408,5.0
4339,240645,0.22122740582431188,6.0
4339,473540,0.2608413836414638,4.0
4339,260328,0.21754018567942546,7.0
4339,455398,0.06769420715388155,9.0
4339,242294,0.08906045400243134,8.0
4339,103256,0.005499747598164681,10.0
5427,387854,0.9242191079573762,1.0
5427,580709,0.5197165610279006,2.0
5427,55666,0.44523696133860324,4.0
5427,200338,0.29008976806189224,6.0
5427,597467,0.4673603769491049,3.0
5427,142876,0.444169696618125,5.0
5427,522358,0.25245753791682424,7.0
5427,273084,0.12314324302056086,10.0
5427,200603,0.20598047317639312,8.0
5427,549759,0.13426813455267964,9.0
7734,226070,1.0,1.0
7734,96013,0.5669431520505024,2.0
7734,87667,0.3799219468236753,3.0
7734,94591,0.25894242313876725,4.0
7734,10703,0.22216083324367197,5.0
7734,150544,0.12428946128830337,7.0
7734,421371,0.18497000143655595,6.0
7734,232712,0.11048290084838688,9.0
7734,247486,0.03770400104425925,10.0
7734,433905,0.1135853303198503,8.0
2486,487791,1.0,1.0
2486,58937,0.3961421495983233,2.0
2486,388575,0.23037393940107004,3.0
2486,101604,0.22858843326636027,4.0
2486,216327,0.13569702200930503,8.0
2486,250702,0.2168507967444523,5.0
2486,357914,0.15774100045245718,7.0
2486,234436,0.17513507783864518,6.0
2486,518563,0.00810841604186526,10.0
2486,130021,0.08183926222624478,9.0
7071,238629,0.9249948814708262,1.0
7071,99857,0.4703072865213328,3.0
7071,178684,0.5645616348366096,2.0
7071,14543,0.39002230808605654,4.0
7071,588384,0.221616614076853,6.0
7071,246221,0.19797629121120486,7.0
7071,403899,0.08156167485185194,9.0
7071,434812,0.2334677887086269,5.0
7071,319793,0.10871418612983216,8.0
7071,378173,0.07964716661042166,10.0
8537,511093,0.9910215711756246,1.0
8537,416307,0.7738389955057511,2.0
8537,572842,0.562983034498453,4.0
8537,281707,0.5122198040153049,5.0
8537,374020,0.5668433383201975,3.0
8537,96467,0.45634864904651584,6.0
8537,557356,0.37648207139494194,8.0
8537,472516,0.4376835077527991,7.0
8537,472014,0.24479900041608507,9.0
8537,501384,0.04585071141002766,10.0
7178,70096,0.8687078468249867,1.0
7178,401329,0.559665560076609,2.0
7178,420851,0.2644738565628706,3.0
7178,518563,0.13740328646066646,5.0
7178,58851,0.06505262518838635,6.0
7178,474384,0.13824713608546252,4.0
7178,88892,0.06257914950403004,7.0
7178,193312,0.04345332522417099,9.0
7178,484055,0.0037315547308280285,10.0
7178,554568,0.05404074184570649,8.0
4777,2860,1.0,1.0
4777,409535,0.8325856563095,2.0
4777,228983,0.46666265740779217,3.0
4777,429378,0.28646546321344935,5.0
4777,407455,0.25561957738627966,6.0
4777,167896,0.3867019920906762,4.0
4777,525231,0.20793292563323443,7.0
4777,570155,0.11302135114844752,8.0
4777,413041,0.04708152724793779,9.0
4777,164008,0.03361808830949318,10.0
2398,168922,0.8,2.0
2398,96538,0.9042284478553604,1.0
2398,443246,0.7156835535935931,3.0
2398,490443,0.5233612521280224,4.0
2398,527698,0.44841386937428757,5.0
2398,548465,0.39778436302288983,6.0
2398,107092,0.21593180983618898,7.0
2398,505959,0.11421858250654193,8.0
2398,403515,0.06555175152137989,10.0
2398,342212,0.09091182068868196,9.0
849,557186,1.0,1.0
849,528564,0.7793061310200349,4.0
849,232199,0.8084948747679466,2.0
849,183612,0.7815763602557305,3.0
849,234436,0.3314501937832325,6.0
849,366830,0.33185640869629973,5.0
849,24890,0.23775653465490126,7.0
849,327263,0.21898584848282737,8.0
849,454810,0.021183501345255335,10.0
849,273947,0.1675292036827661,9.0
7534,175821,1.0,1.0
7534,301224,0.5913570008190521,2.0
7534,498378,0.5088985026001128,3.0
7534,46099,0.21779437778560948,4.0
7534,147765,0.119357228259288,6.0
7534,89714,0.1940103439514454,5.0
7534,51046,0.1015570056597441,7.0
7534,211839,0.013281260198284359,10.0
7534,255491,0.06099558952248984,8.0
7534,169062,0.03824493964200678,9.0
5021,226070,0.9191542629289959,1.0
5021,423034,0.7146156083445814,2.0
5021,588607,0.3966861422791717,4.0
5021,79357,0.4359558527723055,3.0
5021,494939,0.25594683353211917,5.0
5021,3118,0.14639322915447606,7.0
5021,339640,0.23391719764586005,6.0
5021,289813,0.050143629821448724,9.0
5021,481308,0.047250239535168145,10.0
5021,136825,0.06599603036693298,8.0
6131,326094,0.9555023727809699,1.0
6131,334111,0.6481912791195034,2.0
6131,44223,0.40390619116819293,4.0
6131,258465,0.41156428211109614,3.0
6131,123733,0.24683290706782063,6.0
6131,368806,0.3385558194088357,5.0
6131,315275,0.14377028350523358,8.0
6131,470024,0.20235967583471265,7.0
6131,483441,0.05636046511311733,9.0
6131,169699,0.016170995047617383,10.0
10136,152316,0.9595142122022958,1.0
10136,32744,0.7945771737566196,3.0
10136,290930,0.8535088805345119,2.0
10136,277179,0.5073347449116402,4.0
10136,18509,0.34881375891322625,5.0
10136,198349,0.28319071810660934,6.0
10136,302792,0.1775061529623677,7.0
10136,507284,0.1091824619581649,9.0
10136,280204,0.16842800058371965,8.0
10136,144177,0.0,10.0
9548,423658,0.9986956637242627,1.0
9548,523810,0.7224486366552472,2.0
9548,297290,0.6944915808683036,3.0
9548,231227,0.6401448673118385,4.0
9548,61022,0.3599109159924927,5.0
9548,72160,0.3169357647050049,6.0
9548,539263,0.24416859946173872,7.0
9548,32811,0.13287973735990735,8.0
9548,583203,0.10693445915538616,10.0
9548,482544,0.11499130917012261,9.0
4942,314898,1.0,1.0
4942,433490,0.6395550029087631,2.0
4942,295864,0.5216638438137661,3.0
4942,70853,0.44144479787654584,4.0
4942,420556,0.42560196031829495,5.0
4942,94689,0.4024802145633101,6.0
4942,486333,0.2597986436719946,7.0
4942,62966,0.20829029731309573,8.0
4942,55999,0.11112745120707655,9.0
4942,539263,0.015343933719004154,10.0
5090,572272,0.8724991321677047,1.0
5090,12988,0.8303493288118735,2.0
5090,270856,0.5099450355155059,3.0
5090,468777,0.38181595481937314,4.0
5090,507544,0.3208185188227148,5.0
5090,551423,0.2717900586772455,7.0
5090,149500,0.3129742296256853,6.0
5090,247721,0.23044917726577796,8.0
5090,169688,0.20068968830066924,9.0
5090,414534,0.11080586520336368,10.0
6005,149500,1.0,1.0
6005,507544,0.5470584004834719,2.0
6005,572272,0.4347208269432124,3.0
6005,551423,0.23311584658512835,4.0
6005,140947,0.07955088130608533,8.0
6005,30311,0.1042770822335409,7.0
6005,176498,0.16918470896303942,5.0
6005,414288,0.13814903757603775,6.0
6005,515060,0.05110396621353655,10.0
6005,377223,0.05155415652416433,9.0
7533,162668,1.0,1.0
7533,461084,0.7875604622989574,2.0
7533,438680,0.6149072270766075,3.0
7533,284411,0.4926300029489338,4.0
7533,167356,0.4313409438034061,5.0
7533,257016,0.2991949600396472,7.0
7533,201495,0.3725438926654553,6.0
7533,213435,0.28056050527742793,8.0
7533,167950,0.046574489081357896,10.0
7533,407654,0.08404136718740733,9.0
8034,284075,0.8301411173679631,1.0
8034,327978,0.7187579002868485,2.0
8034,415340,0.5376537945249414,3.0
8034,307999,0.4767545502480635,4.0
8034,292991,0.28375699365535884,6.0
8034,198764,0.310626885979026,5.0
8034,13153,0.23852590667735074,7.0
8034,22221,0.2338959196801494,8.0
8034,213435,0.10772744084417596,10.0
8034,579557,0.19999999999999996,9.0
2330,478514,1.0,1.0
2330,260014,0.21745054211747075,3.0
2330,370334,0.23129121205543474,2.0
2330,345895,0.14354287972631596,4.0
2330,156873,0.06132522631120087,9.0
2330,572272,0.0701690222085607,8.0
2330,488334,0.09299683417868523,7.0
2330,94586,0.10661015252926598,5.0
2330,167684,0.09473798414573775,6.0
2330,9656,0.016892289830205635,10.0
7803,62151,1.0,1.0
7803,572205,0.5371117031273327,2.0
7803,327127,0.45960427775300206,4.0
7803,216065,0.46661889223876785,3.0
7803,214003,0.4192058586533127,5.0
7803,100103,0.25272416548771326,7.0
7803,336541,0.29718984929351766,6.0
7803,324037,0.07972918498542718,9.0
7803,583651,0.019142711010894764,10.0
7803,12432,0.14775387332554207,8.0
1933,183612,1.0,1.0
1933,446984,0.23710398980466263,2.0
1933,141738,0.1498895488438515,5.0
1933,352640,0.17394823889331806,3.0
1933,445298,0.1696891851657915,4.0
1933,413041,0.03958315685919192,10.0
1933,466718,0.0948410033918373,8.0
1933,234436,0.10097893383832096,7.0
1933,264554,0.12924965421780826,6.0
1933,134794,0.0747896542696118,9.0
6849,44601,1.0,1.0
6849,59714,0.6515957025140181,2.0
6849,78675,0.5391476671720201,3.0
6849,578427,0.2857457964639679,4.0
6849,172703,0.13142478951926537,7.0
6849,79998,0.16552797778379427,6.0
6849,112208,0.06967128007322536,9.0
6849,418150,0.20884864740945017,5.0
6849,328086,0.019400935094004635,10.0
6849,61962,0.07686749292280363,8.0
7448,418150,1.0,1.0
7448,100485,0.207764434315331,2.0
7448,273861,0.09990019673081604,8.0
7448,112208,0.17889855819094674,3.0
7448,377429,0.13903672131419986,5.0
7448,387277,0.11032564979026496,6.0
7448,307095,0.08893664968007436,9.0
7448,133093,0.10822815995717273,7.0
7448,44601,0.14204359075314227,4.0
7448,172703,0.026484283240469142,10.0
42,283079,0.9969451064963244,1.0
42,278824,0.7364839901281712,3.0
42,528564,0.7732922043122316,2.0
42,327002,0.36051154109895334,4.0
42,141738,0.18964366695147306,7.0
42,124630,0.15727980399435515,9.0
42,366830,0.2803171718887515,5.0
42,467509,0.16428755466501732,8.0
42,536849,0.2765771425750782,6.0
42,583956,0.08345787124578433,10.0
4102,125940,0.8,1.0
4102,293320,0.7340892268857262,3.0
4102,572340,0.6925528534703886,4.0
4102,554734,0.7567438735317987,2.0
4102,275925,0.6082198605598425,6.0
4102,327978,0.6493107771817772,5.0
4102,326142,0.4431704730677327,7.0
4102,460457,0.2575541673110616,8.0
4102,356987,0.09162228530461833,9.0
4102,324779,0.04161179031497009,10.0
7269,474351,0.8537564583902724,1.0
7269,588607,0.6295779649995781,2.0
7269,72402,0.31492498887949943,3.0
7269,226070,0.21132947497709678,5.0
7269,301580,0.13574721791232375,8.0
7269,486696,0.28526033146128976,4.0
7269,386173,0.058116145788260215,9.0
7269,392894,0.13806439198134515,7.0
7269,129319,0.1698889199202756,6.0
7269,90294,0.022947066381124603,10.0
10975,363591,0.9349655589460724,1.0
10975,17166,0.7816857597626781,2.0
10975,72160,0.5877633060365602,3.0
10975,545759,0.2818005866077243,6.0
10975,384564,0.21092991685668547,8.0
10975,482544,0.34893788099898404,4.0
10975,528522,0.28310253642013705,5.0
10975,61022,0.11055801520450761,9.0
10975,452870,0.2672978087672076,7.0
10975,341493,0.0951769315145888,10.0
715,93936,0.813209068433029,1.0
715,232262,0.4623966224296696,2.0
715,377223,0.38593652800333866,4.0
715,590489,0.3935105258495384,3.0
715,560872,0.33852166547553775,5.0
715,127316,0.22445420820914003,7.0
715,273925,0.26560220088158726,6.0
715,524752,0.09603605397783291,9.0
715,212028,0.017377433280338573,10.0
715,167896,0.1063640556514136,8.0
4037,557186,0.9628931739800085,1.0
4037,408327,0.3250702992904697,2.0
4037,81483,0.15965101792243272,5.0
4037,264554,0.1680521139360555,4.0
4037,70488,0.11958517146919219,6.0
4037,73427,0.10170501796016093,7.0
4037,141738,0.047841987730339625,10.0
4037,327002,0.08722437236818874,8.0
4037,298099,0.20387732350183124,3.0
4037,278824,0.05398004808068289,9.0
4047,159836,0.8651094827285638,1.0
4047,538352,0.8105186816704354,2.0
4047,124230,0.5953770735423703,3.0
4047,457294,0.4321872703063591,5.0
4047,227423,0.4701490029384061,4.0
4047,488258,0.2839749670295633,6.0
4047,186453,0.2653602800648648,7.0
4047,560872,0.10184154855656877,9.0
4047,304477,0.015591342703032874,10.0
4047,472585,0.11191370882289702,8.0
8072,31465,0.9109746001362747,1.0
8072,127452,0.8488523562999832,2.0
8072,164008,0.6740702149434897,3.0
8072,413041,0.578429341994102,5.0
8072,394244,0.6151042205384892,4.0
8072,284235,0.5436053167671218,6.0
8072,494727,0.3233459649223189,7.0
8072,294867,0.3222216353226782,8.0
8072,316838,0.12333674026232108,9.0
8072,169062,0.0,10.0
5906,258465,0.9288152831766964,1.0
5906,409907,0.6129140295498783,2.0
5906,318520,0.5685468451787631,3.0
5906,470024,0.364773315013417,5.0
5906,289231,0.40415248327846925,4.0
5906,273528,0.3391489990455486,6.0
5906,326094,0.05511177930002978,10.0
5906,2460,0.09992704057610093,8.0
5906,394467,0.08597852292133036,9.0
5906,15172,0.11635726762781082,7.0
8378,178684,1.0,1.0
8378,246221,0.6937786678557698,2.0
8378,238629,0.6220226741454571,3.0
8378,434812,0.5852199699527042,4.0
8378,102237,0.46926815496778357,5.0
8378,43497,0.32629337904319383,6.0
8378,403025,0.12029423680327123,7.0
8378,382381,0.11683237056853973,8.0
8378,554568,0.056030189779136055,9.0
8378,597401,0.0,10.0
885,315275,0.8454206956205378,1.0
885,273528,0.529764375448776,2.0
885,173929,0.33465855267764777,3.0
885,394467,0.3174348630239458,5.0
885,485195,0.3066780050679392,6.0
885,326094,0.3284034247696953,4.0
885,483441,0.21159100416078686,7.0
885,258465,0.17807815399987315,8.0
885,399013,0.08901284067687612,9.0
885,246459,0.031378211786920164,10.0
2423,529444,0.9567386221483631,1.0
2423,396127,0.9262164627621798,2.0
2423,89049,0.4737431175893339,3.0
2423,124027,0.3662162693776234,4.0
2423,461084,0.18538302823464825,7.0
2423,388646,0.22022002040927494,6.0
2423,553288,0.25634514291446786,5.0
2423,428150,0.1713207876282142,8.0
2423,370334,0.008701617859803173,9.0
2423,175232,0.0,10.0
4414,235522,1.0,1.0
4414,367137,0.72798465301796,2.0
4414,133093,0.4633189532715464,4.0
4414,144177,0.48306631523151045,3.0
4414,111033,0.35194518895888754,5.0
4414,275257,0.272943664600489,7.0
4414,29073,0.33612621160063316,6.0
4414,140088,0.12113771198136913,9.0
4414,76776,0.014845698054158028,10.0
4414,577578,0.16501053732696644,8.0
1297,313909,0.9390651949485392,2.0
1297,171761,0.9877135083255661,1.0
1297,219758,0.7194481860389143,3.0
1297,289813,0.6906628532533645,4.0
1297,90712,0.6262504661646622,5.0
1297,146021,0.5937258517981445,6.0
1297,370663,0.3364065908264138,7.0
1297,66246,0.08800907575529293,8.0
1297,545434,0.02577185324830726,10.0
1297,521712,0.05818475133140581,9.0
8512,32811,1.0,1.0
8512,61022,0.5344773876492591,2.0
8512,149696,0.4210363226763052,3.0
8512,320101,0.2739001090985897,5.0
8512,528522,0.3133287183708444,4.0
8512,231227,0.21649224746738754,7.0
8512,461592,0.2504000264017344,6.0
8512,474384,0.11930930063798152,8.0
8512,214901,0.11081807362370205,9.0
8512,452870,0.0950937981702156,10.0
3822,290930,0.9897325568555785,1.0
3822,454157,0.6325620554628629,2.0
3822,586151,0.6116349827242022,3.0
3822,318583,0.37081266488260606,6.0
3822,592636,0.5287595662111823,4.0
3822,476834,0.4215375102763229,5.0
3822,597880,0.26805415057848864,7.0
3822,309269,0.23765690992386146,8.0
3822,431814,0.1294000754101044,10.0
3822,369355,0.19999999999999996,9.0
859,32530,0.9982719093301293,1.0
859,326094,0.4930240770863211,2.0
859,171720,0.35445674216876444,3.0
859,377223,0.2480730131064723,4.0
859,310215,0.16646893702851712,8.0
859,308837,0.20977324167160127,5.0
859,513258,0.07216595361810145,10.0
859,388201,0.18565104704954205,7.0
859,506374,0.15301555882047985,9.0
859,217683,0.19999999999999996,6.0
6668,457294,1.0,1.0
6668,93971,0.4704797362581332,2.0
6668,301570,0.27715806486520406,4.0
6668,228403,0.29667821349523327,3.0
6668,159703,0.21421348589229083,5.0
6668,326991,0.05549659980098909,10.0
6668,526110,0.13000477872486704,6.0
6668,88892,0.07973555118310419,8.0
6668,241337,0.11981515306719662,7.0
6668,11988,0.07366653006718295,9.0
604,38711,0.9262298734267281,1.0
604,571430,0.7858639186948411,2.0
604,224869,0.3252239967935663,3.0
604,115553,0.23385740055486157,6.0
604,197222,0.23554668465306755,5.0
604,348353,0.2314335793493727,7.0
604,561377,0.30663530981787773,4.0
604,195191,0.07951755795060017,9.0
604,342307,0.042558392629912255,10.0
604,486333,0.19434495891076806,8.0
3177,539263,0.978481074634645,1.0
3177,172703,0.8224597822655939,2.0
3177,536120,0.776522801609307,3.0
3177,377429,0.6578289454546138,5.0
3177,480315,0.6754704966134422,4.0
3177,87722,0.4460156899092893,6.0
3177,17208,0.3988402313522832,7.0
3177,467575,0.2710791631579155,8.0
3177,328086,0.07178386558300737,9.0
3177,423658,0.0,10.0
721,496225,1.0,1.0
721,51615,0.20575971448510633,2.0
721,298128,0.1910334692647171,3.0
721,568526,0.1642323892710308,4.0
721,251824,0.10751993535797577,5.0
721,196427,0.07744029536708,7.0
721,597880,0.038347312660311106,9.0
721,150650,0.09891567957500377,6.0
721,447353,0.055264541977021714,8.0
721,358661,0.01635006868550252,10.0
7124,427726,0.8995766698956055,1.0
7124,242524,0.8175948435503091,2.0
7124,62151,0.7158689835783074,3.0
7124,265314,0.48839154115043176,6.0
7124,226070,0.5013830735944915,5.0
7124,558617,0.5644056247103371,4.0
7124,433905,0.43634802422069957,7.0
7124,421371,0.25010094415326917,8.0
7124,96013,0.16920573913892195,9.0
7124,162668,0.0,10.0
4500,236482,0.927276220370618,1.0
4500,533623,0.7342305628843496,2.0
4500,474234,0.4397811160612849,4.0
4500,166487,0.4060724017614631,5.0
4500,231781,0.48239475221417427,3.0
4500,80031,0.21355282668738731,8.0
4500,163048,0.2644308813908717,6.0
4500,62897,0.09636254675355789,10.0
4500,275929,0.25406988316966905,7.0
4500,81101,0.1034425613346783,9.0
603,64103,0.9053739871667545,1.0
603,399013,0.5881770832476616,2.0
603,535651,0.47477133803430477,3.0
603,120090,0.4547155959561119,4.0
603,279897,0.34502018988511374,5.0
603,55022,0.2782926617509808,6.0
603,35736,0.11452108144298712,9.0
603,544486,0.1414706864851596,7.0
603,77503,0.04630774271732092,10.0
603,139047,0.13848236819782342,8.0
6647,462265,1.0,1.0
6647,13260,0.6577147137347072,2.0
6647,96013,0.6309110400574997,3.0
6647,464533,0.26593514563580867,5.0
6647,562171,0.24034156288076133,7.0
6647,326233,0.25644802499017705,6.0
6647,209188,0.28512910874096364,4.0
6647,231068,0.16117471201733588,8.0
6647,391988,0.01655801955839839,9.0
6647,531990,0.0,10.0
5369,258465,0.9462529742213563,1.0
5369,172128,0.7147206230043349,2.0
5369,184175,0.5410021871855417,3.0
5369,399013,0.3233935530945241,4.0
5369,173929,0.1918380429894879,7.0
5369,171339,0.2664063510327549,5.0
5369,414288,0.21743416562910498,6.0
5369,500946,0.13608471927603544,8.0
5369,70724,0.03884048104032953,9.0
5369,118280,0.015743164060879708,10.0
932,48722,0.9615651947277817,1.0
932,387010,0.9004911405188744,2.0
932,442110,0.30065102782828984,3.0
932,292769,0.22298825008506232,6.0
932,593085,0.1416146180997415,8.0
932,23747,0.28263043640495533,4.0
932,418630,0.24617498280904648,5.0
932,281045,0.14669282961153052,7.0
932,196427,0.0394404954306713,10.0
932,571430,0.1364979134057711,9.0
9633,259081,0.9753775507376858,1.0
9633,534418,0.8635426239531461,2.0
9633,481166,0.44631672032584896,3.0
9633,185909,0.29615547730543,4.0
9633,552479,0.24427620107872566,6.0
9633,590578,0.18775160154891118,7.0
9633,484055,0.26006742018426504,5.0
9633,474351,0.1737871359109638,8.0
9633,363741,0.055599788176650705,9.0
9633,262441,0.01490220947980342,10.0
1676,394871,1.0,1.0
1676,234436,0.7459493795103176,2.0
1676,77245,0.6024863528731657,3.0
1676,487791,0.5593274398795098,4.0
1676,58937,0.47004428658927117,5.0
1676,352640,0.4042783910593077,6.0
1676,279538,0.2409368850326512,7.0
1676,196920,0.12594515756620797,8.0
1676,555732,1.7741962200788567e-05,10.0
1676,136804,0.04680753929158255,9.0
4804,222153,0.946702908592391,1.0
4804,325892,0.35243676283227604,4.0
4804,255795,0.4270735520692871,2.0
4804,285255,0.38001705182745105,3.0
4804,45218,0.21994176256856696,6.0
4804,162456,0.28172768741309,5.0
4804,143100,0.09605903095124912,8.0
4804,51583,0.06902190055534463,9.0
4804,116574,0.18865331478213257,7.0
4804,393132,0.0,10.0
2747,445298,0.9887534878262805,1.0
2747,431685,0.5902723003848831,2.0
2747,535705,0.5568649694454573,3.0
2747,583635,0.32944011553534436,4.0
2747,387010,0.29325983392151433,5.0
2747,571430,0.12021949042705381,8.0
2747,418630,0.21284571555278897,6.0
2747,279538,0.14715654634807354,7.0
2747,582864,0.10933568608074504,10.0
2747,123468,0.11679097436157668,9.0
8632,43497,1.0,1.0
8632,382381,0.5655821309488178,2.0
8632,344372,0.3811413744888915,3.0
8632,575741,0.20661124238234838,5.0
8632,458385,0.18879412968974632,6.0
8632,416307,0.17888281452849,7.0
8632,102436,0.2549919985758314,4.0
8632,223070,0.1182978001217943,8.0
8632,363043,0.08947805676364062,9.0
8632,186453,0.0,10.0
4981,102684,0.9603677558327699,1.0
4981,45218,0.7195155016113374,2.0
4981,578585,0.2536053348803916,3.0
4981,341625,0.16881624170428217,4.0
4981,590710,0.09660041019991261,6.0
4981,264800,0.04519532701276882,8.0
4981,475541,0.03555133950364897,9.0
4981,212481,0.07582045150569039,7.0
4981,567362,0.140948516667175,5.0
4981,319692,0.018303384926289364,10.0
6146,289231,0.8613034388581271,1.0
6146,2460,0.6051440233116743,2.0
6146,470024,0.5848559420572487,3.0
6146,394467,0.47699010422537097,5.0
6146,160125,0.5763962334014789,4.0
6146,581889,0.4661703294854195,6.0
6146,326094,0.2153551032855669,7.0
6146,580709,0.07550653435645815,10.0
6146,273528,0.09018335364283976,9.0
6146,7403,0.19896357824201455,8.0
10674,328556,0.834470910539121,1.0
10674,435963,0.6474157025839729,2.0
10674,89460,0.6170906935892169,3.0
10674,109860,0.23738970661222128,7.0
10674,88813,0.2976160799346039,4.0
10674,319793,0.29285081922380407,5.0
10674,99857,0.28353588910710376,6.0
10674,99757,0.006855502847972928,9.0
10674,431814,0.008954466154607226,8.0
10674,363043,0.0,10.0
3683,276975,1.0,1.0
3683,105973,0.6365963383106285,2.0
3683,421538,0.3730550360145293,3.0
3683,522713,0.3425401049694178,4.0
3683,303977,0.1600951800324672,7.0
3683,178521,0.16402795829770267,6.0
3683,500460,0.18207198820623116,5.0
3683,116865,0.06236549603760401,8.0
3683,158717,0.013115171310030269,10.0
3683,349866,0.0350219236112398,9.0
928,394460,0.9075761970222025,1.0
928,349866,0.9008474027121683,2.0
928,400009,0.2421137200952701,3.0
928,573276,0.21377400199837274,5.0
928,490443,0.16858833697724784,6.0
928,305509,0.11483706602447914,9.0
928,11572,0.2146541443960696,4.0
928,253563,0.1375780258256982,7.0
928,422770,0.11991474983513566,8.0
928,409573,0.06911099475698518,10.0
5054,21311,0.9405656831582683,1.0
5054,485863,0.511561197446257,2.0
5054,542521,0.4441232621344556,3.0
5054,144660,0.25183298572861595,7.0
5054,307113,0.325484844175588,6.0
5054,305901,0.3529564418405129,5.0
5054,406457,0.36394622137241683,4.0
5054,366219,0.04933599827446073,10.0
5054,340131,0.22221770303921848,8.0
5054,15172,0.134330957476935,9.0
6554,583203,1.0,1.0
6554,226967,0.28554968278880316,2.0
6554,377429,0.19733646603674224,4.0
6554,122012,0.21927512919346434,3.0
6554,403755,0.1417126988703983,5.0
6554,574327,0.12839518289888263,6.0
6554,275902,0.09709409867131917,7.0
6554,536120,0.06905589372874392,8.0
6554,480315,0.061918775578521844,9.0
6554,21103,0.012283262854003968,10.0
7377,579557,1.0,1.0
7377,6666,0.5855715799056317,2.0
7377,328086,0.4111350147803524,4.0
7377,345895,0.4154212085675294,3.0
7377,293679,0.38704629405990165,5.0
7377,81304,0.2612302466836959,7.0
7377,172703,0.27032380149501717,6.0
7377,17208,0.1722778662855669,8.0
7377,505027,0.02234938484696332,10.0
7377,453542,0.08352616974678909,9.0
1309,15824,0.9323971580029403,1.0
1309,438869,0.7918468038833961,2.0
1309,279845,0.3363344470685589,3.0
1309,266319,0.2554961687208375,4.0
1309,110386,0.1768030608117383,7.0
1309,366594,0.21962873697630253,5.0
1309,443795,0.06731816046973146,10.0
1309,135415,0.11691620209963538,8.0
1309,16778,0.0867752775243809,9.0
1309,471630,0.19999999999999996,6.0
8351,273142,1.0,1.0
8351,469776,0.23223793651987737,2.0
8351,171720,0.16306376552389823,3.0
8351,213331,0.07925876336452571,9.0
8351,528132,0.15148199723207195,4.0
8351,191977,0.05285589508728594,10.0
8351,71873,0.14492986206691613,5.0
8351,405374,0.13845698826293193,6.0
8351,568526,0.08444671226877754,8.0
8351,304009,0.11335821653056967,7.0
6441,254279,1.0,1.0
6441,156029,0.4994369461140612,2.0
6441,28314,0.4156031000372291,3.0
6441,529993,0.21559690912529536,6.0
6441,87722,0.24859981168940304,4.0
6441,536120,0.23374023013686454,5.0
6441,593644,0.16348440710464593,7.0
6441,108721,0.01637418215946268,10.0
6441,174619,0.0883616108292213,8.0
6441,90712,0.040634793110732,9.0
4837,426223,0.8794184188430443,1.0
4837,95778,0.8147887194616751,2.0
4837,565330,0.6594136306750891,4.0
4837,159936,0.7039134141249613,3.0
4837,187739,0.47109278708127184,5.0
4837,254454,0.26551329415990615,6.0
4837,167896,0.13993833561958122,8.0
4837,565698,0.12862584925381695,9.0
4837,275410,0.02624667144494436,10.0
4837,274870,0.1950073515702328,7.0
9871,553288,0.9000419751208647,1.0
9871,76562,0.6838007219831697,2.0
9871,322771,0.3892491196150759,3.0
9871,240645,0.32563318840570643,5.0
9871,547301,0.3402436305283358,4.0
9871,213755,0.20060741084223327,8.0
9871,488366,0.2214299336537281,6.0
9871,305907,0.2102695415916121,7.0
9871,172718,0.06102217231566768,9.0
9871,271832,0.0,10.0
3067,423403,1.0,1.0
3067,372921,0.6894992151245486,2.0
3067,578488,0.5123628783032073,3.0
3067,104726,0.49336827947173306,4.0
3067,104788,0.23269426928732817,6.0
3067,582005,0.252457100926852,5.0
3067,467135,0.2309393733615579,7.0
3067,318473,0.0553927807517433,10.0
3067,187739,0.12525105829773903,8.0
3067,167896,0.0921682828840674,9.0
5741,124219,0.9525236733796316,1.0
5741,328086,0.6073428651394241,2.0
5741,43781,0.38460910540294224,3.0
5741,259081,0.3707186531405139,4.0
5741,568200,0.20319075799902364,6.0
5741,107688,0.23772443769810958,5.0
5741,301224,0.1946435894278315,7.0
5741,329337,0.030189847028924962,9.0
5741,136825,0.19345840050674581,8.0
5741,437427,0.0,10.0
3566,45029,0.9072812585303429,1.0
3566,195191,0.6655474782386936,2.0
3566,149306,0.647034140363358,3.0
3566,408123,0.6173737023250102,4.0
3566,152286,0.5750157804974585,5.0
3566,519390,0.2755580398367105,6.0
3566,65782,0.12497583471768275,9.0
3566,595211,0.13869678513164854,8.0
3566,317493,0.20000985790662335,7.0
3566,284075,0.11042282257635172,10.0
5862,562511,1.0,1.0
5862,21194,0.6205516346839652,2.0
5862,273947,0.23443755930160948,4.0
5862,170141,0.2784642931730189,3.0
5862,29790,0.15152605070989847,8.0
5862,253563,0.22490175452206082,5.0
5862,269898,0.2176488735092608,6.0
5862,346042,0.1597085146808093,7.0
5862,258465,0.044817561495243366,9.0
5862,78176,0.0,10.0
8779,209730,1.0,1.0
8779,180571,0.5524654763584239,2.0
8779,17166,0.4253545563182233,3.0
8779,213591,0.29616792426483735,4.0
8779,279538,0.18279614142505723,6.0
8779,72160,0.19032718496410655,5.0
8779,319954,0.12837299007719027,7.0
8779,452870,0.05971383208368651,8.0
8779,491964,0.05283417923017202,9.0
8779,214901,0.0,10.0
4714,505057,0.9929543184438528,1.0
4714,584450,0.6885602068291248,2.0
4714,324833,0.34307145787366256,3.0
4714,184506,0.22487312193913025,4.0
4714,295980,0.13871787117420184,5.0
4714,249450,0.1266806939730432,6.0
4714,118374,0.058350663536027164,8.0
4714,424585,0.00345615376897222,9.0
4714,473809,0.001645653204469879,10.0
4714,46211,0.06526186315203526,7.0
7311,125355,0.8994624011271661,1.0
7311,279897,0.21883143098026675,3.0
7311,183349,0.12255603740066293,6.0
7311,523279,0.05161120067887137,9.0
7311,33576,0.07197062064058689,8.0
7311,215154,0.11727885904966545,7.0
7311,344267,0.23006418170806595,2.0
7311,238421,0.18394286617720892,4.0
7311,334696,0.14999408223952243,5.0
7311,100485,0.005662716848253108,10.0
109,73427,1.0,1.0
109,213331,0.20187098364393954,4.0
109,538023,0.24808263817201334,2.0
109,461084,0.18138404724832044,5.0
109,563025,0.23736668225881685,3.0
109,406457,0.10747233506407713,7.0
109,342212,0.1049242470509217,8.0
109,535705,0.08713483709137673,9.0
109,547301,0.13260339476731403,6.0
109,18509,0.0,10.0
570,21311,0.9302838404951763,1.0
570,103593,0.7970018568408916,2.0
570,232199,0.5082631721684717,3.0
570,341493,0.45485606964868125,4.0
570,565684,0.19324040923557476,9.0
570,156358,0.29496562189749503,5.0
570,79888,0.21143864421264327,7.0
570,335991,0.23753245814815604,6.0
570,349384,0.10398667958955608,10.0
570,17166,0.19521607526013884,8.0
6959,301570,0.9230316055435542,1.0
6959,69790,0.7691728460002307,2.0
6959,293767,0.608292336267424,3.0
6959,482415,0.41380356188470935,4.0
6959,330041,0.3612041498217259,5.0
6959,88813,0.32884616152145973,6.0
6959,427726,0.24875520631637532,7.0
6959,266480,0.12679262619864123,10.0
6959,431814,0.15895548389936187,8.0
6959,231781,0.15461619580855143,9.0
90,56718,0.943401153568646,1.0
90,150219,0.6053020748982253,3.0
90,31793,0.6763293574565643,2.0
90,385073,0.5030174898690613,4.0
90,234436,0.3769336555665562,5.0
90,153541,0.2836692096423397,6.0
90,172594,0.11901175645475665,7.0
90,366830,0.030360896684181432,9.0
90,34731,0.05828190336028162,8.0
90,314898,0.024562453580655667,10.0
5064,2003,1.0,1.0
5064,455614,0.8291498005229339,2.0
5064,135514,0.5692130367132439,3.0
5064,192811,0.4534389072372994,4.0
5064,551423,0.37675308435842525,5.0
5064,414288,0.2772134460283015,6.0
5064,377223,0.27105909497594416,7.0
5064,393278,0.1125436785208376,9.0
5064,524888,0.06240023769363215,10.0
5064,176498,0.14266263725705616,8.0
4103,307380,0.971633299268496,1.0
4103,29073,0.9532402674859393,2.0
4103,577578,0.6778428512445397,3.0
4103,482415,0.5228240382694787,4.0
4103,175265,0.36457821627684717,5.0
4103,370879,0.24572887385866088,6.0
4103,163590,0.10975182598046167,7.0
4103,133093,0.06918774964445128,9.0
4103,169921,0.0315878899382499,10.0
4103,192193,0.10225101107997123,8.0
1198,56718,1.0,1.0
1198,232199,0.1523662176563683,2.0
1198,175272,0.14066833908729534,3.0
1198,103593,0.09949580305381099,5.0
1198,366761,0.07384408593631575,6.0
1198,105872,0.10003762986385514,4.0
1198,467390,0.06169851262305366,7.0
1198,352120,0.05182322612330463,9.0
1198,58937,0.05561032705654585,8.0
1198,434769,0.0,10.0
4539,32744,0.952162489145516,1.0
4539,61792,0.7887703540366727,2.0
4539,275925,0.415680892539966,3.0
4539,61346,0.3489459047047229,4.0
4539,370879,0.21846347672725386,8.0
4539,426461,0.255484392772293,6.0
4539,235522,0.21988381432373147,7.0
4539,440270,0.19482946568121282,9.0
4539,83330,0.2881459038390588,5.0
4539,572272,0.051169041933878834,10.0
9391,248158,0.9371155034574913,1.0
9391,136270,0.7448551553930736,3.0
9391,108859,0.7030924469723622,4.0
9391,136515,0.7846759134133584,2.0
9391,142631,0.5717819636183696,5.0
9391,301580,0.4301413192686574,6.0
9391,127263,0.18487448920494673,7.0
9391,105973,0.050821117203666694,10.0
9391,429579,0.09670821203567936,8.0
9391,163590,0.06494642337353997,9.0
4600,577578,0.9845336480373383,1.0
4600,61792,0.3512676009982572,3.0
4600,482415,0.44665855647602803,2.0
4600,257633,0.32483066778311187,4.0
4600,133093,0.2107698651764066,6.0
4600,76515,0.09675077271685917,9.0
4600,367137,0.22532677737272017,5.0
4600,214542,0.10044345576586042,8.0
4600,34925,0.11326111591237,7.0
4600,275257,0.06964238370513004,10.0
3735,125659,0.9464214705659594,1.0
3735,93231,0.9052480219239779,2.0
3735,537418,0.8317431029621336,3.0
3735,330041,0.5291690024867861,4.0
3735,344065,0.4304019210071691,6.0
3735,511093,0.33634024827770115,7.0
3735,32290,0.46866448452644965,5.0
3735,504996,0.3185588466597532,8.0
3735,266900,0.1550630033154427,9.0
3735,40447,0.0,10.0
5422,483299,0.8501645956329288,1.0
5422,108,0.6908953674645991,2.0
5422,55022,0.5790139097035027,3.0
5422,528034,0.5387092596354995,4.0
5422,81304,0.4728058853428874,5.0
5422,259081,0.42076107073147395,6.0
5422,579235,0.29210092726581705,7.0
5422,136270,0.2109003493691265,8.0
5422,22221,0.08895622513810962,10.0
5422,124219,0.1661552662972859,9.0
744,573276,0.9961926256715483,1.0
744,138845,0.533696995111151,2.0
744,409573,0.4654618357158163,3.0
744,171339,0.4202751333985977,5.0
744,289231,0.4242836715508973,4.0
744,273528,0.2842253444085826,6.0
744,172305,0.14196551628217538,9.0
744,350819,0.16684137585928446,7.0
744,120852,0.1417672750486012,10.0
744,118280,0.14209587226827802,8.0
515,372909,1.0,1.0
515,328341,0.8302660073537776,2.0
515,431685,0.5716793827336121,3.0
515,352838,0.4928562247540945,4.0
515,231614,0.31172171723818554,5.0
515,195081,0.18858640300407253,6.0
515,98112,0.08528843960303721,7.0
515,60443,0.06491713687046259,8.0
515,123733,0.016059522589234,10.0
515,360011,0.03218481877767263,9.0
2443,331253,0.910505956176312,1.0
2443,44609,0.8317198285700704,2.0
2443,305579,0.5264222129537648,3.0
2443,306800,0.49243384960127234,4.0
2443,446647,0.4181758420432182,5.0
2443,313437,0.1799492146450316,9.0
2443,426216,0.3453271015341217,6.0
2443,208051,0.18658390100020825,8.0
2443,305907,0.20463539003561954,7.0
2443,510130,0.05739294431733397,10.0
4265,157553,1.0,1.0
4265,392163,0.42548967835503393,2.0
4265,584273,0.3489789490569185,3.0
4265,149974,0.2999769059971602,4.0
4265,523158,0.06338503135460205,9.0
4265,140947,0.21614668584491392,5.0
4265,386229,0.06327019509459945,10.0
4265,575729,0.06498226999761451,8.0
4265,93881,0.16501560082637462,6.0
4265,577517,0.09937163783650935,7.0
4865,223032,0.8567889737353455,2.0
4865,370569,0.9749272609154664,1.0
4865,251824,0.5137767882655614,3.0
4865,435963,0.4969151152802036,4.0
4865,508821,0.40681005754857347,6.0
4865,481166,0.4108292034316318,5.0
4865,305117,0.2576982055295015,7.0
4865,110515,0.1299329965195272,8.0
4865,565698,0.03380238080802219,9.0
4865,585738,0.0016751588222199596,10.0
2968,187196,0.9212267223597755,1.0
2968,388646,0.8975052917115336,2.0
2968,242124,0.6449821378587798,3.0
2968,176498,0.18189300896649926,5.0
2968,198371,0.25378791741770884,4.0
2968,583640,0.1533113575450395,6.0
2968,280967,0.07922547544772832,8.0
2968,287991,0.08765467463853907,7.0
2968,455398,0.03152698785662071,10.0
2968,329757,0.04490025328591171,9.0
7221,305117,0.9158844236232734,2.0
7221,473809,0.9381418488728734,1.0
7221,481166,0.6600284933511862,3.0
7221,71873,0.5149671189501153,4.0
7221,537418,0.30070593842191895,5.0
7221,307315,0.09082944642797282,10.0
7221,81542,0.15296089624483722,7.0
7221,452175,0.1219251546579889,8.0
7221,570664,0.09894954085027566,9.0
7221,77652,0.19999999999999996,6.0
2407,2064,1.0,1.0
2407,78176,0.45830791532689774,2.0
2407,173929,0.45090881056730964,3.0
2407,516444,0.30777553301365174,4.0
2407,255491,0.20481357667562478,6.0
2407,273528,0.2422818824426591,5.0
2407,514425,0.14459426843956827,8.0
2407,367641,0.05625708415224224,9.0
2407,566480,0.18151458747025517,7.0
2407,63678,0.0,10.0
3039,136804,1.0,1.0
3039,467390,0.7936834573814338,2.0
3039,147080,0.5073230917190981,3.0
3039,387010,0.3310623966185356,4.0
3039,442110,0.24830801254010534,5.0
3039,483274,0.0759773241990064,10.0
3039,510409,0.17156301628255194,6.0
3039,106501,0.13921532780976464,7.0
3039,4947,0.10634897174896916,9.0
3039,398622,0.1385391516495038,8.0
1748,18001,1.0,1.0
1748,528564,0.5946368831933412,2.0
1748,418135,0.4322554495037665,3.0
1748,462892,0.376137793436269,4.0
1748,298427,0.3141587772673915,5.0
1748,429378,0.20008736491780887,6.0
1748,223206,0.1414815540025187,7.0
1748,517372,0.12806098707178853,8.0
1748,171780,0.03450863549363849,10.0
1748,124027,0.12390506705287664,9.0
10547,404339,1.0,1.0
10547,536120,0.4172659410512753,2.0
10547,272008,0.4166799315044809,3.0
10547,4666,0.15067140955423083,6.0
10547,597351,0.17829257441768726,5.0
10547,112714,0.21500266526737288,4.0
10547,32290,0.07980586760983907,8.0
10547,23609,0.12036639558054647,7.0
10547,392037,0.0060232397114034705,10.0
10547,491969,0.06275733657963405,9.0
10596,164008,0.9094446729767252,1.0
10596,284235,0.7856239328998206,3.0
10596,208070,0.8145563061778265,2.0
10596,413041,0.6435019397199475,4.0
10596,316838,0.6000885131180402,5.0
10596,494727,0.2856567402657633,7.0
10596,394244,0.2863935831072559,6.0
10596,127452,0.14369191360817024,8.0
10596,69197,0.05384085033336943,9.0
10596,169062,0.044631802985288654,10.0
5061,352838,0.8831889136604939,1.0
5061,242124,0.7415255448236284,2.0
5061,329757,0.6571427065056564,3.0
5061,447353,0.5179065680253547,5.0
5061,149974,0.5675837131258084,4.0
5061,380863,0.4853991117820209,6.0
5061,261189,0.44013084358486776,7.0
5061,46755,0.4016119422726322,8.0
5061,158845,0.10917071510558185,9.0
5061,287991,0.0767473791123601,10.0
853,510373,0.9174909513826249,2.0
853,510409,0.9933877172666521,1.0
853,314984,0.8263855391851213,3.0
853,106501,0.6733547341475382,4.0
853,263361,0.26736169139028537,5.0
853,131996,0.13609742197737434,9.0
853,72402,0.16593745943912216,7.0
853,150219,0.13946841779342253,8.0
853,582864,0.18757399907111885,6.0
853,303929,0.00445431330836493,10.0
6803,544053,1.0,1.0
6803,193012,0.6552823821746879,2.0
6803,42620,0.3672277217343834,3.0
6803,316045,0.0965500525212457,7.0
6803,271243,0.13865713984619005,5.0
6803,10703,0.10983003361385955,6.0
6803,142726,0.16633524432899968,4.0
6803,78675,0.07233345726072862,9.0
6803,60355,0.08894573000327939,8.0
6803,272784,0.029706358654586932,10.0
6644,187497,1.0,1.0
6644,572842,0.7275558631780833,3.0
6644,308837,0.7440683120778783,2.0
6644,426216,0.6618840907076783,5.0
6644,578954,0.6787467718912328,4.0
6644,305907,0.49459656413680875,6.0
6644,293687,0.41750336175589,8.0
6644,373271,0.418296218916299,7.0
6644,31793,0.14791372170223407,9.0
6644,238421,0.028161453797984792,10.0
699,107092,1.0,1.0
699,169688,0.7379937640007288,2.0
699,68357,0.5174982925422331,4.0
699,446679,0.5307356895614027,3.0
699,385658,0.11198032921749008,7.0
699,472924,0.1828331061773435,5.0
699,521010,0.16688382632381105,6.0
699,586920,0.0372729888869657,10.0
699,414598,0.04415917516261314,9.0
699,96538,0.07387831519250322,8.0
549,214024,1.0,1.0
549,67167,0.6953438205214748,2.0
549,446647,0.41712675236370944,4.0
549,546020,0.4676648154443623,3.0
549,73427,0.3345513618505804,5.0
549,547301,0.1782244176597006,6.0
549,563025,0.12192687826940357,8.0
549,397449,0.1064267965502346,9.0
549,449630,0.14966607765109677,7.0
549,443795,0.10642237319487632,10.0
904,415514,1.0,1.0
904,85229,0.7402186592258401,2.0
904,433905,0.4620076893523563,3.0
904,120852,0.4014968580909647,4.0
904,101369,0.18886353126333896,5.0
904,359579,0.09413835548984387,8.0
904,169824,0.1054456043999098,7.0
904,320579,0.10684860168360333,6.0
904,75235,0.010568224941706273,10.0
904,29360,0.015414835602345571,9.0
2590,583635,0.9053423538516273,1.0
2590,296528,0.4637683498544993,2.0
2590,55999,0.3682896593054914,3.0
2590,307095,0.17840086645999634,5.0
2590,209493,0.24304684511757724,4.0
2590,106424,0.09688955512640716,7.0
2590,471964,0.10907105027161734,6.0
2590,387010,0.011748045907460437,10.0
2590,26203,0.09291848773569872,8.0
2590,454222,0.07522941469542314,9.0
1451,538005,1.0,1.0
1451,559482,0.414313849323389,4.0
1451,98112,0.5641349792937013,2.0
1451,377571,0.4418193352730232,3.0
1451,313437,0.3087802195274011,5.0
1451,94689,0.29768671073537684,6.0
1451,433809,0.24529654693696978,7.0
1451,522481,0.09613161027504491,10.0
1451,51729,0.1009877585731693,8.0
1451,440910,0.10010629402533196,9.0
5790,469776,0.8729854287930832,1.0
5790,97348,0.7342003006319741,2.0
5790,101369,0.4828055000278304,4.0
5790,363810,0.3379393463055879,5.0
5790,141738,0.489512791922225,3.0
5790,241136,0.232400715795982,6.0
5790,305287,0.12928846259103471,7.0
5790,277353,0.06350442848369717,8.0
5790,149305,0.04910762443640089,9.0
5790,75235,0.007245715999610714,10.0
7295,435125,0.8808093485853172,1.0
7295,403755,0.3044576622560614,2.0
7295,93971,0.23700204080917384,4.0
7295,193398,0.21623896617728106,6.0
7295,39478,0.302923430286061,3.0
7295,513258,0.23612648029083758,5.0
7295,456470,0.16232593028277859,8.0
7295,115553,0.18449268347681888,7.0
7295,3118,0.13347375273978995,9.0
7295,102436,0.0,10.0
5083,142876,0.9931790323678626,1.0
5083,13975,0.5886435351289852,2.0
5083,368802,0.5608056471713372,3.0
5083,433197,0.1150727136043364,4.0
5083,333184,0.0791514466486864,8.0
5083,21103,0.0,10.0
5083,579473,0.09486596440225653,7.0
5083,305360,0.03021502925503128,9.0
5083,20958,0.10228081205913593,6.0
5083,19183,0.11476022765395068,5.0
7936,363043,0.9575156133356634,1.0
7936,336541,0.925500195806942,2.0
7936,293767,0.6424618660354856,3.0
7936,320101,0.6048227509431452,4.0
7936,43087,0.5632303281307671,5.0
7936,561884,0.5467080996078627,6.0
7936,416307,0.36443856761334104,7.0
7936,187404,0.26609029111981974,8.0
7936,127585,0.10320810316400253,9.0
7936,214003,0.05020968434594849,10.0
8296,78675,1.0,1.0
8296,79998,0.6065008748036602,2.0
8296,146315,0.07152459351425065,6.0
8296,180571,0.06681940132023079,7.0
8296,26203,0.07834463382315364,5.0
8296,371720,0.08621968419367568,3.0
8296,61962,0.08155104727458187,4.0
8296,392037,0.04401857398882511,8.0
8296,99757,0.005868933234920546,10.0
8296,3118,0.04200252532097769,9.0
475,431685,0.9839204362185965,1.0
475,88124,0.8172618011987052,2.0
475,366761,0.616360515968111,3.0
475,232199,0.3156153336607665,4.0
475,60637,0.051024269471356035,9.0
475,328341,0.16054943482481432,6.0
475,352640,0.17075786277374766,5.0
475,232563,0.12187879261807674,8.0
475,433,0.027980566296870617,10.0
475,372909,0.1403258268926499,7.0
3759,384631,0.8378891913087715,1.0
3759,152250,0.3647483496075137,4.0
3759,105634,0.3832209625704398,3.0
3759,414188,0.4118710420115466,2.0
3759,101369,0.2725236850401839,5.0
3759,445794,0.17792145268691345,9.0
3759,405217,0.23991155578151196,6.0
3759,264800,0.1952715953030661,8.0
3759,130877,0.21133143146959976,7.0
3759,146181,0.15991481366552038,10.0
4615,596196,0.971194922385786,1.0
4615,425595,0.9227840567655217,2.0
4615,69523,0.7887082366714706,3.0
4615,496427,0.7139018168624389,4.0
4615,261900,0.6601048016410914,5.0
4615,226060,0.534657100890208,6.0
4615,421365,0.5090887870744,7.0
4615,19179,0.3367794907138346,8.0
4615,341493,0.025305027004560256,9.0
4615,15891,0.0,10.0
8874,403025,1.0,1.0
8874,251704,0.41124903852821815,2.0
8874,527231,0.28728743500415904,3.0
8874,66631,0.1396144555845538,4.0
8874,357685,0.0632392393078396,8.0
8874,370569,0.08497242128172178,7.0
8874,556976,0.031230383825642728,10.0
8874,349160,0.05260618550832026,9.0
8874,319793,0.08771051677200421,5.0
8874,571362,0.0851952416638483,6.0
26,399013,0.9134768964536215,1.0
26,528132,0.5188975575504493,2.0
26,409611,0.3942762196894119,4.0
26,565330,0.3631683305559508,6.0
26,563025,0.4737534275924699,3.0
26,2064,0.3645299556134364,5.0
26,401254,0.21517113782049602,7.0
26,452544,0.07894985498918158,9.0
26,367641,0.15390686690941063,8.0
26,71898,0.06952520309660107,10.0
3875,249859,1.0,1.0
3875,136315,0.6522192744194839,2.0
3875,442110,0.42546560111462944,3.0
3875,571258,0.39373314242574464,4.0
3875,158185,0.3044842127567979,5.0
3875,426570,0.30023550392810844,6.0
3875,76515,0.14703069706486732,7.0
3875,143100,0.035480713843206446,9.0
3875,518406,0.07699295815101999,8.0
3875,414288,0.0,10.0
6835,159703,0.8874859649303793,1.0
6835,246221,0.6137638570760113,3.0
6835,149305,0.6319944526732536,2.0
6835,195767,0.5048875712242179,4.0
6835,403755,0.27804593681332834,5.0
6835,592636,0.18792063426501773,6.0
6835,108721,0.1559720771640203,8.0
6835,238629,0.15906393245020795,7.0
6835,196427,0.12331154633023714,9.0
6835,467575,0.042111671308363144,10.0
4433,301580,0.9687235186532959,1.0
4433,172703,0.7056772281619113,2.0
4433,539263,0.6380878568743451,3.0
4433,297290,0.5995328654443071,4.0
4433,21311,0.3737742541946502,5.0
4433,379311,0.3262419320127552,6.0
4433,453542,0.14518790172680518,9.0
4433,451855,0.16034501327706602,8.0
4433,146181,0.19739260367337513,7.0
4433,536120,0.08146404249885159,10.0
5374,115553,0.8553248573508531,2.0
5374,92267,0.999061668881059,1.0
5374,251704,0.3382386853708733,3.0
5374,44601,0.23602824423250912,5.0
5374,60175,0.2647157213240853,4.0
5374,294295,0.06747330690564866,10.0
5374,99857,0.2184793057605316,6.0
5374,537418,0.2045978524164542,7.0
5374,576564,0.18757362481283604,8.0
5374,186453,0.15883366978831928,9.0
6221,529551,0.9619903979705089,1.0
6221,551423,0.901623932174132,2.0
6221,240261,0.5383205227732105,3.0
6221,128698,0.3603545266756514,5.0
6221,270856,0.40085120983533806,4.0
6221,66901,0.12902497306559949,9.0
6221,578488,0.20146245312895358,8.0
6221,384626,0.2733981472165234,6.0
6221,405352,0.21468123545486525,7.0
6221,494753,0.04134916124940539,10.0
672,593283,1.0,1.0
672,563025,0.7827631661619061,2.0
672,213370,0.6627335303998261,3.0
672,40966,0.6343537033055929,4.0
672,273947,0.6284296114729023,5.0
672,15824,0.5550225814848264,6.0
672,67167,0.3235370271137828,7.0
672,170141,0.12581043921717916,9.0
672,201800,0.039191315743375726,10.0
672,494689,0.12912371537851666,8.0
2593,231614,0.934720100726956,1.0
2593,169688,0.21132831179422099,6.0
2593,147343,0.3331758286127946,2.0
2593,73427,0.20574889697031823,7.0
2593,528132,0.30165216030518754,3.0
2593,399013,0.1676635449616789,8.0
2593,387573,0.21170484718109245,5.0
2593,449630,0.24881345773783498,4.0
2593,394460,0.07992797892439754,10.0
2593,171339,0.09282589906151202,9.0
4019,287991,0.984019669267551,1.0
4019,553288,0.9317339715265079,2.0
4019,332749,0.7835415866548873,3.0
4019,94423,0.1613966419793678,8.0
4019,561056,0.26005381287142254,5.0
4019,448699,0.21723377789069948,6.0
4019,377223,0.2859179131807691,4.0
4019,126134,0.05427909624201343,10.0
4019,1164,0.08596019652694216,9.0
4019,468879,0.1791319357075667,7.0
7205,370569,0.932343215648055,1.0
7205,159966,0.8147509100346819,2.0
7205,186453,0.355581722734304,3.0
7205,100103,0.29443037397847915,4.0
7205,62151,0.2386090899320543,6.0
7205,565926,0.26476952778451157,5.0
7205,336541,0.11084804264709096,8.0
7205,442048,0.13467228386552893,7.0
7205,558370,0.023646869783303603,10.0
7205,12432,0.06536385403322896,9.0
6611,329425,0.8565008979140377,2.0
6611,293679,0.994117518301722,1.0
6611,142631,0.47070305167795173,3.0
6611,39819,0.21271462748828837,6.0
6611,81304,0.25362845028069453,5.0
6611,198764,0.3382307504974986,4.0
6611,297290,0.16434376073687998,7.0
6611,17208,0.11683330966064479,8.0
6611,112208,0.11652240708711607,9.0
6611,345533,0.0,10.0
7911,131996,0.9774529645680362,1.0
7911,57711,0.815164618504988,2.0
7911,553304,0.23701222191180749,3.0
7911,69197,0.19847078425397516,4.0
7911,386173,0.11828786704993162,7.0
7911,506617,0.19019074865823174,5.0
7911,597401,0.12174276415782276,6.0
7911,543714,0.08734442372867067,9.0
7911,116647,0.046965536549014114,10.0
7911,385574,0.09745144117170157,8.0
7463,577951,1.0,1.0
7463,387277,0.8400176803624456,2.0
7463,176498,0.7141201857735952,3.0
7463,423403,0.534895967239963,4.0
7463,565698,0.3095229401265006,5.0
7463,328086,0.14030432610240318,9.0
7463,350145,0.17234998650536582,6.0
7463,216384,0.16718875920010284,7.0
7463,188015,0.11581177514204517,10.0
7463,528034,0.1514459434570554,8.0
4999,9938,1.0,1.0
4999,305117,0.3994236400989984,2.0
4999,46211,0.3144233920514524,3.0
4999,350680,0.2465077357223176,4.0
4999,216327,0.15799577724353142,5.0
4999,411061,0.11914272874068194,7.0
4999,406185,0.1328735959936859,6.0
4999,13657,0.0529000561833749,8.0
4999,580920,0.0226310637501947,10.0
4999,222153,0.034807680574070986,9.0
7344,14368,1.0,1.0
7344,418150,0.6283644826697565,2.0
7344,327978,0.29993126058567576,3.0
7344,392851,0.22394031310737617,4.0
7344,301224,0.1000783783997744,6.0
7344,39247,0.1544676330227705,5.0
7344,527231,0.08667818469231435,7.0
7344,72652,0.08128321714316764,8.0
7344,58753,0.010679131682118042,10.0
7344,266319,0.06262597390016221,9.0
7705,377429,0.9266273086711644,1.0
7705,539263,0.7209849539790788,2.0
7705,480315,0.5182008187651774,3.0
7705,467575,0.4325308619592467,4.0
7705,172703,0.3715299770569031,6.0
7705,536120,0.4106665258290544,5.0
7705,87722,0.2809414624832962,7.0
7705,345199,0.07661797443269246,10.0
7705,96926,0.16715865565625848,8.0
7705,387277,0.12918135025954638,9.0
1815,372909,0.9515439820931618,2.0
1815,446928,0.9603305414038551,1.0
1815,363591,0.8963073799468517,3.0
1815,432080,0.7993610996777124,4.0
1815,88124,0.6298374430127293,5.0
1815,457701,0.531268838897266,6.0
1815,328341,0.4371019809246731,7.0
1815,528522,0.3481041939543076,8.0
1815,539133,0.30872186785344125,9.0
1815,459677,0.0,10.0
7467,193312,1.0,1.0
7467,371720,0.8658595770714113,2.0
7467,26203,0.4190407080635768,4.0
7467,457532,0.4647858744400673,3.0
7467,55999,0.26378743300127655,7.0
7467,428017,0.28843729928866635,5.0
7467,435963,0.2780810596586494,6.0
7467,431814,0.05288270913632448,9.0
7467,253024,0.05721963069834343,8.0
7467,99757,0.009492309163859692,10.0
8013,198349,0.8849721163324744,1.0
8013,383978,0.7150489024685758,2.0
8013,374151,0.5846046491337762,3.0
8013,244433,0.5434590574151716,4.0
8013,251824,0.4403408022826408,5.0
8013,241101,0.4321580719273128,6.0
8013,398123,0.28563041922288723,7.0
8013,31793,0.04404624222028422,10.0
8013,498378,0.17659492612058156,8.0
8013,588247,0.06605949260835982,9.0
1415,66246,0.9292831789604016,1.0
1415,306144,0.824614922951734,2.0
1415,393953,0.8225215187773214,3.0
1415,591940,0.6837684359796226,5.0
1415,387165,0.8022170954555828,4.0
1415,583956,0.4872058994859737,6.0
1415,110515,0.13854295712225667,8.0
1415,318266,0.14101760686445114,7.0
1415,183612,0.08877702466769516,9.0
1415,232063,0.07386283446918541,10.0
7758,480315,0.8771579419760416,1.0
7758,574327,0.8414565315227975,2.0
7758,69696,0.37631230491689693,4.0
7758,112714,0.43633259621769904,3.0
7758,379311,0.07888807503919544,6.0
7758,122432,0.08201906829673708,5.0
7758,322826,0.0766348536129786,7.0
7758,112208,0.009139953483525335,10.0
7758,17923,0.0406310108224674,8.0
7758,172703,0.015314175497027271,9.0
1915,306144,0.9356619779728574,1.0
1915,182168,0.8098006678478575,2.0
1915,78176,0.4184350662036462,6.0
1915,393953,0.6100430110137072,3.0
1915,140038,0.47376508684031976,4.0
1915,583956,0.4449080183369828,5.0
1915,318266,0.3413327027322043,7.0
1915,66246,0.23682434298430327,8.0
1915,505580,0.03273976253945157,10.0
1915,591940,0.12072843309074274,9.0
4415,108859,0.8,1.0
4415,32744,0.7462174135851575,2.0
4415,61792,0.6417885905528182,3.0
4415,370879,0.4705164803248281,5.0
4415,14926,0.5064087115868962,4.0
4415,244427,0.4119276272362118,6.0
4415,399751,0.344483310323058,8.0
4415,147646,0.38547327817445043,7.0
4415,309550,0.21386993344042132,9.0
4415,235522,0.06928180049427196,10.0
10482,201495,0.982983327701513,1.0
10482,439757,0.9565967160721759,2.0
10482,387277,0.5398887615035307,3.0
10482,518379,0.3967794351976856,4.0
10482,175821,0.27747596892548376,5.0
10482,142696,0.1711764872256076,7.0
10482,535317,0.07981063069096958,9.0
10482,364575,0.009161975234119128,10.0
10482,72402,0.09175350171364458,8.0
10482,34925,0.18426964536770082,6.0
2296,119298,0.9841439654402789,1.0
2296,279897,0.716597133027757,2.0
2296,460357,0.33857450969306857,4.0
2296,396853,0.4093409762403546,3.0
2296,577201,0.30124681745309057,5.0
2296,410119,0.1543139011998529,7.0
2296,275410,0.10650727846823271,9.0
2296,120090,0.14995435046617456,8.0
2296,169688,0.08298763237925785,10.0
2296,175982,0.19999999999999996,6.0
6787,58290,0.873232061398209,1.0
6787,456436,0.8325982563985768,2.0
6787,124230,0.7050798240038186,3.0
6787,457294,0.4794745909591247,4.0
6787,261189,0.4101581146920282,5.0
6787,220022,0.1870332799947252,8.0
6787,382381,0.19655149666139632,7.0
6787,552707,0.17854219445149394,9.0
6787,309555,0.019625844073931614,10.0
6787,223070,0.19999999999999996,6.0
2857,117451,1.0,1.0
2857,123659,0.5546905116483561,3.0
2857,590917,0.5631554001025147,2.0
2857,295864,0.37424565072271576,5.0
2857,19606,0.36339666558532024,6.0
2857,60175,0.4181317963814708,4.0
2857,348733,0.0973359383682963,8.0
2857,464502,0.06676608556294228,9.0
2857,581038,0.20333950562111347,7.0
2857,482335,0.001352075536794523,10.0
753,114418,1.0,1.0
753,51729,0.8101930197769259,2.0
753,581509,0.6351317905829467,3.0
753,72046,0.2985983868120737,5.0
753,466718,0.3537312550670862,4.0
753,504255,0.2352154542619166,6.0
753,297290,0.07217658265005382,9.0
753,125355,0.1273344288450618,8.0
753,177648,0.16363878519590844,7.0
753,61792,0.025183807107520134,10.0
2676,55666,1.0,1.0
2676,13975,0.6777109591385023,2.0
2676,264408,0.5368015539188526,3.0
2676,44110,0.5046421661499486,4.0
2676,182168,0.4988352467013533,5.0
2676,313171,0.26217060267540465,6.0
2676,244749,0.14400998843216586,7.0
2676,218845,0.12836533511012915,8.0
2676,279897,0.10616605402546717,9.0
2676,196427,0.05680033553488606,10.0
7456,164008,0.9556807198479679,1.0
7456,494727,0.9488039055053592,2.0
7456,284235,0.7052651107774102,3.0
7456,169062,0.5129651721222472,5.0
7456,413041,0.3647530556379553,7.0
7456,316838,0.4901149016889858,6.0
7456,112714,0.5132069443915112,4.0
7456,69197,0.3086717054563131,8.0
7456,127452,0.2647516199362374,9.0
7456,394244,0.19999999999999996,10.0
2579,524471,1.0,1.0
2579,280838,0.7034829593299945,2.0
2579,229809,0.6200035513644488,3.0
2579,570155,0.3303862325307624,5.0
2579,263481,0.3846142504359485,4.0
2579,197052,0.27509132101251227,6.0
2579,55064,0.1741384511198904,7.0
2579,579473,0.1443363608785011,8.0
2579,566480,0.06573251891624976,9.0
2579,410119,0.0,10.0
687,506831,0.943091883408194,1.0
687,342258,0.5472852172040036,2.0
687,449630,0.3141338292456023,4.0
687,214024,0.2403170164888484,6.0
687,478186,0.3151483229884947,3.0
687,579473,0.3110606581898118,5.0
687,406457,0.22447152705333165,7.0
687,508895,0.1248225258303153,8.0
687,494926,0.007201762887267087,10.0
687,16670,0.09926759450714259,9.0
2445,431685,1.0,1.0
2445,328341,0.3840657077101496,2.0
2445,352838,0.33389655185245404,3.0
2445,372909,0.28812712448640154,5.0
2445,366761,0.29507436406594767,4.0
2445,195081,0.06478640623346738,8.0
2445,88124,0.09880209902983424,6.0
2445,114418,0.0910202708375133,7.0
2445,360011,0.019041334586094708,10.0
2445,539133,0.052038046457979846,9.0
2885,17651,0.9091500780582035,1.0
2885,460398,0.6336685308822881,2.0
2885,429579,0.5584436175272377,3.0
2885,516444,0.5572681420927359,4.0
2885,102081,0.5411036348955879,5.0
2885,540539,0.36100529486583377,8.0
2885,118730,0.4776951512299649,6.0
2885,279865,0.3981955328736152,7.0
2885,101453,0.05366904599978657,10.0
2885,167356,0.08282696452127972,9.0
5264,431814,0.9041623423948588,1.0
5264,42438,0.3168755461613637,4.0
5264,52579,0.5073545747714734,2.0
5264,505694,0.33034137416481535,3.0
5264,114439,0.09992811909163607,6.0
5264,580920,0.20846320816119968,5.0
5264,481166,0.07493736714795193,9.0
5264,400841,0.08580622947371958,8.0
5264,371720,0.08686223744633789,7.0
5264,186453,0.051513678857320014,10.0
7633,494727,1.0,1.0
7633,284235,0.7839930728990772,2.0
7633,164008,0.5277347859868652,3.0
7633,175831,0.4898098124007052,4.0
7633,228983,0.44829477620086455,5.0
7633,413041,0.2546133758072036,6.0
7633,112714,0.17333705241923641,9.0
7633,127452,0.20959054579413178,7.0
7633,31465,0.06920438331337497,10.0
7633,394244,0.18756432569671228,8.0
9291,17208,1.0,1.0
9291,480315,0.5617617630909137,2.0
9291,536120,0.5343998661117628,3.0
9291,377429,0.46402190928998954,4.0
9291,539263,0.300316447616921,5.0
9291,423658,0.16300341592175524,7.0
9291,172703,0.1688242439944514,6.0
9291,345199,0.07760713561352539,8.0
9291,61022,0.012829087274760564,10.0
9291,328086,0.031182941767948766,9.0
4640,331534,1.0,1.0
4640,367785,0.4899011198400013,2.0
4640,104788,0.40052602691139405,3.0
4640,183612,0.2975353667646153,5.0
4640,526110,0.29284596645518723,6.0
4640,298099,0.35520532508500996,4.0
4640,454810,0.23956002909346735,8.0
4640,153541,0.2700191697727338,7.0
4640,49797,0.0747298289659748,10.0
4640,468923,0.08996294851373086,9.0
939,366761,0.9330787412631514,1.0
939,466084,0.27787491610201276,4.0
939,31793,0.31616774637104966,3.0
939,392434,0.35300844067922127,2.0
939,55666,0.08810419111179703,7.0
939,19183,0.1601156750901852,5.0
939,565181,0.1022467690967171,6.0
939,467575,0.030210820575734376,10.0
939,115333,0.0774202964751351,9.0
939,250702,0.08436010890007796,8.0
1306,387022,0.991688176435852,1.0
1306,266952,0.6482355776103267,2.0
1306,594206,0.440024447800735,3.0
1306,472243,0.39552508666523195,4.0
1306,447353,0.23535172865059203,5.0
1306,410119,0.15825392838931998,7.0
1306,460457,0.19328941406399858,6.0
1306,18003,0.07902347706483352,8.0
1306,372204,0.019038881088565253,10.0
1306,583203,0.07388810892983122,9.0
8475,104793,0.9484580421532042,1.0
8475,494655,0.8941025248760927,2.0
8475,240562,0.6476787736230838,3.0
8475,21311,0.40203010956531166,4.0
8475,437427,0.3695983020269674,5.0
8475,361028,0.15294010055959192,8.0
8475,51615,0.15345292894982224,7.0
8475,444107,0.21867489014108069,6.0
8475,72402,0.04364880624479641,10.0
8475,174335,0.04981028685177654,9.0
6807,332567,1.0,1.0
6807,402466,0.24297521643659784,2.0
6807,187583,0.1717624604895512,4.0
6807,459351,0.19070048800722844,3.0
6807,535697,0.1438002099203107,5.0
6807,59714,0.10934622240429845,6.0
6807,211622,0.07155508173369785,7.0
6807,11184,0.02797842956847131,9.0
6807,565765,0.03261261781979182,8.0
6807,93971,0.015400587757988587,10.0
5228,259476,1.0,1.0
5228,158732,0.831941033771735,2.0
5228,131774,0.7997310284946497,3.0
5228,331534,0.6712877294442702,5.0
5228,341947,0.6763019101807726,4.0
5228,366594,0.3577251481425243,6.0
5228,140038,0.32369890099524173,7.0
5228,156194,0.1191980873648069,9.0
5228,352120,0.15496810723991514,8.0
5228,414534,0.0,10.0
2856,108739,0.8836731472464359,1.0
2856,296769,0.8075712352720155,2.0
2856,346042,0.801183260494876,3.0
2856,219033,0.6233777690358597,4.0
2856,361028,0.49389874181526294,5.0
2856,23340,0.3122583766603007,6.0
2856,386173,0.17921357715912237,9.0
2856,231727,0.25937070900149667,7.0
2856,110848,0.25178989313181155,8.0
2856,213331,0.10839957727227378,10.0
3791,212222,1.0,1.0
3791,301570,0.14203199165302968,3.0
3791,521641,0.11411335484679586,6.0
3791,10790,0.12986617923050647,5.0
3791,197494,0.11365496076699605,7.0
3791,482415,0.16033664130458625,2.0
3791,572272,0.061661855767833305,10.0
3791,34925,0.08252201450309002,9.0
3791,440270,0.10003201421235813,8.0
3791,577201,0.1334236255298603,4.0
4514,1642,0.9325322212904057,2.0
4514,156211,0.9971625974292823,1.0
4514,426270,0.6693079710824031,3.0
4514,317429,0.5886349425372873,4.0
4514,352485,0.4819864397950637,5.0
4514,197222,0.18527908508442487,6.0
4514,117451,0.12995790379376368,7.0
4514,565782,0.11262910830198704,9.0
4514,514417,0.1291342239229175,8.0
4514,134722,0.0,10.0
6122,496166,1.0,1.0
6122,118280,0.1822782027026433,3.0
6122,117274,0.18371753421785375,2.0
6122,305509,0.18013666699115793,4.0
6122,42533,0.1494225192942462,5.0
6122,219504,0.10566817349242442,6.0
6122,283072,0.02384101719053955,10.0
6122,428829,0.0715913780940523,7.0
6122,39819,0.037505725479254994,9.0
6122,102081,0.049161857501918635,8.0
8832,108059,0.8127798624333382,2.0
8832,94689,0.9929915605921755,1.0
8832,597351,0.43143894713766273,3.0
8832,268289,0.31911748055077804,5.0
8832,170594,0.33242310149540044,4.0
8832,133093,0.2605585293051516,6.0
8832,259317,0.19391754646321716,7.0
8832,234103,0.02889979134506329,8.0
8832,195767,0.01023912646437512,9.0
8832,387141,0.0,10.0
7145,301580,1.0,1.0
7145,379311,0.7653664676672777,2.0
7145,62966,0.2685099405024786,4.0
7145,297290,0.3685763492314331,3.0
7145,451855,0.181971456037182,7.0
7145,471964,0.19618392188982994,5.0
7145,453542,0.02249168987717997,10.0
7145,387277,0.05283340120233678,9.0
7145,81458,0.18862254367148867,6.0
7145,172703,0.05371562741862559,8.0
7674,164008,0.8863425397981205,2.0
7674,249279,0.9010932275993082,1.0
7674,367641,0.4190552968741324,5.0
7674,89460,0.5013420353310941,3.0
7674,65120,0.4423466798833158,4.0
7674,494295,0.35348161450598414,6.0
7674,223206,0.23178238630113057,7.0
7674,452870,0.12179645318047749,8.0
7674,172443,0.04021362689689771,9.0
7674,2064,0.0,10.0
8202,115553,0.8989187953517485,2.0
8202,92267,0.9766213265144562,1.0
8202,251704,0.3950353928769787,3.0
8202,514500,0.3566154875063492,4.0
8202,60175,0.25662617214029587,7.0
8202,99857,0.2915796144827432,5.0
8202,186453,0.2576352692100114,6.0
8202,31465,0.15175488930316303,9.0
8202,59714,0.1598301847705669,8.0
8202,265213,0.0,10.0
3682,233497,0.8,2.0
3682,329662,0.9875450914558859,1.0
3682,426223,0.737580201778715,3.0
3682,537418,0.7367788091986522,4.0
3682,388613,0.596572440584898,6.0
3682,336018,0.697141873182795,5.0
3682,27401,0.5127412441619236,7.0
3682,281707,0.1931959032445977,8.0
3682,55022,0.07658346935330772,10.0
3682,330041,0.14684945146277906,9.0
3446,323498,1.0,1.0
3446,211839,0.9178325578806795,2.0
3446,31550,0.7761792801486875,3.0
3446,505027,0.6820244679447524,4.0
3446,367785,0.4824576778943519,5.0
3446,204176,0.40690398008307177,6.0
3446,366685,0.35017162161080906,7.0
3446,157702,0.19866258637742706,8.0
3446,241099,0.14665014251860287,9.0
3446,511386,0.09319592705818898,10.0
7592,40966,0.9734298651931828,1.0
7592,273947,0.7210751728237413,2.0
7592,593283,0.5363008683442618,3.0
7592,170141,0.3437968879831351,6.0
7592,208219,0.4793476685944138,4.0
7592,563025,0.4111091622291434,5.0
7592,73427,0.25179277181934145,8.0
7592,213370,0.2843636248635031,7.0
7592,15824,0.22144142313611942,9.0
7592,198349,0.0,10.0
6715,13732,0.9835870980859784,1.0
6715,568526,0.69245589381955,2.0
6715,275902,0.3585925238159576,3.0
6715,193312,0.35231787691210753,4.0
6715,518563,0.21738610171675266,5.0
6715,51729,0.1526292867058824,7.0
6715,457294,0.13460701272067568,8.0
6715,149306,0.1664832967413182,6.0
6715,526110,0.10358662969147706,10.0
6715,113619,0.10834435375839542,9.0
2264,534454,0.9763257872899502,1.0
2264,556976,0.41745755737202134,3.0
2264,244104,0.47956198252229715,2.0
2264,350819,0.2786204145241022,5.0
2264,588247,0.19152342688975726,6.0
2264,488574,0.3053450824685997,4.0
2264,31793,0.15176169992824318,8.0
2264,352838,0.11848101686482318,9.0
2264,450808,0.11803624874679954,10.0
2264,498834,0.1677474398712059,7.0
6121,315275,0.9374639350190799,1.0
6121,289231,0.8995940604713415,2.0
6121,523158,0.35010372806159706,3.0
6121,184175,0.3394281084323506,4.0
6121,333184,0.2269094804047352,7.0
6121,524801,0.27955950355277726,5.0
6121,235545,0.25263208317135916,6.0
6121,570964,0.16747452051356354,8.0
6121,171339,0.14828025845165085,9.0
6121,344573,0.10838657252555561,10.0
3453,418626,0.9952311221648502,1.0
3453,156211,0.7273047808647687,2.0
3453,1642,0.49080163032800794,3.0
3453,296516,0.1664382788874808,6.0
3453,233635,0.33297596165240206,4.0
3453,317429,0.1727957072245362,5.0
3453,352485,0.10227560636431163,8.0
3453,565782,0.07895282745268316,9.0
3453,337764,0.0551319004893615,10.0
3453,209804,0.1173252108270834,7.0
6985,561884,0.8050952776245593,1.0
6985,149305,0.5498467931103537,3.0
6985,456436,0.6194731115971792,2.0
6985,78029,0.3542851968647619,4.0
6985,403755,0.22909275596100007,6.0
6985,538023,0.24236739514992656,5.0
6985,464533,0.15392682005495187,8.0
6985,196427,0.17748886979838976,7.0
6985,54584,0.12572682639192118,9.0
6985,587120,0.060887275204920696,10.0
2181,77245,0.8519512999159627,3.0
2181,234436,0.8613250743146681,2.0
2181,470289,0.9161615315726377,1.0
2181,136315,0.23909015664493852,7.0
2181,101604,0.32998977668873586,4.0
2181,288189,0.23530790775282562,8.0
2181,391988,0.24940414479241585,5.0
2181,56718,0.24399418393189168,6.0
2181,555732,0.1222933641363856,9.0
2181,499782,0.0,10.0
8532,40702,0.8836459576249525,2.0
8532,416307,0.9884097224130219,1.0
8532,427726,0.7012064504591827,3.0
8532,543714,0.6340074197069568,5.0
8532,42438,0.6710230286784672,4.0
8532,344372,0.44775624236016454,6.0
8532,125355,0.28287777301585737,7.0
8532,483299,0.24858489978103793,8.0
8532,100103,0.11305390628065598,10.0
8532,6574,0.16388047535279704,9.0
4312,222639,0.9416665948166743,1.0
4312,282435,0.9100653351725396,2.0
4312,167950,0.7653255941077814,3.0
4312,324779,0.19731980315447983,6.0
4312,507284,0.24823670844668805,5.0
4312,116647,0.2522305600571336,4.0
4312,218759,0.118491405863342,7.0
4312,535998,0.037961293316649485,10.0
4312,228341,0.10280299054882938,9.0
4312,535651,0.11364381745551519,8.0
9108,415976,0.8,1.0
9108,123702,0.7985034110256293,2.0
9108,133468,0.38396030539499737,4.0
9108,258291,0.5507684623134628,3.0
9108,461592,0.3785672319417034,5.0
9108,579763,0.34859763144105177,6.0
9108,472051,0.15938938710248646,9.0
9108,298128,0.17122447557124315,8.0
9108,305579,0.0665077725918363,10.0
9108,22221,0.17826739221265545,7.0
8116,433032,1.0,1.0
8116,319793,0.78833085741867,2.0
8116,236482,0.5273273174144324,3.0
8116,182297,0.31621360540875587,5.0
8116,533457,0.37073919335298966,4.0
8116,403186,0.15881504010358707,7.0
8116,433197,0.22525201949093931,6.0
8116,38711,0.08609145485107306,9.0
8116,374867,0.1047041602748689,8.0
8116,314478,0.04276968928927278,10.0
9403,243148,0.8204708002566733,1.0
9403,228403,0.30301811851939275,2.0
9403,175982,0.18345046883842198,4.0
9403,562793,0.1579602413644467,6.0
9403,81924,0.057911730815634874,8.0
9403,472516,0.023718625299983725,10.0
9403,513258,0.02753411880099954,9.0
9403,150650,0.1826560645886657,5.0
9403,269898,0.21402462836857322,3.0
9403,29790,0.10160927711690185,7.0
776,124027,1.0,1.0
776,597247,0.28201966346683466,2.0
776,597880,0.21332306800428275,4.0
776,592680,0.19366927597402353,5.0
776,10440,0.21377678597652722,3.0
776,276411,0.035996149508776186,10.0
776,496899,0.1463908122276838,6.0
776,418864,0.13602494070356236,7.0
776,454810,0.11582677237268373,8.0
776,136270,0.1134622698969889,9.0
6199,473322,1.0,1.0
6199,157553,0.7507225940510658,2.0
6199,332314,0.592360572525848,3.0
6199,521641,0.48164230791565554,4.0
6199,433801,0.39062917200832276,5.0
6199,93231,0.2875478176232236,7.0
6199,525827,0.3118709942413061,6.0
6199,409120,0.1099174478520655,9.0
6199,279845,0.15688129853095983,8.0
6199,366448,0.09192175301256324,10.0
1393,234436,0.9733303536869754,1.0
1393,220022,0.7052830540218202,2.0
1393,532932,0.5249502535038227,3.0
1393,394871,0.43855127358867874,5.0
1393,77245,0.4541963551244558,4.0
1393,352640,0.43445958630790055,6.0
1393,499782,0.2297324736099681,7.0
1393,326665,0.1411464460634482,8.0
1393,196920,0.13389174716380423,9.0
1393,555732,0.04940180357827155,10.0
9668,111768,1.0,1.0
9668,75437,0.4199105698099986,3.0
9668,55022,0.29770281467843146,6.0
9668,6574,0.47437989672439385,2.0
9668,62151,0.3310201713548284,5.0
9668,594655,0.20593953673675164,8.0
9668,13260,0.34378034395150436,4.0
9668,79998,0.1578779343975551,9.0
9668,42438,0.27375636648076385,7.0
9668,416307,0.09189797613447001,10.0
9088,557219,0.9422514533056922,1.0
9088,224654,0.9193277137148566,2.0
9088,536120,0.719688636437537,3.0
9088,226303,0.5721774245584328,4.0
9088,539263,0.33956322954481877,7.0
9088,511093,0.39992865735664584,5.0
9088,433809,0.31737131079360625,8.0
9088,472516,0.34560844089810094,6.0
9088,461051,0.20295664444153588,9.0
9088,344041,0.1331904869444107,10.0
3091,159936,0.9446065792889353,1.0
3091,187739,0.7628943521161977,2.0
3091,95778,0.5842132799832012,3.0
3091,416796,0.32471681564206667,5.0
3091,437538,0.33713254048273167,4.0
3091,254454,0.2269407681053599,7.0
3091,274870,0.24087913281301404,6.0
3091,426223,0.006914367614726139,10.0
3091,366448,0.2043575546117085,8.0
3091,216384,0.06413413944711659,9.0
1157,405777,1.0,1.0
1157,266952,0.315248965472332,2.0
1157,251411,0.30353373633653435,3.0
1157,243503,0.2750495470503026,4.0
1157,452544,0.22687678197008132,5.0
1157,564618,0.08622294870687217,7.0
1157,295980,0.07687938510631948,8.0
1157,388455,0.10330731017425744,6.0
1157,350819,0.00024806568741864843,10.0
1157,97348,0.06838491501076054,9.0
4335,318583,1.0,1.0
4335,322246,0.6916147721837153,2.0
4335,416225,0.27406022430953564,3.0
4335,109860,0.17317565534585067,4.0
4335,382381,0.14688736948997372,5.0
4335,110515,0.11997600760282748,6.0
4335,126134,0.0957361844155239,8.0
4335,190169,0.009455223543401094,10.0
4335,158185,0.11607820743493295,7.0
4335,274359,0.01975987730813434,9.0
8947,545759,0.8409872454897388,1.0
8947,61022,0.7131095409507232,2.0
8947,532657,0.5699351885380063,3.0
8947,461592,0.5697699280477965,4.0
8947,461084,0.2423104808092096,6.0
8947,127134,0.3145993915589444,5.0
8947,384564,0.160621487346742,7.0
8947,388646,0.08058165152184811,9.0
8947,452870,0.12470817652802785,8.0
8947,214901,0.04841388728771062,10.0
6410,418150,1.0,1.0
6410,112208,0.5124947778887522,2.0
6410,273861,0.40640546476230055,4.0
6410,172703,0.42576709538752094,3.0
6410,59994,0.35415522478994954,5.0
6410,528034,0.32023800629689386,6.0
6410,107092,0.13044875197036016,10.0
6410,100485,0.22250699842244503,7.0
6410,133093,0.1496340573188493,8.0
6410,87722,0.14106254933753126,9.0
5196,565745,1.0,1.0
5196,219033,0.8127972195759863,2.0
5196,213370,0.5574223936399098,3.0
5196,171339,0.4918798816508223,4.0
5196,356928,0.47959922218898865,5.0
5196,581889,0.31633766152337056,6.0
5196,273528,0.25435361686952884,7.0
5196,114829,0.1613018722360358,8.0
5196,555101,0.06019282710097716,9.0
5196,474050,0.0,10.0
8789,87349,1.0,1.0
8789,41912,0.39478762848050947,2.0
8789,102436,0.23626191690221174,3.0
8789,58290,0.19066479867289404,5.0
8789,14870,0.2102374832667927,4.0
8789,328341,0.18283358120885254,6.0
8789,152014,0.03831319044830836,9.0
8789,296528,0.011225115670730524,10.0
8789,213526,0.039182433182631766,8.0
8789,316838,0.04043437648335002,7.0
5808,251824,1.0,1.0
5808,51615,0.4241440276711621,3.0
5808,535697,0.5600552629357607,2.0
5808,43781,0.3295761964715516,4.0
5808,226053,0.29120539944605855,5.0
5808,226070,0.27672514687911876,6.0
5808,271243,0.26127908341379047,7.0
5808,88477,0.058226474723181446,8.0
5808,350145,0.00023865940707630906,10.0
5808,72652,0.055166951363555115,9.0
9701,225682,1.0,1.0
9701,19711,0.2456610348975361,2.0
9701,494926,0.21465881157449196,4.0
9701,384230,0.22675229491806675,3.0
9701,457416,0.1831163779464519,6.0
9701,279865,0.20461173750512107,5.0
9701,473540,0.13600312903230868,7.0
9701,76054,0.10244339365822015,8.0
9701,533515,0.049516580974055424,9.0
9701,321969,0.0,10.0
3179,56718,0.9348618006363228,1.0
3179,385073,0.9238368379453489,2.0
3179,150219,0.8003930429928937,3.0
3179,243503,0.25603333001248935,4.0
3179,442142,0.23002561229185536,5.0
3179,352838,0.19317880677040056,6.0
3179,124630,0.046273700789988464,8.0
3179,431685,0.07086431423511014,7.0
3179,597247,0.03881251257045413,10.0
3179,174335,0.042863136076240975,9.0
6896,196427,0.9782019824888581,1.0
6896,330041,0.9080577138424551,2.0
6896,244749,0.5982008034704377,4.0
6896,223070,0.6754851050595654,3.0
6896,403755,0.3553066788915041,5.0
6896,38711,0.33773957713328956,6.0
6896,149305,0.2873834906434599,7.0
6896,106501,0.16232215120738389,9.0
6896,587120,0.2501041533979458,8.0
6896,102443,0.16180806310813928,10.0
2513,25762,0.9313757039575837,1.0
2513,518624,0.4861603260970581,2.0
2513,588247,0.4666077783616376,3.0
2513,82344,0.448834768732171,4.0
2513,97348,0.21799776677889265,5.0
2513,102443,0.12630505332974362,6.0
2513,405777,0.12446912633597376,7.0
2513,352838,0.07579126478465918,8.0
2513,147646,0.016361369884441503,10.0
2513,120090,0.03567651044950432,9.0
8937,294295,0.9172159411213714,1.0
8937,13260,0.21282451828079327,6.0
8937,336541,0.30580676168143506,2.0
8937,320101,0.2807922979321323,3.0
8937,416307,0.18526664458736794,7.0
8937,100103,0.2408257993608806,4.0
8937,363043,0.21610540548739154,5.0
8937,429378,0.030689898031275933,10.0
8937,88892,0.06986469892206307,9.0
8937,214003,0.09670497126167307,8.0
9643,112208,1.0,1.0
9643,100485,0.7745605485014755,2.0
9643,480315,0.2937197840875264,3.0
9643,428082,0.17722948858225834,7.0
9643,467575,0.27929754907328463,4.0
9643,87722,0.2108428022022745,6.0
9643,581038,0.22075719472295352,5.0
9643,214542,0.17195069380536185,8.0
9643,539263,0.13613980465072834,9.0
9643,156816,0.12604603113789029,10.0
5653,588247,1.0,1.0
5653,483456,0.2868831425357641,2.0
5653,14543,0.190111315678226,5.0
5653,87722,0.1997363634683219,4.0
5653,290930,0.20103491082924402,3.0
5653,461592,0.1326607880117641,6.0
5653,446984,0.10003724463884536,7.0
5653,583635,0.06316294921481237,9.0
5653,31377,0.0837427933630085,8.0
5653,66631,0.0,10.0
2551,143100,1.0,1.0
2551,479276,0.6661319891331938,2.0
2551,202990,0.3024087941648492,3.0
2551,9938,0.18108455497730977,5.0
2551,394460,0.21764004909865062,4.0
2551,242124,0.17019927128146145,7.0
2551,523158,0.17068455597183585,6.0
2551,384642,0.06617814882129941,9.0
2551,572272,0.05466817795794786,10.0
2551,362805,0.06655032451359762,8.0
1948,467509,1.0,1.0
1948,108739,0.6480360733166348,2.0
1948,356928,0.5844571896204539,3.0
1948,223206,0.32537981067648003,7.0
1948,219033,0.4089557202156445,4.0
1948,443795,0.35978118280647414,6.0
1948,362215,0.37244453630146485,5.0
1948,377571,0.23842573505552972,8.0
1948,399700,0.09101031542866567,10.0
1948,213331,0.119100194763802,9.0
4920,228341,1.0,1.0
4920,82294,0.8497364112813945,2.0
4920,277217,0.7211246336030076,4.0
4920,306815,0.7252256688998181,3.0
4920,22221,0.14880622190791043,5.0
4920,371720,0.08824186303128818,6.0
4920,415340,0.0738514274160712,7.0
4920,323363,0.030743243253706875,9.0
4920,283202,0.01799271308081425,10.0
4920,115517,0.06969552324591488,8.0
2589,450577,0.9482482142245601,1.0
2589,43961,0.8076818211975922,2.0
2589,468144,0.460962360299654,3.0
2589,437969,0.22644039725260845,5.0
2589,581889,0.2733942926159699,4.0
2589,509650,0.2004487333296046,6.0
2589,75252,0.1661091667420428,7.0
2589,307610,0.12189663479953708,8.0
2589,557877,0.017318853229366386,10.0
2589,527698,0.0767444029261866,9.0
7513,112208,1.0,1.0
7513,172703,0.8545229518386074,2.0
7513,328086,0.5813592072536291,3.0
7513,115372,0.5150273488110207,4.0
7513,273861,0.43508183007502094,5.0
7513,87722,0.32335558855441215,6.0
7513,377429,0.3207816102561798,7.0
7513,387277,0.2898047993194315,8.0
7513,62966,0.2588529037863277,9.0
7513,418150,0.0,10.0
5410,13975,1.0,1.0
5410,371720,0.5699995303439369,3.0
5410,494323,0.6422419049686484,2.0
5410,249844,0.4668108217771223,4.0
5410,488258,0.36589911784634194,5.0
5410,75235,0.17490390515278484,8.0
5410,488732,0.22463500511874454,6.0
5410,457532,0.13516240930766016,9.0
5410,108739,0.18533597957076667,7.0
5410,193312,0.028723515183984544,10.0
2334,228403,1.0,1.0
2334,107092,0.3060947688525433,3.0
2334,150650,0.3372226549161398,2.0
2334,93936,0.29043531155666014,5.0
2334,2304,0.30339721064566316,4.0
2334,208219,0.25823014136558387,6.0
2334,274870,0.028507303918481053,9.0
2334,156194,0.016033538804322355,10.0
2334,204917,0.09565040391908547,7.0
2334,385506,0.06774889134004135,8.0
1783,445298,1.0,1.0
1783,306800,0.8642542407732237,2.0
1783,309555,0.68072936396751,4.0
1783,167660,0.6835583558954536,3.0
1783,272425,0.4128447176561053,5.0
1783,43497,0.26288883534235985,6.0
1783,57320,0.24364380128760846,7.0
1783,384631,0.11690680339019213,9.0
1783,179066,0.1792868335005069,8.0
1783,102237,0.0,10.0
4641,494753,0.8767293529667707,1.0
4641,213673,0.6646508416943411,2.0
4641,237580,0.6225375743078356,3.0
4641,44594,0.5706477297039803,4.0
4641,211867,0.2445565568136103,6.0
4641,406219,0.30036297890481384,5.0
4641,409120,0.17239328540799276,7.0
4641,461592,0.10859115990432698,9.0
4641,450228,0.061004470371938076,10.0
4641,192811,0.11887962524513997,8.0
1469,444589,1.0,1.0
1469,243503,0.4626525110098191,2.0
1469,426570,0.39374286172911643,3.0
1469,469776,0.2243480330907599,4.0
1469,18003,0.15336415039334977,6.0
1469,421371,0.20545065990492034,5.0
1469,335336,0.014930313542105124,10.0
1469,484649,0.10690733362353802,8.0
1469,56320,0.13293974646892842,7.0
1469,451737,0.05003146582097956,9.0
10267,569632,1.0,1.0
10267,487348,0.6564814492010174,2.0
10267,22036,0.4870138960977613,3.0
10267,522713,0.4718355802075791,4.0
10267,457108,0.4426151962732317,5.0
10267,379667,0.1820666354298214,6.0
10267,330379,0.16565970407226044,7.0
10267,108859,0.11736715750368235,9.0
10267,186578,0.1375925515146446,8.0
10267,17652,0.05891424408331671,10.0
3771,59994,0.9892472338565249,1.0
3771,95966,0.3439142389779828,3.0
3771,13346,0.39665295482065144,2.0
3771,40062,0.30888129599682923,4.0
3771,95762,0.07319264971474225,9.0
3771,97764,0.14960713323269453,6.0
3771,478890,0.1172523632482255,8.0
3771,515072,0.12619682619892794,7.0
3771,303025,0.15568525097339703,5.0
3771,346450,0.04455874428519218,10.0
10497,147765,0.9651668450703201,1.0
10497,159880,0.9180798906497734,2.0
10497,445230,0.7720824946926071,3.0
10497,535705,0.3201250008974246,6.0
10497,575729,0.40159269339578374,5.0
10497,71898,0.4078267974225126,4.0
10497,569461,0.2234246804511923,8.0
10497,31483,0.3114298080580634,7.0
10497,456436,0.036496172200890624,10.0
10497,160301,0.03856454394884409,9.0
2472,337165,0.8127514921102119,2.0
2472,584273,0.8178400595392125,1.0
2472,138151,0.44763041169360157,4.0
2472,534099,0.5625831681268816,3.0
2472,416796,0.30879933657500236,5.0
2472,366597,0.2860547253625658,6.0
2472,216384,0.09520940941943161,10.0
2472,187739,0.1382045770826006,8.0
2472,169921,0.09575659217610549,9.0
2472,518563,0.19999999999999996,7.0
503,171761,1.0,1.0
503,257656,0.3892859822841,3.0
503,405374,0.45184472087017435,2.0
503,433032,0.137716794936739,5.0
503,343489,0.12806770609503237,6.0
503,531990,0.057441706261039616,9.0
503,156816,0.15205783149139607,4.0
503,100485,0.058238673209139974,8.0
503,69965,0.003296554050404227,10.0
503,350680,0.06797734776491307,7.0
6832,552346,0.9632161557762803,1.0
6832,573874,0.5206940309594947,2.0
6832,244749,0.2844697772636074,4.0
6832,377853,0.3626575505126173,3.0
6832,116694,0.11898372709935054,8.0
6832,108040,0.13424987679511116,7.0
6832,349554,0.2393227744141668,5.0
6832,459351,0.13957021649948068,6.0
6832,42533,0.003043916296874394,10.0
6832,239214,0.07257317726271852,9.0
864,24890,0.9483587452509377,1.0
864,30142,0.9004557784507439,2.0
864,450808,0.6198836459175827,4.0
864,472924,0.7826816531732183,3.0
864,566337,0.3947367095569395,5.0
864,291726,0.30308144302412526,6.0
864,479625,0.2515299734030885,7.0
864,175339,0.14969662205359277,8.0
864,231947,0.1290546230809639,9.0
864,244104,0.08413055428928179,10.0
2580,11988,0.9296492196738241,1.0
2580,344118,0.7131778385407485,2.0
2580,371720,0.5426536694343741,3.0
2580,87722,0.22483019736622406,4.0
2580,360481,0.10410483480141891,7.0
2580,75764,0.08892206348059849,8.0
2580,585447,0.13746038814476808,5.0
2580,114439,0.12408550834113263,6.0
2580,272738,0.04230941936664077,10.0
2580,503934,0.08624890505377555,9.0
6625,416307,0.9013586034831711,1.0
6625,88892,0.7766006065221845,2.0
6625,336541,0.5734227533810957,3.0
6625,27401,0.4886026917199722,4.0
6625,320101,0.3871203878636992,5.0
6625,557356,0.24473559306828743,6.0
6625,138703,0.12289933524973026,8.0
6625,13260,0.17744061024891572,7.0
6625,595133,0.02193065235291283,10.0
6625,75437,0.08681136192821635,9.0
2685,308837,0.8328082321436234,1.0
2685,539133,0.23800043405862878,5.0
2685,302792,0.31202302737346815,2.0
2685,243499,0.22625273663311612,6.0
2685,575497,0.22355479951454257,7.0
2685,158845,0.1639663306713947,8.0
2685,284075,0.2547625884769289,4.0
2685,382005,0.29748871426408774,3.0
2685,136825,0.1478507412908305,10.0
2685,395357,0.14957241616040257,9.0
68,123634,0.8784923891850792,3.0
68,296098,0.8788583397379323,2.0
68,528564,0.8971550784301048,1.0
68,197839,0.4254960920460252,5.0
68,532932,0.4535934007271595,4.0
68,352640,0.23060593259507356,7.0
68,327002,0.24869435717780025,6.0
68,55666,0.13668460287597686,9.0
68,232199,0.13852113721116682,8.0
68,259766,0.059792382971238255,10.0
813,548705,1.0,1.0
813,284411,0.8004187782198279,2.0
813,196427,0.615379632382125,3.0
813,2809,0.41242695693300996,4.0
813,127974,0.18727376829049186,6.0
813,171596,0.21705354631498852,5.0
813,318583,0.12264855874185399,7.0
813,459677,0.0638067964304315,9.0
813,418630,0.0915877785167035,8.0
813,123468,0.061056178840905535,10.0
7345,69790,0.8782537835142913,1.0
7345,254288,0.6087194634434748,2.0
7345,67063,0.5878944241961038,3.0
7345,98130,0.5808467781876482,4.0
7345,416727,0.37242430840248114,5.0
7345,417840,0.2499561388468469,7.0
7345,108,0.324521401378231,6.0
7345,90447,0.23127493096619078,8.0
7345,348405,0.03365695361161386,9.0
7345,504996,0.0,10.0
8970,96121,1.0,1.0
8970,108040,0.8375717522483828,2.0
8970,187583,0.5865875753451262,3.0
8970,496899,0.5127006434993561,5.0
8970,537857,0.5634386454309281,4.0
8970,314478,0.22108655719295867,6.0
8970,167356,0.1919296383332344,7.0
8970,11988,0.18045920822871125,8.0
8970,128574,0.08008118246964692,9.0
8970,514500,0.0,10.0
7105,72652,1.0,1.0
7105,307380,0.7098563451508839,2.0
7105,220060,0.49320461581879205,3.0
7105,455891,0.37996758476884535,4.0
7105,490294,0.3538384494772368,5.0
7105,314919,0.3377322217980269,6.0
7105,324037,0.2338555238242781,7.0
7105,228341,0.13092608390421773,8.0
7105,479384,0.07946644125083842,9.0
7105,366488,0.0,10.0
1310,535651,0.9794561273519627,1.0
1310,471870,0.40269024232777384,2.0
1310,565698,0.3136120615008119,3.0
1310,344648,0.16394499140895,6.0
1310,55022,0.23917809230748158,4.0
1310,346622,0.07885551375588008,9.0
1310,24567,0.22260861743850427,5.0
1310,489401,0.027622305713424486,10.0
1310,297831,0.08028880517442623,8.0
1310,44492,0.08154357867954852,7.0
9060,12432,0.8385412193153367,2.0
9060,511093,0.8733142247937516,1.0
9060,108,0.46258134999477796,3.0
9060,13260,0.35539948388426285,4.0
9060,511515,0.28486728428531893,5.0
9060,304304,0.23811326432635016,6.0
9060,37517,0.22140565877423388,8.0
9060,75437,0.2358544266967188,7.0
9060,43087,0.08593749941740043,9.0
9060,111768,0.01970347992557649,10.0
2549,418150,0.9460741981903957,1.0
2549,327978,0.6282902870445346,2.0
2549,14368,0.39016715465400026,3.0
2549,307380,0.2907247133778417,4.0
2549,301224,0.15506851132167082,5.0
2549,59714,0.10374605700030583,7.0
2549,44601,0.08467847504690804,8.0
2549,265874,0.1065733724901816,6.0
2549,17923,0.05890599930109273,9.0
2549,350145,0.0,10.0
559,401254,0.9287091625256568,1.0
559,213370,0.5223007380337427,3.0
559,151639,0.5514868186464371,2.0
559,198349,0.4250791353333435,4.0
559,485195,0.10314478507969452,8.0
559,494689,0.25096942721339477,5.0
559,21194,0.07522121310054031,9.0
559,281977,0.15874990555459728,7.0
559,61706,0.03701708217019685,10.0
559,75252,0.19999999999999996,6.0
7218,266900,0.90080835433399,1.0
7218,32290,0.8034771179472003,2.0
7218,117576,0.37042950089225346,3.0
7218,537418,0.36818838609923155,4.0
7218,482517,0.18559088793639195,6.0
7218,125659,0.23231037918256384,5.0
7218,40447,0.08106675333517827,10.0
7218,6701,0.084058864015296,9.0
7218,158520,0.1683980682413223,7.0
7218,314478,0.12205966233531049,8.0
2400,158523,0.8186403788090699,2.0
2400,456470,0.844685948232204,1.0
2400,29306,0.6878126872690223,3.0
2400,22469,0.4559274948295889,5.0
2400,3118,0.49611173640731565,4.0
2400,226967,0.37358764075629974,6.0
2400,571258,0.22907846286878047,8.0
2400,1198,0.2604298034590019,7.0
2400,307424,0.005991469431643859,10.0
2400,535697,0.08576426973373594,9.0
2348,447619,1.0,1.0
2348,112591,0.6412536091660836,2.0
2348,306430,0.5669494261207803,3.0
2348,244433,0.41837734070027743,4.0
2348,268261,0.32264338735285863,5.0
2348,265874,0.29921271517889614,6.0
2348,403025,0.12324481567507906,9.0
2348,117576,0.16802853293056946,7.0
2348,14870,0.15303040607748444,8.0
2348,12432,0.0,10.0
3615,335991,0.9938350589116139,1.0
3615,518379,0.8460057039574644,2.0
3615,72402,0.41978132332212037,3.0
3615,72160,0.35881740435529386,4.0
3615,156358,0.18256371961895124,5.0
3615,482544,0.164444086967267,8.0
3615,174335,0.16533009497691134,7.0
3615,341493,0.1780743753819594,6.0
3615,17166,0.12148495457495308,9.0
3615,489401,0.0,10.0
8102,314478,0.9260098149894339,1.0
8102,149305,0.4854378958253473,2.0
8102,416307,0.44723519288833813,4.0
8102,99857,0.4488816862262305,3.0
8102,552707,0.4136678820758202,5.0
8102,223309,0.22415353726089138,8.0
8102,481166,0.23589224441616552,7.0
8102,320101,0.25150703735694635,6.0
8102,344372,0.14997408412724927,10.0
8102,408123,0.19999999999999996,9.0
5155,462892,1.0,1.0
5155,367785,0.28044019702888023,3.0
5155,69495,0.2922447328292722,2.0
5155,280805,0.2762537373281537,4.0
5155,175265,0.12698441241977568,7.0
5155,305671,0.1018689962482244,8.0
5155,191495,0.15449475561228818,5.0
5155,537725,0.01342730072311581,10.0
5155,157702,0.13610679494732678,6.0
5155,409573,0.015337731295014263,9.0
2460,530037,0.9589498325954712,1.0
2460,584337,0.8937958763661493,2.0
2460,279346,0.6943649084904745,3.0
2460,549180,0.43347902802912763,4.0
2460,196427,0.1440441342736038,7.0
2460,502281,0.16736245979397163,6.0
2460,512803,0.23153361934209715,5.0
2460,505028,0.10186586719591059,8.0
2460,295980,0.04730150822866494,9.0
2460,38711,0.045189611505457826,10.0
2399,343489,1.0,1.0
2399,583124,0.4137973186180246,2.0
2399,468743,0.3039874077826478,3.0
2399,29790,0.20896601826932404,5.0
2399,19606,0.1948486857037371,6.0
2399,521712,0.21107424225858132,4.0
2399,510314,0.07916845164755944,9.0
2399,476834,0.08395269124761168,8.0
2399,457419,0.10637936599423778,7.0
2399,442489,0.05139043237544947,10.0
4071,170594,0.9348989303880639,1.0
4071,328556,0.869106452664226,2.0
4071,337764,0.5684059347931266,3.0
4071,296516,0.5085430950731742,5.0
4071,135113,0.540039358698237,4.0
4071,565782,0.4371265316650416,7.0
4071,352485,0.44730845461732693,6.0
4071,368150,0.23135193009930516,9.0
4071,317429,0.27596491732797224,8.0
4071,543589,0.0,10.0
18,431685,0.9201457264857913,1.0
18,88124,0.4854300241488791,2.0
18,161162,0.2223864519572583,3.0
18,528564,0.12033296117765219,4.0
18,227098,0.11222618600853439,6.0
18,172594,0.0605224047273205,7.0
18,152218,0.056756751434883776,8.0
18,349554,0.021711931962668442,9.0
18,366761,0.11774689002073259,5.0
18,143622,0.004916935319265603,10.0
2306,581889,1.0,1.0
2306,509650,0.37341192182641064,2.0
2306,494689,0.367124994999503,3.0
2306,75252,0.3082527205619325,4.0
2306,368806,0.21833786136192798,5.0
2306,246459,0.21638138574135996,6.0
2306,485195,0.1970300104734888,7.0
2306,401254,0.07901451136409944,8.0
2306,399013,0.0003670169594535769,10.0
2306,160125,0.0708376015991882,9.0
3051,232063,0.9966274665024648,1.0
3051,591940,0.690690607087336,2.0
3051,306144,0.4388569900828133,3.0
3051,318266,0.2698305983193008,4.0
3051,583956,0.2524933407554631,5.0
3051,73434,0.08322126686719136,10.0
3051,66246,0.1928305219514153,6.0
3051,110515,0.08630337109989623,9.0
3051,393953,0.09868940242716084,7.0
3051,387165,0.08959024021537804,8.0
2395,594182,0.973777707989694,1.0
2395,149306,0.7885247597793352,2.0
2395,568526,0.47434437997238965,3.0
2395,308837,0.3043307197942591,5.0
2395,13732,0.3443291870612625,4.0
2395,307999,0.21509545184841222,6.0
2395,387010,0.08549779112153752,9.0
2395,414192,0.0007165421993326052,10.0
2395,13153,0.1421472443607654,7.0
2395,204176,0.0979207198337702,8.0
5134,17208,0.880956493304926,1.0
5134,579557,0.7104048597001608,2.0
5134,536120,0.6351742689299916,3.0
5134,100485,0.4808840825813278,4.0
5134,172703,0.3936966948097903,6.0
5134,206727,0.47756999365225,5.0
5134,122012,0.27914737180558413,7.0
5134,453542,0.24293606484510805,8.0
5134,328086,0.04608653831567199,9.0
5134,539263,0.019031284187867214,10.0
5343,204075,1.0,1.0
5343,296528,0.7254528830757538,3.0
5343,366597,0.7077503424485537,5.0
5343,581889,0.7381567139610894,2.0
5343,184175,0.715845682603126,4.0
5343,367641,0.54485579725112,6.0
5343,157553,0.27932408493731,7.0
5343,405702,0.2176155290140033,8.0
5343,548433,0.10447466420182061,9.0
5343,17443,0.0,10.0
5254,471723,0.8153093225263475,1.0
5254,59714,0.46208643753396333,3.0
5254,402466,0.5848752489152182,2.0
5254,383978,0.31711311129801806,4.0
5254,78675,0.20461043383959693,6.0
5254,14368,0.2077943430180902,5.0
5254,467390,0.10035211108469305,8.0
5254,327978,0.13901621461804067,7.0
5254,44601,0.0528024110342007,9.0
5254,297290,0.0,10.0
3049,582864,1.0,1.0
3049,352640,0.9308573791603341,2.0
3049,77245,0.9207319823537228,3.0
3049,536849,0.27281584720313085,4.0
3049,220022,0.21979368011267333,5.0
3049,127974,0.20963753127379506,6.0
3049,132780,0.17289719606172393,7.0
3049,445052,0.1724080618549496,8.0
3049,263361,0.012856428218063412,10.0
3049,555732,0.1170045226344484,9.0
7509,61191,0.8579188896646488,1.0
7509,423034,0.3374305606365051,2.0
7509,472051,0.29642670687966066,5.0
7509,298128,0.3141444330531633,3.0
7509,461592,0.29613284566535614,6.0
7509,22221,0.2982607413399726,4.0
7509,480944,0.11891257201744182,9.0
7509,301580,0.10365859627397775,10.0
7509,323363,0.20400112077106713,7.0
7509,392826,0.19999999999999996,8.0
5067,328341,0.9830805371877825,1.0
5067,366830,0.8063609928320947,2.0
5067,547301,0.7941952314319093,3.0
5067,539133,0.7873586986582778,4.0
5067,231227,0.5255451318678487,5.0
5067,88124,0.4379712082735652,6.0
5067,172594,0.4165071261665305,7.0
5067,460357,0.19499728648983672,9.0
5067,18001,0.2643858519671141,8.0
5067,574327,0.05857260009477996,10.0
8456,257853,1.0,1.0
8456,115141,0.5490302481754411,2.0
8456,125659,0.47856535153496,3.0
8456,486696,0.46019761102183365,5.0
8456,81924,0.38861871683744414,7.0
8456,159703,0.469982052555766,4.0
8456,193398,0.4461127500457363,6.0
8456,431507,0.12253555961807565,8.0
8456,290156,0.07202951020761918,9.0
8456,367137,0.0,10.0
10734,62882,0.9035041107872959,1.0
10734,426278,0.8147323125169361,2.0
10734,461261,0.2996261681622156,5.0
10734,207354,0.30577601372549396,4.0
10734,467044,0.23249946373086416,6.0
10734,589970,0.3570602558524413,3.0
10734,549759,0.10319578823683478,7.0
10734,55064,0.08490511424108454,8.0
10734,58937,0.08258449348898439,9.0
10734,551934,0.0,10.0
5178,507544,0.8853290223935636,1.0
5178,257016,0.6881279087433636,2.0
5178,572272,0.39397193855379026,3.0
5178,9656,0.248665874385988,4.0
5178,76414,0.18496510421803763,6.0
5178,60355,0.053142612734699404,8.0
5178,437538,0.14871431896006687,7.0
5178,268553,0.1866579345680318,5.0
5178,579235,0.02608826277374609,9.0
5178,216384,0.0,10.0
9174,303025,0.9368431860632699,1.0
9174,404339,0.7087213900981282,2.0
9174,149306,0.4895770643320251,3.0
9174,313437,0.12468478015659246,7.0
9174,272008,0.23945180965806123,5.0
9174,374750,0.2508311751456548,4.0
9174,21194,0.11175650332278389,8.0
9174,265098,0.13437946887030908,6.0
9174,479625,0.11119629591009086,9.0
9174,434812,0.09153187347980961,10.0
988,501384,1.0,1.0
988,280967,0.5750733057378365,2.0
988,301224,0.409343565887999,3.0
988,187196,0.23752178056620168,4.0
988,45029,0.1968430461161808,5.0
988,287991,0.17908508020079128,6.0
988,236899,0.10035677370989299,9.0
988,201495,0.1768581598310065,7.0
988,345199,0.11377617429612116,8.0
988,455398,0.016843119182215104,10.0
2154,476632,1.0,1.0
2154,132371,0.7783372375942097,3.0
2154,153541,0.8184542703160053,2.0
2154,366761,0.35827991679555715,4.0
2154,62966,0.09463398517159202,8.0
2154,24890,0.21084132170569228,5.0
2154,147080,0.18182538914081917,7.0
2154,450808,0.1933309394050464,6.0
2154,150219,0.05380756879262191,10.0
2154,148757,0.06830089874590929,9.0
9646,272784,1.0,1.0
9646,236482,0.7220010207666108,2.0
9646,29306,0.6603654860234082,3.0
9646,556191,0.6407655496306657,4.0
9646,395437,0.20515398558524134,5.0
9646,96121,0.13040941091247804,7.0
9646,26203,0.1733489954912714,6.0
9646,257853,0.0959270396971013,8.0
9646,323768,0.018234366126128103,10.0
9646,535697,0.046659996441606504,9.0
3033,571430,1.0,1.0
3033,518624,0.7218405493589716,2.0
3033,318583,0.49276332023468483,3.0
3033,123468,0.4363322988742699,4.0
3033,295980,0.2476832173842431,6.0
3033,481102,0.3254996228662339,5.0
3033,398622,0.1330723380630185,7.0
3033,570453,0.12491165153002148,8.0
3033,387010,0.10539857287668539,9.0
3033,62966,0.0,10.0
15,583956,0.8343498850188428,1.0
15,119213,0.6948692477711862,2.0
15,170294,0.4867357705896496,4.0
15,325273,0.6056990095027842,3.0
15,570155,0.43369664940303865,5.0
15,509723,0.3567499059625811,6.0
15,18509,0.2265226808807842,7.0
15,298159,0.0984001694565299,8.0
15,338313,0.07637494418589559,9.0
15,387165,0.0728792188020287,10.0
6612,274870,0.9004675438516209,1.0
6612,254454,0.8898943299011942,2.0
6612,216384,0.7973657319347771,3.0
6612,187739,0.710745821165373,4.0
6612,366448,0.4706554876983021,5.0
6612,95778,0.23996843761859288,6.0
6612,205522,0.22472792729762028,7.0
6612,416796,0.19928413233910164,8.0
6612,159936,0.1473644343318852,9.0
6612,108302,0.0,10.0
5940,304743,0.9682058719357611,1.0
5940,326665,0.6169268557379876,2.0
5940,226303,0.43685721227123564,4.0
5940,438243,0.5022442018303636,3.0
5940,428082,0.2984509805670256,5.0
5940,433490,0.27778266257832984,6.0
5940,167684,0.2546384722498356,7.0
5940,16670,0.13556962803945116,8.0
5940,150650,0.06752589770243936,10.0
5940,546313,0.09227558472140139,9.0
9385,403755,1.0,1.0
9385,442127,0.8306166254317281,2.0
9385,1198,0.5893769509297314,3.0
9385,379667,0.41106468356332904,5.0
9385,341579,0.4169372008655576,4.0
9385,70853,0.2811869474173263,7.0
9385,57138,0.29607853504048753,6.0
9385,407654,0.09606004829891797,8.0
9385,208070,0.0822217469386533,9.0
9385,62151,0.020476314253602,10.0
9332,159577,0.9548807232466128,1.0
9332,293687,0.6902141638904354,2.0
9332,271243,0.5664055540737212,3.0
9332,212770,0.3891335504233597,5.0
9332,178521,0.4632923411722548,4.0
9332,286074,0.19935112607930433,7.0
9332,271766,0.228736233895494,6.0
9332,123418,0.14890948393444425,8.0
9332,236389,0.02288046696461007,10.0
9332,444107,0.04549798987561079,9.0
8275,435963,1.0,1.0
8275,26203,0.4615704976089119,3.0
8275,514500,0.3982104910500711,5.0
8275,294867,0.469518189576562,2.0
8275,571306,0.41294136916062796,4.0
8275,114439,0.2939261762238727,7.0
8275,576564,0.3068223885743936,6.0
8275,99757,0.18659717163054662,8.0
8275,44601,0.11681994835934482,10.0
8275,554568,0.16953720341796738,9.0
4785,435021,0.8464989758786928,2.0
4785,37517,0.9560752091087207,1.0
4785,326991,0.2072531158825774,3.0
4785,85522,0.12338187453176284,7.0
4785,34789,0.151514118717415,5.0
4785,564841,0.13280802560569377,6.0
4785,162456,0.18937478387269358,4.0
4785,69696,0.03063012399814687,10.0
4785,140170,0.06354064391168815,8.0
4785,385574,0.061022781010831445,9.0
4465,569461,0.9380661187886753,1.0
4465,561377,0.8592471490572106,2.0
4465,299242,0.8055129558418825,3.0
4465,349710,0.5018247371167809,5.0
4465,344041,0.5608559504842855,4.0
4465,109860,0.4559735034091066,6.0
4465,226303,0.3487312750891736,7.0
4465,170294,0.2411303908850076,8.0
4465,213591,0.13816931150051343,10.0
4465,461051,0.17334574715463577,9.0
7279,476834,1.0,1.0
7279,214542,0.53698274859764,2.0
7279,412502,0.4759612927558675,3.0
7279,50744,0.4345492011494965,4.0
7279,27081,0.2830971377743269,5.0
7279,322456,0.20197880106772764,6.0
7279,442489,0.12405263208676535,7.0
7279,19606,0.09852517359489332,8.0
7279,343489,0.0008070896823073534,10.0
7279,29790,0.04931659671035861,9.0
7431,281707,1.0,1.0
7431,372921,0.6936008198841909,2.0
7431,292991,0.32762044701992815,5.0
7431,501384,0.3350052996325362,4.0
7431,423403,0.43316778098868597,3.0
7431,44594,0.2111675330608986,6.0
7431,305287,0.11699776938617835,7.0
7431,114768,0.11514758310203428,8.0
7431,178303,0.09477123592729123,10.0
7431,257248,0.09582233762886372,9.0
2118,76515,0.9593345597905198,1.0
2118,338313,0.6920046985265612,3.0
2118,384322,0.7105443871520151,2.0
2118,467509,0.3567629271490713,6.0
2118,411061,0.4901546364130154,4.0
2118,191977,0.3719907152214466,5.0
2118,328556,0.09640976060653003,7.0
2118,528661,0.09105301961525208,8.0
2118,361028,0.034283074413512034,10.0
2118,373271,0.04553302545958217,9.0
5380,549254,1.0,1.0
5380,216196,0.6504523580539562,2.0
5380,46099,0.17624856656787227,3.0
5380,360481,0.15010739522975278,5.0
5380,175771,0.09931430089510696,7.0
5380,242524,0.11460768986266615,6.0
5380,507284,0.15113355442075352,4.0
5380,416307,0.0403606525538029,9.0
5380,345895,0.027521203308247318,10.0
5380,336772,0.05520408804216626,8.0
3404,62966,0.9861230573683393,1.0
3404,322246,0.7003951079514289,2.0
3404,583635,0.525239545862778,4.0
3404,272425,0.5441221664949903,3.0
3404,153541,0.46897084911897136,5.0
3404,251411,0.2348264462887727,7.0
3404,488574,0.35372586814162177,6.0
3404,241136,0.08889954269247381,10.0
3404,442110,0.14582621846807867,9.0
3404,298128,0.18187422643864162,8.0
6420,565568,1.0,1.0
6420,480315,0.7222051612666095,2.0
6420,294295,0.6505806349130948,3.0
6420,394244,0.3537035439363657,4.0
6420,69696,0.1936056916642568,6.0
6420,122432,0.20058310670140506,5.0
6420,269898,0.17394883242021655,7.0
6420,279897,0.11933090889263726,9.0
6420,442048,0.07431179461574525,10.0
6420,112714,0.14116296610801443,8.0
9961,21311,0.9774657667883568,1.0
9961,72402,0.5503381986157025,2.0
9961,335991,0.3975995283880497,4.0
9961,518379,0.45481971838965585,3.0
9961,174335,0.3368471072231637,5.0
9961,341493,0.263242660176774,6.0
9961,17166,0.25505159364126967,7.0
9961,528522,0.2402393428268413,8.0
9961,565684,0.009699849015245156,10.0
9961,156358,0.07746914640315984,9.0
8079,125940,0.8021370943941707,2.0
8079,95278,0.8879159232428993,1.0
8079,187583,0.6260464045985628,3.0
8079,57138,0.4987094398761048,4.0
8079,11184,0.3681575694322751,5.0
8079,108040,0.32929891826755886,6.0
8079,39478,0.20067288976861714,7.0
8079,224231,0.11627083453748199,8.0
8079,93971,0.005759740363783106,10.0
8079,1198,0.03983221646838325,9.0
